# OneRobotics A1 visual mesh, derived from ecf530911284ba0e559f7a24dc222fd8e60d31ed
# Source STL SHA-256: 27b1d1796af11757a3aec995b77f933cd25329e05f3ab5a8845d61813dd6e551
# Changes: topology-checked part simplification, closed-shell union, smooth normals and box-projected UVs.
o base_link
v -0.0231272 -0.0167056 -0.0152310
v -0.0257385 -0.0123076 -0.0152310
v -0.0232400 -0.0164732 0.0000000
v -0.0236882 -0.0157942 0.0000000
v -0.0255558 -0.0126487 0.0000000
v -0.0261277 -0.0113107 0.0000000
v -0.0261379 -0.0112844 0.0004011
v -0.0261493 -0.0112526 0.0000000
v -0.0275225 -0.0075140 -0.0152310
v -0.0284138 -0.0025570 -0.0152501
v -0.0282024 -0.0038221 0.0000000
v -0.0283799 -0.0025831 0.0000000
v -0.0283648 -0.0029187 0.0000000
v -0.0238958 -0.0154568 0.0056378
v -0.0254119 -0.0129173 0.0119946
v -0.0283533 -0.0030037 0.0035875
v -0.0112853 -0.0262028 -0.0152310
v -0.0109233 -0.0263395 0.0000001
v -0.0109130 -0.0263434 0.0004329
v -0.0109480 -0.0263276 0.0000001
v -0.0197152 -0.0206201 -0.0152501
v -0.0157826 -0.0237667 -0.0152310
v -0.0166281 -0.0231105 0.0000001
v -0.0199347 -0.0203433 0.0000000
v -0.0194404 -0.0208603 0.0000000
v -0.0154508 -0.0239658 0.0000001
v -0.0152104 -0.0240960 0.0000001
v -0.0064252 -0.0277968 -0.0152310
v -0.0013586 -0.0284974 -0.0152310
v -0.0074473 -0.0274795 0.0000000
v -0.0060446 -0.0278666 0.0000000
v -0.0050593 -0.0280029 0.0000000
v -0.0153609 -0.0240197 0.0041264
v -0.0174512 -0.0224716 0.0148293
v -0.0191930 -0.0210765 0.0137327
v -0.0081345 -0.0272662 0.0102400
v -0.0058199 -0.0279079 0.0089936
v -0.0223247 -0.0177159 0.0355599
v -0.0222118 -0.0178476 0.0367838
v -0.0224954 -0.0174464 0.0382500
v -0.0221489 -0.0179089 0.0382500
v -0.0269137 -0.0092972 0.0307608
v -0.0271977 -0.0085201 0.0263847
v -0.0266275 -0.0099243 0.0382500
v -0.0250970 -0.0135053 0.0382500
v -0.0277563 -0.0059539 0.0382500
v -0.0282421 -0.0038256 0.0382500
v -0.0187513 -0.0214625 0.0382500
v -0.0146176 -0.0244658 0.0382500
v -0.0100142 -0.0266827 0.0382500
v -0.0050889 -0.0280420 0.0382500
v -0.0284077 0.0026358 -0.0152310
v -0.0274806 0.0076659 -0.0152310
v -0.0256701 0.0124495 -0.0152310
v -0.0230347 0.0168330 -0.0152310
v -0.0260492 0.0114960 0.0000000
v -0.0258229 0.0120940 0.0000000
v -0.0252752 0.0131118 0.0000000
v -0.0284375 0.0019997 0.0098376
v -0.0281646 0.0039285 0.0150404
v -0.0258756 0.0119715 0.0052498
v -0.0217701 0.0183195 0.0125441
v -0.0196588 0.0206755 -0.0152310
v -0.0156512 0.0238534 -0.0152310
v -0.0164027 0.0232793 0.0000000
v -0.0159646 0.0236266 0.0000000
v -0.0147155 0.0243730 0.0000000
v -0.0111405 0.0262647 -0.0152310
v -0.0114894 0.0260975 0.0000000
v -0.0110487 0.0262629 0.0000000
v -0.0062717 0.0278319 -0.0152310
v -0.0025547 0.0283853 -0.0152500
v -0.0027879 0.0283505 0.0000000
v -0.0025547 0.0283853 0.0000000
v -0.0025414 0.0283859 0.0000000
v -0.0025547 0.0283853 0.0001393
v -0.0210307 0.0191632 0.0138230
v -0.0162076 0.0234508 0.0118058
v -0.0115314 0.0260546 0.0114061
v -0.0284579 0.0009504 0.0263301
v -0.0284646 0.0014221 0.0325984
v -0.0284713 0.0012786 0.0382500
v -0.0277854 0.0063418 0.0382500
v -0.0262065 0.0112012 0.0382500
v -0.0237853 0.0157006 0.0382500
v -0.0231655 0.0164778 0.0382500
v -0.0224206 0.0174697 0.0220884
v -0.0202297 0.0200808 0.0172185
v -0.0141120 0.0246752 0.0224455
v -0.0131606 0.0252362 0.0253098
v -0.0119239 0.0258893 0.0189649
v -0.0199362 0.0202749 0.0382500
v -0.0167519 0.0230570 0.0382500
v -0.0123657 0.0256776 0.0382500
v -0.0074966 0.0274963 0.0347624
v -0.0077220 0.0274254 0.0361465
v -0.0078489 0.0273728 0.0382500
v -0.0071526 0.0275509 0.0382500
v -0.0025547 0.0283853 0.0382500
v 0.0037516 -0.0282820 -0.0152310
v 0.0087413 -0.0271576 -0.0152310
v 0.0083735 -0.0272239 0.0000000
v 0.0091038 -0.0270224 0.0000000
v 0.0098769 -0.0266944 0.0000001
v 0.0134500 -0.0251604 -0.0152310
v 0.0177264 -0.0223545 -0.0152310
v 0.0092381 -0.0269723 0.0056421
v 0.0017296 -0.0283995 0.0135935
v 0.0014866 -0.0284109 0.0146462
v 0.0015697 -0.0284088 0.0158728
v 0.0181027 -0.0220270 0.0044051
v 0.0170187 -0.0227867 0.0145047
v 0.0214331 -0.0188300 -0.0152310
v 0.0244509 -0.0147004 -0.0152310
v 0.0266828 -0.0100983 -0.0152310
v 0.0280571 -0.0051716 -0.0152310
v 0.0285296 -0.0000787 -0.0152310
v 0.0284267 -0.0013721 0.0000000
v 0.0284477 -0.0011458 0.0000000
v 0.0284906 -0.0001921 0.0000000
v 0.0268395 -0.0096192 0.0046105
v 0.0266628 -0.0099878 0.0125167
v 0.0284434 -0.0012021 0.0008037
v 0.0047998 -0.0280939 0.0266897
v 0.0048399 -0.0280858 0.0275290
v 0.0048270 -0.0280890 0.0277768
v 0.0193401 -0.0208834 0.0258140
v 0.0000000 -0.0285000 0.0382500
v 0.0050889 -0.0280420 0.0382500
v 0.0100142 -0.0266827 0.0382500
v 0.0146176 -0.0244658 0.0382500
v 0.0187015 -0.0215058 0.0356549
v 0.0187513 -0.0214625 0.0382500
v 0.0222822 -0.0177695 0.0382500
v 0.0270209 -0.0090645 0.0275833
v 0.0274582 -0.0074588 0.0184164
v 0.0274982 -0.0072339 0.0233736
v 0.0272874 -0.0081109 0.0280091
v 0.0250800 -0.0135367 0.0368445
v 0.0251182 -0.0134596 0.0375334
v 0.0249643 -0.0137062 0.0382500
v 0.0251320 -0.0134233 0.0382500
v 0.0271051 -0.0088070 0.0382500
v 0.0282421 -0.0038256 0.0382500
v -0.0000000 0.0285000 -0.0152500
v 0.0025547 0.0283853 -0.0152500
v 0.0050889 0.0280420 -0.0152500
v 0.0088910 0.0271090 -0.0152310
v 0.0135886 0.0250858 -0.0152310
v 0.0178495 0.0222563 -0.0152310
v 0.0123987 0.0256168 0.0000000
v 0.0135839 0.0250490 0.0000000
v 0.0132403 0.0252543 0.0000000
v 0.0025547 0.0283853 0.0073702
v 0.0039035 0.0282026 0.0097747
v 0.0042230 0.0281355 0.0139240
v 0.0131490 0.0252985 0.0039927
v 0.0189509 0.0212050 0.0148594
v 0.0172945 0.0226611 0.0118104
v 0.0280852 0.0050167 -0.0152310
v 0.0245316 0.0145652 -0.0152310
v 0.0267381 0.0099509 -0.0152310
v 0.0249199 0.0137720 0.0000000
v 0.0243191 0.0148886 0.0000000
v 0.0239798 0.0153583 0.0000000
v 0.0272884 0.0080545 0.0128711
v 0.0276478 0.0067407 0.0134319
v 0.0242493 0.0149948 0.0050022
v 0.0215367 0.0187115 -0.0152310
v 0.0009606 0.0284569 0.0262912
v 0.0029865 0.0283268 0.0291339
v 0.0165498 0.0231755 0.0265778
v 0.0168795 0.0229639 0.0320317
v 0.0025547 0.0283853 0.0331894
v -0.0000000 0.0285000 0.0382500
v 0.0025547 0.0283853 0.0382500
v 0.0075821 0.0274729 0.0382500
v 0.0123657 0.0256776 0.0382500
v 0.0205997 0.0196953 0.0382500
v 0.0167519 0.0230570 0.0382500
v 0.0274485 0.0075029 0.0210451
v 0.0269957 0.0088903 0.0219067
v 0.0284753 0.0011864 0.0346157
v 0.0284516 0.0014698 0.0355157
v 0.0284555 0.0009266 0.0382500
v 0.0284133 0.0017069 0.0382500
v 0.0277854 0.0063418 0.0382500
v 0.0262065 0.0112012 0.0382500
v 0.0237853 0.0157006 0.0382500
v -0.0231272 -0.0167056 -0.0152310
v -0.0233681 -0.0154251 -0.0157500
v -0.0257385 -0.0123076 -0.0152310
v -0.0257468 -0.0110047 -0.0157500
v -0.0275225 -0.0075140 -0.0152310
v -0.0272980 -0.0062306 -0.0157500
v -0.0284138 -0.0025570 -0.0152501
v -0.0279718 -0.0012562 -0.0157500
v -0.0112853 -0.0262028 -0.0152310
v -0.0164580 -0.0226525 -0.0157500
v -0.0202383 -0.0193498 -0.0157500
v -0.0197152 -0.0206201 -0.0152501
v -0.0157826 -0.0237667 -0.0152310
v -0.0121487 -0.0252271 -0.0157500
v -0.0074490 -0.0269910 -0.0157500
v -0.0064252 -0.0277968 -0.0152310
v -0.0013586 -0.0284974 -0.0152310
v -0.0025099 -0.0278873 -0.0157500
v -0.0284077 0.0026358 -0.0152310
v -0.0277466 0.0037585 -0.0157500
v -0.0274806 0.0076659 -0.0152310
v -0.0266296 0.0086525 -0.0157500
v -0.0256701 0.0124495 -0.0152310
v -0.0246567 0.0132683 -0.0157500
v -0.0230347 0.0168330 -0.0152310
v -0.0218913 0.0174577 -0.0157500
v -0.0196588 0.0206755 -0.0152310
v -0.0184223 0.0210860 -0.0157500
v -0.0156512 0.0238534 -0.0152310
v -0.0143612 0.0240366 -0.0157500
v -0.0111405 0.0262647 -0.0152310
v -0.0098385 0.0262146 -0.0157500
v -0.0062717 0.0278319 -0.0152310
v -0.0049996 0.0275500 -0.0157500
v -0.0025547 0.0283853 -0.0152500
v 0.0025099 -0.0278873 -0.0157500
v 0.0037516 -0.0282820 -0.0152310
v 0.0074490 -0.0269910 -0.0157500
v 0.0087413 -0.0271576 -0.0152310
v 0.0121487 -0.0252271 -0.0157500
v 0.0134500 -0.0251604 -0.0152310
v 0.0164580 -0.0226525 -0.0157500
v 0.0177264 -0.0223545 -0.0152310
v 0.0202383 -0.0193498 -0.0157500
v 0.0214331 -0.0188300 -0.0152310
v 0.0233681 -0.0154251 -0.0157500
v 0.0244509 -0.0147004 -0.0152310
v 0.0257468 -0.0110047 -0.0157500
v 0.0266828 -0.0100983 -0.0152310
v 0.0272980 -0.0062306 -0.0157500
v 0.0280571 -0.0051716 -0.0152310
v 0.0279718 -0.0012562 -0.0157500
v 0.0285296 -0.0000787 -0.0152310
v -0.0000000 0.0280000 -0.0157500
v -0.0000000 0.0285000 -0.0152500
v 0.0025547 0.0283853 -0.0152500
v 0.0049996 0.0275500 -0.0157500
v 0.0050889 0.0280420 -0.0152500
v 0.0088910 0.0271090 -0.0152310
v 0.0098385 0.0262146 -0.0157500
v 0.0143612 0.0240366 -0.0157500
v 0.0135886 0.0250858 -0.0152310
v 0.0184223 0.0210860 -0.0157500
v 0.0178495 0.0222563 -0.0152310
v 0.0277466 0.0037585 -0.0157500
v 0.0280852 0.0050167 -0.0152310
v 0.0246567 0.0132683 -0.0157500
v 0.0245316 0.0145652 -0.0152310
v 0.0266296 0.0086525 -0.0157500
v 0.0267381 0.0099509 -0.0152310
v 0.0218913 0.0174577 -0.0157500
v 0.0215367 0.0187115 -0.0152310
v -0.0233681 -0.0154251 -0.0157500
v -0.0257468 -0.0110047 -0.0157500
v -0.0272980 -0.0062306 -0.0157500
v -0.0279718 -0.0012562 -0.0157500
v -0.0164580 -0.0226525 -0.0157500
v -0.0202383 -0.0193498 -0.0157500
v -0.0121487 -0.0252271 -0.0157500
v -0.0074490 -0.0269910 -0.0157500
v -0.0025099 -0.0278873 -0.0157500
v -0.0277466 0.0037585 -0.0157500
v -0.0266296 0.0086525 -0.0157500
v -0.0246567 0.0132683 -0.0157500
v -0.0218913 0.0174577 -0.0157500
v -0.0184223 0.0210860 -0.0157500
v -0.0143612 0.0240366 -0.0157500
v -0.0098385 0.0262146 -0.0157500
v -0.0049996 0.0275500 -0.0157500
v 0.0025099 -0.0278873 -0.0157500
v 0.0074490 -0.0269910 -0.0157500
v 0.0121487 -0.0252271 -0.0157500
v 0.0164580 -0.0226525 -0.0157500
v 0.0202383 -0.0193498 -0.0157500
v 0.0233681 -0.0154251 -0.0157500
v 0.0257468 -0.0110047 -0.0157500
v 0.0272980 -0.0062306 -0.0157500
v 0.0279718 -0.0012562 -0.0157500
v -0.0000000 0.0280000 -0.0157500
v 0.0049996 0.0275500 -0.0157500
v 0.0098385 0.0262146 -0.0157500
v 0.0143612 0.0240366 -0.0157500
v 0.0184223 0.0210860 -0.0157500
v 0.0277466 0.0037585 -0.0157500
v 0.0246567 0.0132683 -0.0157500
v 0.0266296 0.0086525 -0.0157500
v 0.0218913 0.0174577 -0.0157500
v -0.0224954 -0.0174464 0.0382500
v -0.0221489 -0.0179089 0.0382500
v -0.0222640 -0.0177549 0.0382733
v -0.0222009 -0.0178393 0.0382605
v -0.0218913 -0.0174577 0.0387500
v -0.0266275 -0.0099243 0.0382500
v -0.0267713 -0.0094153 0.0383182
v -0.0269567 -0.0087587 0.0384061
v -0.0266296 -0.0086525 0.0387500
v -0.0250970 -0.0135053 0.0382500
v -0.0246567 -0.0132683 0.0387500
v -0.0277563 -0.0059539 0.0382500
v -0.0282421 -0.0038256 0.0382500
v -0.0277466 -0.0037585 0.0387500
v -0.0187513 -0.0214625 0.0382500
v -0.0184223 -0.0210860 0.0387500
v -0.0184770 -0.0210288 0.0387500
v -0.0146176 -0.0244658 0.0382500
v -0.0146290 -0.0238420 0.0387500
v -0.0143612 -0.0240366 0.0387500
v -0.0137939 -0.0243097 0.0387500
v -0.0149148 -0.0236344 0.0387500
v -0.0100142 -0.0266827 0.0382500
v -0.0098385 -0.0262146 0.0387500
v -0.0073135 -0.0269163 0.0387453
v -0.0078033 -0.0267763 0.0387500
v -0.0050889 -0.0280420 0.0382500
v -0.0050289 -0.0275450 0.0387471
v -0.0050001 -0.0275529 0.0387471
v -0.0012543 -0.0278910 0.0387461
v -0.0284713 0.0012786 0.0382500
v -0.0279718 0.0012562 0.0387500
v -0.0277854 0.0063418 0.0382500
v -0.0272980 0.0062306 0.0387500
v -0.0262065 0.0112012 0.0382500
v -0.0257468 0.0110047 0.0387500
v -0.0237853 0.0157006 0.0382500
v -0.0233681 0.0154251 0.0387500
v -0.0231655 0.0164778 0.0382500
v -0.0211483 0.0188489 0.0383491
v -0.0205052 0.0196050 0.0383807
v -0.0202383 0.0193498 0.0387500
v -0.0199362 0.0202749 0.0382500
v -0.0167519 0.0230570 0.0382500
v -0.0164580 0.0226525 0.0387500
v -0.0121487 0.0252271 0.0387500
v -0.0123657 0.0256776 0.0382500
v -0.0078489 0.0273728 0.0382500
v -0.0074490 0.0269910 0.0387500
v -0.0077178 0.0274062 0.0382649
v -0.0075737 0.0274429 0.0382812
v -0.0071526 0.0275509 0.0382500
v -0.0025099 0.0278873 0.0387500
v -0.0025547 0.0283853 0.0382500
v 0.0000000 -0.0285000 0.0382500
v -0.0000282 -0.0280002 0.0387472
v 0.0000000 -0.0280027 0.0387473
v 0.0012221 -0.0278924 0.0387476
v 0.0050889 -0.0280420 0.0382500
v 0.0050000 -0.0275520 0.0387480
v 0.0069698 -0.0270094 0.0387469
v 0.0074774 -0.0268662 0.0387500
v 0.0100142 -0.0266827 0.0382500
v 0.0098385 -0.0262146 0.0387500
v 0.0143612 -0.0240366 0.0387500
v 0.0146176 -0.0244658 0.0382500
v 0.0187513 -0.0214625 0.0382500
v 0.0184223 -0.0210860 0.0387500
v 0.0222822 -0.0177695 0.0382500
v 0.0218913 -0.0174577 0.0387500
v 0.0246567 -0.0132683 0.0387500
v 0.0249643 -0.0137062 0.0382500
v 0.0251125 -0.0134561 0.0382551
v 0.0250866 -0.0134997 0.0382618
v 0.0251320 -0.0134233 0.0382500
v 0.0266296 -0.0086525 0.0387500
v 0.0271051 -0.0088070 0.0382500
v 0.0282421 -0.0038256 0.0382500
v 0.0277466 -0.0037585 0.0387500
v 0.0025099 0.0278873 0.0387500
v -0.0000000 0.0285000 0.0382500
v 0.0025547 0.0283853 0.0382500
v 0.0074490 0.0269910 0.0387500
v 0.0075821 0.0274729 0.0382500
v 0.0121487 0.0252271 0.0387500
v 0.0123657 0.0256776 0.0382500
v 0.0202383 0.0193498 0.0387500
v 0.0205997 0.0196953 0.0382500
v 0.0167519 0.0230570 0.0382500
v 0.0164580 0.0226525 0.0387500
v 0.0284555 0.0009266 0.0382500
v 0.0279718 0.0012562 0.0387500
v 0.0284362 0.0012771 0.0382851
v 0.0284259 0.0014702 0.0382693
v 0.0284133 0.0017069 0.0382500
v 0.0272980 0.0062306 0.0387500
v 0.0277854 0.0063418 0.0382500
v 0.0262065 0.0112012 0.0382500
v 0.0257468 0.0110047 0.0387500
v 0.0233681 0.0154251 0.0387500
v 0.0237853 0.0157006 0.0382500
v -0.0261019 -0.0012190 0.0387500
v -0.0244952 -0.0015638 0.0387500
v -0.0233934 -0.0003447 0.0387500
v -0.0266066 0.0003448 0.0387500
v -0.0255048 0.0015638 0.0387500
v -0.0238981 0.0012190 0.0387500
v -0.0136019 -0.0228696 0.0387500
v -0.0119953 -0.0232144 0.0387500
v -0.0108934 -0.0219954 0.0387500
v -0.0141066 -0.0213059 0.0387500
v -0.0130048 -0.0200869 0.0387500
v -0.0113981 -0.0204316 0.0387500
v -0.0213667 -0.0002425 0.0387500
v -0.0115604 -0.0178303 0.0387500
v -0.0069555 -0.0250527 0.0387500
v -0.0070457 -0.0201386 0.0387500
v -0.0051586 -0.0252231 0.0387500
v -0.0051495 -0.0252236 0.0387500
v -0.0051482 -0.0252175 0.0387500
v -0.0051472 -0.0251793 0.0387500
v -0.0048561 -0.0251523 0.0387500
v -0.0041166 -0.0180362 0.0387500
v -0.0166040 -0.0134500 0.0387500
v -0.0115346 -0.0144639 0.0387500
v -0.0144639 -0.0115346 0.0387500
v -0.0201302 -0.0068072 0.0387500
v -0.0166679 -0.0080268 0.0387500
v -0.0180362 -0.0041166 0.0387500
v -0.0080268 -0.0166679 0.0387500
v -0.0185000 0.0000000 0.0387500
v -0.0180362 0.0041166 0.0387500
v -0.0200093 0.0071547 0.0387500
v -0.0166679 0.0080268 0.0387500
v -0.0169050 0.0130697 0.0387500
v -0.0144639 0.0115346 0.0387500
v -0.0115346 0.0144639 0.0387500
v -0.0080268 0.0166679 0.0387500
v -0.0096073 0.0190865 0.0387500
v -0.0041166 0.0180362 0.0387500
v -0.0023662 0.0211179 0.0387500
v 0.0051276 -0.0251564 0.0387500
v 0.0051212 -0.0251551 0.0387500
v 0.0051194 -0.0251110 0.0387500
v 0.0000000 -0.0185000 0.0387500
v 0.0041166 -0.0180362 0.0387500
v 0.0069450 -0.0251071 0.0387500
v 0.0070624 -0.0201161 0.0387500
v 0.0080268 -0.0166679 0.0387500
v 0.0115346 -0.0144639 0.0387500
v 0.0138766 -0.0162492 0.0387500
v 0.0144639 -0.0115346 0.0387500
v 0.0181244 -0.0110936 0.0387500
v 0.0166679 -0.0080268 0.0387500
v 0.0180362 -0.0041166 0.0387500
v 0.0209652 -0.0041300 0.0387500
v 0.0080268 0.0166679 0.0387500
v 0.0180362 0.0041166 0.0387500
v 0.0185000 0.0000000 0.0387500
v 0.0166679 0.0080268 0.0387500
v 0.0206942 0.0053243 0.0387500
v 0.0144639 0.0115346 0.0387500
v 0.0115346 0.0144639 0.0387500
v 0.0163687 0.0137354 0.0387500
v -0.0000000 0.0185000 0.0387500
v 0.0023662 0.0211179 0.0387500
v 0.0041166 0.0180362 0.0387500
v 0.0088363 0.0194555 0.0387500
v -0.0041166 -0.0180362 0.0387500
v -0.0041166 -0.0180362 0.0402500
v -0.0115346 -0.0144639 0.0387500
v -0.0115346 -0.0144639 0.0402500
v -0.0144639 -0.0115346 0.0387500
v -0.0144639 -0.0115346 0.0402500
v -0.0166679 -0.0080268 0.0387500
v -0.0166679 -0.0080268 0.0402500
v -0.0180362 -0.0041166 0.0387500
v -0.0180362 -0.0041166 0.0402500
v -0.0080268 -0.0166679 0.0387500
v -0.0080268 -0.0166679 0.0402500
v -0.0185000 0.0000000 0.0387500
v -0.0185000 0.0000000 0.0402500
v -0.0180362 0.0041166 0.0387500
v -0.0180362 0.0041166 0.0402500
v -0.0166679 0.0080268 0.0387500
v -0.0166679 0.0080268 0.0402500
v -0.0144639 0.0115346 0.0387500
v -0.0144639 0.0115346 0.0402500
v -0.0115346 0.0144639 0.0387500
v -0.0115346 0.0144639 0.0402500
v -0.0080268 0.0166679 0.0387500
v -0.0080268 0.0166679 0.0402500
v -0.0041166 0.0180362 0.0387500
v -0.0041166 0.0180362 0.0402500
v 0.0000000 -0.0185000 0.0387500
v 0.0000000 -0.0185000 0.0402500
v 0.0041166 -0.0180362 0.0387500
v 0.0041166 -0.0180362 0.0402500
v 0.0080268 -0.0166679 0.0387500
v 0.0080268 -0.0166679 0.0402500
v 0.0115346 -0.0144639 0.0387500
v 0.0115346 -0.0144639 0.0402500
v 0.0144639 -0.0115346 0.0387500
v 0.0144639 -0.0115346 0.0402500
v 0.0166679 -0.0080268 0.0387500
v 0.0166679 -0.0080268 0.0402500
v 0.0180362 -0.0041166 0.0387500
v 0.0180362 -0.0041166 0.0402500
v 0.0080268 0.0166679 0.0387500
v 0.0080268 0.0166679 0.0402500
v 0.0180362 0.0041166 0.0387500
v 0.0180362 0.0041166 0.0402500
v 0.0185000 0.0000000 0.0387500
v 0.0185000 0.0000000 0.0402500
v 0.0166679 0.0080268 0.0387500
v 0.0166679 0.0080268 0.0402500
v 0.0144639 0.0115346 0.0387500
v 0.0144639 0.0115346 0.0402500
v 0.0115346 0.0144639 0.0387500
v 0.0115346 0.0144639 0.0402500
v -0.0000000 0.0185000 0.0387500
v -0.0000000 0.0185000 0.0402500
v 0.0041166 0.0180362 0.0387500
v 0.0041166 0.0180362 0.0402500
v -0.0041166 -0.0180362 0.0402500
v -0.0040054 -0.0175487 0.0407500
v -0.0115346 -0.0144639 0.0402500
v -0.0112228 -0.0140730 0.0407500
v -0.0144639 -0.0115346 0.0402500
v -0.0140730 -0.0112228 0.0407500
v -0.0166679 -0.0080268 0.0402500
v -0.0162174 -0.0078099 0.0407500
v -0.0180362 -0.0041166 0.0402500
v -0.0175487 -0.0040054 0.0407500
v -0.0080268 -0.0166679 0.0402500
v -0.0078099 -0.0162174 0.0407500
v -0.0185000 0.0000000 0.0402500
v -0.0180000 0.0000000 0.0407500
v -0.0180362 0.0041166 0.0402500
v -0.0175487 0.0040054 0.0407500
v -0.0166679 0.0080268 0.0402500
v -0.0162174 0.0078099 0.0407500
v -0.0140730 0.0112228 0.0407500
v -0.0144639 0.0115346 0.0402500
v -0.0115346 0.0144639 0.0402500
v -0.0112228 0.0140730 0.0407500
v -0.0080268 0.0166679 0.0402500
v -0.0078099 0.0162174 0.0407500
v -0.0041166 0.0180362 0.0402500
v -0.0040054 0.0175487 0.0407500
v 0.0000000 -0.0185000 0.0402500
v 0.0000000 -0.0180000 0.0407500
v 0.0041166 -0.0180362 0.0402500
v 0.0040054 -0.0175487 0.0407500
v 0.0078099 -0.0162174 0.0407500
v 0.0080268 -0.0166679 0.0402500
v 0.0115346 -0.0144639 0.0402500
v 0.0112228 -0.0140730 0.0407500
v 0.0140730 -0.0112228 0.0407500
v 0.0144639 -0.0115346 0.0402500
v 0.0162174 -0.0078099 0.0407500
v 0.0166679 -0.0080268 0.0402500
v 0.0175487 -0.0040054 0.0407500
v 0.0180362 -0.0041166 0.0402500
v 0.0078099 0.0162174 0.0407500
v 0.0080268 0.0166679 0.0402500
v 0.0180000 0.0000000 0.0407500
v 0.0175487 0.0040054 0.0407500
v 0.0180362 0.0041166 0.0402500
v 0.0185000 0.0000000 0.0402500
v 0.0162174 0.0078099 0.0407500
v 0.0166679 0.0080268 0.0402500
v 0.0140730 0.0112228 0.0407500
v 0.0144639 0.0115346 0.0402500
v 0.0115346 0.0144639 0.0402500
v 0.0112228 0.0140730 0.0407500
v -0.0000000 0.0180000 0.0407500
v -0.0000000 0.0185000 0.0402500
v 0.0040054 0.0175487 0.0407500
v 0.0041166 0.0180362 0.0402500
v -0.0040054 -0.0175487 0.0407500
v -0.0112228 -0.0140730 0.0407500
v -0.0140730 -0.0112228 0.0407500
v -0.0162174 -0.0078099 0.0407500
v -0.0175487 -0.0040054 0.0407500
v -0.0078099 -0.0162174 0.0407500
v -0.0180000 0.0000000 0.0407500
v -0.0175487 0.0040054 0.0407500
v -0.0162174 0.0078099 0.0407500
v -0.0140730 0.0112228 0.0407500
v -0.0112228 0.0140730 0.0407500
v -0.0078099 0.0162174 0.0407500
v -0.0040054 0.0175487 0.0407500
v 0.0000000 -0.0180000 0.0407500
v 0.0040054 -0.0175487 0.0407500
v 0.0078099 -0.0162174 0.0407500
v 0.0112228 -0.0140730 0.0407500
v 0.0140730 -0.0112228 0.0407500
v 0.0162174 -0.0078099 0.0407500
v 0.0175487 -0.0040054 0.0407500
v 0.0078099 0.0162174 0.0407500
v 0.0180000 0.0000000 0.0407500
v 0.0175487 0.0040054 0.0407500
v 0.0162174 0.0078099 0.0407500
v 0.0140730 0.0112228 0.0407500
v 0.0112228 0.0140730 0.0407500
v -0.0000000 0.0180000 0.0407500
v 0.0040054 0.0175487 0.0407500
v -0.0140638 0.0211459 0.0387500
v -0.0128448 0.0200440 0.0387500
v -0.0112810 0.0205488 0.0387500
v -0.0134647 0.0230741 0.0387500
v -0.0110766 0.0226153 0.0387500
v 0.0113981 -0.0228696 0.0387500
v 0.0130047 -0.0232144 0.0387500
v 0.0141066 -0.0219954 0.0387500
v 0.0108934 -0.0213059 0.0387500
v 0.0119952 -0.0200869 0.0387500
v 0.0136019 -0.0204316 0.0387500
v 0.0238981 -0.0012190 0.0387500
v 0.0255048 -0.0015638 0.0387500
v 0.0263856 -0.0008000 0.0387500
v 0.0233934 0.0003447 0.0387500
v 0.0248763 0.0017150 0.0387500
v 0.0265638 0.0005048 0.0387500
v 0.0109362 0.0211459 0.0387500
v 0.0121552 0.0200440 0.0387500
v 0.0137190 0.0205488 0.0387500
v 0.0112810 0.0227525 0.0387500
v 0.0128447 0.0232573 0.0387500
v 0.0140638 0.0221554 0.0387500
v -0.0338830 -0.0256782 0.0000000
v -0.0343119 -0.0192875 0.0000000
v -0.0327119 -0.0207337 0.0000000
v -0.0263077 -0.0317660 0.0000000
v -0.0306595 -0.0200712 0.0000000
v -0.0302070 -0.0179625 0.0000000
v -0.0219955 -0.0187063 0.0000000
v -0.0398672 -0.0150392 0.0000000
v -0.0338594 -0.0171788 0.0000000
v -0.0318070 -0.0165163 0.0000000
v -0.0422038 -0.0048854 0.0000000
v -0.0416845 -0.0040558 0.0000000
v -0.0351736 -0.0038512 0.0000000
v -0.0340934 -0.0026887 0.0000000
v -0.0274798 -0.0088651 0.0000000
v -0.0232400 -0.0164732 0.0000000
v -0.0236882 -0.0157942 0.0000000
v -0.0255558 -0.0126487 0.0000000
v -0.0261277 -0.0113107 0.0000000
v -0.0261493 -0.0112526 0.0000000
v -0.0282024 -0.0038221 0.0000000
v -0.0283799 -0.0025831 0.0000000
v -0.0283648 -0.0029187 0.0000000
v -0.0287500 -0.0000000 0.0000000
v -0.0180145 -0.0343338 0.0000000
v -0.0109233 -0.0263395 0.0000001
v -0.0109480 -0.0263276 0.0000001
v -0.0166281 -0.0231105 0.0000001
v -0.0199347 -0.0203433 0.0000000
v -0.0194404 -0.0208603 0.0000000
v -0.0154508 -0.0239658 0.0000001
v -0.0152104 -0.0240960 0.0000001
v -0.0132119 -0.0256835 0.0000001
v -0.0074473 -0.0274795 0.0000000
v -0.0060446 -0.0278666 0.0000000
v -0.0050593 -0.0280029 0.0000000
v -0.0023258 -0.0287805 0.0000000
v -0.0420505 0.0042677 0.0000000
v -0.0353770 0.0039435 0.0000000
v -0.0341030 0.0027597 0.0000000
v -0.0402565 0.0139638 0.0000000
v -0.0337057 0.0170251 0.0000000
v -0.0277738 0.0078959 0.0000000
v -0.0315970 0.0165726 0.0000000
v -0.0260492 0.0114960 0.0000000
v -0.0258229 0.0120940 0.0000000
v -0.0252752 0.0131118 0.0000000
v -0.0239048 0.0159726 0.0000000
v -0.0343682 0.0190775 0.0000000
v -0.0333094 0.0204437 0.0000000
v -0.0318070 0.0207337 0.0000000
v -0.0344418 0.0249938 0.0000000
v -0.0301507 0.0181725 0.0000000
v -0.0304408 0.0196750 0.0000000
v -0.0294547 0.0247375 0.0000000
v -0.0270935 0.0313383 0.0000000
v -0.0187063 0.0219955 0.0000000
v -0.0164027 0.0232793 0.0000000
v -0.0159646 0.0236266 0.0000000
v -0.0147155 0.0243730 0.0000000
v -0.0183216 0.0343184 0.0000000
v -0.0114894 0.0260975 0.0000000
v -0.0110487 0.0262629 0.0000000
v -0.0088651 0.0274798 0.0000000
v -0.0027879 0.0283505 0.0000000
v -0.0025547 0.0283853 0.0000000
v -0.0025414 0.0283859 0.0000000
v 0.0056088 -0.0281976 0.0000000
v 0.0083735 -0.0272239 0.0000000
v 0.0091038 -0.0270224 0.0000000
v 0.0098769 -0.0266944 0.0000001
v 0.0183216 -0.0343184 0.0000000
v 0.0140413 -0.0252278 0.0000001
v 0.0203293 -0.0203293 0.0000000
v 0.0244044 -0.0325383 0.0000000
v 0.0309795 -0.0285998 -0.0000010
v 0.0308132 -0.0202249 0.0000000
v 0.0301507 -0.0181725 0.0000000
v 0.0329219 -0.0206774 0.0000000
v 0.0343682 -0.0190775 0.0000000
v 0.0371451 -0.0209782 -0.0000014
v 0.0256997 -0.0131626 0.0000000
v 0.0281976 -0.0056088 0.0000000
v 0.0284267 -0.0013721 0.0000000
v 0.0284477 -0.0011458 0.0000000
v 0.0284906 -0.0001921 0.0000000
v 0.0315970 -0.0165726 0.0000000
v 0.0337057 -0.0170251 0.0000000
v 0.0365475 -0.0121087 0.0000000
v 0.0349476 -0.0106625 0.0000000
v 0.0351813 -0.0089500 0.0000000
v 0.0380500 -0.0118187 0.0000000
v 0.0391087 -0.0104525 0.0000000
v 0.0388187 -0.0089500 0.0000000
v 0.0407204 -0.0121696 0.0000000
v 0.0359500 -0.0081813 0.0000000
v 0.0352238 -0.0037762 0.0000000
v 0.0374525 -0.0078913 0.0000000
v 0.0420510 -0.0056694 0.0000000
v 0.0409977 -0.0041453 0.0000000
v -0.0000000 0.0287500 0.0000000
v 0.0078959 0.0277738 0.0000000
v 0.0123987 0.0256168 0.0000000
v 0.0135839 0.0250490 0.0000000
v 0.0132403 0.0252543 0.0000000
v 0.0159726 0.0239048 0.0000000
v 0.0180145 0.0343338 0.0000000
v 0.0286813 0.0033337 0.0000000
v 0.0249199 0.0137720 0.0000000
v 0.0243191 0.0148886 0.0000000
v 0.0239798 0.0153583 0.0000000
v 0.0265615 0.0110021 0.0000000
v 0.0351675 0.0037847 0.0000000
v 0.0346297 0.0043125 0.0000000
v 0.0407348 0.0040997 0.0000000
v 0.0420571 0.0054066 0.0000000
v 0.0318070 0.0165163 0.0000000
v 0.0338594 0.0171788 0.0000000
v 0.0396544 0.0155563 0.0000000
v 0.0219955 0.0187063 0.0000000
v 0.0302070 0.0179625 0.0000000
v 0.0306595 0.0200712 0.0000000
v 0.0263077 0.0317660 0.0000000
v 0.0327119 0.0207337 0.0000000
v 0.0343119 0.0192875 0.0000000
v 0.0356926 0.0230714 0.0000000
v 0.0325884 0.0269612 0.0000000
v -0.0338830 -0.0256782 0.0000000
v -0.0263077 -0.0317660 0.0000000
v -0.0344418 -0.0249938 0.0030000
v -0.0270935 -0.0313383 0.0030000
v -0.0398672 -0.0150392 0.0000000
v -0.0422038 -0.0048854 0.0000000
v -0.0402565 -0.0139638 0.0030000
v -0.0420505 -0.0042677 0.0030000
v -0.0180145 -0.0343338 0.0000000
v -0.0180237 -0.0343888 0.0030000
v 0.0183216 -0.0343184 0.0000000
v 0.0184251 -0.0342511 0.0030000
v 0.0244044 -0.0325383 0.0000000
v 0.0309795 -0.0285998 -0.0000010
v 0.0371451 -0.0209782 -0.0000014
v 0.0263077 -0.0317660 0.0030000
v 0.0328151 -0.0267538 0.0029999
v 0.0353162 -0.0236729 0.0029998
v 0.0407204 -0.0121696 0.0000000
v 0.0420510 -0.0056694 0.0000000
v 0.0396544 -0.0155563 0.0030000
v 0.0420699 -0.0058127 0.0030000
v -0.0344418 -0.0249938 0.0030000
v -0.0343682 -0.0190775 0.0030000
v -0.0329219 -0.0206774 0.0030000
v -0.0270935 -0.0313383 0.0030000
v -0.0308132 -0.0202249 0.0030000
v -0.0301507 -0.0181725 0.0030000
v -0.0251143 -0.0196237 0.0030000
v -0.0402565 -0.0139638 0.0030000
v -0.0337057 -0.0170251 0.0030000
v -0.0420505 -0.0042677 0.0030000
v -0.0353522 -0.0039296 0.0030000
v -0.0340638 -0.0027025 0.0030000
v -0.0315970 -0.0165726 0.0030000
v -0.0305073 -0.0092262 0.0030000
v -0.0180237 -0.0343888 0.0030000
v -0.0163295 -0.0273709 0.0030000
v -0.0053393 -0.0314215 0.0030000
v -0.0420805 0.0042530 0.0030000
v -0.0352403 0.0038970 0.0030000
v -0.0341385 0.0027692 0.0030000
v -0.0317801 0.0024173 0.0030000
v -0.0398672 0.0150392 0.0030000
v -0.0329219 0.0165726 0.0030000
v -0.0308132 0.0170251 0.0030000
v -0.0287608 0.0137344 0.0030000
v -0.0343682 0.0181725 0.0030000
v -0.0337057 0.0202249 0.0030000
v -0.0338830 0.0256782 0.0030000
v -0.0301594 0.0186250 0.0030000
v -0.0304408 0.0196750 0.0030000
v -0.0315970 0.0206774 0.0030000
v -0.0218573 0.0231965 0.0030000
v -0.0263077 0.0317660 0.0030000
v -0.0184251 0.0342511 0.0030000
v -0.0141522 0.0284214 0.0030000
v -0.0086888 0.0305380 0.0030000
v -0.0005253 0.0318676 0.0030000
v 0.0063720 -0.0312285 0.0030000
v 0.0141522 -0.0284214 0.0030000
v 0.0184251 -0.0342511 0.0030000
v 0.0263077 -0.0317660 0.0030000
v 0.0218313 -0.0232291 0.0030001
v 0.0304408 -0.0196750 0.0030000
v 0.0302070 -0.0179625 0.0030000
v 0.0328151 -0.0267538 0.0029999
v 0.0353162 -0.0236729 0.0029998
v 0.0315970 -0.0206774 0.0030000
v 0.0337057 -0.0202249 0.0030000
v 0.0343682 -0.0181725 0.0030000
v 0.0287608 -0.0137344 0.0030000
v 0.0318070 -0.0165163 0.0030000
v 0.0333094 -0.0168063 0.0030000
v 0.0346297 -0.0143125 0.0030000
v 0.0354001 -0.0114462 0.0030000
v 0.0349000 -0.0100000 0.0030000
v 0.0396544 -0.0155563 0.0030000
v 0.0370000 -0.0121000 0.0030000
v 0.0384462 -0.0115999 0.0030000
v 0.0391000 -0.0100000 0.0030000
v 0.0355538 -0.0084001 0.0030000
v 0.0317801 -0.0024173 0.0030000
v 0.0351340 -0.0035000 0.0030000
v 0.0350000 -0.0030000 0.0030000
v 0.0356202 -0.0039485 0.0030000
v 0.0370000 -0.0079000 0.0030000
v 0.0385999 -0.0085538 0.0030000
v 0.0420699 -0.0058127 0.0030000
v 0.0411573 -0.0042246 0.0030000
v 0.0110220 0.0299054 0.0030000
v 0.0180237 0.0343888 0.0030000
v 0.0312094 0.0058340 0.0030000
v 0.0282925 0.0146749 0.0030000
v 0.0351474 0.0037346 0.0030000
v 0.0409977 0.0041453 0.0030000
v 0.0420510 0.0056694 0.0030000
v 0.0360000 0.0100000 0.0030000
v 0.0363830 0.0103750 0.0030000
v 0.0360000 0.0122500 0.0030000
v 0.0363830 0.0122500 0.0030000
v 0.0315970 0.0165726 0.0030000
v 0.0333094 0.0168063 0.0030000
v 0.0350399 0.0143875 0.0030000
v 0.0390000 0.0100000 0.0030000
v 0.0390000 0.0103750 0.0030000
v 0.0407204 0.0121696 0.0030000
v 0.0210808 0.0239043 0.0030000
v 0.0301507 0.0181725 0.0030000
v 0.0304408 0.0196750 0.0030000
v 0.0270935 0.0313383 0.0030000
v 0.0318070 0.0207337 0.0030000
v 0.0338594 0.0200712 0.0030000
v 0.0343119 0.0179625 0.0030000
v 0.0343808 0.0250853 0.0030011
v 0.0385934 0.0177989 0.0030000
v -0.0343119 -0.0192875 0.0000000
v -0.0327119 -0.0207337 0.0000000
v -0.0343682 -0.0190775 0.0030000
v -0.0329219 -0.0206774 0.0030000
v -0.0327119 -0.0207337 0.0000000
v -0.0306595 -0.0200712 0.0000000
v -0.0329219 -0.0206774 0.0030000
v -0.0308132 -0.0202249 0.0030000
v -0.0343119 -0.0192875 0.0000000
v -0.0343682 -0.0190775 0.0030000
v -0.0338594 -0.0171788 0.0000000
v -0.0337057 -0.0170251 0.0030000
v -0.0306595 -0.0200712 0.0000000
v -0.0302070 -0.0179625 0.0000000
v -0.0308132 -0.0202249 0.0030000
v -0.0301507 -0.0181725 0.0030000
v -0.0302070 -0.0179625 0.0000000
v -0.0301507 -0.0181725 0.0030000
v -0.0318070 -0.0165163 0.0000000
v -0.0315970 -0.0165726 0.0030000
v -0.0219955 -0.0187063 0.0000000
v -0.0274798 -0.0088651 0.0000000
v -0.0232400 -0.0164732 0.0000000
v -0.0261379 -0.0112844 0.0004011
v -0.0261493 -0.0112526 0.0000000
v -0.0282024 -0.0038221 0.0000000
v -0.0283799 -0.0025831 0.0000000
v -0.0287500 -0.0000000 0.0000000
v -0.0238958 -0.0154568 0.0056378
v -0.0254119 -0.0129173 0.0119946
v -0.0283533 -0.0030037 0.0035875
v -0.0109130 -0.0263434 0.0004329
v -0.0109480 -0.0263276 0.0000001
v -0.0199347 -0.0203433 0.0000000
v -0.0152104 -0.0240960 0.0000001
v -0.0132119 -0.0256835 0.0000001
v -0.0050593 -0.0280029 0.0000000
v -0.0023258 -0.0287805 0.0000000
v -0.0153609 -0.0240197 0.0041264
v -0.0174512 -0.0224716 0.0148293
v -0.0191930 -0.0210765 0.0137327
v -0.0081345 -0.0272662 0.0102400
v -0.0058199 -0.0279079 0.0089936
v -0.0223247 -0.0177159 0.0355599
v -0.0222118 -0.0178476 0.0367838
v -0.0224954 -0.0174464 0.0382500
v -0.0221489 -0.0179089 0.0382500
v -0.0222640 -0.0177549 0.0382733
v -0.0222009 -0.0178393 0.0382605
v -0.0269137 -0.0092972 0.0307608
v -0.0271977 -0.0085201 0.0263847
v -0.0266275 -0.0099243 0.0382500
v -0.0267713 -0.0094153 0.0383182
v -0.0269567 -0.0087587 0.0384061
v -0.0256997 -0.0131626 0.0387500
v -0.0277563 -0.0059539 0.0382500
v -0.0287805 -0.0023258 0.0387500
v -0.0203293 -0.0203293 0.0387500
v -0.0157158 -0.0241009 0.0387500
v -0.0082214 -0.0276262 0.0387500
v -0.0277738 0.0078959 0.0000000
v -0.0260492 0.0114960 0.0000000
v -0.0252752 0.0131118 0.0000000
v -0.0239048 0.0159726 0.0000000
v -0.0284375 0.0019997 0.0098376
v -0.0281646 0.0039285 0.0150404
v -0.0258756 0.0119715 0.0052498
v -0.0217701 0.0183195 0.0125441
v -0.0187063 0.0219955 0.0000000
v -0.0164027 0.0232793 0.0000000
v -0.0110487 0.0262629 0.0000000
v -0.0088651 0.0274798 0.0000000
v -0.0027879 0.0283505 0.0000000
v -0.0025414 0.0283859 0.0000000
v -0.0025547 0.0283853 0.0001393
v -0.0210307 0.0191632 0.0138230
v -0.0162076 0.0234508 0.0118058
v -0.0115314 0.0260546 0.0114061
v -0.0284579 0.0009504 0.0263301
v -0.0284646 0.0014221 0.0325984
v -0.0281976 0.0056088 0.0387500
v -0.0252223 0.0140558 0.0387500
v -0.0231655 0.0164778 0.0382500
v -0.0224206 0.0174697 0.0220884
v -0.0211483 0.0188489 0.0383491
v -0.0202297 0.0200808 0.0172185
v -0.0141120 0.0246752 0.0224455
v -0.0131606 0.0252362 0.0253098
v -0.0119239 0.0258893 0.0189649
v -0.0205052 0.0196050 0.0383807
v -0.0199362 0.0202749 0.0382500
v -0.0179235 0.0226380 0.0387500
v -0.0110021 0.0265615 0.0387500
v -0.0074966 0.0274963 0.0347624
v -0.0077220 0.0274254 0.0361465
v -0.0078489 0.0273728 0.0382500
v -0.0077178 0.0274062 0.0382649
v -0.0075737 0.0274429 0.0382812
v -0.0071526 0.0275509 0.0382500
v -0.0023258 0.0287805 0.0387500
v 0.0056088 -0.0281976 0.0000000
v 0.0083735 -0.0272239 0.0000000
v 0.0098769 -0.0266944 0.0000001
v 0.0140413 -0.0252278 0.0000001
v 0.0203293 -0.0203293 0.0000000
v 0.0092381 -0.0269723 0.0056421
v 0.0017296 -0.0283995 0.0135935
v 0.0014866 -0.0284109 0.0146462
v 0.0015697 -0.0284088 0.0158728
v 0.0181027 -0.0220270 0.0044051
v 0.0170187 -0.0227867 0.0145047
v 0.0256997 -0.0131626 0.0000000
v 0.0281976 -0.0056088 0.0000000
v 0.0284267 -0.0013721 0.0000000
v 0.0284906 -0.0001921 0.0000000
v 0.0268395 -0.0096192 0.0046105
v 0.0266628 -0.0099878 0.0125167
v 0.0284434 -0.0012021 0.0008037
v 0.0047998 -0.0280939 0.0266897
v 0.0048399 -0.0280858 0.0275290
v 0.0048270 -0.0280890 0.0277768
v 0.0193401 -0.0208834 0.0258140
v 0.0000000 -0.0287500 0.0387500
v 0.0077607 -0.0278026 0.0387500
v 0.0156721 -0.0241258 0.0387500
v 0.0187015 -0.0215058 0.0356549
v 0.0219955 -0.0187063 0.0387500
v 0.0270209 -0.0090645 0.0275833
v 0.0274582 -0.0074588 0.0184164
v 0.0274982 -0.0072339 0.0233736
v 0.0272874 -0.0081109 0.0280091
v 0.0250800 -0.0135367 0.0368445
v 0.0251182 -0.0134596 0.0375334
v 0.0249643 -0.0137062 0.0382500
v 0.0251125 -0.0134561 0.0382551
v 0.0250866 -0.0134997 0.0382618
v 0.0251320 -0.0134233 0.0382500
v 0.0265615 -0.0110021 0.0387500
v 0.0286813 -0.0033337 0.0387500
v -0.0000000 0.0287500 0.0000000
v 0.0078959 0.0277738 0.0000000
v 0.0123987 0.0256168 0.0000000
v 0.0135839 0.0250490 0.0000000
v 0.0159726 0.0239048 0.0000000
v 0.0025547 0.0283853 0.0073702
v 0.0039035 0.0282026 0.0097747
v 0.0042230 0.0281355 0.0139240
v 0.0131490 0.0252985 0.0039927
v 0.0189509 0.0212050 0.0148594
v 0.0172945 0.0226611 0.0118104
v 0.0286813 0.0033337 0.0000000
v 0.0249199 0.0137720 0.0000000
v 0.0239798 0.0153583 0.0000000
v 0.0265615 0.0110021 0.0000000
v 0.0272884 0.0080545 0.0128711
v 0.0276478 0.0067407 0.0134319
v 0.0242493 0.0149948 0.0050022
v 0.0219955 0.0187063 0.0000000
v 0.0009606 0.0284569 0.0262912
v 0.0029865 0.0283268 0.0291339
v 0.0165498 0.0231755 0.0265778
v 0.0168795 0.0229639 0.0320317
v 0.0025547 0.0283853 0.0331894
v 0.0056088 0.0281976 0.0387500
v 0.0140558 0.0252223 0.0387500
v 0.0203293 0.0203293 0.0387500
v 0.0274485 0.0075029 0.0210451
v 0.0269957 0.0088903 0.0219067
v 0.0284753 0.0011864 0.0346157
v 0.0284516 0.0014698 0.0355157
v 0.0284555 0.0009266 0.0382500
v 0.0284362 0.0012771 0.0382851
v 0.0284259 0.0014702 0.0382693
v 0.0284133 0.0017069 0.0382500
v 0.0281976 0.0056088 0.0387500
v 0.0256997 0.0131626 0.0387500
v -0.0338594 -0.0171788 0.0000000
v -0.0318070 -0.0165163 0.0000000
v -0.0337057 -0.0170251 0.0030000
v -0.0315970 -0.0165726 0.0030000
v -0.0416845 -0.0040558 0.0000000
v -0.0351736 -0.0038512 0.0000000
v -0.0420505 -0.0042677 0.0030000
v -0.0353522 -0.0039296 0.0030000
v -0.0351736 -0.0038512 0.0000000
v -0.0340934 -0.0026887 0.0000000
v -0.0353522 -0.0039296 0.0030000
v -0.0340638 -0.0027025 0.0030000
v -0.0340934 -0.0026887 0.0000000
v -0.0340638 -0.0027025 0.0030000
v -0.0341030 0.0027597 0.0000000
v -0.0341385 0.0027692 0.0030000
v -0.0251143 -0.0196237 0.0030000
v -0.0305073 -0.0092262 0.0030000
v -0.0163295 -0.0273709 0.0030000
v -0.0053393 -0.0314215 0.0030000
v -0.0257475 -0.0187853 0.0417500
v -0.0307948 -0.0082157 0.0417500
v -0.0172228 -0.0268178 0.0417500
v -0.0063720 -0.0312285 0.0417500
v -0.0317801 0.0024173 0.0030000
v -0.0287608 0.0137344 0.0030000
v -0.0218573 0.0231965 0.0030000
v -0.0141522 0.0284214 0.0030000
v -0.0086888 0.0305380 0.0030000
v -0.0005253 0.0318676 0.0030000
v -0.0316832 0.0034634 0.0417500
v -0.0282925 0.0146749 0.0417500
v -0.0234635 0.0213898 0.0417500
v -0.0191336 0.0253370 0.0417500
v -0.0141522 0.0284214 0.0417500
v -0.0086888 0.0305380 0.0417500
v 0.0063720 -0.0312285 0.0030000
v 0.0141522 -0.0284214 0.0030000
v 0.0218313 -0.0232291 0.0030001
v 0.0287608 -0.0137344 0.0030000
v 0.0317801 -0.0024173 0.0030000
v 0.0029295 -0.0316146 0.0417500
v 0.0086888 -0.0305380 0.0417500
v 0.0141522 -0.0284214 0.0417500
v 0.0211432 -0.0238681 0.0417500
v 0.0269944 -0.0167142 0.0417500
v 0.0296060 -0.0114694 0.0417500
v 0.0312094 -0.0058340 0.0417500
v 0.0317500 -0.0000000 0.0417500
v 0.0110220 0.0299054 0.0030000
v 0.0312094 0.0058340 0.0030000
v 0.0282925 0.0146749 0.0030000
v 0.0210808 0.0239043 0.0030000
v 0.0005253 0.0318676 0.0417500
v 0.0120017 0.0295259 0.0417500
v 0.0312094 0.0058340 0.0417500
v 0.0287608 0.0137344 0.0417500
v 0.0218573 0.0231965 0.0417500
v -0.0218913 -0.0174577 0.0387500
v -0.0266296 -0.0086525 0.0387500
v -0.0256997 -0.0131626 0.0387500
v -0.0246567 -0.0132683 0.0387500
v -0.0277466 -0.0037585 0.0387500
v -0.0287805 -0.0023258 0.0387500
v -0.0203293 -0.0203293 0.0387500
v -0.0184223 -0.0210860 0.0387500
v -0.0184770 -0.0210288 0.0387500
v -0.0157158 -0.0241009 0.0387500
v -0.0146290 -0.0238420 0.0387500
v -0.0143612 -0.0240366 0.0387500
v -0.0137939 -0.0243097 0.0387500
v -0.0149148 -0.0236344 0.0387500
v -0.0098385 -0.0262146 0.0387500
v -0.0082214 -0.0276262 0.0387500
v -0.0073135 -0.0269163 0.0387453
v -0.0078033 -0.0267763 0.0387500
v -0.0050289 -0.0275450 0.0387471
v -0.0050001 -0.0275529 0.0387471
v -0.0012543 -0.0278910 0.0387461
v -0.0279718 0.0012562 0.0387500
v -0.0281976 0.0056088 0.0387500
v -0.0272980 0.0062306 0.0387500
v -0.0257468 0.0110047 0.0387500
v -0.0252223 0.0140558 0.0387500
v -0.0233681 0.0154251 0.0387500
v -0.0202383 0.0193498 0.0387500
v -0.0179235 0.0226380 0.0387500
v -0.0164580 0.0226525 0.0387500
v -0.0121487 0.0252271 0.0387500
v -0.0110021 0.0265615 0.0387500
v -0.0074490 0.0269910 0.0387500
v -0.0025099 0.0278873 0.0387500
v -0.0023258 0.0287805 0.0387500
v 0.0000000 -0.0287500 0.0387500
v -0.0000282 -0.0280002 0.0387472
v 0.0000000 -0.0280027 0.0387473
v 0.0012221 -0.0278924 0.0387476
v 0.0050000 -0.0275520 0.0387480
v 0.0069698 -0.0270094 0.0387469
v 0.0077607 -0.0278026 0.0387500
v 0.0074774 -0.0268662 0.0387500
v 0.0098385 -0.0262146 0.0387500
v 0.0143612 -0.0240366 0.0387500
v 0.0156721 -0.0241258 0.0387500
v 0.0184223 -0.0210860 0.0387500
v 0.0219955 -0.0187063 0.0387500
v 0.0218913 -0.0174577 0.0387500
v 0.0246567 -0.0132683 0.0387500
v 0.0265615 -0.0110021 0.0387500
v 0.0266296 -0.0086525 0.0387500
v 0.0277466 -0.0037585 0.0387500
v 0.0286813 -0.0033337 0.0387500
v 0.0025099 0.0278873 0.0387500
v 0.0074490 0.0269910 0.0387500
v 0.0056088 0.0281976 0.0387500
v 0.0121487 0.0252271 0.0387500
v 0.0140558 0.0252223 0.0387500
v 0.0202383 0.0193498 0.0387500
v 0.0203293 0.0203293 0.0387500
v 0.0164580 0.0226525 0.0387500
v 0.0279718 0.0012562 0.0387500
v 0.0272980 0.0062306 0.0387500
v 0.0281976 0.0056088 0.0387500
v 0.0257468 0.0110047 0.0387500
v 0.0233681 0.0154251 0.0387500
v 0.0256997 0.0131626 0.0387500
v -0.0257475 -0.0187853 0.0417500
v -0.0307948 -0.0082157 0.0417500
v -0.0266066 -0.0003448 0.0417500
v -0.0255048 -0.0015638 0.0417500
v -0.0238981 -0.0012190 0.0417500
v -0.0211375 -0.0021833 0.0417500
v -0.0172228 -0.0268178 0.0417500
v -0.0137190 -0.0227525 0.0417500
v -0.0121553 -0.0232573 0.0417500
v -0.0109362 -0.0221554 0.0417500
v -0.0140638 -0.0211459 0.0417500
v -0.0128448 -0.0200440 0.0417500
v -0.0112810 -0.0205488 0.0417500
v -0.0063720 -0.0312285 0.0417500
v -0.0069450 -0.0251071 0.0417500
v -0.0070624 -0.0201161 0.0417500
v -0.0052141 -0.0251952 0.0417500
v -0.0049661 -0.0239464 0.0419887
v -0.0195313 -0.0086675 0.0417500
v -0.0138766 -0.0162492 0.0417500
v -0.0316832 0.0034634 0.0417500
v -0.0261019 0.0012190 0.0417500
v -0.0244952 0.0015638 0.0417500
v -0.0233934 0.0003447 0.0417500
v -0.0282925 0.0146749 0.0417500
v -0.0223250 0.0108253 0.0417500
v -0.0234635 0.0213898 0.0417500
v -0.0206942 0.0053243 0.0417500
v -0.0163687 0.0137354 0.0417500
v -0.0191336 0.0253370 0.0417500
v -0.0130048 0.0200869 0.0417500
v -0.0113981 0.0204316 0.0417500
v -0.0142150 0.0217743 0.0417500
v -0.0123763 0.0233657 0.0417500
v -0.0108934 0.0219954 0.0417500
v -0.0141522 0.0284214 0.0417500
v -0.0088363 0.0194555 0.0417500
v -0.0086888 0.0305380 0.0417500
v 0.0029295 -0.0316146 0.0417500
v 0.0086888 -0.0305380 0.0417500
v 0.0049971 -0.0248854 0.0417235
v 0.0050000 -0.0237894 0.0423878
v 0.0068621 -0.0252653 0.0417500
v 0.0070457 -0.0201386 0.0417500
v 0.0141522 -0.0284214 0.0417500
v 0.0112810 -0.0227525 0.0417500
v 0.0128447 -0.0232573 0.0417500
v 0.0140638 -0.0221554 0.0417500
v 0.0109362 -0.0211459 0.0417500
v 0.0121552 -0.0200440 0.0417500
v 0.0137190 -0.0205488 0.0417500
v 0.0132156 -0.0167912 0.0417500
v 0.0191690 -0.0094418 0.0417500
v 0.0211432 -0.0238681 0.0417500
v 0.0269944 -0.0167142 0.0417500
v 0.0296060 -0.0114694 0.0417500
v 0.0211375 -0.0021833 0.0417500
v 0.0233934 -0.0003447 0.0417500
v 0.0248763 -0.0017150 0.0417500
v 0.0312094 -0.0058340 0.0417500
v 0.0267150 -0.0001237 0.0417500
v 0.0317500 -0.0000000 0.0417500
v 0.0200093 0.0071547 0.0417500
v 0.0169050 0.0130697 0.0417500
v 0.0004274 0.0213638 0.0417500
v 0.0096073 0.0190865 0.0417500
v 0.0005253 0.0318676 0.0417500
v 0.0108934 0.0213059 0.0417500
v 0.0119952 0.0200869 0.0417500
v 0.0136019 0.0204316 0.0417500
v 0.0113981 0.0228696 0.0417500
v 0.0130047 0.0232144 0.0417500
v 0.0141066 0.0219954 0.0417500
v 0.0120017 0.0295259 0.0417500
v 0.0210966 0.0025489 0.0417500
v 0.0238981 0.0012190 0.0417500
v 0.0255048 0.0015638 0.0417500
v 0.0312094 0.0058340 0.0417500
v 0.0287608 0.0137344 0.0417500
v 0.0218573 0.0231965 0.0417500
v -0.0261019 -0.0012190 0.0387500
v -0.0266066 -0.0003448 0.0417500
v -0.0255048 -0.0015638 0.0417500
v -0.0266066 0.0003448 0.0387500
v -0.0261019 -0.0012190 0.0387500
v -0.0244952 -0.0015638 0.0387500
v -0.0255048 -0.0015638 0.0417500
v -0.0238981 -0.0012190 0.0417500
v -0.0244952 -0.0015638 0.0387500
v -0.0233934 -0.0003447 0.0387500
v -0.0238981 -0.0012190 0.0417500
v -0.0233934 0.0003447 0.0417500
v -0.0136019 -0.0228696 0.0387500
v -0.0141066 -0.0213059 0.0387500
v -0.0137190 -0.0227525 0.0417500
v -0.0140638 -0.0211459 0.0417500
v -0.0136019 -0.0228696 0.0387500
v -0.0119953 -0.0232144 0.0387500
v -0.0137190 -0.0227525 0.0417500
v -0.0121553 -0.0232573 0.0417500
v -0.0119953 -0.0232144 0.0387500
v -0.0108934 -0.0219954 0.0387500
v -0.0121553 -0.0232573 0.0417500
v -0.0109362 -0.0221554 0.0417500
v -0.0108934 -0.0219954 0.0387500
v -0.0113981 -0.0204316 0.0387500
v -0.0109362 -0.0221554 0.0417500
v -0.0112810 -0.0205488 0.0417500
v -0.0141066 -0.0213059 0.0387500
v -0.0130048 -0.0200869 0.0387500
v -0.0140638 -0.0211459 0.0417500
v -0.0128448 -0.0200440 0.0417500
v -0.0130048 -0.0200869 0.0387500
v -0.0113981 -0.0204316 0.0387500
v -0.0128448 -0.0200440 0.0417500
v -0.0112810 -0.0205488 0.0417500
v -0.0213667 -0.0002425 0.0387500
v -0.0211375 -0.0021833 0.0417500
v -0.0115604 -0.0178303 0.0387500
v -0.0070457 -0.0201386 0.0387500
v -0.0070624 -0.0201161 0.0417500
v -0.0166040 -0.0134500 0.0387500
v -0.0195313 -0.0086675 0.0417500
v -0.0138766 -0.0162492 0.0417500
v -0.0201302 -0.0068072 0.0387500
v -0.0200093 0.0071547 0.0387500
v -0.0206942 0.0053243 0.0417500
v -0.0169050 0.0130697 0.0387500
v -0.0163687 0.0137354 0.0417500
v -0.0096073 0.0190865 0.0387500
v -0.0023662 0.0211179 0.0387500
v -0.0088363 0.0194555 0.0417500
v 0.0070624 -0.0201161 0.0387500
v 0.0070457 -0.0201386 0.0417500
v 0.0138766 -0.0162492 0.0387500
v 0.0181244 -0.0110936 0.0387500
v 0.0132156 -0.0167912 0.0417500
v 0.0191690 -0.0094418 0.0417500
v 0.0209652 -0.0041300 0.0387500
v 0.0211375 -0.0021833 0.0417500
v 0.0206942 0.0053243 0.0387500
v 0.0200093 0.0071547 0.0417500
v 0.0163687 0.0137354 0.0387500
v 0.0169050 0.0130697 0.0417500
v 0.0023662 0.0211179 0.0387500
v 0.0088363 0.0194555 0.0387500
v 0.0004274 0.0213638 0.0417500
v 0.0096073 0.0190865 0.0417500
v 0.0210966 0.0025489 0.0417500
v -0.0069555 -0.0250527 0.0387500
v -0.0051586 -0.0252231 0.0387500
v -0.0051495 -0.0252236 0.0387500
v -0.0069450 -0.0251071 0.0417500
v -0.0052141 -0.0251952 0.0417500
v -0.0069555 -0.0250527 0.0387500
v -0.0070457 -0.0201386 0.0387500
v -0.0069450 -0.0251071 0.0417500
v -0.0070624 -0.0201161 0.0417500
v -0.0051495 -0.0252236 0.0387500
v -0.0051482 -0.0252175 0.0387500
v -0.0051472 -0.0251793 0.0387500
v -0.0050000 -0.0217025 0.0399953
v -0.0052141 -0.0251952 0.0417500
v -0.0049661 -0.0239464 0.0419887
v -0.0048999 -0.0237500 0.0491499
v -0.0050000 -0.0207500 0.0427500
v -0.0048881 -0.0207500 0.0491381
v -0.0051472 -0.0251793 0.0387500
v -0.0048561 -0.0251523 0.0387500
v -0.0050000 -0.0217025 0.0399953
v -0.0050000 -0.0207500 0.0427500
v -0.0048881 -0.0207500 0.0491381
v 0.0051194 -0.0251110 0.0387500
v 0.0050000 -0.0227500 0.0392859
v 0.0050000 -0.0209560 0.0412307
v 0.0048999 -0.0207500 0.0491499
v -0.0049661 -0.0239464 0.0419887
v -0.0048999 -0.0237500 0.0491499
v 0.0050000 -0.0237894 0.0423878
v 0.0048881 -0.0237500 0.0491381
v -0.0048999 -0.0237500 0.0491499
v -0.0048881 -0.0207500 0.0491381
v 0.0048881 -0.0237500 0.0491381
v 0.0048999 -0.0207500 0.0491499
v -0.0420505 0.0042677 0.0000000
v -0.0353770 0.0039435 0.0000000
v -0.0420805 0.0042530 0.0030000
v -0.0352403 0.0038970 0.0030000
v -0.0420505 0.0042677 0.0000000
v -0.0402565 0.0139638 0.0000000
v -0.0420805 0.0042530 0.0030000
v -0.0398672 0.0150392 0.0030000
v -0.0344418 0.0249938 0.0000000
v -0.0270935 0.0313383 0.0000000
v -0.0338830 0.0256782 0.0030000
v -0.0263077 0.0317660 0.0030000
v -0.0183216 0.0343184 0.0000000
v -0.0184251 0.0342511 0.0030000
v 0.0180145 0.0343338 0.0000000
v 0.0180237 0.0343888 0.0030000
v 0.0420571 0.0054066 0.0000000
v 0.0396544 0.0155563 0.0000000
v 0.0420510 0.0056694 0.0030000
v 0.0407204 0.0121696 0.0030000
v 0.0263077 0.0317660 0.0000000
v 0.0356926 0.0230714 0.0000000
v 0.0325884 0.0269612 0.0000000
v 0.0270935 0.0313383 0.0030000
v 0.0343808 0.0250853 0.0030011
v 0.0385934 0.0177989 0.0030000
v -0.0353770 0.0039435 0.0000000
v -0.0341030 0.0027597 0.0000000
v -0.0352403 0.0038970 0.0030000
v -0.0341385 0.0027692 0.0030000
v -0.0337057 0.0170251 0.0000000
v -0.0315970 0.0165726 0.0000000
v -0.0329219 0.0165726 0.0030000
v -0.0308132 0.0170251 0.0030000
v -0.0337057 0.0170251 0.0000000
v -0.0329219 0.0165726 0.0030000
v -0.0343682 0.0190775 0.0000000
v -0.0343682 0.0181725 0.0030000
v -0.0343682 0.0190775 0.0000000
v -0.0333094 0.0204437 0.0000000
v -0.0343682 0.0181725 0.0030000
v -0.0337057 0.0202249 0.0030000
v -0.0333094 0.0204437 0.0000000
v -0.0318070 0.0207337 0.0000000
v -0.0337057 0.0202249 0.0030000
v -0.0315970 0.0206774 0.0030000
v -0.0315970 0.0165726 0.0000000
v -0.0308132 0.0170251 0.0030000
v -0.0301507 0.0181725 0.0000000
v -0.0301594 0.0186250 0.0030000
v -0.0301507 0.0181725 0.0000000
v -0.0304408 0.0196750 0.0000000
v -0.0301594 0.0186250 0.0030000
v -0.0304408 0.0196750 0.0030000
v -0.0318070 0.0207337 0.0000000
v -0.0304408 0.0196750 0.0000000
v -0.0304408 0.0196750 0.0030000
v -0.0315970 0.0206774 0.0030000
v -0.0266066 -0.0003448 0.0417500
v -0.0266066 0.0003448 0.0387500
v -0.0255048 0.0015638 0.0387500
v -0.0261019 0.0012190 0.0417500
v -0.0255048 0.0015638 0.0387500
v -0.0238981 0.0012190 0.0387500
v -0.0261019 0.0012190 0.0417500
v -0.0244952 0.0015638 0.0417500
v -0.0233934 -0.0003447 0.0387500
v -0.0238981 0.0012190 0.0387500
v -0.0244952 0.0015638 0.0417500
v -0.0233934 0.0003447 0.0417500
v -0.0140638 0.0211459 0.0387500
v -0.0128448 0.0200440 0.0387500
v -0.0130048 0.0200869 0.0417500
v -0.0142150 0.0217743 0.0417500
v -0.0128448 0.0200440 0.0387500
v -0.0112810 0.0205488 0.0387500
v -0.0130048 0.0200869 0.0417500
v -0.0113981 0.0204316 0.0417500
v -0.0112810 0.0205488 0.0387500
v -0.0110766 0.0226153 0.0387500
v -0.0113981 0.0204316 0.0417500
v -0.0108934 0.0219954 0.0417500
v 0.0308132 -0.0202249 0.0000000
v 0.0301507 -0.0181725 0.0000000
v 0.0329219 -0.0206774 0.0000000
v 0.0304408 -0.0196750 0.0030000
v 0.0302070 -0.0179625 0.0030000
v 0.0315970 -0.0206774 0.0030000
v 0.0337057 -0.0202249 0.0030000
v 0.0301507 -0.0181725 0.0000000
v 0.0302070 -0.0179625 0.0030000
v 0.0315970 -0.0165726 0.0000000
v 0.0318070 -0.0165163 0.0030000
v 0.0329219 -0.0206774 0.0000000
v 0.0343682 -0.0190775 0.0000000
v 0.0337057 -0.0202249 0.0030000
v 0.0343682 -0.0181725 0.0030000
v 0.0343682 -0.0190775 0.0000000
v 0.0343682 -0.0181725 0.0030000
v 0.0337057 -0.0170251 0.0000000
v 0.0333094 -0.0168063 0.0030000
v 0.0315970 -0.0165726 0.0000000
v 0.0337057 -0.0170251 0.0000000
v 0.0318070 -0.0165163 0.0030000
v 0.0333094 -0.0168063 0.0030000
v 0.0365475 -0.0121087 0.0000000
v 0.0349476 -0.0106625 0.0000000
v 0.0351813 -0.0089500 0.0000000
v 0.0359500 -0.0081813 0.0000000
v 0.0374525 -0.0078913 0.0000000
v 0.0354001 -0.0114462 0.0030000
v 0.0349000 -0.0100000 0.0030000
v 0.0370000 -0.0121000 0.0030000
v 0.0355538 -0.0084001 0.0030000
v 0.0370000 -0.0079000 0.0030000
v 0.0365475 -0.0121087 0.0000000
v 0.0380500 -0.0118187 0.0000000
v 0.0370000 -0.0121000 0.0030000
v 0.0384462 -0.0115999 0.0030000
v 0.0380500 -0.0118187 0.0000000
v 0.0391087 -0.0104525 0.0000000
v 0.0384462 -0.0115999 0.0030000
v 0.0391000 -0.0100000 0.0030000
v 0.0391087 -0.0104525 0.0000000
v 0.0388187 -0.0089500 0.0000000
v 0.0391000 -0.0100000 0.0030000
v 0.0385999 -0.0085538 0.0030000
v 0.0352238 -0.0037762 0.0000000
v 0.0351340 -0.0035000 0.0030000
v 0.0350000 -0.0030000 0.0030000
v 0.0356202 -0.0039485 0.0030000
v 0.0351675 0.0037847 0.0000000
v 0.0351474 0.0037346 0.0030000
v 0.0388187 -0.0089500 0.0000000
v 0.0374525 -0.0078913 0.0000000
v 0.0370000 -0.0079000 0.0030000
v 0.0385999 -0.0085538 0.0030000
v 0.0420510 -0.0056694 0.0000000
v 0.0409977 -0.0041453 0.0000000
v 0.0420699 -0.0058127 0.0030000
v 0.0411573 -0.0042246 0.0030000
v 0.0352238 -0.0037762 0.0000000
v 0.0409977 -0.0041453 0.0000000
v 0.0356202 -0.0039485 0.0030000
v 0.0411573 -0.0042246 0.0030000
v 0.0051212 -0.0251551 0.0387500
v 0.0051194 -0.0251110 0.0387500
v 0.0050000 -0.0227500 0.0392859
v 0.0049971 -0.0248854 0.0417235
v 0.0050000 -0.0237894 0.0423878
v 0.0048881 -0.0237500 0.0491381
v 0.0050000 -0.0209560 0.0412307
v 0.0048999 -0.0207500 0.0491499
v 0.0051276 -0.0251564 0.0387500
v 0.0051212 -0.0251551 0.0387500
v 0.0069450 -0.0251071 0.0387500
v 0.0049971 -0.0248854 0.0417235
v 0.0068621 -0.0252653 0.0417500
v 0.0069450 -0.0251071 0.0387500
v 0.0070624 -0.0201161 0.0387500
v 0.0068621 -0.0252653 0.0417500
v 0.0070457 -0.0201386 0.0417500
v 0.0113981 -0.0228696 0.0387500
v 0.0108934 -0.0213059 0.0387500
v 0.0112810 -0.0227525 0.0417500
v 0.0109362 -0.0211459 0.0417500
v 0.0113981 -0.0228696 0.0387500
v 0.0130047 -0.0232144 0.0387500
v 0.0112810 -0.0227525 0.0417500
v 0.0128447 -0.0232573 0.0417500
v 0.0130047 -0.0232144 0.0387500
v 0.0141066 -0.0219954 0.0387500
v 0.0128447 -0.0232573 0.0417500
v 0.0140638 -0.0221554 0.0417500
v 0.0141066 -0.0219954 0.0387500
v 0.0136019 -0.0204316 0.0387500
v 0.0140638 -0.0221554 0.0417500
v 0.0137190 -0.0205488 0.0417500
v 0.0108934 -0.0213059 0.0387500
v 0.0119952 -0.0200869 0.0387500
v 0.0109362 -0.0211459 0.0417500
v 0.0121552 -0.0200440 0.0417500
v 0.0119952 -0.0200869 0.0387500
v 0.0136019 -0.0204316 0.0387500
v 0.0121552 -0.0200440 0.0417500
v 0.0137190 -0.0205488 0.0417500
v 0.0238981 -0.0012190 0.0387500
v 0.0255048 -0.0015638 0.0387500
v 0.0233934 -0.0003447 0.0417500
v 0.0248763 -0.0017150 0.0417500
v 0.0233934 0.0003447 0.0387500
v 0.0255048 -0.0015638 0.0387500
v 0.0263856 -0.0008000 0.0387500
v 0.0248763 -0.0017150 0.0417500
v 0.0267150 -0.0001237 0.0417500
v 0.0318070 0.0165163 0.0000000
v 0.0315970 0.0165726 0.0030000
v 0.0302070 0.0179625 0.0000000
v 0.0301507 0.0181725 0.0030000
v 0.0351675 0.0037847 0.0000000
v 0.0407348 0.0040997 0.0000000
v 0.0351474 0.0037346 0.0030000
v 0.0409977 0.0041453 0.0030000
v 0.0407348 0.0040997 0.0000000
v 0.0420571 0.0054066 0.0000000
v 0.0409977 0.0041453 0.0030000
v 0.0420510 0.0056694 0.0030000
v 0.0360000 0.0100000 0.0029500
v 0.0360000 0.0100000 0.0030000
v 0.0360000 0.0122500 0.0029500
v 0.0360000 0.0122500 0.0030000
v 0.0360000 0.0100000 0.0029500
v 0.0363830 0.0103750 0.0029500
v 0.0360000 0.0122500 0.0029500
v 0.0363830 0.0122500 0.0029500
v 0.0390000 0.0100000 0.0029500
v 0.0390000 0.0103750 0.0029500
v 0.0363830 0.0103750 0.0029500
v 0.0363830 0.0103750 0.0030000
v 0.0363830 0.0122500 0.0029500
v 0.0363830 0.0122500 0.0030000
v 0.0360000 0.0122500 0.0029500
v 0.0360000 0.0122500 0.0030000
v 0.0363830 0.0122500 0.0029500
v 0.0363830 0.0122500 0.0030000
v 0.0318070 0.0165163 0.0000000
v 0.0338594 0.0171788 0.0000000
v 0.0315970 0.0165726 0.0030000
v 0.0333094 0.0168063 0.0030000
v 0.0343119 0.0192875 0.0000000
v 0.0338594 0.0200712 0.0030000
v 0.0343119 0.0179625 0.0030000
v 0.0360000 0.0100000 0.0029500
v 0.0360000 0.0100000 0.0030000
v 0.0390000 0.0100000 0.0029500
v 0.0390000 0.0100000 0.0030000
v 0.0363830 0.0103750 0.0029500
v 0.0363830 0.0103750 0.0030000
v 0.0390000 0.0103750 0.0029500
v 0.0390000 0.0103750 0.0030000
v 0.0390000 0.0100000 0.0029500
v 0.0390000 0.0100000 0.0030000
v 0.0390000 0.0103750 0.0029500
v 0.0390000 0.0103750 0.0030000
v 0.0302070 0.0179625 0.0000000
v 0.0306595 0.0200712 0.0000000
v 0.0301507 0.0181725 0.0030000
v 0.0304408 0.0196750 0.0030000
v 0.0306595 0.0200712 0.0000000
v 0.0327119 0.0207337 0.0000000
v 0.0304408 0.0196750 0.0030000
v 0.0318070 0.0207337 0.0030000
v 0.0327119 0.0207337 0.0000000
v 0.0343119 0.0192875 0.0000000
v 0.0318070 0.0207337 0.0030000
v 0.0338594 0.0200712 0.0030000
v 0.0109362 0.0211459 0.0387500
v 0.0121552 0.0200440 0.0387500
v 0.0108934 0.0213059 0.0417500
v 0.0119952 0.0200869 0.0417500
v 0.0121552 0.0200440 0.0387500
v 0.0137190 0.0205488 0.0387500
v 0.0119952 0.0200869 0.0417500
v 0.0136019 0.0204316 0.0417500
v 0.0137190 0.0205488 0.0387500
v 0.0140638 0.0221554 0.0387500
v 0.0136019 0.0204316 0.0417500
v 0.0141066 0.0219954 0.0417500
v 0.0109362 0.0211459 0.0387500
v 0.0112810 0.0227525 0.0387500
v 0.0108934 0.0213059 0.0417500
v 0.0113981 0.0228696 0.0417500
v 0.0112810 0.0227525 0.0387500
v 0.0128447 0.0232573 0.0387500
v 0.0113981 0.0228696 0.0417500
v 0.0130047 0.0232144 0.0417500
v 0.0128447 0.0232573 0.0387500
v 0.0140638 0.0221554 0.0387500
v 0.0130047 0.0232144 0.0417500
v 0.0141066 0.0219954 0.0417500
v 0.0233934 -0.0003447 0.0417500
v 0.0233934 0.0003447 0.0387500
v 0.0248763 0.0017150 0.0387500
v 0.0238981 0.0012190 0.0417500
v 0.0255048 0.0015638 0.0417500
v 0.0267150 -0.0001237 0.0417500
v 0.0248763 0.0017150 0.0387500
v 0.0265638 0.0005048 0.0387500
v 0.0255048 0.0015638 0.0417500
v -0.0422038 -0.0048854 0.0000000
v -0.0416845 -0.0040558 0.0000000
v -0.0420505 -0.0042677 0.0030000
v -0.0140638 0.0211459 0.0387500
v -0.0134647 0.0230741 0.0387500
v -0.0142150 0.0217743 0.0417500
v -0.0134647 0.0230741 0.0387500
v -0.0142150 0.0217743 0.0417500
v -0.0123763 0.0233657 0.0417500
v -0.0134647 0.0230741 0.0387500
v -0.0110766 0.0226153 0.0387500
v -0.0123763 0.0233657 0.0417500
v -0.0110766 0.0226153 0.0387500
v -0.0123763 0.0233657 0.0417500
v -0.0108934 0.0219954 0.0417500
v 0.0263856 -0.0008000 0.0387500
v 0.0267150 -0.0001237 0.0417500
v 0.0265638 0.0005048 0.0387500
vt -0.307690 -0.380776
vt -0.316217 0.000000
vt -0.282766 0.000000
vt -0.417640 -0.380776
vt -0.411829 0.000000
vt -0.394854 0.000000
vt -0.187851 -0.380776
vt -0.281315 0.000000
vt -0.515504 -0.381253
vt -0.442899 0.888997
vt -0.213003 0.659617
vt -0.095641 0.956250
vt -0.063926 -0.381253
vt -0.064579 0.000000
vt 0.031966 0.956250
vt -0.095553 0.000000
vt -0.282110 0.010028
vt -0.322932 0.299864
vt -0.232430 0.769020
vt -0.386420 0.140945
vt -0.337631 0.956250
vt -0.248108 0.956250
vt -0.436160 0.956250
vt -0.075093 0.089688
vt 0.467786 -0.380776
vt 0.492382 0.956250
vt 0.392514 0.956250
vt -0.127222 0.956250
vt -0.145497 0.224840
vt -0.126483 0.000001
vt 0.158546 0.956250
vt 0.222258 0.547666
vt 0.280030 0.956250
vt 0.374869 0.125055
vt 0.187572 0.526128
vt 0.168517 0.335796
vt 0.125417 -0.380776
vt 0.036744 0.887893
vt 0.029660 0.865392
vt -0.394565 -0.380776
vt -0.415701 0.000002
vt -0.492880 -0.381253
vt -0.282132 -0.380776
vt -0.273082 0.000002
vt -0.273701 0.000002
vt 0.035552 0.814961
vt 0.023759 0.658253
vt -0.446190 0.919594
vt -0.033966 -0.380776
vt 0.000000 0.956250
vt -0.203362 0.256001
vt -0.536563 0.956250
vt -0.526912 0.343318
vt -0.468781 0.956250
vt -0.436280 0.370733
vt -0.365441 0.956250
vt -0.384024 0.103160
vt -0.508583 0.000001
vt -0.479825 0.343318
vt -0.272824 0.010823
vt -0.250355 0.956250
vt -0.148847 0.956250
vt 0.063868 0.956250
vt 0.189551 0.956250
vt 0.074663 0.728347
vt 0.063868 0.829734
vt -0.000000 0.956250
vt 0.024016 0.657281
vt 0.042673 0.956250
vt 0.514991 0.956250
vt 0.473772 0.371484
vt 0.421988 0.800792
vt 0.309142 0.956250
vt 0.418797 0.956250
vt 0.328726 0.099818
vt 0.339716 -0.380776
vt 0.105574 0.348100
vt 0.222276 -0.380776
vt -0.447723 0.956250
vt 0.097588 0.244368
vt 0.344300 0.000000
vt 0.248772 -0.380776
vt 0.201362 0.321778
vt 0.364131 -0.380776
vt 0.383957 0.000000
vt -0.001968 -0.380776
vt -0.004803 0.000000
vt 0.372214 0.000000
vt 0.309966 0.000000
vt 0.446238 -0.380776
vt 0.413745 0.664446
vt 0.339599 0.000000
vt 0.127222 -0.381250
vt -0.000000 -0.381250
vt 0.063868 0.184254
vt 0.432363 0.295260
vt 0.331009 0.000000
vt 0.063868 -0.381250
vt 0.538417 -0.380776
vt -0.095641 0.956250
vt 0.023166 0.956250
vt -0.220175 0.956250
vt -0.202772 0.700228
vt -0.336490 0.938335
vt -0.226613 0.689583
vt -0.180848 0.584340
vt -0.030054 0.020092
vt -0.249694 0.312917
vt -0.252458 -0.380776
vt -0.338417 0.921113
vt -0.240481 0.115263
vt -0.367510 -0.380776
vt -0.444236 0.956250
vt -0.335582 0.956250
vt -0.342655 0.956250
vt 0.365441 0.956250
vt 0.467538 0.891374
vt 0.468781 0.956250
vt 0.483503 0.645349
vt 0.425467 0.362616
vt -0.470751 -0.380776
vt -0.536563 0.956250
vt 0.336249 -0.380776
vt 0.250355 0.956250
vt 0.127222 0.956250
vt 0.230952 0.141053
vt 0.039243 0.396821
vt 0.120675 0.694421
vt 0.218532 -0.380776
vt -0.034303 0.000000
vt -0.129291 -0.380776
vt -0.186470 0.460409
vt 0.311237 -0.380776
vt 0.327796 0.000000
vt 0.392514 0.956250
vt 0.420825 -0.380776
vt 0.191646 -0.380776
vt 0.280030 0.956250
vt 0.287401 0.000000
vt 0.065895 -0.380776
vt 0.098211 0.376011
vt 0.158546 0.956250
vt 0.049991 0.245941
vt -0.028646 0.000000
vt 0.535826 -0.380776
vt 0.443160 -0.380776
vt 0.452567 0.110127
vt 0.246922 0.000002
vt 0.209338 0.000001
vt 0.120998 0.688226
vt 0.302350 0.000000
vt -0.491471 -0.380776
vt -0.410066 0.000000
vt -0.391279 -0.380776
vt 0.093790 -0.380776
vt 0.119995 0.667243
vt 0.227595 0.000001
vt 0.436742 0.552209
vt 0.457988 0.313603
vt 0.516887 -0.380776
vt 0.299286 0.131246
vt -0.063868 0.956250
vt -0.187415 0.869061
vt -0.178814 0.956250
vt -0.309142 0.956250
vt -0.196223 0.956250
vt -0.193050 0.903663
vt 0.043240 0.339838
vt 0.037164 0.366156
vt -0.278511 -0.380776
vt -0.287235 0.000000
vt -0.276217 0.000000
vt -0.367887 0.000000
vt -0.399116 0.000000
vt -0.063868 0.003482
vt -0.069698 0.000000
vt -0.288285 0.285154
vt -0.063868 -0.381250
vt -0.063536 0.000000
vt -0.156792 -0.380776
vt -0.418797 0.956250
vt -0.329016 0.632744
vt -0.298097 0.474123
vt -0.352801 0.561138
vt -0.505742 0.430462
vt -0.498406 0.956250
vt -0.405191 0.295145
vt 0.479081 0.345576
vt 0.502019 0.430462
vt -0.063868 0.000000
vt 0.411945 0.956250
vt -0.380261 0.000002
vt -0.386271 0.000002
vt -0.521507 0.000001
vt -0.486011 0.000001
vt -0.160630 -0.380776
vt -0.186183 0.000001
vt -0.151115 0.000001
vt -0.072966 0.000000
vt -0.063926 -0.381253
vt 0.065895 -0.380776
vt -0.031405 -0.393750
vt -0.682450 -0.155765
vt -0.710344 -0.063926
vt -0.699295 -0.031405
vt -0.187851 -0.380776
vt -0.155765 -0.393750
vt -0.282132 -0.380776
vt -0.186226 -0.393750
vt -0.160630 -0.380776
vt -0.186226 -0.674774
vt -0.062748 -0.697182
vt -0.160630 -0.694921
vt -0.062748 -0.393750
vt -0.033966 -0.380776
vt -0.411450 -0.566312
vt -0.492880 -0.515504
vt -0.505956 -0.483744
vt -0.394565 -0.594167
vt 0.062748 -0.697182
vt 0.186226 -0.674774
vt 0.093790 -0.707050
vt 0.093790 -0.380776
vt 0.186226 -0.393750
vt 0.218532 -0.380776
vt 0.062748 -0.393750
vt 0.303719 -0.630678
vt 0.218532 -0.678941
vt -0.063868 -0.381250
vt -0.000000 -0.381250
vt -0.000000 -0.393750
vt -0.641754 0.311237
vt -0.575867 0.420825
vt -0.616417 0.331708
vt -0.665740 0.216312
vt 0.191646 -0.380776
vt 0.311237 -0.380776
vt 0.216312 -0.393750
vt -0.252458 -0.380776
vt -0.155765 -0.393750
vt -0.129291 -0.380776
vt 0.682450 -0.155765
vt 0.699295 -0.031405
vt 0.701427 -0.129291
vt 0.535826 -0.470751
vt 0.584201 -0.385628
vt 0.611271 -0.367510
vt 0.643669 -0.275118
vt -0.547282 0.436443
vt -0.491471 0.516887
vt -0.460557 0.527150
vt -0.391279 0.596336
vt 0.443160 -0.558861
vt 0.505956 -0.483744
vt 0.411450 -0.566312
vt -0.359029 0.600914
vt -0.156792 -0.380776
vt -0.124990 -0.393750
vt -0.124990 0.688751
vt -0.063868 0.709632
vt -0.000000 0.700000
vt -0.245962 0.655364
vt -0.156792 0.695797
vt -0.278511 -0.380776
vt -0.245962 -0.393750
vt -0.391279 -0.380776
vt -0.359029 -0.393750
vt -0.278511 0.656619
vt 0.336249 -0.629010
vt -0.693665 0.093963
vt -0.687014 0.191646
vt 0.667069 -0.252458
vt -0.367510 -0.380776
vt -0.275118 -0.393750
vt 0.303719 -0.393750
vt 0.336249 -0.380776
vt -0.578181 -0.417640
vt -0.033966 -0.712434
vt 0.093963 -0.393750
vt -0.710193 0.065895
vt 0.124990 0.688751
vt 0.222276 0.677724
vt 0.245962 0.655364
vt 0.339716 0.627144
vt 0.359029 0.600914
vt 0.460557 0.527150
vt 0.538417 0.467786
vt 0.547282 0.436443
vt 0.446238 0.556407
vt 0.063868 -0.381250
vt 0.127222 0.701050
vt 0.127222 -0.381250
vt 0.124990 -0.393750
vt 0.063868 0.709632
vt 0.222276 -0.380776
vt 0.339716 -0.380776
vt 0.245962 -0.393750
vt 0.616417 0.331708
vt 0.668453 0.248772
vt 0.665740 0.216312
vt 0.331708 -0.393750
vt 0.364131 -0.380776
vt 0.248772 -0.380776
vt 0.613291 0.364131
vt 0.125417 -0.380776
vt 0.216312 -0.393750
vt 0.693665 0.093963
vt 0.702130 0.125417
vt 0.713241 -0.001968
vt -0.001968 -0.380776
vt 0.093963 -0.393750
vt -0.031405 -0.393750
vt -0.303719 -0.630678
vt -0.394565 -0.380776
vt -0.303719 -0.393750
vt -0.282132 -0.655071
vt -0.584201 -0.385628
vt -0.643462 -0.307690
vt -0.643669 -0.275118
vt -0.688061 -0.187851
vt -0.307690 -0.380776
vt -0.275118 -0.393750
vt -0.460557 0.527150
vt -0.359029 0.600914
vt -0.000000 0.700000
vt -0.682450 -0.155765
vt -0.699295 -0.031405
vt -0.693665 0.093963
vt 0.186226 -0.674774
vt 0.062748 -0.697182
vt -0.584201 -0.385628
vt -0.643669 -0.275118
vt -0.411450 -0.566312
vt -0.505956 -0.483744
vt -0.186226 -0.674774
vt -0.062748 -0.697182
vt 0.303719 -0.630678
vt 0.411450 -0.566312
vt 0.505956 -0.483744
vt 0.460557 0.527150
vt 0.547282 0.436443
vt 0.359029 0.600914
vt 0.616417 0.331708
vt 0.665740 0.216312
vt 0.245962 0.655364
vt 0.124990 0.688751
vt -0.303719 -0.630678
vt 0.693665 0.093963
vt 0.699295 -0.031405
vt 0.682450 -0.155765
vt 0.643669 -0.275118
vt 0.584201 -0.385628
vt -0.245962 0.655364
vt -0.124990 0.688751
vt -0.547282 0.436443
vt -0.665740 0.216312
vt -0.616417 0.331708
vt -0.694636 0.158546
vt -0.699295 0.031405
vt -0.682450 0.155765
vt -0.528709 0.471224
vt -0.505956 0.483744
vt -0.512630 0.490124
vt -0.711783 0.031966
vt 0.710648 0.036756
vt 0.682450 0.155765
vt 0.699295 0.031405
vt -0.418797 0.576425
vt -0.411450 0.566312
vt -0.498406 0.506872
vt -0.063868 0.709632
vt 0.062748 0.697182
vt -0.000000 0.712500
vt -0.365441 -0.611645
vt -0.250355 -0.667067
vt -0.344848 -0.607744
vt -0.359030 -0.600914
vt -0.365726 -0.596049
vt -0.693908 -0.148847
vt -0.673916 -0.218969
vt -0.665740 -0.216312
vt -0.655164 0.280030
vt 0.031966 0.956250
vt -0.093963 0.968750
vt 0.031405 0.968750
vt -0.594633 0.392514
vt -0.643669 0.275118
vt -0.584201 0.385628
vt 0.063868 0.709632
vt 0.189551 0.686824
vt -0.309142 0.641940
vt 0.418797 0.576425
vt 0.303719 0.630678
vt 0.411450 0.566312
vt 0.309142 0.641940
vt 0.031405 0.968750
vt 0.023166 0.956250
vt 0.031927 0.957128
vt 0.514991 0.492382
vt 0.505956 0.483744
vt -0.556599 -0.443873
vt -0.555022 -0.445983
vt -0.547282 -0.436443
vt -0.669282 -0.235382
vt 0.694636 0.158546
vt 0.655164 0.280030
vt 0.643669 0.275118
vt 0.557055 -0.444236
vt 0.624109 -0.342655
vt 0.616417 -0.331708
vt 0.627812 -0.336403
vt 0.627165 -0.337492
vt 0.547282 -0.436443
vt 0.677628 -0.220175
vt 0.706052 -0.095641
vt 0.693665 -0.093963
vt -0.095641 0.956250
vt 0.127222 -0.701050
vt 0.174245 -0.675236
vt 0.124999 -0.688800
vt -0.186226 0.674774
vt -0.062748 0.697182
vt 0.030552 -0.697311
vt 0.000000 0.956250
vt 0.030552 0.968689
vt 0.000000 0.968681
vt 0.000000 -0.712500
vt -0.000704 0.968681
vt -0.303719 0.630678
vt -0.196223 0.684320
vt -0.192946 0.685154
vt -0.189344 0.686072
vt -0.178814 0.688772
vt -0.562386 -0.436160
vt -0.627424 -0.337631
vt -0.616417 -0.331708
vt 0.186226 0.674774
vt -0.000000 0.956250
vt 0.062748 0.968750
vt 0.063868 0.956250
vt -0.468781 -0.536563
vt -0.372869 -0.590859
vt -0.460557 -0.527150
vt -0.461925 -0.525719
vt -0.553721 -0.447723
vt 0.710332 0.042673
vt 0.710905 0.031927
vt -0.245962 -0.655364
vt -0.095641 0.956250
vt -0.706052 -0.095641
vt -0.693665 -0.093963
vt -0.579137 0.411945
vt -0.063868 0.956250
vt -0.062748 0.968750
vt 0.665740 -0.216312
vt -0.127222 -0.701050
vt -0.125723 -0.688624
vt 0.628300 -0.335582
vt 0.365441 -0.611645
vt 0.460557 -0.527150
vt 0.359029 -0.600914
vt -0.127222 0.956250
vt -0.031359 0.968653
vt -0.125003 0.968678
vt -0.125003 -0.688822
vt -0.000704 -0.700006
vt -0.031359 -0.697275
vt -0.182838 -0.672907
vt 0.250355 -0.667067
vt 0.245962 -0.655364
vt -0.195082 -0.669406
vt 0.468781 -0.536563
vt 0.186934 -0.671655
vt 0.594633 0.392514
vt -0.665688 -0.248108
vt 0.584201 0.385628
vt -0.093963 0.968750
vt -0.652547 -0.030475
vt -0.612381 -0.039094
vt -0.584834 -0.008619
vt -0.665166 0.008619
vt -0.597453 0.030475
vt -0.637619 0.039094
vt -0.340047 -0.571741
vt -0.284953 -0.510791
vt -0.352666 -0.532647
vt -0.299881 -0.580360
vt -0.272334 -0.549885
vt -0.325119 -0.502172
vt -0.450904 0.102916
vt -0.500233 0.178867
vt -0.534169 -0.006062
vt -0.462500 0.000000
vt -0.416698 -0.200671
vt -0.450904 -0.102916
vt -0.415100 -0.336251
vt -0.503254 -0.170181
vt 0.361597 -0.288364
vt 0.453111 -0.277339
vt 0.416698 -0.200671
vt 0.524130 -0.103251
vt 0.450904 -0.102916
vt 0.517354 0.133107
vt 0.200671 -0.416698
vt 0.346915 -0.406230
vt 0.288364 -0.361597
vt -0.361597 -0.288364
vt -0.128965 -0.630578
vt -0.128737 -0.630590
vt -0.128706 -0.630437
vt -0.102916 -0.450904
vt -0.176143 -0.503466
vt 0.127985 -0.627776
vt -0.121402 -0.628808
vt -0.128681 -0.629482
vt -0.173888 -0.626318
vt 0.288364 0.361597
vt 0.361597 0.288364
vt 0.220906 0.486388
vt 0.416698 0.200671
vt 0.409218 0.343386
vt 0.102916 -0.450904
vt 0.176560 -0.502902
vt 0.128189 -0.628911
vt 0.173626 -0.627677
vt 0.200671 0.416698
vt 0.128031 -0.628878
vt 0.000000 -0.462500
vt -0.289009 -0.445758
vt -0.288364 -0.361597
vt 0.450904 0.102916
vt 0.462500 0.000000
vt -0.200671 0.416698
vt -0.240184 0.477163
vt -0.422625 0.326744
vt -0.288364 0.361597
vt -0.102916 0.450904
vt -0.059155 0.527946
vt -0.000000 0.462500
vt -0.200671 -0.416698
vt -0.416698 0.200671
vt -0.361597 0.288364
vt 0.059155 0.527946
vt 0.102916 0.450904
vt -0.102916 1.006250
vt 0.000000 1.006250
vt 0.000000 0.968750
vt -0.288364 1.006250
vt -0.200671 1.006250
vt -0.200671 0.968750
vt -0.102916 0.968750
vt -0.288364 0.968750
vt -0.200671 1.006250
vt -0.288364 1.006250
vt -0.361597 0.968750
vt -0.288364 0.968750
vt -0.361597 0.968750
vt -0.361597 1.006250
vt 0.102916 0.968750
vt 0.200671 1.006250
vt 0.102916 1.006250
vt 0.200671 0.968750
vt 0.000000 0.968750
vt 0.000000 1.006250
vt 0.000000 0.968750
vt 0.102916 0.968750
vt 0.102916 1.006250
vt 0.200671 0.968750
vt 0.200671 1.006250
vt 0.288364 0.968750
vt 0.200671 0.968750
vt 0.288364 1.006250
vt 0.200671 1.006250
vt 0.102916 1.006250
vt -0.200671 0.968750
vt -0.102916 0.968750
vt -0.102916 1.006250
vt 0.361597 0.968750
vt 0.361597 1.006250
vt 0.288364 0.968750
vt -0.200671 0.968750
vt -0.200671 1.006250
vt -0.102916 0.968750
vt -0.288364 1.006250
vt 0.288364 0.968750
vt 0.288364 1.006250
vt 0.361597 0.968750
vt -0.000000 0.968750
vt -0.000000 1.006250
vt 0.102916 0.968750
vt -0.102916 1.006250
vt -0.288364 0.968750
vt 0.288364 0.968750
vt 0.288364 1.006250
vt -0.102916 0.968750
vt 0.000000 1.006250
vt -0.361597 1.006250
vt 0.102916 0.968750
vt 0.288364 1.006250
vt -0.288364 0.968750
vt -0.200671 1.006250
vt 0.200671 1.006250
vt 0.102916 1.006250
vt 0.200671 0.968750
vt 0.361597 1.006250
vt -0.288364 1.006250
vt -0.102916 1.006250
vt -0.200671 0.968750
vt -0.416698 -0.200671
vt -0.351824 -0.280570
vt -0.405436 -0.195248
vt 0.351824 0.280570
vt 0.416698 0.200671
vt 0.361597 0.288364
vt 0.438718 0.100134
vt 0.450904 0.102916
vt 0.405436 0.195248
vt 0.288364 -0.361597
vt 0.351824 -0.280570
vt 0.280570 -0.351824
vt -0.361597 -0.288364
vt -0.280570 -0.351824
vt -0.200671 -0.416698
vt -0.100134 -0.438718
vt -0.195248 -0.405436
vt 0.361597 -0.288364
vt 0.405436 -0.195248
vt 0.416698 -0.200671
vt -0.450904 -0.102916
vt 0.438718 -0.100134
vt -0.102916 1.006250
vt -0.100134 1.018750
vt 0.000000 1.006250
vt 0.102916 -0.450904
vt 0.195248 -0.405436
vt 0.100134 -0.438718
vt 0.000000 1.006250
vt 0.102916 1.006250
vt 0.100134 1.018750
vt 0.000000 1.018750
vt -0.288364 -0.361597
vt 0.000000 1.018750
vt 0.100134 1.018750
vt 0.102916 1.006250
vt -0.100134 1.018750
vt -0.102916 1.006250
vt 0.000000 1.018750
vt 0.200671 -0.416698
vt 0.000000 1.006250
vt -0.438718 -0.100134
vt -0.102916 1.006250
vt -0.100134 1.018750
vt -0.100134 0.438718
vt -0.000000 0.450000
vt -0.000000 0.462500
vt -0.100134 1.018750
vt -0.000000 1.006250
vt -0.102916 1.006250
vt -0.351824 0.280570
vt -0.280570 0.351824
vt -0.288364 0.361597
vt -0.361597 0.288364
vt 0.280570 0.351824
vt 0.288364 0.361597
vt -0.102916 -0.450904
vt -0.195248 0.405436
vt -0.102916 0.450904
vt -0.405436 0.195248
vt -0.200671 0.416698
vt -0.416698 0.200671
vt -0.438718 0.100134
vt -0.450904 0.102916
vt -0.000000 1.018750
vt 0.100134 1.018750
vt 0.102916 1.006250
vt 0.100134 0.438718
vt 0.200671 0.416698
vt 0.102916 0.450904
vt 0.195248 0.405436
vt 0.100134 1.018750
vt 0.102916 1.006250
vt 0.450904 -0.102916
vt 0.000000 -0.462500
vt 0.000000 -0.450000
vt -0.450000 0.000000
vt -0.462500 0.000000
vt 0.450000 0.000000
vt 0.462500 0.000000
vt 0.000000 -0.450000
vt -0.405436 0.195248
vt -0.438718 0.100134
vt 0.405436 -0.195248
vt 0.438718 -0.100134
vt 0.280570 -0.351824
vt 0.351824 -0.280570
vt 0.100134 -0.438718
vt 0.195248 -0.405436
vt -0.351824 -0.280570
vt -0.280570 -0.351824
vt -0.438718 -0.100134
vt -0.450000 0.000000
vt 0.351824 0.280570
vt 0.280570 0.351824
vt 0.405436 0.195248
vt 0.450000 0.000000
vt 0.438718 0.100134
vt -0.405436 -0.195248
vt -0.195248 -0.405436
vt -0.280570 0.351824
vt -0.351824 0.280570
vt -0.195248 0.405436
vt -0.000000 0.450000
vt -0.100134 0.438718
vt -0.100134 -0.438718
vt 0.195248 0.405436
vt 0.100134 0.438718
vt -0.321119 0.501100
vt -0.282025 0.513719
vt -0.336617 0.576851
vt -0.351594 0.528647
vt -0.276915 0.565382
vt 0.352666 -0.549885
vt 0.340047 -0.510791
vt 0.299881 -0.502172
vt 0.272334 -0.532647
vt 0.325119 -0.580360
vt 0.284953 -0.571741
vt 0.597453 -0.030475
vt 0.637619 -0.039094
vt 0.659641 -0.020000
vt 0.664094 0.012619
vt 0.621907 0.042876
vt 0.584834 0.008619
vt 0.303881 0.501100
vt 0.342975 0.513719
vt 0.321119 0.581432
vt 0.282025 0.568813
vt 0.273406 0.528647
vt 0.351594 0.553885
vt -0.847074 -0.641956
vt -0.857797 -0.482187
vt -0.817798 -0.518343
vt -0.549888 -0.467658
vt -0.657692 -0.794151
vt -0.996681 -0.375981
vt -1.055095 -0.122136
vt -1.042111 -0.101396
vt -0.879340 -0.096280
vt -0.795174 -0.412907
vt -0.846485 -0.429470
vt -0.718750 -0.000000
vt -0.709497 -0.064579
vt -0.852335 -0.067218
vt -0.709120 -0.072966
vt -0.705059 -0.095553
vt -0.592205 -0.394854
vt -0.581000 -0.411829
vt -0.686995 -0.221626
vt -0.653732 -0.281315
vt -0.638895 -0.316217
vt -0.653192 -0.282766
vt 0.351033 -0.630695
vt 0.508233 -0.508233
vt 0.610110 -0.813459
vt 0.458040 -0.857960
vt -0.795174 0.518343
vt -0.861046 0.624844
vt -0.736368 0.618437
vt -0.832736 0.511091
vt -1.006413 0.349094
vt -0.859204 0.476937
vt -0.766487 -0.501780
vt 0.209338 -0.680598
vt 0.227595 -0.675559
vt 0.246922 -0.667361
vt -0.498367 -0.508583
vt -0.677338 0.783457
vt -0.458040 0.857960
vt -0.467658 0.549888
vt 0.753769 -0.454313
vt 0.755175 0.449063
vt 0.873689 -0.266562
vt -0.450362 -0.858345
vt -0.273082 -0.658488
vt -0.186183 -0.686988
vt -0.486011 -0.521507
vt -0.415701 -0.577762
vt -0.151115 -0.696666
vt -0.126483 -0.700072
vt -0.058146 -0.719514
vt -0.597619 0.399316
vt -0.761020 0.491875
vt -0.631879 0.327796
vt 0.140221 -0.704939
vt -0.694345 0.197398
vt 0.879534 -0.223750
vt 0.865743 0.107812
vt 0.880594 -0.094406
vt 0.642492 -0.329066
vt 0.704939 -0.140221
vt 0.711193 -0.028646
vt 0.712264 -0.004803
vt 0.717032 0.083342
vt -0.273701 -0.658189
vt 1.024943 -0.103632
vt 0.936312 -0.197282
vt -0.386271 -0.599145
vt -0.380261 -0.602400
vt -0.330299 -0.642088
vt -0.410066 0.581982
vt -0.753769 0.454313
vt -0.000000 0.718750
vt 0.450362 0.858345
vt 0.197398 0.694345
vt 0.309966 0.640421
vt 0.331009 0.631358
vt 0.339599 0.626226
vt 0.399316 0.597619
vt 0.657692 0.794151
vt 0.795174 0.412907
vt 0.846485 0.429470
vt -0.789924 0.414314
vt -0.842642 0.425626
vt -0.884425 0.098586
vt -0.852575 0.068991
vt -1.051263 0.106692
vt -0.645573 0.302350
vt -0.651230 0.287401
vt 0.970466 -0.223750
vt 1.051275 -0.141735
vt 0.859204 -0.476937
vt 0.928627 -0.524455
vt 0.898750 -0.204534
vt 0.977718 -0.261312
vt 1.018010 -0.304240
vt 0.951250 -0.295466
vt 0.913688 -0.302718
vt 0.710669 -0.034303
vt 0.842642 -0.425626
vt 0.789924 -0.414314
vt 0.879187 0.094617
vt 1.051428 0.135165
vt 0.549888 0.467658
vt 0.607977 0.372214
vt -0.276217 0.656573
vt -0.287235 0.652438
vt -0.367887 0.609324
vt -0.399116 0.590666
vt 0.857797 0.482187
vt 0.892314 0.576786
vt 0.991359 0.388909
vt 0.622999 0.344300
vt 1.018370 0.102494
vt -0.221626 0.686995
vt -0.069698 0.708764
vt -0.755175 -0.449063
vt 0.664038 0.275054
vt 0.766487 0.501780
vt 0.814711 0.674030
vt 0.817798 0.518343
vt -0.063868 0.709632
vt -0.063536 0.709647
vt 0.599495 0.383957
vt 0.823048 -0.516936
vt 0.770331 -0.505624
vt 0.774487 -0.714995
vt -0.349094 0.075000
vt -0.106692 0.075000
vt -0.122136 0.000000
vt -0.714995 -0.000026
vt -0.524455 -0.000035
vt -0.668845 0.074997
vt -0.591823 0.074996
vt -0.388909 0.075000
vt -0.657692 0.000000
vt -0.450362 0.000000
vt -0.450593 0.075000
vt -0.304240 0.000000
vt -0.145318 0.075000
vt -0.141735 0.000000
vt 0.458040 0.000000
vt -0.624844 0.075000
vt -0.375981 0.000000
vt -0.641956 0.000000
vt -0.861046 0.075000
vt -0.847074 0.000000
vt -0.677338 0.075000
vt 0.460627 0.075000
vt 0.610110 0.000000
vt 0.774487 -0.000026
vt 0.657692 0.075000
vt 0.820378 0.074997
vt 0.353805 -0.710536
vt 0.460627 -0.856278
vt 0.657692 -0.794151
vt 0.545783 -0.580729
vt 0.820378 -0.668845
vt 0.882905 -0.591823
vt 0.789924 -0.516936
vt -1.006413 -0.349094
vt -0.762682 -0.230656
vt -1.051263 -0.106692
vt -0.859204 -0.476937
vt -0.842642 -0.425626
vt -0.861046 -0.624844
vt -0.677338 -0.783457
vt -0.408237 -0.684273
vt -0.823048 -0.516936
vt -0.770331 -0.505624
vt -0.627858 -0.490593
vt 0.707313 0.366871
vt 0.753769 0.454313
vt 0.527021 0.597609
vt -0.753769 -0.454313
vt 0.832736 0.420159
vt 0.875997 0.359687
vt 0.857797 0.449063
vt 0.909574 0.306250
vt 0.964834 0.444974
vt 0.900000 0.306250
vt 0.789924 0.414314
vt 0.761020 0.491875
vt 1.024943 0.103632
vt 1.051275 0.141735
vt 0.975000 0.250000
vt -0.657692 0.794151
vt -0.353805 0.710536
vt -0.460627 0.856278
vt -0.217220 0.763449
vt 0.878686 0.093365
vt 0.900000 0.250000
vt 0.909574 0.259375
vt 1.018010 0.304240
vt 0.975000 0.259375
vt 0.780235 0.145851
vt 0.875000 -0.075000
vt 0.846485 0.501780
vt 0.859519 0.627133
vt 0.890504 -0.098712
vt 0.964999 -0.213845
vt 1.028933 -0.105614
vt 0.977500 -0.250000
vt 1.051746 -0.145318
vt 0.991359 -0.388909
vt 0.961155 -0.289999
vt 0.795174 0.518343
vt 0.677338 0.783457
vt 0.275551 0.747635
vt -0.013133 0.796690
vt 0.450593 0.859721
vt 0.925000 -0.197500
vt 0.794503 -0.060432
vt 0.888845 -0.210001
vt 0.878349 -0.087500
vt 0.865743 -0.357813
vt 0.885001 -0.286155
vt 0.872500 -0.250000
vt -1.052012 0.106326
vt -0.881009 0.097425
vt -0.996681 0.375981
vt 0.832736 -0.420159
vt 0.925000 -0.302500
vt -0.794503 0.060432
vt -0.719021 0.343359
vt -0.823048 0.414314
vt -0.770331 0.425626
vt -0.859204 0.454313
vt -0.842642 0.505624
vt -0.847074 0.641956
vt -0.789924 0.516936
vt 0.755175 -0.449063
vt 0.795174 -0.412907
vt 0.719021 -0.343359
vt 0.859204 -0.454313
vt -0.450593 -0.859721
vt 0.159301 -0.780711
vt -0.133482 -0.785538
vt -0.546432 0.579913
vt -0.753986 0.465625
vt -0.761020 0.491875
vt 0.842642 -0.505624
vt 0.761020 -0.491875
vt -0.853463 0.069229
vt -0.883805 -0.098239
vt -0.851594 -0.067562
vt -0.789924 -0.414314
vt -0.482187 0.000000
vt -0.476937 0.075000
vt -0.516936 0.075000
vt -0.857797 0.000000
vt -0.823048 0.075000
vt -0.817798 0.000000
vt -0.817798 0.000000
vt -0.770331 0.075000
vt -0.766487 0.000000
vt -0.823048 0.075000
vt -0.482187 0.000000
vt -0.429470 0.000000
vt -0.476937 0.075000
vt -0.425626 0.075000
vt -0.501780 0.000000
vt -0.505624 0.075000
vt -0.454313 0.075000
vt -0.449063 0.000000
vt -0.449063 0.000000
vt -0.454313 0.075000
vt -0.414314 0.075000
vt -0.755175 0.000000
vt -0.789924 0.075000
vt -0.795174 0.000000
vt 0.351033 0.000003
vt 0.246922 0.000002
vt 0.230952 0.141053
vt 0.452567 0.110127
vt 0.508233 0.000000
vt 0.425467 0.362616
vt 0.483503 0.645349
vt -0.329066 0.000000
vt -0.336490 0.938335
vt -0.335582 0.956250
vt -0.275054 0.968750
vt -0.226613 0.689583
vt -0.249694 0.312917
vt -0.202772 0.700228
vt -0.140221 0.000000
vt -0.186470 0.460409
vt -0.083342 0.968750
vt -0.180848 0.584340
vt -0.467658 0.968750
vt -0.342655 0.956250
vt -0.337492 0.956544
vt -0.336403 0.956377
vt 0.197398 0.000000
vt 0.299286 0.131246
vt 0.351394 0.968750
vt 0.023166 0.956250
vt 0.029660 0.865392
vt 0.031927 0.957128
vt -0.000000 0.000000
vt 0.049991 0.245941
vt 0.098211 0.376011
vt 0.023759 0.658253
vt 0.287401 0.000000
vt 0.399316 0.000000
vt 0.327796 0.000000
vt 0.549888 0.000000
vt 0.457988 0.313603
vt 0.549888 0.968750
vt 0.467538 0.891374
vt -0.338417 0.921113
vt 0.391802 0.968750
vt 0.194018 0.968750
vt 0.119995 0.667243
vt 0.120998 0.688226
vt 0.197398 0.000000
vt 0.328726 0.099818
vt 0.351394 0.968750
vt 0.120675 0.694421
vt 0.000000 0.968750
vt 0.036756 0.956734
vt 0.042673 0.956250
vt -0.000000 0.000000
vt 0.063868 0.184254
vt 0.097588 0.244368
vt 0.399316 0.000000
vt 0.549888 0.000000
vt 0.432363 0.295260
vt 0.473772 0.371484
vt 0.413745 0.664446
vt 0.309966 0.000000
vt -0.221626 0.000000
vt -0.298097 0.474123
vt -0.288285 0.285154
vt 0.083342 0.000000
vt 0.201362 0.321778
vt 0.275054 0.000000
vt 0.105574 0.348100
vt 0.024016 0.657281
vt 0.339599 0.000000
vt -0.467658 0.000000
vt -0.410066 0.000000
vt -0.405191 0.295145
vt 0.479081 0.345576
vt 0.502019 0.430462
vt 0.374869 0.125055
vt 0.344300 0.000000
vt 0.168517 0.335796
vt 0.467658 0.000000
vt 0.383957 0.000000
vt 0.329066 0.968750
vt 0.140221 0.968750
vt 0.074663 0.728347
vt -0.058146 0.000000
vt 0.039243 0.396821
vt -0.205534 0.968750
vt 0.140221 0.968750
vt -0.069698 0.000000
vt -0.058146 0.968750
vt -0.063868 0.003482
vt -0.063536 0.000000
vt 0.140221 0.000000
vt 0.140221 0.968750
vt 0.035552 0.814961
vt 0.436742 0.552209
vt -0.058146 0.968750
vt 0.411945 0.956250
vt 0.471224 0.958727
vt -0.276217 0.000000
vt 0.063868 0.829734
vt 0.508233 0.968750
vt 0.421988 0.800792
vt -0.330299 0.000003
vt -0.392896 0.968750
vt -0.436280 0.370733
vt -0.479825 0.343318
vt -0.549888 0.000000
vt -0.508233 0.968750
vt -0.145497 0.224840
vt -0.203362 0.256001
vt -0.004803 0.000000
vt -0.329066 0.968750
vt -0.386420 0.140945
vt -0.322932 0.299864
vt 0.565950 0.968750
vt -0.448087 0.968750
vt -0.352801 0.561138
vt 0.506872 0.956250
vt -0.329016 0.632744
vt -0.275054 0.968750
vt -0.240481 0.115263
vt -0.034303 0.000000
vt -0.030054 0.020092
vt -0.221626 0.000000
vt -0.213003 0.659617
vt -0.187415 0.869061
vt -0.193050 0.903663
vt -0.467658 0.000000
vt -0.442899 0.888997
vt -0.232430 0.769020
vt -0.508233 0.968750
vt -0.436160 0.956250
vt -0.248108 0.956250
vt -0.235382 0.957954
vt -0.218969 0.960152
vt -0.148847 0.956250
vt -0.095553 0.000000
vt -0.075093 0.089688
vt -0.272824 0.010823
vt 0.490124 0.959517
vt -0.498367 0.000001
vt -0.380261 0.000002
vt -0.384024 0.103160
vt -0.126483 0.000001
vt -0.446190 0.919594
vt -0.447723 0.956250
vt -0.445983 0.956513
vt -0.443873 0.956833
vt -0.273701 0.000002
vt -0.196223 0.956250
vt -0.192946 0.956622
vt -0.189344 0.957030
vt -0.178814 0.956250
vt -0.508233 0.000000
vt -0.411829 0.000000
vt -0.282110 0.010028
vt 0.222258 0.547666
vt -0.064579 0.000000
vt 0.187572 0.526128
vt 0.036744 0.887893
vt 0.209338 0.000001
vt 0.037164 0.366156
vt 0.043240 0.339838
vt 0.508233 0.968750
vt -0.281315 0.000000
vt -0.795174 0.000000
vt -0.789924 0.075000
vt -0.842642 0.075000
vt -0.846485 0.000000
vt -1.042111 0.000000
vt -0.883805 0.075000
vt -0.879340 0.000000
vt -1.051263 0.075000
vt -0.096280 0.000000
vt -0.067562 0.075000
vt -0.067218 0.000000
vt -0.879340 0.000000
vt -0.883805 0.075000
vt -0.851594 0.075000
vt -0.067562 0.075000
vt 0.069229 0.075000
vt 0.068991 0.000000
vt -0.067218 0.000000
vt 0.366871 0.075000
vt 0.579913 1.043750
vt 0.343359 1.043750
vt -0.013133 0.075000
vt -0.217220 1.043750
vt 0.013133 1.043750
vt -0.546432 0.075000
vt -0.586588 1.043750
vt -0.478341 1.043750
vt 0.579913 0.075000
vt 0.366871 1.043750
vt 0.534746 1.043750
vt -0.217220 0.075000
vt -0.353805 1.043750
vt -0.343359 0.075000
vt -0.060432 0.075000
vt -0.145851 1.043750
vt -0.353805 0.075000
vt 0.159301 0.075000
vt 0.353805 1.043750
vt 0.217220 1.043750
vt 0.343359 0.075000
vt 0.086586 1.043750
vt 0.597609 0.075000
vt -0.133482 0.075000
vt 0.073238 1.043750
vt -0.159301 1.043750
vt 0.527021 0.075000
vt 0.300043 1.043750
vt 0.546432 1.043750
vt -0.408237 0.075000
vt -0.430569 1.043750
vt 0.275551 0.075000
vt 0.353805 0.075000
vt 0.528579 1.043751
vt 0.545783 0.075003
vt -0.230656 0.075000
vt -0.469632 1.043750
vt -0.205393 1.043750
vt -0.627858 0.075000
vt -0.643686 1.043750
vt -0.286736 1.043750
vt -0.417856 1.043750
vt -0.000000 1.043750
vt 0.060432 0.075000
vt -0.580729 0.075003
vt -0.596702 1.043751
vt 0.145851 0.075000
vt 0.145851 1.043750
vt -0.490593 0.075000
vt -0.392896 -0.602523
vt -0.245962 -0.655364
vt -0.205534 -0.690656
vt 0.000000 -0.718750
vt 0.124999 -0.688800
vt 0.194018 -0.695065
vt -0.704939 0.140221
vt -0.643669 0.275118
vt -0.682450 0.155765
vt -0.508233 -0.508233
vt -0.547282 -0.436443
vt -0.461925 -0.525719
vt -0.344848 -0.607744
vt -0.365726 -0.596049
vt -0.359030 -0.600914
vt -0.000704 -0.700006
vt 0.000000 -0.700069
vt 0.030552 -0.697311
vt -0.630558 0.351394
vt -0.448087 0.565950
vt -0.505956 0.483744
vt -0.303719 0.630678
vt -0.411450 0.566312
vt -0.058146 0.719514
vt 0.140221 0.704939
vt 0.186226 0.674774
vt 0.508233 0.508233
vt 0.584201 0.385628
vt 0.505956 0.483744
vt -0.719514 -0.058146
vt -0.699295 0.031405
vt -0.693665 -0.093963
vt -0.665740 -0.216312
vt 0.704939 0.140221
vt 0.643669 0.275118
vt 0.642492 0.329066
vt -0.275054 0.664038
vt -0.186226 0.674774
vt -0.062748 0.697182
vt -0.125723 -0.688624
vt -0.125003 -0.688822
vt 0.186934 -0.671655
vt 0.245962 -0.655364
vt -0.031359 -0.697275
vt 0.391802 -0.603145
vt 0.460557 -0.527150
vt 0.549888 -0.467658
vt 0.547282 -0.436443
vt 0.717032 -0.083342
vt 0.693665 -0.093963
vt 0.699295 0.031405
vt 0.359029 -0.600914
vt 0.664038 -0.275054
vt 0.665740 -0.216312
vt 0.174245 -0.675236
vt -0.460557 -0.527150
vt -0.372869 -0.590859
vt -0.584201 0.385628
vt -0.642492 -0.329066
vt -0.616417 -0.331708
vt -0.195082 -0.669406
vt -0.182838 -0.672907
vt 0.616417 -0.331708
vt 0.062748 0.697182
vt 0.682450 0.155765
vt 0.351394 0.630558
vt 0.303719 0.630678
vt 0.411450 0.566312
vt -0.309407 0.584142
vt -0.272334 0.549885
vt -0.217220 0.763449
vt -0.528438 -0.054583
vt -0.517354 0.133107
vt -0.558125 0.270633
vt -0.586588 0.534746
vt -0.355376 0.544359
vt -0.478341 0.633426
vt -0.353805 0.710536
vt 0.013133 0.796690
vt 0.272334 0.532647
vt 0.284953 0.571741
vt -0.612381 0.039094
vt -0.707313 0.366871
vt 0.325119 0.580360
vt 0.300043 0.738147
vt 0.422625 0.326744
vt 0.352666 0.549885
vt 0.340047 0.510791
vt 0.299881 0.502172
vt -0.409218 0.343386
vt -0.220906 0.486388
vt -0.325119 0.502172
vt -0.284953 0.510791
vt 0.546432 0.579913
vt 0.597453 0.030475
vt 0.637619 0.039094
vt 0.719021 0.343359
vt 0.667876 -0.003093
vt 0.793750 -0.000000
vt 0.780235 0.145851
vt 0.479224 -0.236044
vt 0.528579 -0.596702
vt 0.584834 -0.008619
vt 0.674860 -0.417856
vt 0.740150 -0.286736
vt 0.528438 -0.054583
vt 0.621907 -0.042876
vt -0.321119 -0.501100
vt -0.346915 -0.406230
vt -0.488282 -0.216688
vt -0.351594 -0.528647
vt -0.282025 -0.513719
vt -0.769870 -0.205393
vt -0.637619 -0.039094
vt -0.665166 -0.008619
vt -0.430569 -0.670445
vt -0.342975 -0.568813
vt -0.173626 -0.627677
vt -0.303881 -0.581432
vt -0.176560 -0.502902
vt 0.217220 -0.763449
vt 0.353805 -0.710536
vt 0.171553 -0.631634
vt -0.597453 -0.030475
vt 0.500233 0.178867
vt -0.792079 0.086586
vt -0.652547 0.030475
vt -0.584834 0.008619
vt 0.010685 0.534096
vt 0.240184 0.477163
vt -0.643686 -0.469632
vt 0.780235 -0.145851
vt -0.273406 -0.553885
vt -0.130354 -0.629881
vt 0.124926 -0.622135
vt -0.124153 -0.598660
vt 0.342975 -0.513719
vt 0.330389 -0.419781
vt -0.159301 -0.780711
vt 0.125000 -0.594735
vt 0.321119 -0.581432
vt 0.282025 -0.568813
vt 0.073238 -0.790364
vt 0.273406 -0.528647
vt 0.176143 -0.503466
vt 0.303881 -0.501100
vt 0.527414 0.063722
vt 0.351594 -0.553885
vt -0.008619 1.043750
vt -0.039094 1.043750
vt -0.030475 0.968750
vt 0.008619 0.968750
vt -0.637619 1.043750
vt -0.612381 0.968750
vt -0.652547 0.968750
vt -0.597453 1.043750
vt -0.030475 1.043750
vt 0.008619 1.043750
vt -0.008619 0.968750
vt -0.039094 0.968750
vt -0.568813 1.043750
vt -0.571741 0.968750
vt -0.532647 0.968750
vt -0.528647 1.043750
vt -0.342975 1.043750
vt -0.303881 1.043750
vt -0.340047 0.968750
vt -0.299881 0.968750
vt -0.553885 1.043750
vt -0.549885 0.968750
vt -0.580360 0.968750
vt -0.303881 1.043750
vt -0.273406 1.043750
vt -0.299881 0.968750
vt -0.513719 1.043750
vt -0.510791 0.968750
vt -0.549885 0.968750
vt -0.553885 1.043750
vt -0.351594 1.043750
vt -0.325119 0.968750
vt -0.321119 1.043750
vt -0.528647 1.043750
vt -0.532647 0.968750
vt -0.502172 0.968750
vt -0.321119 1.043750
vt -0.284953 0.968750
vt -0.282025 1.043750
vt -0.325119 0.968750
vt -0.236044 1.043750
vt -0.103251 0.968750
vt -0.277339 0.968750
vt -0.419781 1.043750
vt -0.406230 0.968750
vt -0.216688 1.043750
vt -0.170181 0.968750
vt -0.006062 0.968750
vt -0.346915 1.043750
vt -0.289009 0.968750
vt -0.415100 0.968750
vt -0.336251 0.968750
vt -0.054583 1.043750
vt 0.063722 1.043750
vt -0.054583 1.043750
vt -0.176560 1.043750
vt -0.176143 0.968750
vt 0.330389 1.043750
vt 0.346915 0.968750
vt 0.176560 0.968750
vt 0.133107 1.043750
vt 0.178867 0.968750
vt 0.326744 0.968750
vt 0.343386 1.043750
vt 0.010685 1.043750
vt -0.059155 0.968750
vt 0.059155 0.968750
vt 0.220906 0.968750
vt 0.240184 1.043750
vt 0.422625 1.043750
vt 0.409218 0.968750
vt 0.178867 1.043750
vt 0.133107 0.968750
vt 0.326744 1.043750
vt 0.343386 0.968750
vt 0.176143 1.043750
vt -0.406230 1.043750
vt -0.409218 1.043750
vt -0.240184 0.968750
vt -0.220906 1.043750
vt -0.422625 0.968750
vt -0.173626 1.043750
vt -0.128965 0.968750
vt -0.173888 0.968750
vt -0.130354 1.043750
vt -0.128737 0.968750
vt -0.627677 1.043750
vt -0.503466 0.968750
vt -0.502902 1.043750
vt -0.626318 0.968750
vt -0.629881 1.043750
vt -0.630437 0.968750
vt -0.630590 0.968750
vt -0.598660 1.049717
vt -0.542562 0.999882
vt -0.629482 0.968750
vt -0.518750 1.068750
vt -0.593750 1.228748
vt -0.518750 1.228453
vt -0.125000 0.999882
vt 0.125000 1.030768
vt 0.125000 0.982147
vt -0.125000 -0.542562
vt -0.121402 -0.628808
vt -0.128681 -0.629482
vt 0.125000 -0.568750
vt 0.127985 -0.627776
vt -0.125000 1.068750
vt -0.122203 1.228453
vt 0.122497 1.228748
vt -0.122497 1.228748
vt 0.125000 1.059696
vt 0.122203 1.228453
vt -0.124153 1.049717
vt -0.122497 -0.593750
vt 0.122203 -0.593750
vt 0.122497 -0.518750
vt -0.122203 -0.518750
vt -1.051263 0.000000
vt -0.884425 0.000000
vt -1.052012 0.075000
vt -0.881009 0.075000
vt -0.847074 0.075000
vt -0.657692 0.075000
vt -0.677338 0.000000
vt -0.460627 0.075000
vt -0.458040 0.000000
vt 0.450593 0.075000
vt 0.304240 0.075000
vt 0.388909 0.000000
vt 0.444974 0.075000
vt 0.677338 0.075000
vt 0.859519 0.075028
vt 0.814711 0.000000
vt 0.657692 0.000000
vt 0.576786 0.000000
vt 0.627133 0.075028
vt 0.674030 0.000000
vt 0.135165 0.000000
vt -0.861046 0.000000
vt 0.349094 0.000000
vt 0.375981 0.075000
vt 0.624844 0.000000
vt 0.641956 0.075000
vt 0.141735 0.075000
vt 0.106692 0.000000
vt 0.106326 0.075000
vt 0.450362 0.000000
vt 0.097425 0.075000
vt 0.068991 0.000000
vt 0.069229 0.075000
vt -0.884425 0.000000
vt -0.852575 0.000000
vt -0.881009 0.075000
vt -0.823048 0.075000
vt -0.770331 0.075000
vt -0.789924 0.000000
vt -0.842642 0.000000
vt 0.425626 0.000000
vt 0.454313 0.075000
vt 0.414314 0.075000
vt 0.476937 0.000000
vt 0.476937 0.000000
vt 0.511091 0.000000
vt 0.505624 0.075000
vt 0.454313 0.075000
vt -0.795174 0.000000
vt -0.789924 0.075000
vt -0.842642 0.075000
vt -0.832736 0.000000
vt 0.414314 0.000000
vt 0.425626 0.075000
vt 0.454313 0.000000
vt 0.465625 0.075000
vt 0.454313 0.000000
vt 0.465625 0.075000
vt 0.491875 0.075000
vt 0.491875 0.000000
vt -0.795174 0.000000
vt -0.761020 0.000000
vt -0.789924 0.075000
vt -0.761020 0.075000
vt 0.030475 1.043750
vt 0.008619 0.968750
vt 0.039094 0.968750
vt -0.008619 1.043750
vt -0.652547 1.043750
vt -0.637619 0.968750
vt -0.612381 1.043750
vt -0.597453 0.968750
vt 0.039094 1.043750
vt 0.030475 0.968750
vt 0.008619 1.043750
vt -0.008619 0.968750
vt -0.325119 1.043750
vt -0.321119 0.968750
vt -0.351594 0.968750
vt 0.502172 1.043750
vt 0.528647 0.968750
vt 0.544359 1.043750
vt -0.284953 1.043750
vt -0.282025 0.968750
vt -0.321119 0.968750
vt -0.325119 1.043750
vt 0.510791 1.043750
vt 0.549885 1.043750
vt 0.513719 0.968750
vt 0.565382 0.968750
vt 0.770331 0.000000
vt 0.761020 0.075000
vt 0.789924 0.075000
vt -0.491875 0.075000
vt -0.454313 0.000000
vt -0.449063 0.075000
vt 0.823048 0.000000
vt 0.842642 0.075000
vt -0.505624 0.000000
vt 0.755175 0.075000
vt 0.789924 0.000000
vt 0.795174 0.075000
vt -0.454313 0.000000
vt -0.414314 0.000000
vt -0.449063 0.075000
vt -0.516936 0.000000
vt -0.505624 0.075000
vt -0.476937 0.000000
vt -0.454313 0.075000
vt -0.476937 0.000000
vt -0.454313 0.075000
vt -0.425626 0.000000
vt -0.420159 0.075000
vt 0.789924 0.000000
vt 0.842642 0.000000
vt 0.795174 0.075000
vt 0.832736 0.075000
vt -0.286155 0.075000
vt -0.266562 0.000000
vt -0.250000 0.075000
vt 0.898750 0.000000
vt 0.936312 0.000000
vt 0.888845 0.075000
vt -0.223750 0.000000
vt 0.913688 0.000000
vt 0.873689 0.000000
vt 0.885001 0.075000
vt 0.925000 0.075000
vt 0.879534 0.000000
vt 0.925000 0.075000
vt -0.210001 0.075000
vt 0.913688 0.000000
vt 0.961155 0.075000
vt 0.951250 0.000000
vt 0.925000 0.075000
vt -0.295466 0.000000
vt -0.289999 0.075000
vt -0.261312 0.000000
vt -0.250000 0.075000
vt -0.261312 0.000000
vt -0.213845 0.075000
vt -0.223750 0.000000
vt -0.250000 0.075000
vt -0.094406 0.000000
vt -0.075000 0.075000
vt -0.087500 0.075000
vt 0.880594 0.000000
vt 0.878349 0.075000
vt 0.890504 0.075000
vt 0.094617 0.000000
vt 0.093365 0.075000
vt 0.936312 0.000000
vt 0.964999 0.075000
vt 0.925000 0.075000
vt 0.970466 0.000000
vt -0.141735 0.000000
vt -0.105614 0.075000
vt -0.145318 0.075000
vt -0.103632 0.000000
vt 0.880594 0.000000
vt 0.890504 0.075000
vt 1.024943 0.000000
vt 1.028933 0.075000
vt -0.622135 1.043086
vt -0.523900 1.030768
vt -0.594735 1.059696
vt -0.568750 0.982147
vt -0.628878 0.968750
vt -0.518750 1.228748
vt -0.593750 1.228453
vt -0.627776 0.968750
vt 0.171553 1.043750
vt 0.173626 0.968750
vt 0.128189 0.968750
vt 0.124926 1.043086
vt 0.128031 0.968750
vt -0.503466 1.043750
vt -0.502902 0.968750
vt -0.627677 0.968750
vt -0.631634 1.043750
vt -0.568813 1.043750
vt -0.571741 0.968750
vt -0.532647 0.968750
vt -0.528647 1.043750
vt 0.282025 1.043750
vt 0.321119 1.043750
vt 0.284953 0.968750
vt 0.325119 0.968750
vt 0.321119 1.043750
vt 0.351594 1.043750
vt 0.325119 0.968750
vt -0.553885 1.043750
vt -0.549885 0.968750
vt -0.580360 0.968750
vt -0.553885 1.043750
vt -0.513719 1.043750
vt -0.549885 0.968750
vt -0.510791 0.968750
vt -0.528647 1.043750
vt -0.532647 0.968750
vt -0.502172 0.968750
vt 0.273406 1.043750
vt 0.299881 0.968750
vt 0.303881 1.043750
vt 0.303881 1.043750
vt 0.340047 0.968750
vt 0.342975 1.043750
vt 0.299881 0.968750
vt -0.008619 1.043750
vt -0.030475 0.968750
vt 0.008619 0.968750
vt 0.584834 1.043750
vt 0.621907 1.043750
vt 0.597453 0.968750
vt 0.637619 0.968750
vt 0.667876 1.043750
vt 0.659641 0.968750
vt 0.637619 0.968750
vt 0.621907 1.043750
vt 0.414314 0.075000
vt 0.449063 0.000000
vt 0.454313 0.075000
vt 0.795174 0.000000
vt 0.755175 0.000000
vt 0.789924 0.075000
vt 0.879187 0.000000
vt 1.018370 0.000000
vt 1.024943 0.075000
vt 0.878686 0.075000
vt 1.018370 0.000000
vt 1.051428 0.000000
vt 1.024943 0.075000
vt 0.103632 0.075000
vt 0.135165 0.000000
vt 0.141735 0.075000
vt 0.250000 0.073750
vt 0.306250 0.073750
vt 0.306250 0.075000
vt 0.250000 0.075000
vt 0.900000 0.250000
vt 0.909574 0.306250
vt 0.900000 0.306250
vt 0.909574 0.259375
vt 0.975000 0.250000
vt 0.975000 0.259375
vt 0.259375 0.073750
vt 0.259375 0.075000
vt 0.306250 0.073750
vt 0.306250 0.075000
vt 0.900000 0.073750
vt 0.909574 0.075000
vt 0.900000 0.075000
vt 0.909574 0.073750
vt 0.429470 0.000000
vt 0.420159 0.075000
vt 0.449063 0.075000
vt 0.501780 0.075000
vt 0.482187 0.000000
vt 0.795174 0.000000
vt 0.789924 0.075000
vt 0.832736 0.075000
vt 0.846485 0.000000
vt 0.900000 0.073750
vt 0.900000 0.075000
vt 0.975000 0.073750
vt 0.975000 0.075000
vt 0.909574 0.073750
vt 0.975000 0.075000
vt 0.909574 0.075000
vt 0.975000 0.073750
vt 0.250000 0.073750
vt 0.250000 0.075000
vt 0.259375 0.073750
vt 0.259375 0.075000
vt 0.449063 0.000000
vt 0.501780 0.000000
vt 0.454313 0.075000
vt 0.491875 0.075000
vt 0.766487 0.000000
vt 0.817798 0.000000
vt 0.795174 0.075000
vt 0.761020 0.075000
vt 0.817798 0.000000
vt 0.846485 0.075000
vt 0.795174 0.075000
vt 0.857797 0.000000
vt 0.532647 1.043750
vt 0.502172 1.043750
vt 0.528647 0.968750
vt 0.299881 1.043750
vt 0.303881 0.968750
vt 0.273406 0.968750
vt 0.299881 1.043750
vt 0.340047 1.043750
vt 0.303881 0.968750
vt 0.342975 0.968750
vt 0.510791 1.043750
vt 0.549885 1.043750
vt 0.513719 0.968750
vt 0.553885 0.968750
vt 0.532647 1.043750
vt 0.568813 0.968750
vt 0.571741 1.043750
vt 0.528647 0.968750
vt 0.284953 1.043750
vt 0.321119 0.968750
vt 0.325119 1.043750
vt 0.282025 0.968750
vt 0.325119 1.043750
vt 0.321119 0.968750
vt 0.351594 0.968750
vt 0.580360 1.043750
vt 0.553885 0.968750
vt 0.549885 1.043750
vt -0.008619 1.043750
vt 0.008619 0.968750
vt 0.030475 1.043750
vt 0.597453 1.043750
vt 0.584834 0.968750
vt 0.621907 0.968750
vt 0.637619 1.043750
vt -0.003093 1.043750
vt 0.039094 1.043750
vt 0.012619 0.968750
vt 0.637619 1.043750
vt 0.621907 0.968750
vt 0.664094 0.968750
vt -0.122136 0.000000
vt -0.106692 0.075000
vt -0.101396 0.000000
vt 0.544359 1.043750
vt 0.528647 0.968750
vt 0.576851 0.968750
vt -0.355376 1.043750
vt -0.336617 0.968750
vt -0.309407 1.043750
vt -0.309407 1.043750
vt -0.336617 0.968750
vt -0.276915 0.968750
vt -0.309407 1.043750
vt -0.276915 0.968750
vt -0.272334 1.043750
vt -0.003093 1.043750
vt 0.012619 0.968750
vt -0.020000 0.968750
vn -0.810115 -0.586270 -0.001041
vn -0.902163 -0.431394 -0.001021
vn -0.834571 -0.550896 0.002228
vn -0.848022 -0.529961 0.000480
vn -0.891149 -0.453710 0.000529
vn -0.929024 -0.370018 0.000482
vn -0.936045 -0.351878 -0.000888
vn -0.937203 -0.348783 -0.001117
vn -0.964577 -0.263800 -0.000982
vn -0.996094 -0.088291 -0.001003
vn -0.984215 -0.176973 -0.001038
vn -0.998991 -0.044866 0.002142
vn -0.993689 -0.112172 0.000529
vn -0.837409 -0.546574 0.001865
vn -0.893375 -0.449312 0.000654
vn -0.993998 -0.109395 0.000596
vn -0.395562 -0.918439 -0.001021
vn -0.372570 -0.928004 0.000529
vn -0.424462 -0.905444 0.001966
vn -0.433872 -0.900972 0.002228
vn -0.692040 -0.721858 -0.001003
vn -0.552831 -0.833293 -0.000982
vn -0.607255 -0.794507 0.000522
vn -0.722793 -0.691061 0.002142
vn -0.674518 -0.738259 0.000529
vn -0.532299 -0.846556 0.000529
vn -0.476298 -0.879283 -0.001119
vn -0.225212 -0.974309 -0.001021
vn -0.047623 -0.998865 -0.001021
vn -0.289939 -0.957045 0.000480
vn -0.200898 -0.979612 0.000529
vn -0.136967 -0.990575 -0.001119
vn -0.485411 -0.874286 -0.000855
vn -0.602614 -0.798032 0.000932
vn -0.698413 -0.715694 0.001315
vn -0.291999 -0.956419 0.000329
vn -0.172026 -0.985092 -0.000218
vn -0.795789 -0.605574 0.000528
vn -0.724886 -0.688866 0.001925
vn -0.834571 -0.550896 0.002229
vn -0.722793 -0.691061 0.002142
vn -0.921006 -0.389545 0.001963
vn -0.957884 -0.287156 0.000533
vn -0.919526 -0.393024 0.002229
vn -0.880593 -0.473869 0.002135
vn -0.974926 -0.222520 0.002228
vn -0.990951 -0.134207 0.002096
vn -0.657957 -0.753053 0.002096
vn -0.512897 -0.858448 0.002135
vn -0.351373 -0.936233 0.002135
vn -0.178555 -0.983928 0.002135
vn -0.995804 0.091503 -0.001041
vn -0.963224 0.268698 -0.001021
vn -0.899767 0.436370 -0.001021
vn -0.807390 0.590017 -0.001021
vn -0.935261 0.353958 -0.001119
vn -0.910347 0.413845 0.000529
vn -0.880594 0.473867 0.002228
vn -0.997955 0.063921 0.000436
vn -0.990947 0.134233 0.002228
vn -0.910338 0.413865 0.000530
vn -0.768071 0.640364 0.000699
vn -0.689063 0.724700 -0.001021
vn -0.548590 0.836091 -0.001021
vn -0.621329 0.783549 -0.001119
vn -0.569226 0.822181 0.000529
vn -0.491381 0.870945 0.000480
vn -0.390484 0.920609 -0.001021
vn -0.413273 0.910607 0.000529
vn -0.351375 0.936232 0.002228
vn -0.227113 0.973868 -0.000483
vn -0.096109 0.995371 0.000000
vn -0.147264 0.989097 -0.000000
vn -0.096160 0.995366 0.000000
vn -0.044843 0.998994 -0.000000
vn -0.086790 0.996227 -0.000001
vn -0.751252 0.660014 -0.001119
vn -0.613603 0.789614 -0.000869
vn -0.351374 0.936232 0.002228
vn -0.999999 0.001145 -0.001157
vn -0.997708 0.067664 0.000531
vn -0.998992 0.044836 0.002091
vn -0.974926 0.222519 0.002135
vn -0.919526 0.393023 0.002135
vn -0.834572 0.550895 0.002135
vn -0.781829 0.623489 0.002228
vn -0.781830 0.623488 0.002228
vn -0.668436 0.743767 0.001873
vn -0.512898 0.858447 0.002228
vn -0.492268 0.870443 0.000552
vn -0.358510 0.933524 0.002035
vn -0.657937 0.753070 0.002228
vn -0.587785 0.809014 0.002135
vn -0.433884 0.900966 0.002135
vn -0.242800 0.970076 0.000561
vn -0.348085 0.937461 0.001982
vn -0.351374 0.936233 0.002229
vn -0.178556 0.983927 0.002228
vn -0.111261 0.993791 0.001067
vn 0.131497 -0.991316 -0.001021
vn 0.306390 -0.951906 -0.001021
vn 0.266036 -0.963960 0.002228
vn 0.329982 -0.943987 0.000529
vn 0.390486 -0.920608 -0.001119
vn 0.471435 -0.881900 -0.001021
vn 0.621328 -0.783550 -0.001021
vn 0.328818 -0.944393 0.000560
vn 0.065302 -0.997865 0.000514
vn 0.042124 -0.999112 -0.001120
vn 0.046926 -0.998898 -0.000780
vn 0.640671 -0.767815 0.000528
vn 0.587784 -0.809015 0.002228
vn 0.751252 -0.660015 -0.001021
vn 0.857029 -0.515267 -0.001021
vn 0.935261 -0.353958 -0.001021
vn 0.983432 -0.181273 -0.001021
vn 0.999996 -0.002761 -0.001021
vn 0.995722 -0.092389 -0.001118
vn 0.997567 -0.069708 0.000481
vn 0.998991 -0.044864 0.002228
vn 0.943213 -0.332187 0.000572
vn 0.919526 -0.393023 0.002228
vn 0.997464 -0.071172 0.000377
vn 0.211868 -0.977298 -0.000912
vn 0.219942 -0.975512 -0.001108
vn 0.156866 -0.987620 0.000510
vn 0.689069 -0.724694 -0.001118
vn 0.000002 -0.999998 0.002135
vn 0.178558 -0.983927 0.002135
vn 0.351376 -0.936232 0.002135
vn 0.512899 -0.858446 0.002135
vn 0.639472 -0.768814 0.000568
vn 0.657938 -0.753069 0.002135
vn 0.781831 -0.623487 0.002135
vn 0.932860 -0.360236 0.001331
vn 0.974167 -0.225819 0.001991
vn 0.974926 -0.222520 0.002228
vn 0.970659 -0.240457 0.000933
vn 0.869446 -0.494028 0.000536
vn 0.918389 -0.395673 0.002027
vn 0.834571 -0.550896 0.002228
vn 0.919525 -0.393024 0.002230
vn 0.951055 -0.309015 0.002135
vn 0.990948 -0.134231 0.002135
vn 0.000000 1.000000 0.000000
vn 0.089639 0.995974 0.000000
vn 0.186219 0.982508 -0.000311
vn 0.317817 0.948152 -0.000851
vn 0.476298 0.879283 -0.001021
vn 0.625646 0.780106 -0.001021
vn 0.395561 0.918439 -0.001119
vn 0.512898 0.858447 0.002228
vn 0.454272 0.890863 0.000529
vn 0.086248 0.996274 0.000000
vn 0.171607 0.985164 0.001807
vn 0.178563 0.983926 0.002144
vn 0.456474 0.889736 0.000592
vn 0.657937 0.753069 0.002228
vn 0.601097 0.799176 0.000372
vn 0.984418 0.175839 -0.001021
vn 0.859862 0.510526 -0.001021
vn 0.937201 0.348787 -0.001021
vn 0.880594 0.473865 0.002228
vn 0.846891 0.531766 0.000529
vn 0.810636 0.585550 -0.001119
vn 0.956853 0.290572 0.000870
vn 0.964693 0.263374 -0.001119
vn 0.846681 0.532100 0.000519
vn 0.754885 0.655856 -0.001021
vn 0.044865 0.998993 -0.000000
vn 0.177730 0.984077 0.002105
vn 0.553203 0.833046 -0.001119
vn 0.606588 0.795016 0.000546
vn 0.090544 0.995892 0.000000
vn 0.000000 1.000000 -0.000000
vn 0.111287 0.993788 0.001042
vn 0.266010 0.963968 0.002126
vn 0.433881 0.900967 0.002135
vn 0.722792 0.691062 0.002135
vn 0.587783 0.809016 0.002135
vn 0.961204 0.275840 -0.000209
vn 0.951054 0.309016 0.002228
vn 0.999819 0.019002 0.000608
vn 0.991650 0.128948 0.001854
vn 0.998991 -0.044865 0.002228
vn 0.990947 0.134233 0.002229
vn 0.974925 0.222522 0.002135
vn 0.919525 0.393025 0.002135
vn 0.834571 0.550897 0.002135
vn -0.536211 -0.407267 -0.739332
vn -0.621520 -0.386276 -0.681545
vn -0.600601 -0.305291 -0.738970
vn -0.680504 -0.269092 -0.681546
vn -0.644524 -0.193593 -0.739670
vn -0.713197 -0.145062 -0.685790
vn -0.655316 -0.074187 -0.751703
vn -0.726885 -0.010532 -0.686679
vn -0.251433 -0.625064 -0.738970
vn -0.441646 -0.578482 -0.685790
vn -0.540466 -0.486177 -0.686679
vn -0.444689 -0.487025 -0.751704
vn -0.358000 -0.569847 -0.739669
vn -0.335422 -0.650375 -0.681546
vn -0.213903 -0.699816 -0.681545
vn -0.135783 -0.659914 -0.738970
vn -0.015768 -0.673554 -0.738969
vn -0.085509 -0.726764 -0.681544
vn -0.671763 0.046093 -0.739331
vn -0.722195 0.118029 -0.681545
vn -0.653158 0.165253 -0.738970
vn -0.689513 0.245084 -0.681546
vn -0.613155 0.279223 -0.738969
vn -0.634672 0.364264 -0.681545
vn -0.553443 0.384219 -0.738970
vn -0.559430 0.471734 -0.681546
vn -0.475945 0.476866 -0.738969
vn -0.466208 0.564044 -0.681546
vn -0.383148 0.554186 -0.738969
vn -0.358003 0.638224 -0.681545
vn -0.278038 0.613693 -0.738969
vn -0.238290 0.691892 -0.681545
vn -0.165906 0.649840 -0.741744
vn -0.118587 0.703827 -0.700404
vn -0.059374 0.646193 -0.760860
vn 0.045634 -0.730353 -0.681544
vn 0.104753 -0.665546 -0.738970
vn 0.175310 -0.710466 -0.681546
vn 0.221907 -0.636145 -0.738970
vn 0.299352 -0.667746 -0.681545
vn 0.331929 -0.586299 -0.738970
vn 0.413771 -0.603564 -0.681545
vn 0.431283 -0.517609 -0.738970
vn 0.514893 -0.519983 -0.681545
vn 0.516774 -0.432282 -0.738970
vn 0.599465 -0.419689 -0.681544
vn 0.585657 -0.333062 -0.738969
vn 0.664769 -0.305906 -0.681545
vn 0.635715 -0.223136 -0.738970
vn 0.708708 -0.182290 -0.681545
vn 0.665341 -0.106039 -0.738970
vn 0.729868 -0.052816 -0.681545
vn 0.673584 0.014466 -0.738969
vn 0.001319 0.693501 -0.720454
vn -0.000000 0.707108 -0.707105
vn 0.072398 0.576338 -0.813998
vn 0.118009 0.693509 -0.710717
vn 0.118565 0.689751 -0.714273
vn 0.194349 0.641914 -0.741738
vn 0.275773 0.677825 -0.681545
vn 0.392371 0.617690 -0.681545
vn 0.306451 0.600010 -0.738970
vn 0.496359 0.537703 -0.681545
vn 0.408662 0.535649 -0.738969
vn 0.727569 0.078355 -0.681546
vn 0.660176 0.134507 -0.738969
vn 0.653643 0.329008 -0.681545
vn 0.570818 0.357899 -0.738969
vn 0.701884 0.207008 -0.681547
vn 0.625549 0.250224 -0.738970
vn 0.584392 0.440433 -0.681546
vn 0.497738 0.454070 -0.738970
vn 0.000000 0.000000 -1.000000
vn 0.000000 0.000000 -1.000000
vn 0.000000 0.000000 -1.000000
vn 0.000000 0.000000 -1.000000
vn 0.000000 0.000000 -1.000000
vn 0.000000 0.000000 -1.000000
vn 0.000000 0.000000 -1.000000
vn 0.000000 0.000000 -1.000000
vn 0.000000 0.000000 -1.000000
vn 0.000000 0.000000 -1.000000
vn 0.000000 0.000000 -1.000000
vn 0.000000 0.000000 -1.000000
vn 0.000000 0.000000 -1.000000
vn 0.000000 0.000000 -1.000000
vn 0.000000 0.000000 -1.000000
vn 0.000000 0.000000 -1.000000
vn 0.000000 0.000000 -1.000000
vn 0.000000 0.000000 -1.000000
vn 0.000000 0.000000 -1.000000
vn 0.000000 0.000000 -1.000000
vn 0.000000 0.000000 -1.000000
vn 0.000000 0.000000 -1.000000
vn 0.000000 0.000000 -1.000000
vn 0.000000 0.000000 -1.000000
vn 0.000000 0.000000 -1.000000
vn 0.000000 0.000000 -1.000000
vn 0.000000 0.000000 -1.000000
vn 0.000000 0.000000 -1.000000
vn 0.000000 0.000000 -1.000000
vn 0.000000 0.000000 -1.000000
vn 0.000000 0.000000 -1.000000
vn 0.000000 0.000000 -1.000000
vn 0.000000 0.000000 -1.000000
vn 0.000000 0.000000 -1.000000
vn 0.000000 0.000000 -1.000000
vn -0.591322 -0.390328 0.705679
vn -0.512117 -0.489630 0.705690
vn -0.551801 -0.442174 0.707106
vn -0.512122 -0.489640 0.705680
vn -0.552839 -0.440874 0.707106
vn -0.651516 -0.278471 0.705678
vn -0.651515 -0.278470 0.705679
vn -0.671862 -0.220467 0.707104
vn -0.672499 -0.218508 0.707106
vn -0.622676 -0.335076 0.707106
vn -0.622676 -0.335076 0.707106
vn -0.690767 -0.157663 0.705679
vn -0.700708 -0.094917 0.707106
vn -0.700708 -0.094917 0.707106
vn -0.465233 -0.532503 0.707106
vn -0.465233 -0.532503 0.707106
vn -0.512123 -0.489640 0.705678
vn -0.362674 -0.607015 0.707107
vn -0.416464 -0.573214 0.705679
vn -0.362674 -0.607015 0.707107
vn -0.307420 -0.638365 0.705679
vn -0.416463 -0.573212 0.705681
vn -0.248460 -0.662019 0.707105
vn -0.248460 -0.662019 0.707105
vn -0.188496 -0.682997 0.705680
vn -0.188495 -0.683003 0.705674
vn -0.126259 -0.695745 0.707105
vn -0.188491 -0.683001 0.705678
vn -0.126240 -0.695748 0.707105
vn -0.063513 -0.705674 0.705684
vn -0.706396 0.031724 0.707106
vn -0.706396 0.031724 0.707106
vn -0.689379 0.157346 0.707106
vn -0.689379 0.157346 0.707106
vn -0.650205 0.277911 0.707106
vn -0.650205 0.277911 0.707106
vn -0.590133 0.389544 0.707106
vn -0.590133 0.389544 0.707106
vn -0.553954 0.441763 0.705678
vn -0.553952 0.441762 0.705680
vn -0.508881 0.490963 0.707104
vn -0.511093 0.488655 0.707107
vn -0.466170 0.533575 0.705679
vn -0.415627 0.572062 0.707106
vn -0.415627 0.572062 0.707106
vn -0.306802 0.637082 0.707106
vn -0.306802 0.637082 0.707106
vn -0.248949 0.663335 0.705699
vn -0.188117 0.681626 0.707105
vn -0.248961 0.663351 0.705680
vn -0.189124 0.681348 0.707105
vn -0.126514 0.697146 0.705678
vn -0.063385 0.704262 0.707105
vn -0.064165 0.696846 0.714345
vn 0.000000 -0.707109 0.707105
vn -0.063524 -0.705681 0.705677
vn 0.000021 -0.707109 0.707104
vn 0.063513 -0.705679 0.705679
vn 0.126259 -0.695743 0.707107
vn 0.126248 -0.695745 0.707107
vn 0.188495 -0.682998 0.705679
vn 0.188518 -0.683079 0.705595
vn 0.248460 -0.662019 0.707105
vn 0.248460 -0.662019 0.707105
vn 0.362675 -0.607016 0.707106
vn 0.362675 -0.607016 0.707106
vn 0.465233 -0.532503 0.707106
vn 0.465234 -0.532503 0.707106
vn 0.552838 -0.440874 0.707107
vn 0.552838 -0.440874 0.707107
vn 0.622676 -0.335076 0.707106
vn 0.591322 -0.390328 0.705679
vn 0.651519 -0.278469 0.705676
vn 0.623756 -0.333064 0.707104
vn 0.651539 -0.278476 0.705654
vn 0.672498 -0.218508 0.707107
vn 0.672498 -0.218508 0.707107
vn 0.700708 -0.094917 0.707106
vn 0.700708 -0.094917 0.707106
vn 0.074966 0.696403 0.713725
vn -0.020444 0.580506 0.813999
vn 0.078723 0.702797 0.707021
vn 0.188117 0.681625 0.707106
vn 0.188117 0.681625 0.707106
vn 0.306802 0.637082 0.707106
vn 0.306802 0.637082 0.707106
vn 0.511093 0.488655 0.707107
vn 0.511093 0.488655 0.707107
vn 0.415627 0.572062 0.707106
vn 0.415627 0.572062 0.707106
vn 0.707819 -0.031788 0.705679
vn 0.706396 0.031725 0.707106
vn 0.706418 0.031221 0.707106
vn 0.702120 0.095110 0.705678
vn 0.702117 0.095107 0.705682
vn 0.689379 0.157346 0.707106
vn 0.689379 0.157346 0.707106
vn 0.650205 0.277911 0.707106
vn 0.650205 0.277911 0.707106
vn 0.590133 0.389544 0.707106
vn 0.590133 0.389544 0.707106
vn 0.000000 0.000000 1.000000
vn 0.000000 0.000000 1.000000
vn 0.000000 0.000000 1.000000
vn 0.000000 0.000000 1.000000
vn 0.000000 0.000000 1.000000
vn 0.000000 0.000000 1.000000
vn 0.000000 0.000000 1.000000
vn 0.000000 0.000000 1.000000
vn 0.000000 0.000000 1.000000
vn 0.000000 0.000000 1.000000
vn 0.000000 0.000000 1.000000
vn 0.000000 0.000000 1.000000
vn 0.000000 0.000000 1.000000
vn 0.000000 0.000000 1.000000
vn 0.000000 0.000000 1.000000
vn 0.000000 0.000000 1.000000
vn 0.000000 0.000000 1.000000
vn 0.000000 0.000000 1.000000
vn 0.000000 0.000000 1.000000
vn 0.000000 0.000000 1.000000
vn 0.000000 0.000000 1.000000
vn 0.000000 0.000000 1.000000
vn 0.000000 0.000000 1.000000
vn 0.000000 0.000000 1.000000
vn 0.000000 0.000000 1.000000
vn 0.000000 0.000000 1.000000
vn 0.000000 0.000000 1.000000
vn 0.000000 0.000000 1.000000
vn 0.000000 0.000000 1.000000
vn 0.000000 0.000000 1.000000
vn 0.000000 0.000000 1.000000
vn 0.000000 0.000000 1.000000
vn 0.000000 0.000000 1.000000
vn 0.000000 0.000000 1.000000
vn 0.000000 0.000000 1.000000
vn 0.000000 0.000000 1.000000
vn 0.000000 0.000000 1.000000
vn 0.000000 0.000000 1.000000
vn 0.000000 0.000000 1.000000
vn 0.000000 0.000000 1.000000
vn 0.000000 0.000000 1.000000
vn 0.000000 0.000000 1.000000
vn 0.000000 0.000000 1.000000
vn 0.000000 0.000000 1.000000
vn 0.000000 0.000000 1.000000
vn 0.000000 0.000000 1.000000
vn 0.000000 0.000000 1.000000
vn 0.000000 0.000000 1.000000
vn 0.000000 0.000000 1.000000
vn 0.000000 0.000000 1.000000
vn 0.000000 0.000000 1.000000
vn 0.000000 0.000000 1.000000
vn 0.000000 0.000000 1.000000
vn 0.000000 0.000000 1.000000
vn 0.000000 0.000000 1.000000
vn 0.000000 0.000000 1.000000
vn 0.000000 0.000000 1.000000
vn 0.000000 0.000000 1.000000
vn 0.000000 0.000000 1.000000
vn 0.000000 0.000000 1.000000
vn 0.000000 0.000000 1.000000
vn 0.000000 0.000000 1.000000
vn 0.000000 0.000000 1.000000
vn 0.000000 0.000000 1.000000
vn 0.000000 0.000000 1.000000
vn 0.000000 0.000000 1.000000
vn 0.000000 0.000000 1.000000
vn -0.222521 -0.974928 -0.000000
vn -0.222521 -0.974928 0.000000
vn -0.623490 -0.781831 0.000000
vn -0.623490 -0.781831 0.000000
vn -0.781831 -0.623490 0.000000
vn -0.781831 -0.623490 0.000000
vn -0.900969 -0.433884 0.000000
vn -0.900969 -0.433884 0.000000
vn -0.974928 -0.222521 0.000000
vn -0.974928 -0.222521 -0.000000
vn -0.433884 -0.900969 0.000000
vn -0.433884 -0.900969 0.000000
vn -1.000000 0.000000 0.000000
vn -1.000000 0.000000 -0.000000
vn -0.974928 0.222521 0.000000
vn -0.974928 0.222521 0.000000
vn -0.900969 0.433884 0.000000
vn -0.900969 0.433884 0.000000
vn -0.781831 0.623490 0.000000
vn -0.781831 0.623490 0.000000
vn -0.623490 0.781831 0.000000
vn -0.623490 0.781831 0.000000
vn -0.433884 0.900969 0.000000
vn -0.433884 0.900969 0.000000
vn -0.222521 0.974928 0.000000
vn -0.222521 0.974928 0.000000
vn 0.000000 -1.000000 -0.000000
vn 0.000000 -1.000000 0.000000
vn 0.222521 -0.974928 0.000000
vn 0.222521 -0.974928 0.000000
vn 0.433884 -0.900969 0.000000
vn 0.433884 -0.900969 0.000000
vn 0.623490 -0.781831 0.000000
vn 0.623490 -0.781831 0.000000
vn 0.781831 -0.623490 0.000000
vn 0.781831 -0.623490 0.000000
vn 0.900969 -0.433884 0.000000
vn 0.900969 -0.433884 0.000000
vn 0.974928 -0.222521 -0.000000
vn 0.974928 -0.222521 0.000000
vn 0.433884 0.900969 0.000000
vn 0.433884 0.900969 0.000000
vn 0.974928 0.222521 0.000000
vn 0.974928 0.222521 0.000000
vn 1.000000 0.000000 -0.000000
vn 1.000000 0.000000 0.000000
vn 0.900969 0.433884 0.000000
vn 0.900969 0.433884 0.000000
vn 0.781831 0.623490 0.000000
vn 0.781831 0.623490 0.000000
vn 0.623490 0.781831 0.000000
vn 0.623490 0.781831 0.000000
vn -0.000000 1.000000 -0.000000
vn -0.000000 1.000000 0.000000
vn 0.222521 0.974928 -0.000000
vn 0.222521 0.974928 0.000000
vn -0.157346 -0.689379 0.707106
vn -0.157346 -0.689379 0.707106
vn -0.440874 -0.552839 0.707106
vn -0.440874 -0.552839 0.707106
vn -0.552839 -0.440874 0.707106
vn -0.552839 -0.440874 0.707106
vn -0.637082 -0.306802 0.707106
vn -0.637082 -0.306802 0.707106
vn -0.689379 -0.157346 0.707106
vn -0.689379 -0.157346 0.707106
vn -0.306802 -0.637082 0.707106
vn -0.306802 -0.637082 0.707106
vn -0.707107 0.000000 0.707107
vn -0.707107 0.000000 0.707107
vn -0.689379 0.157346 0.707106
vn -0.689379 0.157346 0.707106
vn -0.637082 0.306802 0.707106
vn -0.637082 0.306802 0.707106
vn -0.552839 0.440874 0.707106
vn -0.552839 0.440874 0.707106
vn -0.440874 0.552839 0.707106
vn -0.440874 0.552839 0.707106
vn -0.306802 0.637082 0.707106
vn -0.306802 0.637082 0.707106
vn -0.157346 0.689379 0.707106
vn -0.157346 0.689379 0.707106
vn -0.000000 -0.707107 0.707107
vn -0.000000 -0.707107 0.707107
vn 0.157346 -0.689379 0.707106
vn 0.157346 -0.689379 0.707106
vn 0.306802 -0.637082 0.707106
vn 0.306802 -0.637082 0.707106
vn 0.440874 -0.552839 0.707106
vn 0.440874 -0.552839 0.707106
vn 0.552839 -0.440874 0.707106
vn 0.552839 -0.440874 0.707106
vn 0.637082 -0.306802 0.707106
vn 0.637082 -0.306802 0.707106
vn 0.689379 -0.157346 0.707106
vn 0.689379 -0.157346 0.707106
vn 0.306802 0.637082 0.707106
vn 0.306802 0.637082 0.707106
vn 0.707107 -0.000000 0.707107
vn 0.689379 0.157346 0.707106
vn 0.689379 0.157346 0.707106
vn 0.707107 -0.000000 0.707107
vn 0.637082 0.306802 0.707106
vn 0.637082 0.306802 0.707106
vn 0.552839 0.440874 0.707106
vn 0.552839 0.440874 0.707106
vn 0.440874 0.552839 0.707106
vn 0.440874 0.552839 0.707106
vn 0.000000 0.707107 0.707107
vn 0.000000 0.707107 0.707107
vn 0.157346 0.689379 0.707106
vn 0.157346 0.689379 0.707106
vn 0.000000 0.000000 1.000000
vn 0.000000 0.000000 1.000000
vn 0.000000 0.000000 1.000000
vn 0.000000 0.000000 1.000000
vn 0.000000 0.000000 1.000000
vn 0.000000 0.000000 1.000000
vn 0.000000 0.000000 1.000000
vn 0.000000 0.000000 1.000000
vn 0.000000 0.000000 1.000000
vn 0.000000 0.000000 1.000000
vn 0.000000 0.000000 1.000000
vn 0.000000 0.000000 1.000000
vn 0.000000 0.000000 1.000000
vn 0.000000 0.000000 1.000000
vn 0.000000 0.000000 1.000000
vn 0.000000 0.000000 1.000000
vn 0.000000 0.000000 1.000000
vn 0.000000 0.000000 1.000000
vn 0.000000 0.000000 1.000000
vn 0.000000 0.000000 1.000000
vn 0.000000 0.000000 1.000000
vn 0.000000 0.000000 1.000000
vn 0.000000 0.000000 1.000000
vn 0.000000 0.000000 1.000000
vn 0.000000 0.000000 1.000000
vn 0.000000 0.000000 1.000000
vn 0.000000 0.000000 1.000000
vn 0.000000 0.000000 1.000000
vn 0.000000 0.000000 1.000000
vn 0.000000 0.000000 1.000000
vn 0.000000 0.000000 1.000000
vn 0.000000 0.000000 1.000000
vn 0.000000 0.000000 1.000000
vn 0.000000 0.000000 1.000000
vn 0.000000 0.000000 1.000000
vn 0.000000 0.000000 1.000000
vn 0.000000 0.000000 1.000000
vn 0.000000 0.000000 1.000000
vn 0.000000 0.000000 1.000000
vn 0.000000 0.000000 1.000000
vn 0.000000 0.000000 1.000000
vn 0.000000 0.000000 1.000000
vn 0.000000 0.000000 1.000000
vn 0.000000 0.000000 1.000000
vn 0.000000 0.000000 1.000000
vn 0.000000 0.000000 1.000000
vn 0.000000 0.000000 1.000000
vn 0.000000 0.000000 1.000000
vn 0.000000 0.000000 1.000000
vn 0.000000 0.000000 1.000000
vn 0.000000 0.000000 1.000000
vn 0.000000 0.000000 -1.000000
vn 0.000000 0.000000 -1.000000
vn 0.000000 0.000000 -1.000000
vn 0.000004 0.000002 -1.000000
vn 0.000000 0.000000 -1.000000
vn 0.000000 0.000000 -1.000000
vn 0.000003 -0.000001 -1.000000
vn 0.000000 0.000000 -1.000000
vn 0.000000 0.000000 -1.000000
vn 0.000000 0.000000 -1.000000
vn 0.000000 0.000000 -1.000000
vn 0.000000 0.000000 -1.000000
vn 0.000000 0.000000 -1.000000
vn 0.000000 0.000000 -1.000000
vn 0.000000 0.000000 -1.000000
vn 0.000000 0.000000 -1.000000
vn 0.000000 0.000000 -1.000000
vn 0.000000 0.000000 -1.000000
vn 0.000000 0.000000 -1.000000
vn 0.000000 0.000000 -1.000000
vn 0.000000 0.000000 -1.000000
vn 0.000000 0.000000 -1.000000
vn 0.000000 0.000000 -1.000000
vn 0.000000 0.000000 -1.000000
vn 0.000001 0.000011 -1.000000
vn -0.000006 0.000016 -1.000000
vn -0.000006 0.000016 -1.000000
vn 0.000010 -0.000003 -1.000000
vn 0.000010 -0.000003 -1.000000
vn 0.000010 -0.000003 -1.000000
vn 0.000010 -0.000003 -1.000000
vn 0.000010 -0.000003 -1.000000
vn 0.000001 0.000009 -1.000000
vn -0.000006 0.000016 -1.000000
vn -0.000006 0.000016 -1.000000
vn -0.000006 0.000016 -1.000000
vn -0.000001 0.000003 -1.000000
vn 0.000000 0.000000 -1.000000
vn 0.000000 0.000000 -1.000000
vn 0.000000 0.000000 -1.000000
vn 0.000000 0.000000 -1.000000
vn 0.000000 0.000000 -1.000000
vn 0.000000 0.000000 -1.000000
vn 0.000000 0.000000 -1.000000
vn 0.000000 0.000000 -1.000000
vn 0.000000 0.000000 -1.000000
vn 0.000000 0.000000 -1.000000
vn 0.000000 0.000000 -1.000000
vn 0.000000 0.000000 -1.000000
vn 0.000000 0.000000 -1.000000
vn 0.000000 0.000000 -1.000000
vn 0.000000 0.000000 -1.000000
vn 0.000000 0.000000 -1.000000
vn 0.000000 0.000000 -1.000000
vn 0.000000 0.000000 -1.000000
vn 0.000000 0.000000 -1.000000
vn 0.000000 0.000000 -1.000000
vn 0.000000 0.000000 -1.000000
vn 0.000000 0.000000 -1.000000
vn 0.000000 0.000000 -1.000000
vn 0.000000 0.000000 -1.000000
vn 0.000000 0.000000 -1.000000
vn 0.000000 0.000000 -1.000000
vn 0.000000 0.000000 -1.000000
vn 0.000000 0.000000 -1.000000
vn 0.000000 0.000000 -1.000000
vn 0.000000 0.000000 -1.000000
vn 0.000002 0.000004 -1.000000
vn 0.000008 0.000017 -1.000000
vn 0.000008 0.000017 -1.000000
vn 0.000008 0.000017 -1.000000
vn -0.000000 0.000011 -1.000000
vn -0.000002 0.000008 -1.000000
vn -0.000005 -0.000002 -1.000000
vn -0.000044 0.000031 -1.000000
vn -0.000286 0.000203 -1.000000
vn 0.000000 0.000000 -1.000000
vn 0.000000 0.000000 -1.000000
vn -0.000225 0.000167 -1.000000
vn -0.000369 0.000132 -1.000000
vn -0.000287 0.000163 -1.000000
vn 0.000000 0.000000 -1.000000
vn 0.000000 0.000000 -1.000000
vn 0.000000 0.000000 -1.000000
vn 0.000000 0.000000 -1.000000
vn 0.000000 0.000000 -1.000000
vn 0.000000 0.000000 -1.000000
vn 0.000000 0.000000 -1.000000
vn 0.000076 0.000163 -1.000000
vn -0.000010 0.000028 -1.000000
vn 0.000000 0.000000 -1.000000
vn -0.000161 0.000169 -1.000000
vn 0.000001 0.000047 -1.000000
vn 0.000000 0.000000 -1.000000
vn 0.000080 0.000075 -1.000000
vn 0.000000 0.000000 -1.000000
vn 0.000000 0.000000 -1.000000
vn 0.000000 0.000000 -1.000000
vn 0.000000 0.000000 -1.000000
vn 0.000000 0.000000 -1.000000
vn 0.000000 0.000000 -1.000000
vn 0.000000 0.000000 -1.000000
vn 0.000000 0.000000 -1.000000
vn 0.000000 0.000000 -1.000000
vn 0.000000 0.000000 -1.000000
vn 0.000000 0.000000 -1.000000
vn 0.000000 0.000000 -1.000000
vn 0.000000 0.000000 -1.000000
vn 0.000000 0.000000 -1.000000
vn 0.000000 0.000000 -1.000000
vn 0.000000 0.000000 -1.000000
vn 0.000000 0.000000 -1.000000
vn 0.000000 0.000000 -1.000000
vn 0.000000 0.000000 -1.000000
vn 0.000000 0.000000 -1.000000
vn 0.000000 0.000000 -1.000000
vn 0.000000 0.000000 -1.000000
vn 0.000000 0.000000 -1.000000
vn 0.000000 0.000000 -1.000000
vn 0.000000 0.000000 -1.000000
vn 0.000000 0.000000 -1.000000
vn 0.000000 0.000000 -1.000000
vn 0.000000 0.000000 -1.000000
vn 0.000000 0.000000 -1.000000
vn 0.000000 0.000000 -1.000000
vn 0.000000 0.000000 -1.000000
vn 0.000000 0.000000 -1.000000
vn -0.751444 -0.659796 -0.001531
vn -0.449140 -0.893460 0.001441
vn -0.794970 -0.606649 -0.000414
vn -0.511318 -0.859391 0.000701
vn -0.925718 -0.378166 0.006033
vn -0.979883 -0.189117 0.063747
vn -0.948774 -0.315913 0.005205
vn -0.979550 -0.181241 0.087365
vn -0.149304 -0.988617 -0.018594
vn -0.151825 -0.988357 -0.010006
vn 0.148067 -0.988726 0.022311
vn 0.157504 -0.987377 0.016718
vn 0.355608 -0.934515 0.014970
vn 0.645743 -0.763171 0.024196
vn 0.867086 -0.496985 0.034159
vn 0.462616 -0.886254 -0.023246
vn 0.735046 -0.677176 -0.033773
vn 0.803436 -0.593796 -0.043561
vn 0.963714 -0.265923 0.023236
vn 0.979564 -0.200518 -0.015738
vn 0.932266 -0.360814 -0.026335
vn 0.977388 -0.211298 0.008082
vn 0.000000 0.000000 1.000000
vn 0.000000 0.000000 1.000000
vn 0.000000 0.000000 1.000000
vn 0.000000 0.000000 1.000000
vn 0.000000 0.000000 1.000000
vn 0.000000 0.000000 1.000000
vn 0.000000 0.000000 1.000000
vn 0.000000 0.000000 1.000000
vn 0.000000 0.000000 1.000000
vn 0.000000 0.000000 1.000000
vn 0.000000 0.000000 1.000000
vn 0.000000 0.000000 1.000000
vn 0.000000 0.000000 1.000000
vn 0.000000 0.000000 1.000000
vn 0.000000 0.000000 1.000000
vn 0.000000 0.000000 1.000000
vn 0.000000 0.000000 1.000000
vn 0.000000 0.000000 1.000000
vn 0.000000 0.000000 1.000000
vn 0.000000 0.000000 1.000000
vn 0.000000 0.000000 1.000000
vn 0.000000 0.000000 1.000000
vn 0.000000 0.000000 1.000000
vn 0.000000 0.000000 1.000000
vn 0.000000 0.000000 1.000000
vn 0.000000 0.000000 1.000000
vn 0.000000 0.000000 1.000000
vn 0.000000 0.000000 1.000000
vn 0.000000 0.000000 1.000000
vn 0.000000 0.000000 1.000000
vn 0.000000 0.000000 1.000000
vn 0.000000 0.000000 1.000000
vn 0.000000 0.000000 1.000000
vn 0.000000 0.000000 1.000000
vn 0.000000 0.000000 1.000000
vn 0.000000 0.000000 1.000000
vn 0.000000 0.000000 1.000000
vn 0.000000 0.000000 1.000000
vn -0.000001 -0.000004 1.000000
vn 0.000000 0.000000 1.000000
vn 0.000008 -0.000007 1.000000
vn 0.000007 -0.000009 1.000000
vn 0.000011 0.000007 1.000000
vn 0.000009 0.000002 1.000000
vn 0.000023 -0.000010 1.000000
vn 0.000028 -0.000017 1.000000
vn 0.000016 -0.000014 1.000000
vn 0.000037 -0.000029 1.000000
vn 0.000091 -0.000008 1.000000
vn 0.000003 0.000001 1.000000
vn 0.000000 0.000000 1.000000
vn 0.000000 0.000000 1.000000
vn 0.000002 -0.000004 1.000000
vn 0.000000 0.000000 1.000000
vn 0.000000 0.000000 1.000000
vn -0.000002 -0.000008 1.000000
vn 0.000000 0.000000 1.000000
vn 0.000000 0.000000 1.000000
vn 0.000000 0.000000 1.000000
vn 0.000000 0.000000 1.000000
vn 0.000000 0.000000 1.000000
vn 0.000000 0.000000 1.000000
vn 0.000000 0.000000 1.000000
vn 0.000000 0.000000 1.000000
vn 0.000000 0.000000 1.000000
vn 0.000000 0.000000 1.000000
vn 0.000000 0.000000 1.000000
vn 0.000000 0.000000 1.000000
vn 0.000000 0.000000 1.000000
vn 0.000000 0.000000 1.000000
vn 0.000000 0.000000 1.000000
vn 0.000000 0.000000 1.000000
vn 0.000000 0.000000 1.000000
vn 0.000000 0.000000 1.000000
vn 0.000000 0.000000 1.000000
vn 0.000000 0.000000 1.000000
vn 0.000000 0.000000 1.000000
vn 0.000000 0.000000 1.000000
vn 0.000000 0.000000 1.000000
vn 0.000000 0.000000 1.000000
vn 0.000000 0.000000 1.000000
vn -0.000003 -0.000017 1.000000
vn 0.000000 0.000000 1.000000
vn 0.000000 0.000000 1.000000
vn 0.000000 0.000000 1.000000
vn 0.000000 0.000000 1.000000
vn 0.000000 0.000000 1.000000
vn 0.000000 0.000000 1.000000
vn -0.000040 -0.000018 1.000000
vn -0.000081 -0.000097 1.000000
vn -0.000500 -0.000173 1.000000
vn -0.000574 -0.000117 1.000000
vn -0.000193 -0.000128 1.000000
vn 0.000058 -0.000061 1.000000
vn 0.699455 0.714642 0.007037
vn 0.670202 0.741444 0.033008
vn 0.741444 0.670202 -0.033007
vn 0.714642 0.699455 -0.007036
vn -0.269171 0.963067 0.007037
vn -0.307008 0.951134 0.033008
vn -0.209690 0.977211 -0.033007
vn -0.248424 0.968626 -0.007037
vn 0.977210 -0.209691 0.033008
vn 0.963066 -0.269173 -0.007037
vn 0.968625 -0.248426 0.007037
vn 0.951134 -0.307010 -0.033007
vn -0.968626 0.248424 0.007037
vn -0.977211 0.209690 0.033007
vn -0.951134 0.307008 -0.033008
vn -0.963067 0.269171 -0.007037
vn -0.699454 -0.714643 0.007036
vn -0.741443 -0.670204 -0.033008
vn -0.670201 -0.741445 0.033007
vn -0.714641 -0.699456 -0.007037
vn 0.761117 0.648546 0.009475
vn 0.947967 0.318229 0.009421
vn 0.873435 0.486744 0.013858
vn 0.873435 0.486743 0.013859
vn 0.873435 0.486744 0.013860
vn 0.989848 0.141826 0.009293
vn 0.989848 0.141826 0.009293
vn 0.999989 0.004603 0.001064
vn 0.873435 0.486744 0.013858
vn 0.873435 0.486743 0.013858
vn 0.989848 0.141826 0.009293
vn 0.273613 0.961752 0.012978
vn 0.273614 0.961752 0.012977
vn 0.621970 0.782998 0.008212
vn 0.621970 0.782998 0.008211
vn 0.457953 0.888927 0.009361
vn 0.273614 0.961752 0.012979
vn 0.095830 0.995393 0.003153
vn 0.621970 0.782998 0.008212
vn 0.621970 0.782998 0.008212
vn 0.621970 0.782998 0.008212
vn 0.273613 0.961752 0.012979
vn 0.273613 0.961752 0.012979
vn 0.800214 0.599643 -0.009293
vn 0.800214 0.599642 -0.009293
vn 0.800214 0.599642 -0.009292
vn 0.800214 0.599643 -0.009288
vn 0.800214 0.599642 -0.009289
vn 0.800216 0.599639 -0.009316
vn 0.961791 0.273433 -0.013858
vn 0.961791 0.273432 -0.013858
vn 0.961791 0.273433 -0.013852
vn 0.961791 0.273432 -0.013868
vn 0.961791 0.273432 -0.013856
vn 0.895336 0.445292 -0.009421
vn 0.961791 0.273433 -0.013859
vn 0.995441 0.095328 -0.003219
vn 0.718683 0.695335 -0.001779
vn 0.537253 0.843420 -0.001504
vn 0.283624 0.958908 -0.007212
vn 0.961065 -0.276321 0.001149
vn 0.901823 -0.432006 0.009293
vn 0.901823 -0.432006 0.009293
vn 0.834018 -0.551737 0.001065
vn 0.992422 -0.122698 -0.006582
vn 0.996651 -0.081663 0.004352
vn 0.901823 -0.432006 0.009293
vn 0.757002 -0.653379 -0.006582
vn 0.634324 -0.773067 -0.000897
vn 0.486785 -0.873510 0.004648
vn 0.486785 -0.873510 0.004648
vn 0.320986 -0.947066 0.005918
vn 0.141826 -0.989848 0.009293
vn 0.141822 -0.989848 0.009293
vn 0.141791 -0.989853 0.009293
vn 0.760439 -0.649389 -0.005187
vn 0.486785 -0.873510 0.004648
vn 0.492713 -0.870168 0.006452
vn 0.993038 -0.117680 -0.005243
vn 0.997290 -0.073272 0.006582
vn 0.979876 -0.199603 -0.001064
vn 0.866247 -0.499582 -0.005917
vn 0.761758 -0.647845 -0.004646
vn 0.757276 -0.653062 -0.006471
vn 0.761758 -0.647845 -0.004650
vn 0.761758 -0.647845 -0.004648
vn 0.488000 -0.872829 0.005017
vn 0.493141 -0.869924 0.006582
vn 0.493141 -0.869924 0.006582
vn 0.761757 -0.647846 -0.004627
vn 0.761758 -0.647845 -0.004649
vn 0.634462 -0.772954 0.000898
vn 0.378427 -0.925631 -0.001065
vn 0.247768 -0.968775 -0.009293
vn 0.247769 -0.968775 -0.009293
vn 0.247768 -0.968775 -0.009299
vn 0.247768 -0.968775 -0.009297
vn 0.247772 -0.968774 -0.009268
vn 0.247769 -0.968775 -0.009293
vn 0.083518 -0.996506 -0.001149
vn -0.199875 0.979821 0.001113
vn -0.332171 0.943178 0.008833
vn -0.332171 0.943178 0.008833
vn -0.483805 0.875175 0.000993
vn -0.710146 0.704054 0.001047
vn -0.332171 0.943178 0.008833
vn -0.073272 0.997293 -0.006096
vn -0.114461 0.993416 0.004723
vn -0.121172 0.992610 0.006491
vn -0.614538 0.788859 -0.006616
vn -0.646633 0.762789 0.004360
vn -0.888690 0.458507 0.001149
vn -0.981672 0.190574 0.001065
vn -0.998497 0.054010 0.009293
vn -0.998497 0.054009 0.009293
vn -0.949416 0.313952 -0.006582
vn -0.962570 0.270982 0.005329
vn -0.998497 0.054011 0.009293
vn -0.073272 0.997293 -0.006096
vn -0.077843 0.996954 -0.004898
vn -0.121165 0.992611 0.006488
vn -0.618430 0.785822 -0.005306
vn 0.002289 0.999997 -0.000926
vn -0.270363 0.962758 -0.000617
vn -0.544855 0.838530 -0.000917
vn -0.650739 0.759279 0.005793
vn -0.762724 0.646723 -0.001487
vn -0.963833 0.266426 0.006582
vn -0.949416 0.313952 -0.006582
vn -0.951486 0.307655 -0.004826
vn -0.963833 0.266426 0.006582
vn -0.860225 0.509830 -0.009293
vn -0.860238 0.509808 -0.009293
vn -0.860226 0.509828 -0.009292
vn -0.860223 0.509833 -0.009328
vn -0.860229 0.509823 -0.009254
vn -0.860228 0.509825 -0.009272
vn -0.922108 0.386932 -0.001064
vn -0.993652 0.112496 -0.001149
vn 0.004603 -0.999989 0.001065
vn -0.276321 -0.961065 0.001149
vn -0.432006 -0.901823 0.009293
vn -0.432006 -0.901823 0.009293
vn -0.551737 -0.834018 0.001065
vn -0.122698 -0.992422 -0.006582
vn -0.122697 -0.992422 -0.006582
vn -0.078330 -0.996914 0.005238
vn -0.432006 -0.901823 0.009293
vn -0.623791 -0.781582 0.003614
vn -0.653379 -0.757002 -0.006582
vn -0.993652 -0.112496 0.001149
vn -0.860226 -0.509828 0.009292
vn -0.860226 -0.509828 0.009293
vn -0.922108 -0.386932 0.001064
vn -0.963833 -0.266426 -0.006582
vn -0.954382 -0.298579 0.002301
vn -0.860226 -0.509828 0.009293
vn -0.763692 -0.645580 0.001149
vn -0.115755 -0.993266 -0.004729
vn -0.073272 -0.997290 0.006582
vn -0.649583 -0.760273 -0.005254
vn -0.614988 -0.788509 0.006582
vn -0.073272 -0.997290 0.006582
vn -0.199603 -0.979876 -0.001064
vn -0.484186 -0.874964 -0.001149
vn -0.710354 -0.703844 -0.001064
vn -0.949416 -0.313952 0.006582
vn -0.957769 -0.287539 -0.000760
vn -0.998497 -0.054009 -0.009293
vn -0.998497 -0.054010 -0.009292
vn -0.998497 -0.054009 -0.009293
vn -0.998498 -0.054006 -0.009259
vn -0.998494 -0.054033 -0.009534
vn -0.998497 -0.054009 -0.009294
vn -0.981672 -0.190574 -0.001065
vn -0.888690 -0.458507 -0.001149
vn 0.307008 -0.951134 0.033008
vn 0.269171 -0.963067 0.007037
vn 0.248424 -0.968626 -0.007036
vn 0.209691 -0.977210 -0.033007
vn -0.045384 0.997520 0.053806
vn -0.031406 0.999213 0.024232
vn -0.050312 0.996665 0.064245
vn -0.036550 0.998715 0.035109
vn -0.718395 0.695635 -0.000596
vn -0.732511 0.680676 0.010354
vn -0.689488 0.723959 -0.022136
vn -0.703178 0.710911 -0.012075
vn -0.999950 -0.001766 0.009867
vn -0.999980 -0.005580 0.002923
vn -0.999939 -0.009864 -0.004877
vn -0.999837 -0.013658 -0.011786
vn -0.787928 -0.615756 -0.003749
vn -0.957158 -0.289543 -0.003749
vn -0.512284 -0.858808 -0.003749
vn -0.168706 -0.985650 -0.005714
vn -0.807877 -0.589339 0.003749
vn -0.966217 -0.257704 0.003749
vn -0.540429 -0.841381 0.003749
vn -0.212018 -0.977260 0.003407
vn -0.997118 0.075774 -0.003749
vn -0.902412 0.430858 -0.003749
vn -0.695202 0.718797 -0.005022
vn -0.462452 0.886640 -0.002854
vn -0.262419 0.964954 0.000000
vn 0.001966 0.999996 -0.001966
vn -0.994064 0.108736 0.003749
vn -0.895142 0.445781 -0.000873
vn -0.749555 0.661942 -0.000208
vn -0.600969 0.799268 0.002614
vn -0.445738 0.895163 0.000000
vn -0.254829 0.966985 0.001688
vn 0.183006 -0.983104 -0.003983
vn 0.452203 -0.891913 -0.001618
vn 0.693223 -0.720703 -0.005340
vn 0.902336 -0.430964 -0.007741
vn 0.995656 -0.093019 -0.003983
vn 0.070705 -0.997489 0.003972
vn 0.277181 -0.960817 0.000549
vn 0.454567 -0.890710 -0.002170
vn 0.667014 -0.745044 0.001365
vn 0.839267 -0.543707 0.003721
vn 0.933788 -0.357827 0.000549
vn 0.982292 -0.187354 0.000114
vn 0.999993 0.003660 0.000549
vn 0.345756 0.938317 -0.003749
vn 0.981498 0.191467 -0.001690
vn 0.881932 0.471364 -0.003407
vn 0.661367 0.750053 -0.003749
vn 0.028837 0.999578 0.003407
vn 0.376623 0.926359 0.003749
vn 0.981063 0.193677 -0.002170
vn 0.894283 0.447497 0.001966
vn 0.685830 0.727752 0.003749
vn 0.000000 0.000000 -1.000000
vn 0.000000 0.000000 -1.000000
vn 0.000000 0.000000 -1.000000
vn 0.000000 0.000000 -1.000000
vn 0.000000 0.000000 -1.000000
vn 0.000000 0.000000 -1.000000
vn 0.000000 0.000000 -1.000000
vn 0.000020 0.000019 -1.000000
vn 0.000001 0.000002 -1.000000
vn -0.000000 0.000000 -1.000000
vn 0.000000 0.000000 -1.000000
vn 0.000000 0.000000 -1.000000
vn -0.000000 -0.000002 -1.000000
vn -0.000000 0.000000 -1.000000
vn 0.000001 0.000001 -1.000000
vn -0.001554 -0.000933 -0.999998
vn -0.003060 -0.002719 -0.999992
vn -0.004707 0.002315 -0.999986
vn -0.000772 -0.005628 -0.999984
vn -0.000771 -0.005641 -0.999984
vn -0.000552 -0.005325 -0.999986
vn 0.000000 0.000000 -1.000000
vn 0.000000 0.000000 -1.000000
vn 0.000000 0.000000 -1.000000
vn 0.000000 0.000000 -1.000000
vn 0.000000 0.000000 -1.000000
vn 0.000000 0.000000 -1.000000
vn 0.000000 0.000000 -1.000000
vn 0.000000 0.000000 -1.000000
vn 0.000000 0.000000 -1.000000
vn 0.000000 0.000000 -1.000000
vn 0.000000 0.000000 -1.000000
vn 0.000000 0.000000 -1.000000
vn 0.000000 0.000000 -1.000000
vn 0.000000 0.000000 -1.000000
vn 0.000335 -0.003950 -0.999992
vn 0.000589 -0.003669 -0.999993
vn 0.000588 -0.003669 -0.999993
vn 0.000447 -0.003482 -0.999994
vn 0.000420 -0.003442 -0.999994
vn 0.002154 -0.001713 -0.999996
vn 0.001098 -0.000814 -0.999999
vn 0.002818 0.000853 -0.999996
vn 0.000000 0.000000 -1.000000
vn 0.000000 0.000000 -1.000000
vn 0.000000 0.000000 -1.000000
vn 0.000000 0.000000 -1.000000
vn 0.000000 0.000000 -1.000000
vn 0.000000 0.000000 -1.000000
vn 0.000000 0.000000 -1.000000
vn 0.000000 0.000000 -1.000000
vn 0.000000 0.000000 -1.000000
vn 0.000000 0.000000 -1.000000
vn 0.000000 0.000000 -1.000000
vn 0.000000 0.000000 -1.000000
vn 0.000000 0.000000 -1.000000
vn 0.000000 0.000000 -1.000000
vn 0.000000 0.000000 -1.000000
vn 0.000000 0.000000 -1.000000
vn 0.000000 0.000000 -1.000000
vn 0.000000 0.000000 -1.000000
vn 0.000000 0.000000 -1.000000
vn 0.000000 0.000000 -1.000000
vn 0.000000 0.000000 -1.000000
vn 0.000000 0.000000 -1.000000
vn 0.000000 0.000000 -1.000000
vn 0.000000 0.000000 -1.000000
vn 0.000000 0.000000 -1.000000
vn 0.000000 0.000000 1.000000
vn 0.000000 0.000000 1.000000
vn 0.000000 0.000000 1.000000
vn 0.000000 0.000000 1.000000
vn 0.000000 0.000000 1.000000
vn 0.000000 0.000000 1.000000
vn 0.000000 0.000000 1.000000
vn 0.000000 0.000000 1.000000
vn 0.000000 0.000000 1.000000
vn 0.000000 0.000000 1.000000
vn 0.000000 0.000000 1.000000
vn 0.000000 0.000000 1.000000
vn 0.000000 0.000000 1.000000
vn 0.000847 0.000610 0.999999
vn 0.000000 0.000000 1.000000
vn 0.000000 0.000000 1.000000
vn 0.003485 -0.056262 0.998410
vn 0.005863 -0.213706 0.976881
vn 0.000000 0.000000 1.000000
vn 0.000000 0.000000 1.000000
vn 0.000000 0.000000 1.000000
vn 0.000000 0.000000 1.000000
vn 0.000000 0.000000 1.000000
vn 0.000000 0.000000 1.000000
vn 0.000000 0.000000 1.000000
vn 0.000000 0.000000 1.000000
vn 0.000000 0.000000 1.000000
vn 0.000000 0.000000 1.000000
vn 0.000000 0.000000 1.000000
vn 0.000000 0.000000 1.000000
vn 0.000000 0.000000 1.000000
vn 0.000000 0.000000 1.000000
vn 0.000000 0.000000 1.000000
vn 0.000000 0.000000 1.000000
vn 0.000000 0.000000 1.000000
vn 0.000000 0.000000 1.000000
vn 0.000000 0.000000 1.000000
vn 0.000000 0.000000 1.000000
vn -0.001010 0.003130 0.999995
vn 0.000000 0.000000 1.000000
vn -0.013098 -0.177304 0.984069
vn -0.026076 -0.518148 0.854894
vn -0.003154 0.001953 0.999993
vn 0.000000 0.000000 1.000000
vn -0.000001 -0.000002 1.000000
vn 0.000000 0.000000 1.000000
vn -0.000002 0.000005 1.000000
vn -0.000002 0.000002 1.000000
vn 0.000000 0.000000 1.000000
vn 0.000000 0.000000 1.000000
vn 0.000000 0.000000 1.000000
vn 0.000000 0.000000 1.000000
vn -0.000002 0.000001 1.000000
vn -0.000001 0.000001 1.000000
vn 0.000002 0.000001 1.000000
vn 0.000000 0.000000 1.000000
vn 0.000000 0.000000 1.000000
vn 0.000000 0.000000 1.000000
vn 0.000000 0.000000 1.000000
vn 0.000000 0.000000 1.000000
vn 0.000000 0.000000 1.000000
vn 0.000000 0.000000 1.000000
vn 0.000000 0.000000 1.000000
vn 0.000000 0.000000 1.000000
vn 0.000000 0.000000 1.000000
vn 0.000000 0.000000 1.000000
vn 0.000000 0.000000 1.000000
vn 0.000000 0.000000 1.000000
vn 0.000000 0.000000 1.000000
vn 0.000000 0.000000 1.000000
vn 0.000000 0.000000 1.000000
vn 0.000000 0.000000 1.000000
vn 0.000000 0.000000 1.000000
vn 0.000000 0.000000 1.000000
vn 0.000000 0.000000 1.000000
vn 0.000000 0.000000 1.000000
vn 0.000000 0.000000 1.000000
vn 0.000000 0.000000 1.000000
vn 0.000000 0.000000 1.000000
vn 0.000000 0.000000 1.000000
vn 0.905608 0.423119 0.029065
vn 0.819235 0.572720 -0.029064
vn 0.740006 0.668903 -0.070424
vn 0.949290 0.306413 0.070424
vn 0.209283 0.975316 0.070424
vn 0.086373 0.995839 0.029065
vn -0.086372 0.995839 -0.029064
vn -0.209283 0.975316 -0.070424
vn -0.740007 0.668902 0.070424
vn -0.819235 0.572720 0.029065
vn -0.905608 0.423120 -0.029064
vn -0.949290 0.306414 -0.070424
vn 0.951352 0.307078 0.025154
vn 0.960905 0.276722 0.009282
vn 0.970530 0.240803 -0.009282
vn 0.977434 0.209738 -0.025154
vn 0.240806 0.970529 0.009282
vn 0.209740 0.977434 0.025155
vn 0.307080 0.951351 -0.025154
vn 0.276724 0.960905 -0.009282
vn -0.720100 0.693808 0.009282
vn -0.741613 0.670356 0.025155
vn -0.670355 0.741614 -0.025154
vn -0.693806 0.720102 -0.009282
vn -0.960905 -0.276721 0.009282
vn -0.951352 -0.307077 0.025154
vn -0.977434 -0.209737 -0.025154
vn -0.970530 -0.240803 -0.009282
vn 0.741614 -0.670355 0.025155
vn 0.720101 -0.693807 0.009282
vn 0.693807 -0.720101 -0.009282
vn 0.670355 -0.741614 -0.025154
vn -0.209738 -0.977434 0.025154
vn -0.240803 -0.970530 0.009282
vn -0.276722 -0.960905 -0.009282
vn -0.307078 -0.951352 -0.025154
vn 0.999364 0.011602 -0.033727
vn 0.989009 0.146592 0.019276
vn 0.531700 0.846777 -0.016236
vn 0.455239 0.890360 -0.004169
vn 0.468158 0.883168 -0.029019
vn 0.787047 0.613269 -0.066774
vn 0.911925 0.409612 0.024731
vn 0.650294 0.759682 0.000937
vn 0.960360 0.278096 -0.019275
vn 0.925638 -0.377919 -0.019275
vn 0.966930 -0.254359 0.018680
vn 0.799986 -0.599883 -0.012750
vn 0.753088 -0.657916 -0.002379
vn 0.478323 -0.878183 -0.001219
vn 0.158679 -0.986645 -0.036785
vn 0.406790 -0.913375 -0.016366
vn -0.481116 0.876523 0.015360
vn -0.476877 0.878961 0.003963
vn -0.670455 0.741765 -0.016561
vn -0.828848 0.559142 -0.019276
vn -0.619228 0.785211 -0.001112
vn -0.894524 0.446630 0.018679
vn -0.981019 0.193260 -0.015902
vn -0.996939 0.077891 0.006729
vn -0.966871 -0.254678 0.017295
vn -0.919255 -0.392543 0.029655
vn -0.753088 -0.657916 0.002379
vn -0.799986 -0.599883 0.012750
vn -0.170847 -0.984851 -0.029655
vn -0.400042 -0.916408 -0.012750
vn -0.025729 -0.999519 -0.017295
vn -0.467297 -0.884097 -0.002379
vn -0.995523 -0.078972 0.051928
vn 0.094395 0.995377 0.017705
vn 0.065193 0.997873 0.000222
vn 0.050857 0.998671 -0.008343
vn 0.065884 0.997827 0.000633
vn 0.050866 0.998671 -0.008342
vn 0.999827 0.018350 -0.003169
vn 0.999761 0.021733 0.002437
vn 0.999797 0.020154 -0.000179
vn 0.999709 0.023508 0.005378
vn -0.979724 0.199025 -0.023007
vn -0.991021 0.133667 0.003268
vn -0.998607 0.025801 0.046017
vn -0.999692 0.006253 0.024021
vn -0.979736 0.198966 -0.023006
vn -0.998900 0.045582 0.010998
vn -0.999884 -0.000935 0.015201
vn -0.999913 -0.009769 0.008831
vn -0.999839 0.003994 0.017511
vn -0.031295 0.338207 -0.940551
vn -0.029045 0.329666 -0.943651
vn -0.028367 0.707240 -0.706404
vn -0.009982 0.987616 -0.156575
vn 0.000000 1.000000 0.000000
vn -0.000916 0.221301 -0.975205
vn 0.009546 0.488318 -0.872613
vn 0.019035 0.927367 -0.373669
vn 0.010640 0.999808 -0.016459
vn 0.014656 -0.999520 0.027277
vn 0.009108 -0.999775 0.019157
vn 0.005883 -0.999878 0.014436
vn 0.000007 -0.999983 0.005834
vn -0.000747 0.002440 0.999997
vn -0.001203 0.003930 0.999992
vn 0.001203 -0.003930 0.999992
vn 0.000747 -0.002440 0.999997
vn -0.048528 -0.998807 -0.005369
vn -0.051079 -0.998633 -0.011088
vn -0.049457 -0.998748 -0.007450
vn -0.051975 -0.998562 -0.013097
vn -0.983271 0.181930 -0.008928
vn -0.952521 0.304376 0.007722
vn -0.982633 0.185535 0.003131
vn -0.929154 0.369683 -0.002533
vn -0.794970 0.606649 0.000414
vn -0.512387 0.858754 -0.000327
vn -0.751444 0.659796 0.001531
vn -0.450873 0.892587 -0.001578
vn -0.152732 0.988226 0.009067
vn -0.157504 0.987377 0.016718
vn 0.149304 0.988617 -0.018594
vn 0.151825 0.988357 -0.010006
vn 0.977359 0.208680 -0.034953
vn 0.930553 0.366093 0.006882
vn 0.979566 0.200518 -0.015571
vn 0.966212 0.254237 -0.042392
vn 0.440385 0.897798 0.004368
vn 0.857836 0.513004 0.030718
vn 0.683944 0.729138 0.024065
vn 0.502176 0.864695 0.011040
vn 0.780997 0.624533 -0.001446
vn 0.887282 0.460234 -0.030235
vn -0.680574 -0.732415 0.019655
vn -0.691508 -0.722275 0.011665
vn -0.704003 -0.710193 0.002348
vn -0.715286 -0.698804 -0.006247
vn 0.208910 0.973573 0.092266
vn 0.055618 0.998150 0.024564
vn -0.055619 0.998150 -0.024565
vn -0.208911 0.973572 -0.092267
vn 0.892231 0.450910 0.024564
vn 0.738683 0.667709 -0.092267
vn 0.947593 0.305867 0.092267
vn 0.836613 0.547243 -0.024565
vn 0.862278 -0.506425 0.003285
vn 0.789029 -0.611455 0.059633
vn 0.947593 -0.305867 -0.092267
vn 0.910935 -0.410168 -0.044277
vn 0.189343 -0.980810 -0.046495
vn 0.197362 -0.979465 -0.041192
vn 0.203489 -0.978373 -0.037129
vn 0.209690 -0.977211 -0.033007
vn -0.738683 0.667709 0.092267
vn -0.869715 0.493543 -0.003285
vn -0.810681 0.583811 0.044278
vn -0.924050 0.377592 -0.059633
vn -0.978636 -0.205435 0.008270
vn -0.981872 -0.189548 0.000000
vn -0.965292 -0.258650 0.036211
vn -0.970915 -0.238076 0.025364
vn -0.612304 -0.790125 0.028042
vn -0.625395 -0.780061 0.019634
vn -0.655089 -0.755551 0.000000
vn -0.641306 -0.767230 0.009215
vn 0.949290 -0.306413 -0.070424
vn 0.819235 -0.572720 0.029064
vn 0.740006 -0.668903 0.070424
vn 0.905608 -0.423119 -0.029065
vn -0.086372 -0.995839 0.029064
vn -0.209283 -0.975316 0.070424
vn 0.209283 -0.975316 -0.070424
vn 0.086373 -0.995839 -0.029065
vn -0.949290 -0.306414 0.070424
vn -0.905608 -0.423120 0.029064
vn -0.740007 -0.668902 -0.070424
vn -0.819235 -0.572720 -0.029065
vn 0.726905 0.686591 -0.014231
vn 0.670355 0.741614 0.025154
vn 0.770744 0.635350 -0.047794
vn 0.809943 0.580909 -0.080850
vn -0.276722 0.960905 0.009282
vn -0.307078 0.951352 0.025154
vn -0.209738 0.977434 -0.025154
vn -0.240803 0.970530 -0.009282
vn -0.985159 0.164857 0.047794
vn -0.991886 0.098110 0.080849
vn -0.951352 0.307077 -0.025154
vn -0.972814 0.231152 0.014231
vn 0.676089 0.734157 0.062582
vn 0.967310 0.251511 0.032441
vn 0.055618 0.998150 0.024564
vn 0.884361 0.466260 -0.022503
vn 0.990420 0.135208 -0.028041
vn 0.257690 0.965358 -0.040996
vn -0.208910 0.973573 -0.092267
vn 0.741443 -0.670204 0.033008
vn 0.699454 -0.714643 -0.007036
vn 0.714641 -0.699456 0.007037
vn 0.670201 -0.741445 -0.033007
vn -0.738684 0.667707 0.092267
vn -0.836614 0.547242 0.024564
vn -0.892232 0.450909 -0.024564
vn -0.947593 0.305867 -0.092267
vn -0.947593 -0.305867 0.092267
vn -0.862277 -0.506426 -0.003285
vn -0.910934 -0.410168 0.044277
vn -0.789028 -0.611456 -0.059633
vn -0.209691 -0.977210 0.033007
vn -0.203489 -0.978373 0.037129
vn -0.197362 -0.979465 0.041192
vn -0.189343 -0.980810 0.046495
vn 0.583810 0.810682 0.044278
vn 0.942837 0.328889 0.053769
vn 0.895234 -0.444649 0.029023
vn 0.444083 -0.895961 -0.006666
vn 0.231897 -0.972571 -0.018166
vn 0.725589 0.687587 -0.027297
vn 0.998830 -0.031898 -0.036353
vn 0.377592 0.924050 -0.059633
vn 0.668451 -0.743720 -0.007329
vn 0.326429 -0.944077 0.046495
vn -0.231897 0.972571 -0.018167
vn -0.189344 0.980809 -0.046496
vn -0.326430 0.944077 0.046495
vn -0.285458 0.958219 0.018166
vn -0.789028 0.611456 0.059633
vn -0.840470 0.541432 0.021490
vn -0.889128 0.457153 -0.021491
vn -0.924050 0.377591 -0.059634
vn -0.972571 -0.231896 -0.018166
vn -0.980810 -0.189342 -0.046496
vn -0.944078 -0.326428 0.046496
vn -0.958220 -0.285456 0.018166
vn 0.990074 0.130407 0.052416
vn 0.864131 0.502852 -0.020443
vn 0.993339 0.109518 0.035834
vn 0.677271 0.734209 -0.047338
vn 0.999612 -0.014027 0.024077
vn 0.999741 -0.021887 0.006309
vn -0.611454 -0.789029 0.059633
vn -0.541431 -0.840471 0.021490
vn -0.377593 -0.924050 -0.059633
vn -0.457154 -0.889128 -0.021490
vn 0.838635 0.544552 -0.012441
vn 0.822331 0.568284 -0.028728
vn 0.866912 0.498124 0.018343
vn 0.852229 0.523165 0.001909
vn 0.063706 0.996774 0.048815
vn 0.054148 0.998033 0.031600
vn 0.059556 0.997369 0.041337
vn 0.049782 0.998478 0.023743
vn 0.998404 0.041884 0.037889
vn 0.998405 0.041892 0.037853
vn 0.999715 0.017352 0.016407
vn 0.999801 0.014841 0.013326
vn 0.999988 0.000913 0.004874
vn 0.999854 -0.003990 0.016595
vn 0.999978 0.002169 0.006198
vn 0.999878 -0.001650 0.015543
vn 0.125200 0.991464 -0.036379
vn 0.200120 0.976482 -0.080224
vn -0.027106 0.998284 0.051915
vn 0.200070 0.976492 -0.080227
vn 0.122158 0.991907 -0.034619
vn -0.999319 0.031675 -0.018917
vn -0.999709 0.023508 -0.005378
vn -0.999029 0.035775 -0.025717
vn -0.999539 0.027732 -0.012379
vn 0.951352 0.307077 0.025154
vn 0.960905 0.276721 0.009282
vn 0.970530 0.240803 -0.009282
vn 0.977434 0.209737 -0.025154
vn 0.240806 0.970529 0.009282
vn 0.209740 0.977434 0.025155
vn 0.307080 0.951351 -0.025154
vn 0.276724 0.960905 -0.009282
vn -0.720101 0.693808 0.009282
vn -0.741613 0.670356 0.025155
vn -0.670355 0.741614 -0.025154
vn -0.693806 0.720102 -0.009282
vn -0.960905 -0.276722 0.009282
vn -0.951352 -0.307078 0.025154
vn -0.977434 -0.209739 -0.025154
vn -0.970529 -0.240804 -0.009282
vn 0.741613 -0.670356 0.025155
vn 0.720101 -0.693807 0.009282
vn 0.693806 -0.720102 -0.009282
vn 0.670355 -0.741614 -0.025154
vn -0.209738 -0.977434 0.025154
vn -0.240804 -0.970529 0.009282
vn -0.276722 -0.960905 -0.009282
vn -0.307078 -0.951352 -0.025154
vn 0.674724 0.736401 0.049616
vn 0.208898 0.973519 0.092855
vn 0.780044 0.623683 -0.050510
vn 0.553828 0.831515 -0.043091
vn 0.949290 0.306414 0.070424
vn -0.651637 0.752154 -0.098154
vn -0.651941 0.751920 -0.097920
vn -0.651218 0.752474 -0.098477
vn -0.651394 0.752340 -0.098342
vn 0.670201 0.741445 0.033007
vn 0.714641 0.699456 -0.007037
vn 0.699454 0.714643 0.007036
vn 0.741443 0.670204 -0.033008
vn 0.065956 -0.997788 -0.008252
vn 0.056497 -0.998351 0.010199
vn 0.070013 -0.997415 -0.016180
vn 0.060828 -0.998147 0.001757
vn 0.702039 -0.710328 -0.050743
vn 0.747408 -0.664188 -0.015322
vn 0.783959 -0.620609 0.015908
vn 0.821582 -0.567767 0.051411
vn 1.000000 0.000000 0.000000
vn 1.000000 0.000000 0.000000
vn 1.000000 0.000000 0.000000
vn 1.000000 0.000000 0.000000
vn 0.000000 0.000000 1.000000
vn 0.000000 0.000000 1.000000
vn 0.000000 0.000000 1.000000
vn 0.000000 0.000000 1.000000
vn 0.000000 0.000000 1.000000
vn 0.000000 0.000000 1.000000
vn -1.000000 0.000000 0.000000
vn -1.000000 0.000000 0.000000
vn -1.000000 0.000000 0.000000
vn -1.000000 0.000000 0.000000
vn 0.000000 -1.000000 0.000000
vn 0.000000 -1.000000 0.000000
vn 0.000000 -1.000000 0.000000
vn 0.000000 -1.000000 0.000000
vn -0.251512 0.967310 0.032441
vn -0.734157 0.676090 0.062582
vn -0.135209 0.990420 -0.028041
vn -0.466260 0.884361 -0.022503
vn -0.998150 0.055619 0.024564
vn -0.973572 -0.208911 -0.092267
vn -0.965358 0.257689 -0.040996
vn 0.000000 1.000000 0.000000
vn 0.000000 1.000000 0.000000
vn 0.000000 1.000000 0.000000
vn 0.000000 1.000000 0.000000
vn 0.000000 -1.000000 0.000000
vn 0.000000 -1.000000 0.000000
vn 0.000000 -1.000000 0.000000
vn 0.000000 -1.000000 0.000000
vn -1.000000 0.000000 0.000000
vn -1.000000 0.000000 0.000000
vn -1.000000 0.000000 0.000000
vn -1.000000 0.000000 0.000000
vn 0.977211 -0.209690 0.033007
vn 0.978373 -0.203489 0.037129
vn 0.979465 -0.197362 0.041192
vn 0.980810 -0.189343 0.046495
vn 0.410166 -0.910935 0.044277
vn 0.305865 -0.947593 0.092266
vn 0.611454 -0.789029 -0.059633
vn 0.506424 -0.862278 -0.003285
vn -0.547242 -0.836614 0.024565
vn -0.667707 -0.738684 0.092267
vn -0.305865 -0.947593 -0.092266
vn -0.450908 -0.892232 -0.024564
vn 0.693806 0.720102 0.009282
vn 0.670355 0.741614 0.025154
vn 0.741613 0.670356 -0.025155
vn 0.720101 0.693807 -0.009282
vn -0.276722 0.960905 0.009282
vn -0.307078 0.951352 0.025154
vn -0.209738 0.977434 -0.025154
vn -0.240804 0.970529 -0.009282
vn -0.970529 0.240804 0.009282
vn -0.977434 0.209739 0.025154
vn -0.951352 0.307078 -0.025154
vn -0.960905 0.276722 -0.009282
vn 0.977434 -0.209737 0.025154
vn 0.970530 -0.240803 0.009282
vn 0.960905 -0.276721 -0.009282
vn 0.951352 -0.307077 -0.025154
vn 0.307080 -0.951351 0.025154
vn 0.276724 -0.960905 0.009282
vn 0.240806 -0.970529 -0.009282
vn 0.209740 -0.977434 -0.025155
vn -0.670355 -0.741614 0.025154
vn -0.693806 -0.720102 0.009282
vn -0.720101 -0.693808 -0.009282
vn -0.741613 -0.670356 -0.025155
vn 0.949290 -0.306414 -0.070424
vn 0.780044 -0.623683 0.050510
vn 0.553828 -0.831515 0.043091
vn 0.674724 -0.736401 -0.049616
vn 0.208898 -0.973519 -0.092855
vn -0.809944 -0.580908 -0.080850
vn -0.580909 -0.809943 0.080850
vn -0.675912 -0.736670 0.021448
vn -0.736670 -0.675912 -0.021448
vn -0.845768 0.529477 -0.065813
vn -0.845768 0.529477 -0.065813
vn -0.845768 0.529477 -0.065813
vn 0.949207 -0.294927 0.109651
vn 0.949207 -0.294927 0.109651
vn 0.949207 -0.294927 0.109651
vn 0.645782 -0.746192 -0.161747
vn 0.645782 -0.746192 -0.161747
vn 0.645782 -0.746192 -0.161747
vn -0.186168 -0.969113 0.161748
vn -0.186168 -0.969113 0.161748
vn -0.186168 -0.969113 0.161748
vn -0.674575 -0.730017 -0.109651
vn -0.674575 -0.730017 -0.109651
vn -0.674575 -0.730017 -0.109651
vn -0.987787 0.134848 0.078062
vn -0.987787 0.134848 0.078062
vn -0.987787 0.134848 0.078062
f 2/1/2 5/2/5 6/3/6
f 1/4/1 3/5/3 4/6/4
f 2/1/2 4/6/4 5/2/5
f 9/7/9 6/3/6 8/8/8
f 1/4/1 21/9/21 38/10/38
f 1/4/1 4/6/4 2/1/2
f 9/7/9 43/11/43 47/12/47
f 10/13/10 12/14/12 82/15/82
f 9/7/9 47/12/47 11/16/11
f 7/17/7 15/18/15 42/19/42
f 14/20/14 3/5/3 38/10/38
f 7/17/7 43/11/43 8/8/8
f 1/4/1 38/10/38 3/5/3
f 9/7/9 8/8/8 43/11/43
f 2/1/2 6/3/6 9/7/9
f 45/21/45 44/22/44 42/19/42
f 45/21/45 38/10/38 40/23/40
f 47/12/47 16/24/16 11/16/11
f 169/25/169 179/26/179 189/27/189
f 51/28/51 37/29/37 32/30/32
f 187/31/187 182/32/182 188/33/188
f 188/33/188 168/34/168 189/27/189
f 187/31/187 181/35/181 182/32/182
f 187/31/187 167/36/167 181/35/181
f 160/37/160 187/31/187 184/38/184
f 160/37/160 184/38/184 183/39/183
f 22/40/22 23/41/23 21/42/21
f 17/43/17 18/44/18 20/45/20
f 10/13/10 81/46/81 80/47/80
f 82/15/82 12/14/12 16/24/16
f 47/12/47 82/15/82 16/24/16
f 45/21/45 42/19/42 15/18/15
f 45/21/45 14/20/14 38/10/38
f 45/21/45 15/18/15 14/20/14
f 7/17/7 42/19/42 43/11/43
f 21/9/21 39/48/39 38/10/38
f 29/49/29 128/50/128 51/28/51
f 51/28/51 36/51/36 37/29/37
f 48/52/48 39/48/39 35/53/35
f 48/54/48 34/55/34 49/56/49
f 49/56/49 34/55/34 33/57/33
f 39/48/39 24/58/24 35/53/35
f 48/54/48 35/59/35 34/55/34
f 49/56/49 19/60/19 50/61/50
f 47/12/47 43/11/43 46/62/46
f 176/63/176 177/64/177 171/65/171
f 176/63/176 171/65/171 174/66/174
f 175/67/175 176/63/176 170/68/170
f 187/31/187 186/69/186 184/38/184
f 179/70/179 158/71/158 173/72/173
f 178/73/178 180/74/180 157/75/157
f 149/76/149 180/74/180 173/72/173
f 176/63/176 174/66/174 170/68/170
f 177/64/177 156/77/156 171/65/171
f 148/78/148 177/64/177 178/73/178
f 179/70/179 173/72/173 180/74/180
f 48/52/48 41/79/41 39/48/39
f 50/61/50 36/51/36 51/28/51
f 177/64/177 155/80/155 156/77/156
f 188/33/188 163/81/163 168/34/168
f 162/82/162 182/32/182 166/83/166
f 161/84/161 163/81/163 188/33/188
f 169/25/169 189/27/189 165/85/165
f 162/82/162 161/84/161 188/33/188
f 160/37/160 167/36/167 187/31/187
f 160/37/160 166/83/166 167/36/167
f 117/86/117 183/39/183 120/87/120
f 117/86/117 160/37/160 183/39/183
f 161/84/161 164/88/164 163/81/163
f 160/37/160 162/82/162 166/83/166
f 148/78/148 178/73/178 151/89/151
f 150/90/150 158/71/158 179/70/179
f 149/76/149 173/72/173 172/91/172
f 180/74/180 152/92/152 157/75/157
f 178/73/178 157/75/157 151/89/151
f 162/82/162 188/33/188 182/32/182
f 189/27/189 168/34/168 165/85/165
f 147/93/147 177/64/177 148/78/148
f 145/94/145 170/68/170 154/95/154
f 147/93/147 154/95/154 155/80/155
f 148/78/148 151/89/151 149/76/149
f 149/76/149 159/96/159 150/90/150
f 149/76/149 153/97/153 152/92/152
f 149/76/149 151/89/151 153/97/153
f 161/84/161 165/85/165 164/88/164
f 161/84/161 169/25/169 165/85/165
f 146/98/146 154/95/154 147/93/147
f 145/94/145 154/95/154 146/98/146
f 149/76/149 172/91/172 159/96/159
f 150/90/150 159/96/159 158/71/158
f 150/90/150 179/70/179 169/99/169
f 149/76/149 152/92/152 180/74/180
f 147/93/147 155/80/155 177/64/177
f 145/94/145 175/67/175 170/68/170
f 144/100/144 183/39/183 185/101/185
f 143/102/143 138/103/138 144/100/144
f 143/102/143 140/104/140 135/105/135
f 144/100/144 138/103/138 137/106/137
f 144/100/144 123/107/123 183/39/183
f 143/102/143 135/105/135 138/103/138
f 140/104/140 122/108/122 135/105/135
f 115/109/115 140/104/140 139/110/139
f 140/104/140 121/111/121 122/108/122
f 114/112/114 139/110/139 134/113/134
f 143/102/143 142/114/142 140/104/140
f 134/113/134 139/110/139 141/115/141
f 131/116/131 132/117/132 133/118/133
f 133/118/133 132/117/132 127/119/127
f 131/116/131 112/120/112 132/117/132
f 113/121/113 134/113/134 133/122/133
f 105/123/105 131/116/131 130/124/130
f 129/125/129 107/126/107 130/124/130
f 128/50/128 110/127/110 126/128/126
f 101/129/101 129/125/129 126/128/126
f 144/100/144 118/130/118 123/107/123
f 123/107/123 120/87/120 183/39/183
f 116/131/116 144/100/144 137/106/137
f 116/131/116 137/106/137 136/132/136
f 54/133/54 58/134/58 85/135/85
f 54/133/54 85/135/85 55/136/55
f 53/137/53 84/138/84 56/139/56
f 52/140/52 60/141/60 83/142/83
f 52/140/52 83/142/83 53/137/53
f 10/13/10 80/47/80 59/143/59
f 116/131/116 119/144/119 118/130/118
f 116/131/116 117/86/117 119/144/119
f 115/109/115 116/131/116 121/111/121
f 128/50/128 126/128/126 129/125/129
f 113/145/113 133/118/133 127/119/127
f 106/146/106 112/120/112 131/116/131
f 113/145/113 127/119/127 111/147/111
f 106/146/106 111/147/111 112/120/112
f 105/123/105 106/146/106 131/116/131
f 105/123/105 130/124/130 104/148/104
f 130/124/130 107/126/107 104/148/104
f 129/125/129 102/149/102 107/126/107
f 101/129/101 126/128/126 125/150/125
f 116/131/116 118/130/118 144/100/144
f 116/131/116 136/132/136 121/111/121
f 115/109/115 121/111/121 140/104/140
f 114/112/114 115/109/115 139/110/139
f 113/121/113 114/112/114 134/113/134
f 117/86/117 120/87/120 119/144/119
f 52/140/52 59/143/59 60/141/60
f 54/133/54 57/151/57 58/134/58
f 54/133/54 56/139/56 57/151/57
f 53/137/53 56/139/56 54/133/54
f 10/13/10 59/143/59 52/140/52
f 63/152/63 65/153/65 64/154/64
f 106/146/106 113/145/113 111/147/111
f 101/129/101 105/123/105 104/148/104
f 100/155/100 101/129/101 124/156/124
f 101/129/101 104/148/104 103/157/103
f 101/129/101 103/157/103 102/149/102
f 55/136/55 87/158/87 62/159/62
f 55/136/55 62/159/62 63/160/63
f 55/136/55 85/135/85 87/158/87
f 85/135/85 58/134/58 61/161/61
f 84/138/84 61/161/61 56/139/56
f 99/162/99 95/163/95 98/164/98
f 94/165/94 97/166/97 96/167/96
f 101/129/101 125/150/125 124/156/124
f 29/49/29 110/127/110 128/50/128
f 101/129/101 102/149/102 129/125/129
f 100/155/100 124/156/124 108/168/108
f 29/49/29 109/169/109 110/127/110
f 29/49/29 108/168/108 109/169/109
f 68/170/68 69/171/69 70/172/70
f 68/170/68 67/173/67 69/171/69
f 64/154/64 66/174/66 67/173/67
f 64/154/64 65/153/65 66/174/66
f 64/154/64 67/173/67 68/170/68
f 99/162/99 76/175/76 73/176/73
f 96/167/96 70/172/70 79/177/79
f 72/178/72 75/179/75 175/67/175
f 71/180/71 99/162/99 73/176/73
f 72/178/72 175/67/175 145/94/145
f 68/170/68 70/172/70 96/167/96
f 93/181/93 94/165/94 90/182/90
f 29/49/29 100/155/100 108/168/108
f 94/165/94 96/167/96 91/183/91
f 94/165/94 91/183/91 90/182/90
f 93/181/93 90/182/90 89/184/89
f 93/181/93 88/185/88 92/186/92
f 93/181/93 89/184/89 78/187/78
f 68/170/68 95/163/95 71/180/71
f 93/181/93 78/187/78 65/153/65
f 63/152/63 88/185/88 93/181/93
f 63/152/63 93/181/93 65/153/65
f 63/160/63 77/188/77 88/189/88
f 63/160/63 62/159/62 77/188/77
f 72/178/72 74/190/74 75/179/75
f 72/178/72 73/176/73 74/190/74
f 71/180/71 73/176/73 72/178/72
f 99/162/99 175/67/175 76/175/76
f 96/167/96 79/177/79 91/183/91
f 71/180/71 95/163/95 99/162/99
f 68/170/68 96/167/96 95/163/95
f 82/15/82 83/142/83 81/46/81
f 85/135/85 86/191/86 87/158/87
f 84/138/84 85/135/85 61/161/61
f 83/142/83 60/141/60 81/46/81
f 53/137/53 83/142/83 84/138/84
f 10/13/10 82/15/82 81/46/81
f 175/67/175 75/179/75 76/175/76
f 17/43/17 27/192/27 26/193/26
f 21/9/21 25/194/25 24/58/24
f 22/40/22 26/193/26 23/41/23
f 21/42/21 23/41/23 25/195/25
f 22/40/22 17/43/17 26/193/26
f 28/196/28 29/49/29 32/30/32
f 17/43/17 28/196/28 30/197/30
f 50/61/50 19/60/19 36/51/36
f 29/49/29 51/28/51 32/30/32
f 49/56/49 20/45/20 19/60/19
f 49/56/49 33/57/33 27/192/27
f 17/43/17 20/45/20 49/56/49
f 17/43/17 49/56/49 27/192/27
f 21/9/21 24/58/24 39/48/39
f 28/196/28 32/30/32 31/198/31
f 28/196/28 31/198/31 30/197/30
f 17/43/17 30/197/30 18/44/18
f 9/7/9 11/16/11 10/13/10
f 10/13/10 13/199/13 12/14/12
f 10/13/10 11/16/11 13/199/13
f 196/200/196 208/201/208 197/202/197
f 195/203/195 196/204/196 197/205/197
f 194/206/194 196/200/196 195/207/195
f 198/208/198 204/209/204 205/210/205
f 204/211/204 207/212/207 205/213/205
f 205/210/205 207/214/207 206/215/206
f 199/216/199 201/217/201 200/218/200
f 199/216/199 202/219/202 201/217/201
f 225/220/225 227/221/227 226/222/226
f 226/223/226 227/224/227 228/225/228
f 206/215/206 225/226/225 226/223/226
f 227/221/227 229/227/229 228/228/228
f 224/229/224 244/230/244 243/231/243
f 212/232/212 214/233/214 213/234/213
f 211/235/211 212/232/212 213/234/213
f 210/236/210 212/237/212 211/238/211
f 238/239/238 239/240/239 240/241/240
f 239/242/239 241/243/241 240/244/240
f 234/245/234 235/246/235 236/247/236
f 235/246/235 237/248/237 236/247/236
f 215/249/215 216/250/216 217/251/217
f 216/250/216 218/252/218 217/251/217
f 232/253/232 233/254/233 234/245/234
f 231/255/231 233/254/233 232/253/232
f 217/251/217 218/252/218 219/256/219
f 222/257/222 224/229/224 223/258/223
f 214/233/214 216/250/216 215/249/215
f 223/259/223 224/260/224 243/261/243
f 221/262/221 222/263/222 223/259/223
f 220/264/220 222/257/222 221/265/221
f 218/266/218 220/264/220 219/267/219
f 219/256/219 220/268/220 221/262/221
f 230/269/230 231/255/231 232/253/232
f 209/270/209 210/271/210 211/235/211
f 237/248/237 239/242/239 238/272/238
f 236/273/236 237/274/237 238/239/238
f 213/234/213 214/233/214 215/249/215
f 229/227/229 231/255/231 230/269/230
f 228/225/228 229/275/229 230/276/230
f 233/254/233 235/246/235 234/245/234
f 190/277/190 200/218/200 201/217/201
f 207/212/207 225/220/225 206/278/206
f 208/201/208 210/236/210 209/279/209
f 197/205/197 208/280/208 209/270/209
f 246/281/246 248/282/248 249/283/249
f 249/283/249 251/284/251 250/285/250
f 252/286/252 261/287/261 260/288/260
f 251/284/251 253/289/253 250/285/250
f 243/231/243 244/230/244 245/290/245
f 246/281/246 247/291/247 248/282/248
f 243/231/243 247/292/247 246/293/246
f 243/261/243 245/294/245 247/291/247
f 252/286/252 250/285/250 253/289/253
f 248/295/248 251/296/251 249/297/249
f 256/298/256 259/299/259 258/300/258
f 252/286/252 253/289/253 261/287/261
f 256/301/256 257/302/257 259/303/259
f 260/288/260 261/287/261 257/304/257
f 256/298/256 260/288/260 257/304/257
f 255/305/255 258/306/258 259/303/259
f 254/307/254 258/300/258 255/308/255
f 241/243/241 254/307/254 242/309/242
f 242/310/242 254/311/254 255/305/255
f 240/241/240 241/312/241 242/310/242
f 199/216/199 203/313/203 202/219/202
f 202/314/202 203/315/203 198/208/198
f 203/313/203 204/211/204 198/316/198
f 191/317/191 200/218/200 190/277/190
f 191/317/191 192/318/192 193/319/193
f 191/317/191 190/277/190 192/318/192
f 193/319/193 194/320/194 195/203/195
f 192/321/192 194/206/194 193/322/193
f 275/323/275 276/324/276 288/325/288
f 264/326/264 265/327/265 288/325/288
f 265/327/265 271/328/271 288/325/288
f 288/325/288 280/329/280 279/330/279
f 262/331/262 263/332/263 288/325/288
f 266/333/266 267/334/267 288/325/288
f 269/335/269 288/325/288 270/336/270
f 262/331/262 288/325/288 267/334/267
f 288/325/288 281/337/281 280/329/280
f 288/325/288 282/338/282 281/337/281
f 288/325/288 283/339/283 282/338/282
f 288/325/288 292/340/292 296/341/296
f 288/325/288 291/342/291 292/340/292
f 288/325/288 294/343/294 295/344/295
f 288/325/288 290/345/290 291/342/291
f 288/325/288 289/346/289 290/345/290
f 268/347/268 288/325/288 269/335/269
f 266/333/266 288/325/288 268/347/268
f 288/325/288 296/341/296 294/343/294
f 288/325/288 295/344/295 293/348/293
f 288/325/288 287/349/287 286/350/286
f 288/325/288 293/348/293 287/349/287
f 288/325/288 286/350/286 285/351/285
f 288/325/288 285/351/285 284/352/284
f 277/353/277 278/354/278 288/325/288
f 276/324/276 277/353/277 288/325/288
f 274/355/274 275/323/275 288/325/288
f 288/325/288 284/352/284 283/339/283
f 263/332/263 264/326/264 288/325/288
f 270/336/270 288/325/288 279/330/279
f 272/356/272 273/357/273 288/325/288
f 271/328/271 272/356/272 288/325/288
f 273/357/273 274/355/274 288/325/288
f 329/358/329 328/359/328 330/360/330
f 336/361/336 338/362/338 337/363/337
f 327/364/327 328/359/328 329/358/329
f 390/365/390 392/366/392 388/367/388
f 340/368/340 338/362/338 341/369/341
f 340/368/340 339/370/339 338/362/338
f 350/371/350 376/372/376 377/373/377
f 314/374/314 319/375/319 317/376/317
f 314/374/314 316/377/316 315/378/315
f 308/379/308 304/380/304 305/381/305
f 329/358/329 330/360/330 331/382/331
f 327/383/327 310/384/310 328/385/328
f 333/386/333 332/387/332 334/388/334
f 378/389/378 376/372/376 380/390/380
f 340/368/340 341/369/341 343/391/343
f 385/392/385 381/393/381 386/394/386
f 382/395/382 381/393/381 385/392/385
f 388/396/388 387/397/387 389/398/389
f 384/399/384 386/394/386 383/400/383
f 339/370/339 337/363/337 338/362/338
f 331/382/331 330/360/330 332/387/332
f 299/401/299 300/402/300 301/403/301
f 303/404/303 305/381/305 304/380/304
f 393/405/393 394/406/394 395/407/395
f 365/408/365 368/409/368 367/410/367
f 369/411/369 367/410/367 370/412/370
f 367/410/367 368/409/368 370/412/370
f 365/408/365 367/410/367 366/413/366
f 373/414/373 374/415/374 375/416/375
f 374/417/374 387/397/387 388/396/388
f 355/418/355 357/419/357 356/420/356
f 350/371/350 345/421/345 349/422/349
f 355/418/355 356/420/356 354/423/354
f 351/424/351 354/425/354 353/426/353
f 351/427/351 355/418/355 354/423/354
f 351/424/351 353/426/353 352/428/352
f 343/391/343 342/429/342 344/430/344
f 343/391/343 341/369/341 342/429/342
f 344/430/344 342/429/342 346/431/346
f 346/431/346 342/429/342 345/421/345
f 346/431/346 345/421/345 347/432/347
f 348/433/348 347/432/347 345/421/345
f 350/371/350 348/433/348 345/421/345
f 297/434/297 299/401/299 301/403/301
f 306/435/306 301/403/301 307/436/307
f 384/399/384 385/392/385 386/394/386
f 382/395/382 379/437/379 381/393/381
f 377/438/377 376/439/376 378/440/378
f 311/441/311 315/378/315 318/442/318
f 311/441/311 318/442/318 312/443/312
f 311/441/311 314/374/314 315/378/315
f 300/402/300 313/444/313 301/403/301
f 298/445/298 313/444/313 300/402/300
f 311/441/311 313/444/313 298/445/298
f 311/441/311 312/443/312 313/444/313
f 390/365/390 391/446/391 392/366/392
f 390/365/390 388/367/388 389/447/389
f 393/405/393 392/366/392 391/446/391
f 314/374/314 317/376/317 316/377/316
f 331/382/331 332/387/332 333/386/333
f 319/375/319 320/448/320 317/376/317
f 380/390/380 376/372/376 379/437/379
f 380/390/380 379/437/379 382/395/382
f 309/449/309 310/384/310 327/383/327
f 309/450/309 305/381/305 310/451/310
f 333/386/333 334/388/334 335/452/335
f 309/450/309 308/379/308 305/381/305
f 350/453/350 349/454/349 376/439/376
f 373/414/373 375/416/375 372/455/372
f 319/375/319 323/456/323 324/457/324
f 373/414/373 372/455/372 371/458/371
f 362/459/362 364/460/364 361/461/361
f 323/462/323 326/463/326 325/464/325
f 323/456/323 325/465/325 324/457/324
f 323/456/323 352/466/352 326/467/326
f 319/375/319 324/457/324 321/468/321
f 359/469/359 361/461/361 360/470/360
f 369/411/369 372/455/372 367/410/367
f 359/469/359 362/459/362 361/461/361
f 319/375/319 322/471/322 320/448/320
f 323/462/323 351/424/351 352/428/352
f 362/459/362 363/472/363 364/460/364
f 363/472/363 366/413/366 364/460/364
f 363/472/363 365/408/365 366/413/366
f 355/418/355 360/470/360 357/419/357
f 355/418/355 359/469/359 360/470/360
f 360/470/360 358/473/358 357/419/357
f 303/404/303 307/436/307 305/381/305
f 384/399/384 383/400/383 397/474/397
f 306/435/306 297/434/297 301/403/301
f 306/435/306 307/436/307 302/475/302
f 302/475/302 307/436/307 303/404/303
f 397/474/397 383/400/383 396/476/396
f 393/405/393 395/407/395 392/366/392
f 369/411/369 371/458/371 372/455/372
f 374/417/374 388/396/388 375/477/375
f 319/375/319 321/468/321 322/471/322
f 335/452/335 334/388/334 336/361/336
f 334/388/334 338/362/338 336/361/336
f 394/406/394 397/474/397 396/476/396
f 394/406/394 396/476/396 395/407/395
f 398/478/398 399/479/399 400/480/400
f 401/481/401 400/480/400 403/482/403
f 398/478/398 400/480/400 401/481/401
f 401/481/401 403/482/403 402/483/402
f 404/484/404 409/485/409 407/486/407
f 405/487/405 409/485/409 404/484/404
f 405/487/405 406/488/406 409/485/409
f 407/486/407 409/485/409 408/489/408
f 428/490/428 429/491/429 410/492/410
f 427/493/427 428/490/428 410/492/410
f 424/494/424 425/495/425 420/496/420
f 425/495/425 423/497/423 420/496/420
f 448/498/448 449/499/449 450/500/450
f 450/500/450 452/501/452 451/502/451
f 451/502/451 452/501/452 457/503/457
f 445/504/445 447/505/447 446/506/446
f 450/500/450 449/499/449 452/501/452
f 422/507/422 424/494/424 420/496/420
f 414/508/414 415/509/415 416/510/416
f 419/511/419 413/512/413 440/513/440
f 440/513/440 413/512/413 418/514/418
f 414/508/414 417/515/417 412/516/412
f 459/517/459 458/518/458 464/519/464
f 456/520/456 460/521/460 458/518/458
f 442/522/442 444/523/444 445/504/445
f 442/522/442 440/513/440 444/523/444
f 444/523/444 438/524/438 443/525/443
f 444/523/444 440/513/440 438/524/438
f 453/526/453 459/517/459 464/519/464
f 440/513/440 439/527/439 438/524/438
f 419/511/419 440/513/440 441/528/441
f 422/507/422 420/496/420 411/529/411
f 441/528/441 440/513/440 442/522/442
f 422/507/422 411/529/411 421/530/421
f 446/506/446 447/505/447 449/499/449
f 446/506/446 449/499/449 448/498/448
f 445/504/445 444/523/444 447/505/447
f 427/493/427 410/492/410 423/497/423
f 425/495/425 427/493/427 423/497/423
f 414/508/414 416/510/416 417/515/417
f 454/531/454 460/521/460 456/520/456
f 458/518/458 460/521/460 464/519/464
f 455/532/455 457/503/457 454/531/454
f 451/502/451 457/503/457 455/532/455
f 434/533/434 435/534/435 431/535/431
f 433/536/433 434/533/434 431/535/431
f 436/537/436 437/538/437 435/534/435
f 436/537/436 461/539/461 437/538/437
f 421/530/421 411/529/411 426/540/426
f 413/512/413 417/515/417 418/514/418
f 426/540/426 411/529/411 413/512/413
f 426/540/426 413/512/413 419/511/419
f 412/516/412 417/515/417 413/512/413
f 430/541/430 432/542/432 429/491/429
f 428/490/428 430/541/430 429/491/429
f 432/542/432 431/535/431 429/491/429
f 434/533/434 436/537/436 435/534/435
f 461/539/461 462/543/462 437/538/437
f 461/539/461 463/544/463 462/543/462
f 432/542/432 433/536/433 431/535/431
f 453/526/453 464/519/464 462/543/462
f 463/544/463 453/526/453 462/543/462
f 454/531/454 457/503/457 460/521/460
f 474/545/474 478/546/478 477/547/477
f 470/548/470 472/549/472 471/550/471
f 473/551/473 474/545/474 477/547/477
f 499/552/499 502/553/502 500/554/500
f 497/555/497 499/552/499 500/554/500
f 469/556/469 467/557/467 468/558/468
f 493/559/493 496/560/496 494/561/494
f 493/559/493 495/562/495 496/560/496
f 491/563/491 494/561/494 492/564/492
f 491/563/491 493/559/493 494/561/494
f 469/556/469 468/558/468 470/548/470
f 509/565/509 507/566/507 508/567/508
f 505/568/505 506/569/506 515/570/515
f 511/571/511 514/572/514 512/573/512
f 520/574/520 506/569/506 505/568/505
f 475/575/475 465/576/465 466/577/466
f 515/578/515 516/579/516 513/580/513
f 487/581/487 488/582/488 489/583/489
f 486/584/486 488/582/488 487/581/487
f 483/585/483 484/586/484 485/587/485
f 517/588/517 518/589/518 519/590/519
f 490/591/490 518/589/518 517/588/517
f 469/556/469 470/548/470 471/550/471
f 485/592/485 486/584/486 487/581/487
f 471/550/471 472/549/472 473/551/473
f 472/549/472 474/545/474 473/551/473
f 495/562/495 497/593/497 498/594/498
f 503/595/503 509/565/509 510/596/510
f 495/562/495 498/594/498 496/560/496
f 497/555/497 500/554/500 498/597/498
f 465/576/465 491/563/491 492/564/492
f 465/576/465 492/564/492 466/577/466
f 509/565/509 508/567/508 510/596/510
f 477/547/477 478/546/478 479/598/479
f 506/569/506 516/599/516 515/570/515
f 467/600/467 475/575/475 476/601/476
f 482/602/482 484/586/484 483/585/483
f 478/546/478 480/603/480 479/598/479
f 479/598/479 480/603/480 481/604/481
f 480/603/480 482/602/482 481/604/481
f 481/604/481 482/602/482 483/585/483
f 489/583/489 490/591/490 517/588/517
f 488/582/488 490/591/490 489/583/489
f 484/586/484 486/605/486 485/587/485
f 518/589/518 520/574/520 519/590/519
f 519/590/519 520/574/520 505/568/505
f 467/600/467 476/601/476 468/606/468
f 507/566/507 512/573/512 508/567/508
f 503/595/503 510/596/510 504/607/504
f 501/608/501 504/607/504 502/553/502
f 475/575/475 466/577/466 476/601/476
f 501/608/501 503/595/503 504/607/504
f 499/552/499 501/608/501 502/553/502
f 511/571/511 513/580/513 514/572/514
f 516/579/516 514/572/514 513/580/513
f 507/566/507 511/571/511 512/573/512
f 527/609/527 526/610/526 528/611/528
f 569/612/569 568/613/568 570/614/570
f 564/615/564 565/616/565 567/617/567
f 553/618/553 555/619/555 554/620/554
f 525/621/525 524/622/524 526/610/526
f 531/623/531 522/624/522 532/625/532
f 555/619/555 556/626/556 557/627/557
f 556/626/556 558/628/558 557/627/557
f 525/621/525 526/610/526 527/609/527
f 527/609/527 528/611/528 529/629/529
f 558/628/558 559/630/559 557/627/557
f 529/631/529 530/632/530 533/633/533
f 549/634/549 551/635/551 550/636/550
f 553/618/553 556/626/556 555/619/555
f 547/637/547 549/638/549 550/639/550
f 547/637/547 550/639/550 548/640/548
f 525/621/525 523/641/523 524/622/524
f 534/642/534 536/643/536 535/644/535
f 533/633/533 534/642/534 535/644/535
f 559/645/559 560/646/560 563/647/563
f 549/634/549 552/648/552 551/635/551
f 560/646/560 566/649/566 563/647/563
f 552/648/552 553/618/553 554/620/554
f 552/648/552 554/620/554 551/635/551
f 528/611/528 530/650/530 529/629/529
f 521/651/521 548/640/548 522/652/522
f 546/653/546 573/654/573 574/655/574
f 546/656/546 574/657/574 545/658/545
f 539/659/539 542/660/542 541/661/541
f 540/662/540 539/659/539 541/661/541
f 572/663/572 570/614/570 571/664/571
f 531/623/531 521/665/521 522/624/522
f 544/666/544 546/653/546 545/667/545
f 538/668/538 539/659/539 540/662/540
f 543/669/543 544/666/544 545/667/545
f 542/660/542 543/669/543 541/661/541
f 542/660/542 544/666/544 543/669/543
f 538/668/538 540/662/540 537/670/537
f 536/671/536 538/668/538 537/670/537
f 535/672/535 536/671/536 537/670/537
f 572/663/572 569/612/569 570/614/570
f 573/673/573 575/674/575 576/675/576
f 575/676/575 562/677/562 576/678/576
f 565/616/565 568/613/568 567/617/567
f 575/676/575 561/679/561 562/677/562
f 572/663/572 571/664/571 561/679/561
f 569/612/569 567/617/567 568/613/568
f 564/680/564 566/649/566 565/681/565
f 561/679/561 571/664/571 562/677/562
f 558/628/558 560/682/560 559/630/559
f 521/665/521 547/683/547 548/684/548
f 530/650/530 534/685/534 533/686/533
f 564/615/564 563/687/563 566/688/566
f 523/641/523 531/623/531 532/625/532
f 523/641/523 532/625/532 524/622/524
f 573/673/573 576/675/576 574/657/574
f 590/689/590 585/690/585 584/691/584
f 590/689/590 595/692/595 596/693/596
f 590/689/590 593/694/593 594/695/594
f 590/689/590 594/695/594 595/692/595
f 590/689/590 591/696/591 592/697/592
f 590/689/590 579/698/579 578/699/578
f 581/700/581 590/689/590 583/701/583
f 590/689/590 601/702/601 602/703/602
f 590/689/590 600/704/600 601/702/601
f 590/689/590 598/705/598 599/706/599
f 590/689/590 599/706/599 600/704/600
f 590/689/590 596/693/596 598/705/598
f 580/707/580 579/698/579 590/689/590
f 582/708/582 590/689/590 578/699/578
f 590/689/590 587/709/587 586/710/586
f 590/689/590 588/711/588 587/709/587
f 580/707/580 590/689/590 581/700/581
f 590/689/590 603/712/603 589/713/589
f 590/689/590 589/713/589 588/711/588
f 590/689/590 586/710/586 585/690/585
f 582/708/582 577/714/577 590/689/590
f 590/689/590 602/703/602 597/715/597
f 590/689/590 592/697/592 593/694/593
f 590/689/590 597/715/597 604/716/604
f 590/689/590 604/716/604 603/712/603
f 590/689/590 584/691/584 583/701/583
f 606/717/606 607/718/607 608/719/608
f 606/717/606 608/719/608 605/720/605
f 608/719/608 607/718/607 609/721/609
f 612/722/612 615/723/615 614/724/614
f 612/722/612 614/724/614 613/725/613
f 612/722/612 613/725/613 611/726/611
f 613/725/613 610/727/610 611/726/611
f 616/728/616 617/729/617 618/730/618
f 621/731/621 616/728/616 618/730/618
f 616/728/616 621/731/621 620/732/620
f 616/728/616 620/732/620 619/733/619
f 623/734/623 624/735/624 626/736/626
f 623/734/623 625/737/625 622/738/622
f 623/734/623 626/736/626 625/737/625
f 626/736/626 624/735/624 627/739/627
f 628/740/628 629/741/629 630/742/630
f 628/740/628 634/743/634 631/744/631
f 635/745/635 638/746/638 639/747/639
f 635/745/635 640/748/640 637/749/637
f 635/745/635 637/749/637 636/750/636
f 637/749/637 651/751/651 649/752/649
f 637/749/637 641/753/641 651/751/651
f 637/749/637 649/752/649 650/754/650
f 637/749/637 650/754/650 648/755/648
f 637/749/637 644/756/644 643/757/643
f 637/749/637 642/758/642 647/759/647
f 637/749/637 648/755/648 642/758/642
f 637/749/637 645/760/645 644/756/644
f 637/749/637 647/759/647 646/761/646
f 637/749/637 646/761/646 645/760/645
f 637/749/637 640/748/640 641/753/641
f 700/762/700 701/763/701 702/764/702
f 699/765/699 700/762/700 702/764/702
f 678/766/678 679/767/679 682/768/682
f 677/769/677 679/767/679 678/766/678
f 668/770/668 679/767/679 676/771/676
f 676/771/676 679/767/679 677/769/677
f 628/740/628 630/742/630 632/772/632
f 634/743/634 637/749/637 643/757/643
f 699/765/699 696/773/696 697/774/697
f 699/765/699 697/774/697 698/775/698
f 699/765/699 698/775/698 700/762/700
f 631/744/631 634/743/634 656/776/656
f 683/777/683 688/778/688 684/779/684
f 682/768/682 683/777/683 684/779/684
f 705/780/705 748/781/748 717/782/717
f 635/745/635 639/747/639 640/748/640
f 652/783/652 653/784/653 661/785/661
f 631/744/631 657/786/657 655/787/655
f 652/783/652 661/785/661 662/788/662
f 652/783/652 663/789/663 664/790/664
f 679/767/679 683/777/683 682/768/682
f 675/791/675 682/768/682 684/779/684
f 678/766/678 682/768/682 681/792/681
f 675/791/675 674/793/674 682/768/682
f 695/794/695 696/773/696 699/765/699
f 664/790/664 695/794/695 699/765/699
f 651/751/651 682/768/682 670/795/670
f 718/796/718 741/797/741 724/798/724
f 705/780/705 709/799/709 710/800/710
f 705/780/705 710/800/710 712/801/712
f 705/780/705 712/801/712 713/802/713
f 705/780/705 713/802/713 735/803/735
f 652/783/652 654/804/654 653/784/653
f 724/798/724 727/805/727 725/806/725
f 652/783/652 662/788/662 663/789/663
f 652/783/652 664/790/664 699/765/699
f 631/744/631 658/807/658 659/808/659
f 631/744/631 659/808/659 660/809/660
f 652/783/652 660/809/660 654/804/654
f 684/779/684 688/778/688 685/810/685
f 680/811/680 681/792/681 682/768/682
f 728/812/728 734/813/734 729/814/729
f 729/814/729 734/813/734 730/815/730
f 734/813/734 732/816/732 730/815/730
f 734/813/734 731/817/731 732/816/732
f 733/818/733 731/817/731 734/813/734
f 733/818/733 734/813/734 750/819/750
f 651/751/651 680/811/680 682/768/682
f 741/797/741 748/781/748 744/820/744
f 741/797/741 744/820/744 745/821/745
f 651/751/651 671/822/671 680/811/680
f 668/770/668 669/823/669 671/822/671
f 668/770/668 676/771/676 669/823/669
f 651/751/651 668/770/668 671/822/671
f 651/751/651 666/824/666 668/770/668
f 651/751/651 667/825/667 666/824/666
f 641/753/641 667/825/667 651/751/651
f 665/826/665 668/770/668 666/824/666
f 682/768/682 674/793/674 673/827/673
f 682/768/682 673/827/673 672/828/672
f 631/744/631 655/787/655 658/807/658
f 631/744/631 660/809/660 652/783/652
f 721/829/721 725/806/725 726/830/726
f 717/782/717 741/797/741 718/796/718
f 707/831/707 717/782/717 708/832/708
f 723/833/723 724/798/724 725/806/725
f 718/796/718 724/798/724 723/833/723
f 720/834/720 726/830/726 722/835/722
f 708/832/708 720/834/720 722/835/722
f 708/832/708 719/836/719 720/834/720
f 708/832/708 716/837/716 719/836/719
f 708/832/708 717/782/717 716/837/716
f 710/800/710 711/838/711 712/801/712
f 707/831/707 715/839/715 717/782/717
f 714/840/714 717/782/717 715/839/715
f 705/780/705 717/782/717 714/840/714
f 720/834/720 721/829/721 726/830/726
f 725/806/725 727/805/727 726/830/726
f 717/782/717 748/781/748 741/797/741
f 724/798/724 741/797/741 740/841/740
f 740/841/740 741/797/741 743/842/743
f 747/843/747 750/819/750 737/844/737
f 688/778/688 690/845/690 689/846/689
f 688/778/688 689/846/689 687/847/687
f 688/778/688 687/847/687 686/848/686
f 741/797/741 752/849/752 753/850/753
f 741/797/741 753/850/753 746/851/746
f 741/797/741 745/821/745 752/849/752
f 733/818/733 750/819/750 747/843/747
f 750/819/750 736/852/736 737/844/737
f 741/797/741 746/851/746 743/842/743
f 740/841/740 743/842/743 742/853/742
f 670/795/670 682/768/682 672/828/672
f 688/778/688 686/848/686 685/810/685
f 688/778/688 691/854/691 690/845/690
f 688/778/688 692/855/692 691/854/691
f 632/772/632 633/856/633 634/743/634
f 629/741/629 635/745/635 636/750/636
f 739/857/739 750/819/750 748/781/748
f 748/781/748 750/819/750 749/858/749
f 749/858/749 750/819/750 754/859/754
f 751/860/751 753/850/753 752/849/752
f 749/858/749 754/859/754 751/860/751
f 751/860/751 754/859/754 753/850/753
f 688/778/688 693/861/693 692/855/692
f 688/778/688 694/862/694 693/861/693
f 688/778/688 728/812/728 694/862/694
f 688/778/688 734/813/734 728/812/728
f 705/780/705 735/803/735 748/781/748
f 747/843/747 737/844/737 738/863/738
f 735/803/735 739/857/739 748/781/748
f 739/857/739 736/852/736 750/819/750
f 701/763/701 709/799/709 702/764/702
f 631/744/631 656/776/656 657/786/657
f 628/740/628 632/772/632 634/743/634
f 633/856/633 637/749/637 634/743/634
f 706/864/706 707/831/707 708/832/708
f 702/764/702 704/865/704 706/864/706
f 702/764/702 709/799/709 705/780/705
f 703/866/703 706/864/706 708/832/708
f 628/740/628 635/745/635 629/741/629
f 702/764/702 706/864/706 703/866/703
f 702/764/702 705/780/705 704/865/704
f 761/867/761 762/868/762 760/869/760
f 768/870/768 769/871/769 771/872/771
f 771/872/771 769/871/769 772/873/772
f 772/873/772 769/871/769 775/874/775
f 756/875/756 763/876/763 764/877/764
f 775/874/775 773/878/773 776/879/776
f 773/878/773 774/880/774 776/879/776
f 763/876/763 765/881/765 764/877/764
f 769/871/769 773/878/773 775/874/775
f 757/882/757 761/867/761 759/883/759
f 757/882/757 759/883/759 755/884/755
f 757/885/757 755/886/755 758/887/758
f 764/877/764 765/881/765 766/888/766
f 767/889/767 768/890/768 770/891/770
f 765/881/765 767/889/767 770/891/770
f 770/891/770 768/890/768 771/892/771
f 758/887/758 756/875/756 764/877/764
f 765/881/765 770/891/770 766/888/766
f 755/886/755 756/875/756 758/887/758
f 759/883/759 761/867/761 760/869/760
f 815/893/815 816/894/816 817/895/817
f 815/893/815 817/895/817 818/896/818
f 821/897/821 822/898/822 823/899/823
f 784/900/784 790/901/790 786/902/786
f 778/903/778 785/904/785 784/900/784
f 777/905/777 780/906/780 792/907/792
f 777/905/777 792/907/792 779/908/779
f 779/908/779 792/907/792 781/909/781
f 781/909/781 792/907/792 783/910/783
f 848/911/848 863/912/863 862/913/862
f 781/909/781 783/910/783 782/914/782
f 857/915/857 858/916/858 868/917/868
f 855/918/855 870/919/870 858/916/858
f 854/920/854 855/918/855 858/916/858
f 856/921/856 858/916/858 857/915/857
f 862/913/862 863/912/863 864/922/864
f 850/923/850 851/924/851 859/925/859
f 809/926/809 811/927/811 810/928/810
f 810/928/810 811/927/811 812/929/812
f 849/930/849 852/931/852 858/916/858
f 852/931/852 854/920/854 858/916/858
f 853/932/853 861/933/861 855/918/855
f 853/932/853 860/934/860 861/933/861
f 851/924/851 861/933/861 859/925/859
f 848/911/848 856/921/856 863/912/863
f 847/935/847 856/921/856 848/911/848
f 839/936/839 849/930/849 856/921/856
f 867/937/867 868/917/868 869/938/869
f 858/916/858 870/919/870 869/938/869
f 858/916/858 869/938/869 868/917/868
f 850/923/850 859/925/859 852/931/852
f 849/930/849 850/923/850 852/931/852
f 849/930/849 858/916/858 856/921/856
f 840/939/840 842/940/842 844/941/844
f 835/942/835 843/943/843 842/940/842
f 842/940/842 843/943/843 844/941/844
f 832/944/832 843/943/843 834/945/834
f 866/946/866 867/937/867 869/938/869
f 864/922/864 866/946/866 865/947/865
f 865/947/865 866/946/866 869/938/869
f 845/948/845 864/922/864 865/947/865
f 859/925/859 861/933/861 860/934/860
f 855/918/855 861/933/861 870/919/870
f 810/928/810 812/929/812 813/949/813
f 810/928/810 813/949/813 846/950/846
f 840/939/840 841/951/841 842/940/842
f 837/952/837 856/921/856 847/935/847
f 813/949/813 845/948/845 846/950/846
f 836/953/836 841/951/841 840/939/840
f 836/953/836 840/939/840 838/954/838
f 829/955/829 856/921/856 837/952/837
f 829/955/829 839/936/839 856/921/856
f 829/955/829 832/944/832 830/956/830
f 834/945/834 843/943/843 835/942/835
f 831/957/831 836/953/836 838/954/838
f 829/955/829 838/954/838 839/936/839
f 794/958/794 795/959/795 798/960/798
f 828/961/828 829/955/829 837/952/837
f 845/948/845 862/913/862 864/922/864
f 832/944/832 834/945/834 833/962/833
f 830/956/830 832/944/832 833/962/833
f 829/955/829 831/957/831 838/954/838
f 829/955/829 830/956/830 831/957/831
f 845/948/845 865/947/865 846/950/846
f 797/963/797 801/964/801 799/965/799
f 799/965/799 801/964/801 800/966/800
f 798/960/798 802/967/802 803/968/803
f 798/960/798 803/968/803 804/969/804
f 803/968/803 807/970/807 804/969/804
f 820/971/820 827/972/827 826/973/826
f 826/973/826 827/972/827 828/961/828
f 826/973/826 828/961/828 837/952/837
f 825/974/825 829/955/829 828/961/828
f 791/975/791 814/976/814 793/977/793
f 800/966/800 801/964/801 808/978/808
f 800/966/800 808/978/808 805/979/805
f 805/979/805 808/978/808 806/980/806
f 806/980/806 809/926/809 807/970/807
f 806/980/806 808/978/808 811/927/811
f 804/969/804 807/970/807 809/926/809
f 806/980/806 811/927/811 809/926/809
f 780/906/780 791/975/791 792/907/792
f 791/975/791 793/977/793 792/907/792
f 782/914/782 783/910/783 790/901/790
f 822/898/822 824/981/824 823/899/823
f 822/898/822 825/974/825 824/981/824
f 822/898/822 829/955/829 825/974/825
f 822/898/822 832/944/832 829/955/829
f 817/895/817 821/897/821 818/896/818
f 818/896/818 821/897/821 823/899/823
f 818/896/818 819/982/819 820/971/820
f 818/896/818 823/899/823 819/982/819
f 795/959/795 796/983/796 797/963/797
f 795/959/795 797/963/797 798/960/798
f 797/963/797 802/967/802 798/960/798
f 797/963/797 799/965/799 802/967/802
f 791/975/791 816/894/816 814/976/814
f 787/984/787 790/901/790 788/985/788
f 788/985/788 790/901/790 796/983/796
f 790/901/790 797/963/797 796/983/796
f 782/914/782 790/901/790 789/986/789
f 818/896/818 820/971/820 826/973/826
f 784/900/784 785/904/785 790/901/790
f 785/904/785 789/986/789 790/901/790
f 786/902/786 790/901/790 787/984/787
f 777/905/777 779/908/779 778/903/778
f 777/905/777 778/903/778 784/900/784
f 814/976/814 816/894/816 815/893/815
f 871/987/871 873/988/873 874/989/874
f 871/990/871 874/991/874 872/992/872
f 875/993/875 878/994/878 876/995/876
f 875/993/875 877/996/877 878/994/878
f 879/997/879 881/998/881 880/999/880
f 880/999/880 881/998/881 882/1000/882
f 883/1001/883 885/1002/885 886/1003/886
f 883/1001/883 886/1003/886 884/1004/884
f 887/1005/887 888/1006/888 890/1007/890
f 887/1008/887 890/1009/890 889/1010/889
f 974/1011/974 973/1012/973 976/1013/976
f 974/1011/974 980/1014/980 975/1015/975
f 974/1011/974 981/1016/981 980/1014/980
f 975/1015/975 980/1014/980 992/1017/992
f 982/1018/982 1003/1019/1003 1007/1020/1007
f 982/1018/982 1007/1020/1007 1008/1021/1008
f 1008/1021/1008 998/1022/998 987/1023/987
f 1008/1021/1008 1001/1024/1001 998/1022/998
f 983/1025/983 999/1026/999 1009/1027/1009
f 1009/1027/1009 999/1026/999 1000/1028/1000
f 1009/1027/1009 1000/1028/1000 1001/1024/1001
f 997/1029/997 1008/1021/1008 1004/1030/1004
f 1008/1021/1008 1006/1031/1006 1004/1030/1004
f 1008/1021/1008 1005/1032/1005 1006/1031/1006
f 1008/1021/1008 1007/1020/1007 1005/1032/1005
f 1008/1021/1008 1009/1027/1009 1001/1024/1001
f 931/1033/931 937/1034/937 952/1035/952
f 1009/1027/1009 1041/1036/1041 1039/1037/1039
f 1009/1027/1009 1042/1038/1042 1041/1036/1041
f 898/1039/898 931/1033/931 935/1040/935
f 931/1033/931 936/1041/936 935/1040/935
f 898/1039/898 935/1040/935 949/1042/949
f 931/1033/931 932/1043/932 937/1034/937
f 934/1044/934 937/1034/937 933/1045/933
f 982/1018/982 997/1029/997 1004/1030/1004
f 934/1044/934 939/1046/939 938/1047/938
f 934/1044/934 952/1035/952 937/1034/937
f 982/1018/982 1008/1021/1008 987/1023/987
f 997/1048/997 992/1017/992 996/1049/996
f 982/1018/982 1004/1030/1004 1002/1050/1002
f 995/1051/995 997/1048/997 996/1049/996
f 994/1052/994 989/1053/989 990/1054/990
f 1011/1055/1011 1018/1056/1018 1035/1057/1035
f 994/1052/994 990/1054/990 991/1058/991
f 974/1011/974 995/1051/995 981/1016/981
f 975/1015/975 992/1017/992 997/1048/997
f 974/1011/974 994/1052/994 995/1051/995
f 995/1051/995 996/1049/996 981/1016/981
f 993/1059/993 994/1052/994 991/1058/991
f 1009/1027/1009 1043/1060/1043 1042/1038/1042
f 1009/1027/1009 1044/1061/1044 1043/1060/1043
f 1010/1062/1010 1011/1055/1011 1015/1063/1015
f 1011/1055/1011 1016/1064/1016 1015/1063/1015
f 1014/1065/1014 1028/1066/1028 1020/1067/1020
f 1014/1065/1014 1035/1057/1035 1018/1056/1018
f 1028/1066/1028 1019/1068/1019 1020/1067/1020
f 1014/1065/1014 1020/1067/1020 1031/1069/1031
f 1011/1055/1011 1012/1070/1012 1018/1056/1018
f 942/1071/942 959/1072/959 948/1073/948
f 1021/1074/1021 1025/1075/1025 1024/1076/1024
f 1011/1055/1011 1017/1077/1017 1016/1064/1016
f 1010/1062/1010 1015/1063/1015 1029/1078/1029
f 1014/1065/1014 1018/1056/1018 1013/1079/1013
f 939/1080/939 940/1081/940 947/1082/947
f 939/1046/939 946/1083/946 938/1047/938
f 939/1046/939 956/1084/956 946/1083/946
f 1024/1076/1024 1027/1085/1027 1022/1086/1022
f 982/1018/982 1002/1050/1002 1003/1019/1003
f 1021/1074/1021 1026/1087/1026 1025/1075/1025
f 1028/1088/1028 1023/1089/1023 1027/1085/1027
f 1028/1088/1028 1027/1085/1027 1046/1090/1046
f 1024/1076/1024 1046/1090/1046 1027/1085/1027
f 1011/1055/1011 1034/1091/1034 1017/1077/1017
f 1034/1091/1034 1030/1092/1030 1017/1077/1017
f 908/1093/908 993/1059/993 979/1094/979
f 908/1093/908 930/1095/930 993/1059/993
f 1021/1074/1021 1039/1037/1039 1045/1096/1045
f 942/1071/942 943/1097/943 970/1098/970
f 970/1098/970 943/1097/943 945/1099/945
f 970/1098/970 945/1099/945 944/1100/944
f 971/1101/971 989/1053/989 994/1052/994
f 993/1059/993 991/1058/991 979/1094/979
f 970/1098/970 944/1100/944 1010/1062/1010
f 931/1033/931 951/1102/951 936/1041/936
f 951/1102/951 950/1103/950 936/1041/936
f 934/1044/934 938/1047/938 952/1035/952
f 952/1035/952 938/1047/938 954/1104/954
f 931/1033/931 952/1035/952 951/1102/951
f 927/1105/927 950/1103/950 951/1102/951
f 952/1035/952 954/1104/954 953/1106/953
f 952/1035/952 953/1106/953 955/1107/955
f 942/1071/942 948/1073/948 941/1108/941
f 970/1098/970 1029/1078/1029 1033/1109/1033
f 1011/1055/1011 1035/1057/1035 1034/1091/1034
f 1014/1065/1014 1031/1069/1031 1035/1057/1035
f 1028/1066/1028 1036/1110/1036 1019/1068/1019
f 1036/1110/1036 1032/1111/1032 1019/1068/1019
f 1035/1057/1035 1031/1069/1031 1032/1111/1032
f 970/1098/970 1033/1109/1033 1034/1091/1034
f 1034/1091/1034 1033/1109/1033 1030/1092/1030
f 906/1112/906 929/1113/929 930/1095/930
f 929/1113/929 910/1114/910 911/1115/911
f 891/1116/891 929/1113/929 911/1115/911
f 906/1112/906 910/1114/910 929/1113/929
f 891/1116/891 928/1117/928 929/1113/929
f 930/1095/930 913/1118/913 912/1119/912
f 1009/1027/1009 1021/1074/1021 985/1120/985
f 925/1121/925 899/1122/899 900/1123/900
f 952/1035/952 955/1107/955 962/1124/962
f 939/1046/939 962/1124/962 956/1084/956
f 939/1080/939 947/1082/947 962/1125/962
f 962/1125/962 947/1082/947 957/1126/957
f 962/1124/962 961/1127/961 956/1084/956
f 962/1125/962 957/1126/957 958/1128/958
f 963/1129/963 958/1128/958 959/1072/959
f 927/1105/927 949/1042/949 950/1103/950
f 982/1018/982 986/1130/986 983/1025/983
f 982/1018/982 987/1023/987 986/1130/986
f 983/1025/983 986/1130/986 999/1026/999
f 983/1025/983 1009/1027/1009 984/1131/984
f 1009/1027/1009 988/1132/988 984/1131/984
f 1009/1027/1009 985/1120/985 988/1132/988
f 892/1133/892 927/1105/927 921/1134/921
f 942/1071/942 963/1129/963 959/1072/959
f 942/1071/942 964/1135/964 965/1136/965
f 942/1071/942 970/1098/970 964/1135/964
f 970/1098/970 1010/1062/1010 1029/1078/1029
f 891/1137/891 925/1121/925 914/1138/914
f 892/1133/892 925/1121/925 900/1123/900
f 925/1121/925 921/1134/921 920/1139/920
f 925/1121/925 928/1140/928 916/1141/916
f 898/1039/898 949/1042/949 927/1105/927
f 925/1121/925 920/1139/920 922/1142/922
f 925/1121/925 923/1143/923 924/1144/924
f 925/1121/925 922/1142/922 923/1143/923
f 925/1121/925 916/1141/916 914/1138/914
f 927/1105/927 926/1145/926 921/1134/921
f 925/1121/925 924/1144/924 927/1105/927
f 892/1133/892 896/1146/896 901/1147/901
f 927/1105/927 924/1144/924 926/1145/926
f 1035/1057/1035 1032/1111/1032 1036/1110/1036
f 1009/1027/1009 1039/1037/1039 1021/1074/1021
f 906/1112/906 912/1119/912 902/1148/902
f 962/1124/962 955/1107/955 960/1149/960
f 962/1124/962 960/1149/960 961/1127/961
f 891/1116/891 911/1115/911 904/1150/904
f 906/1112/906 905/1151/905 909/1152/909
f 906/1112/906 909/1152/909 910/1114/910
f 908/1093/908 907/1153/907 913/1118/913
f 906/1112/906 930/1095/930 912/1119/912
f 908/1093/908 913/1118/913 930/1095/930
f 891/1137/891 914/1138/914 915/1154/915
f 891/1137/891 915/1154/915 928/1140/928
f 928/1140/928 915/1154/915 917/1155/917
f 928/1140/928 917/1155/917 919/1156/919
f 928/1140/928 919/1156/919 918/1157/918
f 928/1140/928 918/1157/918 916/1141/916
f 892/1133/892 921/1134/921 925/1121/925
f 906/1112/906 902/1148/902 903/1158/903
f 962/1125/962 958/1128/958 963/1129/963
f 963/1129/963 965/1136/965 966/1159/966
f 963/1129/963 966/1159/966 967/1160/967
f 942/1071/942 965/1136/965 963/1129/963
f 963/1129/963 968/1161/968 969/1162/969
f 963/1129/963 969/1162/969 970/1098/970
f 970/1098/970 969/1162/969 964/1135/964
f 975/1163/975 997/1029/997 982/1018/982
f 891/1137/891 893/1164/893 899/1122/899
f 892/1133/892 900/1123/900 894/1165/894
f 891/1137/891 899/1122/899 925/1121/925
f 1045/1096/1045 1046/1090/1046 1038/1166/1038
f 898/1039/898 901/1147/901 897/1167/897
f 1021/1074/1021 1045/1096/1045 1026/1087/1026
f 1045/1096/1045 1037/1168/1037 1026/1087/1026
f 1045/1096/1045 1038/1166/1038 1037/1168/1037
f 1024/1076/1024 1025/1075/1025 1046/1090/1046
f 1046/1090/1046 1025/1075/1025 1038/1166/1038
f 1045/1096/1045 1039/1037/1039 1040/1169/1040
f 1009/1027/1009 1045/1096/1045 1044/1061/1044
f 1045/1096/1045 1040/1169/1040 1044/1061/1044
f 892/1133/892 901/1147/901 927/1105/927
f 898/1039/898 927/1105/927 901/1147/901
f 971/1101/971 976/1013/976 972/1170/972
f 908/1093/908 978/1171/978 977/1172/977
f 908/1093/908 979/1094/979 978/1171/978
f 908/1093/908 977/1172/977 971/1101/971
f 971/1101/971 977/1172/977 989/1053/989
f 1028/1088/1028 1046/1090/1046 1036/1173/1036
f 892/1133/892 894/1165/894 895/1174/895
f 971/1101/971 994/1052/994 976/1013/976
f 974/1011/974 976/1013/976 994/1052/994
f 963/1129/963 967/1160/967 968/1161/968
f 1048/1175/1048 1050/1176/1050 1049/1177/1049
f 1047/1178/1047 1048/1175/1048 1049/1177/1049
f 1051/1179/1051 1054/1180/1054 1052/1181/1052
f 1051/1179/1051 1053/1182/1053 1054/1180/1054
f 1055/1183/1055 1058/1184/1058 1056/1185/1056
f 1055/1186/1055 1057/1187/1057 1058/1188/1058
f 1060/1189/1060 1062/1190/1062 1061/1191/1061
f 1059/1192/1059 1060/1189/1060 1061/1191/1061
f 1098/1193/1098 1104/1194/1104 1103/1195/1103
f 1076/1196/1076 1082/1197/1082 1100/1198/1100
f 1073/1199/1073 1079/1200/1079 1080/1201/1080
f 1073/1202/1073 1078/1203/1078 1079/1204/1079
f 1075/1205/1075 1081/1206/1081 1082/1197/1082
f 1086/1207/1086 1087/1208/1087 1094/1209/1094
f 1074/1210/1074 1080/1201/1080 1081/1206/1081
f 1083/1211/1083 1090/1212/1090 1089/1213/1089
f 1074/1210/1074 1081/1206/1081 1075/1205/1075
f 1075/1205/1075 1082/1197/1082 1076/1196/1076
f 1072/1214/1072 1077/1215/1077 1078/1203/1078
f 1098/1193/1098 1099/1216/1099 1104/1194/1104
f 1066/1217/1066 1088/1218/1088 1070/1219/1070
f 1099/1220/1099 1101/1221/1101 1104/1222/1104
f 1065/1223/1065 1070/1219/1070 1069/1224/1069
f 1096/1225/1096 1100/1198/1100 1101/1221/1101
f 1084/1226/1084 1091/1227/1091 1090/1212/1090
f 1073/1199/1073 1080/1201/1080 1074/1210/1074
f 1083/1211/1083 1089/1213/1089 1088/1218/1088
f 1084/1226/1084 1085/1228/1085 1091/1227/1091
f 1064/1229/1064 1067/1230/1067 1068/1231/1068
f 1063/1232/1063 1069/1224/1069 1067/1233/1067
f 1072/1214/1072 1078/1203/1078 1073/1202/1073
f 1086/1207/1086 1093/1234/1093 1092/1235/1092
f 1086/1207/1086 1094/1209/1094 1093/1234/1093
f 1087/1208/1087 1095/1236/1095 1094/1209/1094
f 1071/1237/1071 1077/1215/1077 1072/1214/1072
f 1085/1238/1085 1092/1235/1092 1091/1239/1091
f 1087/1208/1087 1097/1240/1097 1102/1241/1102
f 1076/1196/1076 1100/1198/1100 1096/1225/1096
f 1096/1225/1096 1101/1221/1101 1099/1220/1099
f 1097/1240/1097 1098/1193/1098 1103/1195/1103
f 1085/1238/1085 1086/1207/1086 1092/1235/1092
f 1066/1217/1066 1083/1211/1083 1088/1218/1088
f 1083/1211/1083 1084/1226/1084 1090/1212/1090
f 1087/1208/1087 1102/1241/1102 1095/1236/1095
f 1063/1242/1063 1067/1230/1067 1064/1229/1064
f 1064/1229/1064 1068/1231/1068 1071/1237/1071
f 1065/1223/1065 1066/1217/1066 1070/1219/1070
f 1068/1231/1068 1077/1215/1077 1071/1237/1071
f 1097/1240/1097 1103/1195/1103 1102/1241/1102
f 1063/1232/1063 1065/1223/1065 1069/1224/1069
f 1114/1243/1114 1119/1244/1119 1120/1245/1120
f 1140/1246/1140 1144/1247/1144 1146/1248/1146
f 1127/1249/1127 1129/1250/1129 1128/1251/1128
f 1111/1252/1111 1105/1253/1105 1113/1254/1113
f 1114/1243/1114 1117/1255/1117 1119/1244/1119
f 1114/1243/1114 1115/1256/1115 1116/1257/1116
f 1140/1246/1140 1141/1258/1141 1142/1259/1142
f 1140/1246/1140 1142/1259/1142 1143/1260/1143
f 1140/1246/1140 1143/1260/1143 1144/1247/1144
f 1130/1261/1130 1133/1262/1133 1132/1263/1132
f 1133/1262/1133 1135/1264/1135 1134/1265/1134
f 1133/1262/1133 1134/1265/1134 1132/1263/1132
f 1139/1266/1139 1161/1267/1161 1160/1268/1160
f 1165/1269/1165 1171/1270/1171 1164/1271/1164
f 1110/1272/1110 1126/1273/1126 1109/1274/1109
f 1110/1272/1110 1109/1274/1109 1106/1275/1106
f 1169/1276/1169 1170/1277/1170 1172/1278/1172
f 1172/1278/1172 1170/1277/1170 1171/1270/1171
f 1165/1269/1165 1172/1278/1172 1171/1270/1171
f 1136/1279/1136 1137/1280/1137 1135/1264/1135
f 1136/1279/1136 1139/1266/1139 1137/1280/1137
f 1139/1266/1139 1138/1281/1138 1137/1280/1137
f 1120/1245/1120 1123/1282/1123 1124/1283/1124
f 1120/1245/1120 1124/1283/1124 1140/1246/1140
f 1146/1248/1146 1147/1284/1147 1148/1285/1148
f 1140/1246/1140 1125/1286/1125 1141/1258/1141
f 1150/1287/1150 1151/1288/1151 1152/1289/1152
f 1152/1289/1152 1151/1288/1151 1153/1290/1153
f 1158/1291/1158 1157/1292/1157 1167/1293/1167
f 1150/1287/1150 1148/1285/1148 1149/1294/1149
f 1155/1295/1155 1156/1296/1156 1158/1291/1158
f 1111/1252/1111 1113/1254/1113 1114/1243/1114
f 1146/1248/1146 1145/1297/1145 1147/1284/1147
f 1114/1243/1114 1113/1254/1113 1112/1298/1112
f 1146/1248/1146 1144/1247/1144 1145/1297/1145
f 1114/1243/1114 1112/1298/1112 1118/1299/1118
f 1114/1243/1114 1118/1299/1118 1115/1256/1115
f 1114/1243/1114 1116/1257/1116 1117/1255/1117
f 1130/1261/1130 1131/1300/1131 1129/1250/1129
f 1110/1272/1110 1127/1249/1127 1126/1273/1126
f 1158/1291/1158 1167/1293/1167 1169/1276/1169
f 1107/1301/1107 1108/1302/1108 1105/1253/1105
f 1140/1246/1140 1124/1283/1124 1125/1286/1125
f 1120/1245/1120 1122/1303/1122 1121/1304/1121
f 1146/1248/1146 1148/1285/1148 1150/1287/1150
f 1158/1291/1158 1156/1296/1156 1157/1292/1157
f 1152/1289/1152 1153/1290/1153 1154/1305/1154
f 1155/1295/1155 1154/1305/1154 1156/1296/1156
f 1152/1289/1152 1154/1305/1154 1155/1295/1155
f 1120/1245/1120 1121/1304/1121 1123/1282/1123
f 1150/1287/1150 1149/1294/1149 1151/1288/1151
f 1139/1266/1139 1159/1306/1159 1138/1281/1138
f 1169/1276/1169 1167/1293/1167 1168/1307/1168
f 1169/1276/1169 1168/1307/1168 1170/1277/1170
f 1107/1301/1107 1105/1253/1105 1111/1252/1111
f 1133/1262/1133 1136/1279/1136 1135/1264/1135
f 1127/1249/1127 1128/1251/1128 1126/1273/1126
f 1127/1249/1127 1130/1261/1130 1129/1250/1129
f 1163/1308/1163 1162/1309/1162 1160/1268/1160
f 1139/1266/1139 1160/1268/1160 1159/1306/1159
f 1130/1261/1130 1132/1263/1132 1131/1300/1131
f 1161/1267/1161 1163/1308/1163 1160/1268/1160
f 1163/1308/1163 1165/1269/1165 1166/1310/1166
f 1163/1308/1163 1166/1310/1166 1162/1309/1162
f 1107/1301/1107 1110/1272/1110 1106/1275/1106
f 1107/1301/1107 1106/1275/1106 1108/1302/1108
f 1165/1269/1165 1164/1271/1164 1166/1310/1166
f 1120/1245/1120 1119/1244/1119 1122/1303/1122
f 1206/1311/1206 1207/1312/1207 1210/1313/1210
f 1178/1314/1178 1200/1315/1200 1198/1316/1198
f 1199/1317/1199 1205/1318/1205 1202/1319/1202
f 1206/1311/1206 1210/1313/1210 1208/1320/1208
f 1239/1321/1239 1240/1322/1240 1243/1323/1243
f 1195/1324/1195 1198/1316/1198 1197/1325/1197
f 1243/1323/1243 1244/1326/1244 1246/1327/1246
f 1197/1325/1197 1198/1316/1198 1199/1317/1199
f 1236/1328/1236 1245/1329/1245 1242/1330/1242
f 1236/1328/1236 1242/1330/1242 1241/1331/1241
f 1239/1321/1239 1243/1323/1243 1246/1327/1246
f 1199/1317/1199 1201/1332/1201 1205/1318/1205
f 1201/1332/1201 1209/1333/1209 1203/1334/1203
f 1201/1332/1201 1203/1334/1203 1205/1318/1205
f 1203/1334/1203 1209/1333/1209 1204/1335/1204
f 1244/1326/1244 1245/1329/1245 1246/1327/1246
f 1245/1329/1245 1252/1336/1252 1246/1327/1246
f 1236/1328/1236 1252/1336/1252 1245/1329/1245
f 1248/1337/1248 1249/1338/1249 1251/1339/1251
f 1233/1340/1233 1234/1341/1234 1250/1342/1250
f 1225/1343/1225 1226/1344/1226 1230/1345/1230
f 1226/1344/1226 1227/1346/1227 1230/1345/1230
f 1227/1346/1227 1228/1347/1228 1230/1345/1230
f 1229/1348/1229 1230/1345/1230 1248/1337/1248
f 1225/1343/1225 1230/1345/1230 1229/1348/1229
f 1228/1347/1228 1231/1349/1231 1230/1345/1230
f 1184/1350/1184 1192/1351/1192 1191/1352/1191
f 1183/1353/1183 1184/1350/1184 1191/1352/1191
f 1184/1350/1184 1185/1354/1185 1192/1351/1192
f 1174/1355/1174 1176/1356/1176 1175/1357/1175
f 1179/1358/1179 1180/1359/1180 1183/1353/1183
f 1179/1358/1179 1187/1360/1187 1181/1361/1181
f 1185/1354/1185 1188/1362/1188 1192/1351/1192
f 1212/1363/1212 1217/1364/1217 1215/1365/1215
f 1176/1356/1176 1178/1314/1178 1177/1366/1177
f 1235/1367/1235 1248/1337/1248 1236/1328/1236
f 1193/1368/1193 1194/1369/1194 1197/1325/1197
f 1175/1357/1175 1194/1369/1194 1193/1368/1193
f 1178/1314/1178 1198/1316/1198 1196/1370/1196
f 1237/1371/1237 1238/1372/1238 1240/1322/1240
f 1237/1371/1237 1240/1322/1240 1239/1321/1239
f 1177/1366/1177 1178/1314/1178 1196/1370/1196
f 1236/1328/1236 1248/1337/1248 1252/1336/1252
f 1174/1355/1174 1178/1314/1178 1176/1356/1176
f 1174/1355/1174 1175/1357/1175 1193/1368/1193
f 1194/1369/1194 1195/1324/1195 1197/1325/1197
f 1195/1324/1195 1196/1370/1196 1198/1316/1198
f 1173/1373/1173 1179/1358/1179 1191/1352/1191
f 1179/1358/1179 1183/1353/1183 1191/1352/1191
f 1179/1358/1179 1181/1361/1181 1180/1359/1180
f 1198/1316/1198 1200/1315/1200 1201/1332/1201
f 1198/1316/1198 1201/1332/1201 1199/1317/1199
f 1202/1319/1202 1205/1318/1205 1208/1320/1208
f 1205/1318/1205 1206/1311/1206 1208/1320/1208
f 1238/1372/1238 1241/1331/1241 1240/1322/1240
f 1173/1373/1173 1178/1314/1178 1174/1355/1174
f 1173/1373/1173 1191/1352/1191 1178/1314/1178
f 1236/1328/1236 1241/1331/1241 1238/1372/1238
f 1233/1340/1233 1251/1339/1251 1249/1338/1249
f 1233/1340/1233 1250/1342/1250 1251/1339/1251
f 1248/1337/1248 1251/1339/1251 1252/1336/1252
f 1207/1312/1207 1237/1371/1237 1239/1321/1239
f 1204/1335/1204 1209/1333/1209 1237/1371/1237
f 1204/1335/1204 1237/1371/1237 1207/1312/1207
f 1228/1347/1228 1232/1374/1232 1231/1349/1231
f 1181/1361/1181 1187/1360/1187 1182/1375/1182
f 1182/1375/1182 1188/1362/1188 1185/1354/1185
f 1189/1376/1189 1213/1377/1213 1190/1378/1190
f 1223/1379/1223 1225/1343/1225 1224/1380/1224
f 1179/1358/1179 1186/1381/1186 1187/1360/1187
f 1190/1378/1190 1213/1377/1213 1214/1382/1214
f 1186/1381/1186 1213/1377/1213 1189/1376/1189
f 1186/1381/1186 1189/1376/1189 1187/1360/1187
f 1215/1365/1215 1219/1383/1219 1218/1384/1218
f 1211/1385/1211 1215/1365/1215 1213/1377/1213
f 1211/1385/1211 1212/1363/1212 1215/1365/1215
f 1186/1381/1186 1211/1385/1211 1213/1377/1213
f 1182/1375/1182 1187/1360/1187 1188/1362/1188
f 1215/1365/1215 1217/1364/1217 1226/1344/1226
f 1215/1365/1215 1221/1386/1221 1216/1387/1216
f 1215/1365/1215 1218/1384/1218 1221/1386/1221
f 1216/1387/1216 1221/1386/1221 1222/1388/1222
f 1231/1349/1231 1232/1374/1232 1233/1340/1233
f 1232/1374/1232 1234/1341/1234 1233/1340/1233
f 1235/1367/1235 1247/1389/1247 1248/1337/1248
f 1229/1348/1229 1248/1337/1248 1247/1389/1247
f 1207/1312/1207 1239/1321/1239 1210/1313/1210
f 1222/1388/1222 1223/1379/1223 1224/1380/1224
f 1216/1387/1216 1222/1388/1222 1224/1380/1224
f 1215/1365/1215 1226/1344/1226 1219/1383/1219
f 1220/1390/1220 1225/1343/1225 1223/1379/1223
f 1219/1383/1219 1226/1344/1226 1220/1390/1220
f 1220/1390/1220 1226/1344/1226 1225/1343/1225
f 1254/1391/1254 1255/1392/1255 1253/1393/1253
f 1254/1391/1254 1253/1393/1253 1256/1394/1256
f 1259/1395/1259 1258/1396/1258 1257/1397/1257
f 1259/1395/1259 1260/1398/1260 1258/1396/1258
f 1263/1399/1263 1264/1400/1264 1262/1401/1262
f 1263/1399/1263 1262/1401/1262 1261/1402/1261
f 1267/1403/1267 1265/1404/1265 1266/1405/1266
f 1267/1403/1267 1266/1405/1266 1268/1406/1268
f 1271/1407/1271 1272/1408/1272 1269/1409/1269
f 1272/1408/1272 1270/1410/1270 1269/1409/1269
f 1276/1411/1276 1274/1412/1274 1273/1413/1273
f 1275/1414/1275 1276/1415/1276 1273/1416/1273
f 1280/1417/1280 1278/1418/1278 1277/1419/1277
f 1279/1420/1279 1280/1417/1280 1277/1419/1277
f 1283/1421/1283 1282/1422/1282 1284/1423/1284
f 1283/1424/1283 1281/1425/1281 1282/1426/1282
f 1287/1427/1287 1286/1428/1286 1288/1429/1288
f 1287/1427/1287 1285/1430/1285 1286/1428/1286
f 1310/1431/1310 1311/1432/1311 1308/1433/1308
f 1309/1434/1309 1310/1431/1310 1307/1435/1307
f 1295/1436/1295 1297/1437/1297 1289/1438/1289
f 1296/1439/1296 1291/1440/1291 1294/1441/1294
f 1310/1431/1310 1308/1433/1308 1307/1435/1307
f 1295/1436/1295 1294/1442/1294 1297/1437/1297
f 1312/1443/1312 1321/1444/1321 1311/1432/1311
f 1290/1445/1290 1295/1436/1295 1289/1438/1289
f 1293/1446/1293 1292/1447/1292 1291/1440/1291
f 1309/1448/1309 1307/1449/1307 1305/1450/1305
f 1299/1451/1299 1298/1452/1298 1300/1453/1300
f 1299/1451/1299 1300/1453/1300 1301/1454/1301
f 1319/1455/1319 1303/1456/1303 1317/1457/1317
f 1319/1455/1319 1317/1457/1317 1318/1458/1318
f 1319/1455/1319 1318/1458/1318 1320/1459/1320
f 1316/1460/1316 1320/1459/1320 1315/1461/1315
f 1314/1462/1314 1313/1463/1313 1321/1444/1321
f 1314/1462/1314 1316/1464/1316 1313/1463/1313
f 1321/1444/1321 1313/1463/1313 1311/1432/1311
f 1316/1464/1316 1315/1465/1315 1313/1463/1313
f 1293/1446/1293 1291/1440/1291 1296/1439/1296
f 1306/1466/1306 1309/1448/1309 1305/1450/1305
f 1295/1436/1295 1296/1467/1296 1294/1442/1294
f 1310/1431/1310 1312/1443/1312 1311/1432/1311
f 1320/1459/1320 1318/1458/1318 1315/1461/1315
f 1299/1451/1299 1289/1438/1289 1298/1452/1298
f 1301/1468/1301 1302/1469/1302 1304/1470/1304
f 1304/1470/1304 1302/1469/1302 1303/1456/1303
f 1290/1445/1290 1289/1438/1289 1299/1451/1299
f 1304/1470/1304 1303/1456/1303 1319/1455/1319
f 1301/1468/1301 1300/1471/1300 1302/1469/1302
f 1325/1472/1325 1323/1473/1323 1322/1474/1322
f 1325/1472/1325 1326/1475/1326 1323/1473/1323
f 1326/1475/1326 1324/1476/1324 1323/1473/1323
f 1329/1477/1329 1328/1478/1328 1330/1479/1330
f 1329/1477/1329 1327/1480/1327 1328/1478/1328
f 1335/1481/1335 1332/1482/1332 1331/1483/1331
f 1336/1484/1336 1334/1485/1334 1333/1486/1333
f 1338/1487/1338 1337/1488/1337 1339/1489/1339
f 1335/1481/1335 1336/1484/1336 1332/1482/1332
f 1336/1484/1336 1338/1487/1338 1334/1485/1334
f 1336/1484/1336 1333/1486/1333 1332/1482/1332
f 1336/1484/1336 1337/1488/1337 1338/1487/1338
f 1342/1490/1342 1347/1491/1347 1346/1492/1346
f 1342/1493/1342 1341/1494/1341 1340/1495/1340
f 1346/1496/1346 1345/1497/1345 1341/1494/1341
f 1342/1493/1342 1346/1496/1346 1341/1494/1341
f 1342/1490/1342 1343/1498/1343 1347/1491/1347
f 1343/1498/1343 1344/1499/1344 1348/1500/1348
f 1343/1498/1343 1348/1500/1348 1347/1491/1347
f 1350/1501/1350 1351/1502/1351 1352/1503/1352
f 1349/1504/1349 1351/1502/1351 1350/1501/1350
f 1353/1505/1353 1355/1506/1355 1356/1507/1356
f 1353/1505/1353 1356/1507/1356 1354/1508/1354
f 1357/1509/1357 1358/1510/1358 1359/1511/1359
f 1359/1511/1359 1358/1510/1358 1360/1512/1360
f 1367/1513/1367 1368/1514/1368 1366/1515/1366
f 1368/1514/1368 1370/1516/1370 1369/1517/1369
f 1366/1515/1366 1368/1514/1368 1369/1517/1369
f 1369/1517/1369 1370/1516/1370 1372/1518/1372
f 1376/1519/1376 1374/1520/1374 1382/1521/1382
f 1380/1522/1380 1381/1523/1381 1379/1524/1379
f 1377/1525/1377 1380/1522/1380 1379/1524/1379
f 1374/1520/1374 1378/1526/1378 1381/1527/1381
f 1378/1526/1378 1379/1528/1379 1381/1527/1381
f 1374/1520/1374 1381/1527/1381 1382/1521/1382
f 1372/1518/1372 1380/1522/1380 1377/1525/1377
f 1373/1529/1373 1374/1520/1374 1376/1519/1376
f 1365/1530/1365 1367/1513/1367 1366/1515/1366
f 1362/1531/1362 1364/1532/1364 1365/1533/1365
f 1364/1532/1364 1367/1534/1367 1365/1533/1365
f 1373/1529/1373 1376/1519/1376 1375/1535/1375
f 1361/1536/1361 1363/1537/1363 1362/1531/1362
f 1371/1538/1371 1372/1518/1372 1377/1525/1377
f 1369/1517/1369 1372/1518/1372 1371/1538/1371
f 1363/1537/1363 1364/1532/1364 1362/1531/1362
f 1385/1539/1385 1384/1540/1384 1386/1541/1386
f 1383/1542/1383 1384/1543/1384 1385/1544/1385
f 1389/1545/1389 1390/1546/1390 1388/1547/1388
f 1387/1548/1387 1389/1545/1389 1388/1547/1388
f 1391/1549/1391 1394/1550/1394 1392/1551/1392
f 1391/1549/1391 1393/1552/1393 1394/1550/1394
f 1395/1553/1395 1396/1554/1396 1398/1555/1398
f 1395/1553/1395 1398/1555/1398 1397/1556/1397
f 1400/1557/1400 1402/1558/1402 1401/1559/1401
f 1399/1560/1399 1400/1557/1400 1401/1559/1401
f 1403/1561/1403 1404/1562/1404 1405/1563/1405
f 1404/1562/1404 1406/1564/1406 1405/1563/1405
f 1407/1565/1407 1409/1566/1409 1410/1567/1410
f 1407/1565/1407 1410/1567/1410 1408/1568/1408
f 1411/1569/1411 1412/1570/1412 1414/1571/1414
f 1412/1570/1412 1413/1572/1413 1414/1571/1414
f 1418/1573/1418 1416/1574/1416 1417/1575/1417
f 1415/1576/1415 1416/1574/1416 1418/1573/1418
f 1421/1577/1421 1419/1578/1419 1422/1579/1422
f 1422/1579/1422 1419/1578/1419 1420/1580/1420
f 1425/1581/1425 1424/1582/1424 1426/1583/1426
f 1426/1583/1426 1424/1582/1424 1423/1584/1423
f 1429/1585/1429 1428/1586/1428 1427/1587/1427
f 1429/1588/1429 1427/1589/1427 1430/1590/1430
f 1434/1591/1434 1432/1592/1432 1431/1593/1431
f 1433/1594/1433 1434/1591/1434 1431/1593/1431
f 1437/1595/1437 1438/1596/1438 1435/1597/1435
f 1438/1596/1438 1436/1598/1436 1435/1597/1435
f 1439/1599/1439 1442/1600/1442 1444/1601/1444
f 1442/1602/1442 1440/1603/1440 1443/1604/1443
f 1439/1599/1439 1444/1601/1444 1441/1605/1441
f 1441/1605/1441 1444/1601/1444 1445/1606/1445
f 1439/1607/1439 1440/1603/1440 1442/1602/1442
f 1447/1608/1447 1448/1609/1448 1449/1610/1449
f 1446/1611/1446 1448/1612/1448 1447/1613/1447
f 1450/1614/1450 1452/1615/1452 1451/1616/1451
f 1452/1615/1452 1453/1617/1453 1451/1616/1451
f 1454/1618/1454 1455/1619/1455 1456/1620/1456
f 1455/1619/1455 1457/1621/1457 1456/1620/1456
f 1458/1622/1458 1459/1623/1459 1460/1624/1460
f 1459/1623/1459 1461/1625/1461 1460/1624/1460
f 1467/1626/1467 1463/1627/1463 1468/1628/1468
f 1465/1629/1465 1466/1630/1466 1470/1631/1470
f 1463/1627/1463 1464/1632/1464 1468/1628/1468
f 1462/1633/1462 1463/1634/1463 1467/1635/1467
f 1462/1633/1462 1467/1635/1467 1469/1636/1469
f 1464/1637/1464 1465/1629/1465 1470/1631/1470
f 1470/1631/1470 1466/1630/1466 1471/1638/1471
f 1464/1632/1464 1470/1639/1470 1468/1628/1468
f 1472/1640/1472 1475/1641/1475 1473/1642/1473
f 1472/1640/1472 1474/1643/1474 1475/1641/1475
f 1476/1644/1476 1478/1645/1478 1477/1646/1477
f 1478/1645/1478 1479/1647/1479 1477/1646/1477
f 1480/1648/1480 1483/1649/1483 1481/1650/1481
f 1480/1648/1480 1482/1651/1482 1483/1649/1483
f 1484/1652/1484 1486/1653/1486 1485/1654/1485
f 1484/1655/1484 1485/1656/1485 1487/1657/1487
f 1484/1652/1484 1488/1658/1488 1486/1653/1486
f 1486/1653/1486 1488/1658/1488 1489/1659/1489
f 1491/1660/1491 1493/1661/1493 1492/1662/1492
f 1490/1663/1490 1493/1661/1493 1491/1660/1491
f 1494/1664/1494 1497/1665/1497 1496/1666/1496
f 1494/1664/1494 1495/1667/1495 1497/1665/1497
f 1498/1668/1498 1500/1669/1500 1499/1670/1499
f 1500/1669/1500 1501/1671/1501 1499/1670/1499
f 1505/1672/1505 1508/1673/1508 1506/1674/1506
f 1504/1675/1504 1505/1672/1505 1502/1676/1502
f 1506/1674/1506 1509/1677/1509 1507/1678/1507
f 1504/1675/1504 1502/1676/1502 1503/1679/1503
f 1504/1675/1504 1508/1673/1508 1505/1672/1505
f 1506/1674/1506 1508/1673/1508 1509/1677/1509
f 1514/1680/1514 1512/1681/1512 1510/1682/1510
f 1513/1683/1513 1510/1682/1510 1511/1684/1511
f 1513/1683/1513 1514/1680/1514 1510/1682/1510
f 1518/1685/1518 1516/1686/1516 1515/1687/1515
f 1517/1688/1517 1518/1685/1518 1515/1687/1515
f 1521/1689/1521 1519/1690/1519 1520/1691/1520
f 1521/1689/1521 1520/1691/1520 1522/1692/1522
f 1525/1693/1525 1526/1694/1526 1523/1695/1523
f 1526/1694/1526 1524/1696/1524 1523/1695/1523
f 1529/1697/1529 1530/1698/1530 1527/1699/1527
f 1530/1700/1530 1528/1701/1528 1527/1702/1527
f 1533/1703/1533 1534/1704/1534 1531/1705/1531
f 1534/1704/1534 1532/1706/1532 1531/1705/1531
f 1537/1707/1537 1535/1708/1535 1536/1709/1536
f 1537/1710/1537 1536/1711/1536 1538/1712/1538
f 1541/1713/1541 1540/1714/1540 1542/1715/1542
f 1541/1713/1541 1539/1716/1539 1540/1714/1540
f 1545/1717/1545 1543/1718/1543 1547/1719/1547
f 1545/1720/1545 1546/1721/1546 1543/1722/1543
f 1546/1721/1546 1544/1723/1544 1543/1722/1543
f 1551/1724/1551 1549/1725/1549 1548/1726/1548
f 1550/1727/1550 1551/1724/1551 1548/1726/1548
f 1553/1728/1553 1554/1729/1554 1555/1730/1555
f 1552/1731/1552 1554/1732/1554 1553/1733/1553
f 1556/1734/1556 1557/1735/1557 1559/1736/1559
f 1556/1734/1556 1559/1736/1559 1558/1737/1558
f 1560/1738/1560 1561/1739/1561 1562/1740/1562
f 1562/1741/1562 1561/1742/1561 1563/1743/1563
f 1564/1744/1564 1566/1745/1566 1567/1746/1567
f 1564/1744/1564 1567/1746/1567 1565/1747/1565
f 1568/1748/1568 1571/1749/1571 1570/1750/1570
f 1568/1748/1568 1569/1751/1569 1571/1749/1571
f 1568/1748/1568 1572/1752/1572 1569/1751/1569
f 1569/1751/1569 1572/1752/1572 1573/1753/1573
f 1574/1754/1574 1575/1755/1575 1576/1756/1576
f 1575/1755/1575 1577/1757/1577 1576/1756/1576
f 1578/1758/1578 1581/1759/1581 1579/1760/1579
f 1578/1758/1578 1580/1761/1580 1581/1759/1581
f 1583/1762/1583 1585/1763/1585 1588/1764/1588
f 1587/1765/1587 1586/1766/1586 1588/1764/1588
f 1582/1767/1582 1584/1768/1584 1585/1769/1585
f 1582/1767/1582 1585/1769/1585 1583/1770/1583
f 1583/1762/1583 1588/1764/1588 1586/1766/1586
f 1589/1771/1589 1590/1772/1590 1591/1773/1591
f 1590/1772/1590 1592/1774/1592 1591/1773/1591
f 1593/1775/1593 1596/1776/1596 1594/1777/1594
f 1593/1775/1593 1595/1778/1595 1596/1776/1596
f 1597/1779/1597 1598/1780/1598 1599/1781/1599
f 1598/1780/1598 1600/1782/1600 1599/1781/1599
f 1601/1783/1601 1602/1784/1602 1603/1785/1603
f 1603/1785/1603 1602/1784/1602 1604/1786/1604
f 1605/1787/1605 1606/1788/1606 1608/1789/1608
f 1605/1787/1605 1608/1789/1608 1607/1790/1607
f 1609/1791/1609 1612/1792/1612 1611/1793/1611
f 1609/1791/1609 1610/1794/1610 1612/1792/1612
f 1615/1795/1615 1616/1796/1616 1613/1797/1613
f 1616/1798/1616 1614/1799/1614 1613/1800/1613
f 1619/1801/1619 1620/1802/1620 1617/1803/1617
f 1620/1802/1620 1618/1804/1618 1617/1803/1617
f 1623/1805/1623 1624/1806/1624 1621/1807/1621
f 1624/1806/1624 1622/1808/1622 1621/1807/1621
f 1627/1809/1627 1626/1810/1626 1628/1811/1628
f 1627/1809/1627 1625/1812/1625 1626/1810/1626
f 1631/1813/1631 1630/1814/1630 1632/1815/1632
f 1631/1813/1631 1629/1816/1629 1630/1814/1630
f 1635/1817/1635 1633/1818/1633 1634/1819/1634
f 1635/1820/1635 1634/1821/1634 1636/1822/1636
f 1637/1823/1637 1638/1824/1638 1640/1825/1640
f 1640/1826/1640 1638/1827/1638 1639/1828/1639
f 1640/1826/1640 1639/1828/1639 1641/1829/1641
f 1642/1830/1642 1645/1831/1645 1644/1832/1644
f 1645/1833/1645 1643/1834/1643 1644/1835/1644
f 1646/1836/1646 1648/1837/1648 1647/1838/1647
f 1651/1839/1651 1649/1840/1649 1650/1841/1650
f 1653/1842/1653 1652/1843/1652 1654/1844/1654
f 1657/1845/1657 1655/1846/1655 1656/1847/1656
f 1659/1848/1659 1658/1849/1658 1660/1850/1660
f 1662/1851/1662 1663/1852/1663 1661/1853/1661
