# OneRobotics A1 visual mesh, derived from ecf530911284ba0e559f7a24dc222fd8e60d31ed
# Source STL SHA-256: 265449ea87514fd30e9a9810cc25bea20bdb426e78c2485508577f9d0d0d73d2
# Changes: surface-aware decimation, occluded-face removal, smooth normals and box-projected UVs.
o link6
v -0.0000000 -0.1120000 -0.0167500
v -0.0000000 -0.1120000 0.0002500
v -0.0037829 -0.1120000 -0.0163238
v 0.0105993 -0.1120000 -0.0130411
v 0.0073760 -0.1120000 -0.0150665
v 0.0037829 -0.1120000 -0.0163238
v 0.0165738 -0.1120000 -0.0035329
v 0.0153165 -0.1120000 -0.0071260
v 0.0132911 -0.1120000 -0.0103493
v 0.0153165 -0.1120000 0.0076260
v 0.0165738 -0.1120000 0.0040329
v 0.0170000 -0.1120000 0.0002500
v 0.0073760 -0.1120000 0.0155665
v 0.0105993 -0.1120000 0.0135411
v 0.0132911 -0.1120000 0.0108493
v -0.0037829 -0.1120000 0.0168238
v -0.0000000 -0.1120000 0.0172500
v 0.0037829 -0.1120000 0.0168238
v -0.0132911 -0.1120000 0.0108493
v -0.0105993 -0.1120000 0.0135411
v -0.0073760 -0.1120000 0.0155665
v -0.0170000 -0.1120000 0.0002500
v -0.0165738 -0.1120000 0.0040329
v -0.0153165 -0.1120000 0.0076260
v -0.0132911 -0.1120000 -0.0103493
v -0.0153165 -0.1120000 -0.0071260
v -0.0165738 -0.1120000 -0.0035329
v -0.0073760 -0.1120000 -0.0150665
v -0.0105993 -0.1120000 -0.0130411
v -0.0000000 -0.1120000 -0.0167500
v -0.0037829 -0.1120000 -0.0163238
v 0.0105993 -0.1120000 -0.0130411
v 0.0073760 -0.1120000 -0.0150665
v 0.0037829 -0.1120000 -0.0163238
v 0.0165738 -0.1120000 -0.0035329
v 0.0153165 -0.1120000 -0.0071260
v 0.0132911 -0.1120000 -0.0103493
v 0.0153165 -0.1120000 0.0076260
v 0.0165738 -0.1120000 0.0040329
v 0.0170000 -0.1120000 0.0002500
v 0.0073760 -0.1120000 0.0155665
v 0.0105993 -0.1120000 0.0135411
v 0.0132911 -0.1120000 0.0108493
v -0.0037829 -0.1120000 0.0168238
v -0.0000000 -0.1120000 0.0172500
v 0.0037829 -0.1120000 0.0168238
v -0.0132911 -0.1120000 0.0108493
v -0.0105993 -0.1120000 0.0135411
v -0.0073760 -0.1120000 0.0155665
v -0.0170000 -0.1120000 0.0002500
v -0.0165738 -0.1120000 0.0040329
v -0.0153165 -0.1120000 0.0076260
v -0.0132911 -0.1120000 -0.0103493
v -0.0153165 -0.1120000 -0.0071260
v -0.0165738 -0.1120000 -0.0035329
v -0.0073760 -0.1120000 -0.0150665
v -0.0105993 -0.1120000 -0.0130411
v -0.0000000 -0.1115000 -0.0172500
v 0.0038941 -0.1115000 -0.0168112
v 0.0075930 -0.1115000 -0.0155170
v 0.0109111 -0.1115000 -0.0134321
v 0.0136821 -0.1115000 -0.0106611
v 0.0157670 -0.1115000 -0.0073430
v 0.0170612 -0.1115000 -0.0036441
v 0.0175000 -0.1115000 0.0002500
v 0.0170612 -0.1115000 0.0041441
v 0.0157670 -0.1115000 0.0078430
v 0.0136821 -0.1115000 0.0111611
v 0.0109111 -0.1115000 0.0139321
v 0.0075930 -0.1115000 0.0160170
v 0.0038941 -0.1115000 0.0173112
v -0.0000000 -0.1115000 0.0177500
v -0.0038941 -0.1115000 0.0173112
v -0.0075930 -0.1115000 0.0160170
v -0.0109111 -0.1115000 0.0139321
v -0.0136821 -0.1115000 0.0111611
v -0.0157670 -0.1115000 0.0078430
v -0.0170612 -0.1115000 0.0041441
v -0.0175000 -0.1115000 0.0002500
v -0.0170612 -0.1115000 -0.0036441
v -0.0157670 -0.1115000 -0.0073430
v -0.0136821 -0.1115000 -0.0106611
v -0.0109111 -0.1115000 -0.0134321
v -0.0075930 -0.1115000 -0.0155170
v -0.0038941 -0.1115000 -0.0168112
v -0.0000000 -0.1115000 -0.0172500
v 0.0038941 -0.1115000 -0.0168112
v 0.0075930 -0.1115000 -0.0155170
v 0.0109111 -0.1115000 -0.0134321
v 0.0136821 -0.1115000 -0.0106611
v 0.0157670 -0.1115000 -0.0073430
v 0.0170612 -0.1115000 -0.0036441
v 0.0175000 -0.1115000 0.0002500
v 0.0170612 -0.1115000 0.0041441
v 0.0157670 -0.1115000 0.0078430
v 0.0136821 -0.1115000 0.0111611
v 0.0109111 -0.1115000 0.0139321
v 0.0075930 -0.1115000 0.0160170
v 0.0038941 -0.1115000 0.0173112
v -0.0000000 -0.1115000 0.0177500
v -0.0038941 -0.1115000 0.0173112
v -0.0075930 -0.1115000 0.0160170
v -0.0109111 -0.1115000 0.0139321
v -0.0136821 -0.1115000 0.0111611
v -0.0157670 -0.1115000 0.0078430
v -0.0170612 -0.1115000 0.0041441
v -0.0175000 -0.1115000 0.0002500
v -0.0170612 -0.1115000 -0.0036441
v -0.0157670 -0.1115000 -0.0073430
v -0.0136821 -0.1115000 -0.0106611
v -0.0109111 -0.1115000 -0.0134321
v -0.0075930 -0.1115000 -0.0155170
v -0.0038941 -0.1115000 -0.0168112
v 0.0038941 -0.1110000 0.0173112
v 0.0075930 -0.1110000 0.0160170
v 0.0109111 -0.1110000 0.0139321
v 0.0136821 -0.1110000 0.0111611
v 0.0157670 -0.1110000 0.0078430
v 0.0170612 -0.1110000 0.0041441
v 0.0175000 -0.1110000 0.0002500
v 0.0170612 -0.1110000 -0.0036441
v 0.0157670 -0.1110000 -0.0073430
v 0.0136821 -0.1110000 -0.0106611
v 0.0109111 -0.1110000 -0.0134321
v 0.0075930 -0.1110000 -0.0155170
v 0.0038941 -0.1110000 -0.0168112
v -0.0000000 -0.1110000 -0.0172500
v -0.0038941 -0.1110000 -0.0168112
v -0.0075930 -0.1110000 -0.0155170
v -0.0109111 -0.1110000 -0.0134321
v -0.0136821 -0.1110000 -0.0106611
v -0.0157670 -0.1110000 -0.0073430
v -0.0170612 -0.1110000 -0.0036441
v -0.0175000 -0.1110000 0.0002500
v -0.0170612 -0.1110000 0.0041441
v -0.0157670 -0.1110000 0.0078430
v -0.0136821 -0.1110000 0.0111611
v -0.0109111 -0.1110000 0.0139321
v -0.0075930 -0.1110000 0.0160170
v -0.0038941 -0.1110000 0.0173112
v -0.0000000 -0.1110000 0.0177500
v 0.0038941 -0.1110000 0.0173112
v 0.0075930 -0.1110000 0.0160170
v 0.0109111 -0.1110000 0.0139321
v 0.0136821 -0.1110000 0.0111611
v 0.0157670 -0.1110000 0.0078430
v 0.0170612 -0.1110000 0.0041441
v 0.0175000 -0.1110000 0.0002500
v 0.0170612 -0.1110000 -0.0036441
v 0.0157670 -0.1110000 -0.0073430
v 0.0136821 -0.1110000 -0.0106611
v 0.0109111 -0.1110000 -0.0134321
v 0.0075930 -0.1110000 -0.0155170
v 0.0038941 -0.1110000 -0.0168112
v -0.0000000 -0.1110000 -0.0172500
v -0.0038941 -0.1110000 -0.0168112
v -0.0075930 -0.1110000 -0.0155170
v -0.0109111 -0.1110000 -0.0134321
v -0.0136821 -0.1110000 -0.0106611
v -0.0157670 -0.1110000 -0.0073430
v -0.0170612 -0.1110000 -0.0036441
v -0.0175000 -0.1110000 0.0002500
v -0.0170612 -0.1110000 0.0041441
v -0.0157670 -0.1110000 0.0078430
v -0.0136821 -0.1110000 0.0111611
v -0.0109111 -0.1110000 0.0139321
v -0.0075930 -0.1110000 0.0160170
v -0.0038941 -0.1110000 0.0173112
v -0.0000000 -0.1110000 0.0177500
v -0.0095766 -0.1110000 0.0265614
v -0.0048621 -0.1110000 0.0278246
v -0.0000000 -0.1110000 0.0282500
v -0.0263114 -0.1110000 0.0098266
v -0.0242487 -0.1110000 0.0142500
v -0.0214492 -0.1110000 0.0182481
v -0.0179981 -0.1110000 0.0216992
v -0.0140000 -0.1110000 0.0244987
v -0.0095766 -0.1110000 -0.0260614
v -0.0140000 -0.1110000 -0.0239987
v -0.0179981 -0.1110000 -0.0211992
v -0.0214492 -0.1110000 -0.0177481
v 0.0263114 -0.1110000 -0.0093266
v 0.0242487 -0.1110000 -0.0137500
v 0.0214492 -0.1110000 -0.0177481
v 0.0179981 -0.1110000 -0.0211992
v -0.0242487 -0.1110000 -0.0137500
v -0.0263114 -0.1110000 -0.0093266
v -0.0275746 -0.1110000 -0.0046121
v -0.0280000 -0.1110000 0.0002500
v -0.0275746 -0.1110000 0.0051121
v 0.0140000 -0.1110000 -0.0239987
v 0.0095766 -0.1110000 -0.0260614
v 0.0048621 -0.1110000 -0.0273246
v -0.0000000 -0.1110000 -0.0277500
v -0.0048621 -0.1110000 -0.0273246
v 0.0263114 -0.1110000 0.0098266
v 0.0275746 -0.1110000 0.0051121
v 0.0280000 -0.1110000 0.0002500
v 0.0275746 -0.1110000 -0.0046121
v 0.0048621 -0.1110000 0.0278246
v 0.0095766 -0.1110000 0.0265614
v 0.0140000 -0.1110000 0.0244987
v 0.0179981 -0.1110000 0.0216992
v 0.0214492 -0.1110000 0.0182481
v 0.0242487 -0.1110000 0.0142500
v -0.0000000 -0.0660000 0.0002500
v 0.0275746 -0.0660000 0.0051121
v 0.0263114 -0.0660000 0.0098266
v 0.0242487 -0.0660000 0.0142500
v 0.0263114 -0.0660000 -0.0093266
v 0.0275746 -0.0660000 -0.0046121
v 0.0280000 -0.0660000 0.0002500
v 0.0242487 -0.0660000 -0.0137500
v -0.0000000 -0.0660000 0.0002500
v -0.0275746 -0.0660000 -0.0046121
v -0.0263114 -0.0660000 -0.0093266
v -0.0242487 -0.0660000 -0.0137500
v -0.0263114 -0.0660000 0.0098266
v -0.0275746 -0.0660000 0.0051121
v -0.0280000 -0.0660000 0.0002500
v -0.0242487 -0.0660000 0.0142500
v -0.0095766 -0.1110000 0.0265614
v -0.0048621 -0.1110000 0.0278246
v -0.0000000 -0.1110000 0.0282500
v -0.0263114 -0.1110000 0.0098266
v -0.0242487 -0.1110000 0.0142500
v -0.0214492 -0.1110000 0.0182481
v -0.0179981 -0.1110000 0.0216992
v -0.0140000 -0.1110000 0.0244987
v -0.0095766 -0.1110000 -0.0260614
v -0.0140000 -0.1110000 -0.0239987
v -0.0179981 -0.1110000 -0.0211992
v -0.0214492 -0.1110000 -0.0177481
v 0.0263114 -0.1110000 -0.0093266
v 0.0242487 -0.1110000 -0.0137500
v 0.0214492 -0.1110000 -0.0177481
v 0.0179981 -0.1110000 -0.0211992
v -0.0242487 -0.1110000 -0.0137500
v -0.0263114 -0.1110000 -0.0093266
v -0.0275746 -0.1110000 -0.0046121
v -0.0280000 -0.1110000 0.0002500
v -0.0275746 -0.1110000 0.0051121
v 0.0140000 -0.1110000 -0.0239987
v 0.0095766 -0.1110000 -0.0260614
v 0.0048621 -0.1110000 -0.0273246
v -0.0000000 -0.1110000 -0.0277500
v -0.0048621 -0.1110000 -0.0273246
v 0.0263114 -0.1110000 0.0098266
v 0.0275746 -0.1110000 0.0051121
v 0.0280000 -0.1110000 0.0002500
v 0.0275746 -0.1110000 -0.0046121
v 0.0048621 -0.1110000 0.0278246
v 0.0095766 -0.1110000 0.0265614
v 0.0140000 -0.1110000 0.0244987
v 0.0179981 -0.1110000 0.0216992
v 0.0214492 -0.1110000 0.0182481
v 0.0242487 -0.1110000 0.0142500
v -0.0000000 -0.1105000 -0.0282500
v 0.0049490 -0.1105000 -0.0278170
v 0.0097476 -0.1105000 -0.0265312
v 0.0142500 -0.1105000 -0.0244317
v 0.0183194 -0.1105000 -0.0215823
v 0.0218323 -0.1105000 -0.0180694
v 0.0246817 -0.1105000 -0.0140000
v 0.0267812 -0.1105000 -0.0094976
v 0.0280670 -0.1105000 -0.0046990
v 0.0285000 -0.1105000 0.0002500
v 0.0280670 -0.1105000 0.0051990
v 0.0267812 -0.1105000 0.0099976
v 0.0246817 -0.1105000 0.0145000
v 0.0218323 -0.1105000 0.0185694
v 0.0183194 -0.1105000 0.0220823
v 0.0142500 -0.1105000 0.0249317
v 0.0097476 -0.1105000 0.0270312
v 0.0049490 -0.1105000 0.0283170
v -0.0000000 -0.1105000 0.0287500
v -0.0049490 -0.1105000 0.0283170
v -0.0097476 -0.1105000 0.0270312
v -0.0142500 -0.1105000 0.0249317
v -0.0183194 -0.1105000 0.0220823
v -0.0218323 -0.1105000 0.0185694
v -0.0246817 -0.1105000 0.0145000
v -0.0267812 -0.1105000 0.0099976
v -0.0280670 -0.1105000 0.0051990
v -0.0285000 -0.1105000 0.0002500
v -0.0280670 -0.1105000 -0.0046990
v -0.0267812 -0.1105000 -0.0094976
v -0.0246817 -0.1105000 -0.0140000
v -0.0218323 -0.1105000 -0.0180694
v -0.0183194 -0.1105000 -0.0215823
v -0.0142500 -0.1105000 -0.0244317
v -0.0097476 -0.1105000 -0.0265312
v -0.0049490 -0.1105000 -0.0278170
v 0.0048621 -0.0660000 0.0278246
v -0.0000000 -0.0660000 0.0282500
v -0.0048621 -0.0660000 0.0278246
v -0.0000000 -0.0665000 0.0287500
v 0.0049490 -0.0665000 0.0283170
v -0.0097476 -0.0665000 0.0270312
v -0.0049490 -0.0665000 0.0283170
v 0.0048621 -0.0660000 -0.0273246
v -0.0095766 -0.0660000 -0.0260614
v -0.0048621 -0.0660000 -0.0273246
v -0.0000000 -0.0660000 -0.0277500
v 0.0097476 -0.0665000 -0.0265312
v 0.0049490 -0.0665000 -0.0278170
v -0.0000000 -0.0665000 -0.0282500
v -0.0049490 -0.0665000 -0.0278170
v 0.0205780 -0.0564563 -0.0182548
v 0.0316301 -0.0562985 -0.0171485
v 0.0207237 -0.0564122 -0.0172436
v 0.0203194 -0.0566493 -0.0172473
v 0.0200362 -0.0570925 -0.0172500
v 0.0200401 -0.0570448 -0.0182504
v 0.0205780 -0.0564563 -0.0092548
v 0.0316383 -0.0562984 -0.0093516
v 0.0316401 -0.0562984 -0.0081484
v 0.0207237 -0.0564122 -0.0082436
v 0.0203194 -0.0566493 -0.0082473
v 0.0200362 -0.0570925 -0.0082500
v 0.0200401 -0.0570448 -0.0092504
v 0.0205780 -0.0564563 -0.0002548
v 0.0316468 -0.0562984 -0.0003516
v 0.0316467 -0.0562984 0.0008516
v 0.0207237 -0.0564122 0.0007564
v 0.0203194 -0.0566493 0.0007527
v 0.0200362 -0.0570925 0.0007500
v 0.0200401 -0.0570448 -0.0002504
v 0.0205780 -0.0564563 0.0087452
v 0.0316388 -0.0562984 0.0086484
v 0.0316365 -0.0562984 0.0098516
v 0.0207237 -0.0564122 0.0097564
v 0.0203194 -0.0566493 0.0097527
v 0.0200362 -0.0570925 0.0097500
v 0.0200401 -0.0570448 0.0087496
v 0.0205780 -0.0564563 0.0177452
v 0.0316259 -0.0562986 0.0176485
v 0.0316247 -0.0562986 0.0188514
v 0.0207237 -0.0564122 0.0187564
v 0.0203194 -0.0566493 0.0187527
v 0.0200362 -0.0570925 0.0187500
v 0.0200401 -0.0570448 0.0177496
v 0.0199412 -0.0592175 0.0187573
v 0.0205780 -0.0564563 -0.0272548
v 0.0315300 -0.0562994 -0.0273506
v 0.0315779 -0.0562990 -0.0261490
v 0.0207237 -0.0564122 -0.0262436
v 0.0203194 -0.0566493 -0.0262473
v 0.0200362 -0.0570925 -0.0262500
v 0.0200401 -0.0570448 -0.0272504
v 0.0200000 -0.0589267 -0.0262500
v 0.0200000 -0.0589267 -0.0182500
v 0.0200000 -0.0589267 -0.0172500
v 0.0200000 -0.0589267 -0.0092500
v 0.0200000 -0.0589267 -0.0082500
v 0.0200000 -0.0589267 -0.0002500
v 0.0200000 -0.0589267 0.0007500
v 0.0200000 -0.0589267 0.0087500
v 0.0200000 -0.0589267 0.0097500
v 0.0200000 -0.0589267 0.0177500
v 0.0200000 -0.0589267 -0.0272500
v 0.0200000 -0.0593733 -0.0310104
v 0.0200000 -0.0589267 -0.0310117
v 0.0197568 -0.0589277 -0.0317247
v 0.0199258 -0.0594086 -0.0314070
v 0.0194345 -0.0595882 -0.0319435
v 0.0191666 -0.0589311 -0.0320026
v 0.0020727 -0.0597791 -0.0327225
v 0.0029913 -0.0597842 -0.0321514
v 0.0026581 -0.0590178 -0.0322047
v 0.0026074 -0.0597821 -0.0322147
v 0.0021865 -0.0590199 -0.0325433
v 0.0197713 -0.0598698 -0.0319024
v 0.0316646 -0.0562890 -0.0183572
v 0.0205134 -0.0589241 0.0201891
v 0.0207610 -0.0598773 0.0202522
v 0.0205000 -0.0598759 0.0201503
v 0.0202874 -0.0596629 0.0199859
v 0.0201506 -0.0595247 0.0198121
v 0.0199412 -0.0592175 0.0187573
v 0.0200613 -0.0594328 0.0196291
v 0.0200200 -0.0589265 0.0195381
v 0.0201876 -0.0589257 0.0198706
v 0.0314694 -0.0588666 0.0206505
v 0.0313824 -0.0599329 0.0206475
v 0.0316301 -0.0562985 -0.0171485
v 0.0316383 -0.0562984 -0.0093516
v 0.0316401 -0.0562984 -0.0081484
v 0.0316468 -0.0562984 -0.0003516
v 0.0316467 -0.0562984 0.0008516
v 0.0316388 -0.0562984 0.0086484
v 0.0316365 -0.0562984 0.0098516
v 0.0316259 -0.0562986 0.0176485
v 0.0316247 -0.0562986 0.0188514
v 0.0314805 -0.0495795 -0.0006500
v 0.0314943 -0.0456888 -0.0000104
v 0.0314944 -0.0455795 -0.0007500
v 0.0315300 -0.0562994 -0.0273506
v 0.0315779 -0.0562990 -0.0261490
v 0.0313192 -0.0061397 0.0313927
v 0.0312675 -0.0021406 0.0313936
v 0.0317782 -0.0495796 -0.0005000
v 0.0313743 -0.0588672 -0.0261507
v 0.0314887 -0.0588666 -0.0183503
v 0.0314946 -0.0588665 -0.0171497
v 0.0315266 -0.0588663 -0.0093506
v 0.0315312 -0.0588663 -0.0081494
v 0.0315477 -0.0588662 -0.0003508
v 0.0315474 -0.0588662 0.0008508
v 0.0315283 -0.0588663 0.0086494
v 0.0315230 -0.0588664 0.0098506
v 0.0314869 -0.0588666 0.0176498
v 0.0314807 -0.0588666 0.0188502
v 0.0314694 -0.0588666 0.0206505
v 0.0315605 -0.0462615 -0.0002499
v 0.0317427 -0.0466861 0.0002500
v 0.0317945 -0.0454914 -0.0005925
v 0.0258609 -0.0300226 0.0051100
v 0.0258619 -0.0299238 -0.0222304
v 0.0318019 -0.0359474 -0.0218008
v -0.0011002 0.0133862 -0.0344953
v -0.0011004 0.0144141 -0.0344961
v 0.0263955 0.0145101 -0.0328931
v 0.0270365 0.0132879 -0.0328908
v 0.0239036 0.0183014 -0.0329018
v -0.0032587 0.0182214 -0.0344978
v -0.0011002 0.0171862 -0.0344953
v -0.0011004 0.0182141 -0.0344961
v 0.0309914 -0.0317988 -0.0319018
v 0.0309914 -0.0330012 -0.0319018
v 0.0020000 -0.0329000 -0.0349841
v 0.0020000 -0.0319000 -0.0349841
v 0.0309915 -0.0377988 -0.0319018
v 0.0309916 -0.0390012 -0.0319018
v 0.0020000 -0.0389000 -0.0349841
v 0.0020000 -0.0379000 -0.0349841
v 0.0313091 -0.0588675 -0.0273487
v 0.0313824 -0.0599329 0.0206475
v 0.0018269 -0.0590224 -0.0349634
v 0.0020000 -0.0597791 -0.0349841
v 0.0122771 0.0287143 0.0302520
v 0.0121164 0.0287128 0.0289006
v 0.0061666 0.0305281 0.0301861
v 0.0051387 0.0306987 0.0288353
v 0.0000132 0.0311379 0.0301411
v 0.0000006 0.0311395 0.0286465
v 0.0310984 -0.0016415 0.0302881
v 0.0301685 -0.0079310 0.0289298
v 0.0283956 -0.0126698 0.0307099
v 0.0301366 -0.0078234 0.0305391
v 0.0307854 0.0046416 0.0301516
v 0.0311725 0.0007115 0.0289580
v 0.0290154 0.0114539 0.0302319
v 0.0299993 0.0083528 0.0289555
v 0.0266567 0.0162024 0.0302218
v 0.0279453 0.0136669 0.0289518
v 0.0249337 0.0186520 0.0289465
v 0.0187203 0.0249458 0.0302012
v 0.0207778 0.0231658 0.0289376
v 0.0170352 0.0260709 0.0288485
v 0.0295799 -0.0073339 0.0342875
v 0.0250160 -0.0072503 0.0353895
v 0.0275884 -0.0072985 0.0350581
v 0.0313366 -0.0033749 0.0314277
v 0.0299219 -0.0033336 0.0339778
v 0.0303393 -0.0021570 0.0335268
v 0.0279523 -0.0022017 0.0349749
v 0.0274656 -0.0148592 0.0307512
v 0.0314222 -0.0074393 0.0309716
v 0.0312556 0.0024402 0.0303447
v 0.0301695 0.0081920 0.0303226
v 0.0224166 0.0216900 0.0302309
v 0.0250910 0.0185857 0.0302738
v 0.0000046 0.0313026 0.0302715
v 0.0085206 0.0300195 0.0302503
v 0.0156478 0.0270010 0.0302703
v 0.0312645 -0.0171679 0.0316128
v 0.0258604 -0.0298686 0.0237516
v 0.0317979 -0.0348130 0.0263528
v 0.0258611 -0.0289872 0.0261687
v 0.0316670 -0.0320452 0.0294561
v 0.0258621 -0.0274912 0.0281288
v 0.0258612 -0.0254938 0.0294235
v 0.0313736 -0.0276365 0.0312404
v 0.0258943 -0.0219890 0.0304564
v 0.0263253 -0.0188680 0.0307138
v 0.0317959 -0.0360647 0.0207744
v 0.0257154 -0.0353663 0.0353626
v 0.0250345 -0.0022451 0.0354308
v 0.0257147 -0.0088764 0.0353626
v 0.0222179 0.0118931 0.0353809
v 0.0262490 -0.0513168 0.0353299
v 0.0248757 -0.0625343 0.0353107
v 0.0276319 -0.0144227 0.0289449
v 0.0261410 -0.0194574 0.0289552
v 0.0258483 -0.0250808 -0.0291899
v 0.0258603 -0.0237914 -0.0278098
v 0.0258727 -0.0259406 -0.0268500
v 0.0258614 -0.0277777 0.0251653
v 0.0258796 -0.0271360 0.0261616
v 0.0258639 -0.0258301 0.0274210
v 0.0258754 -0.0284448 0.0156076
v 0.0258681 -0.0284182 0.0225879
v 0.0258612 -0.0285047 -0.0196879
v 0.0258616 -0.0287357 -0.0262911
v 0.0258616 -0.0277301 -0.0247858
v 0.0258611 -0.0283448 -0.0225777
v 0.0261338 -0.0193941 -0.0284447
v 0.0259713 -0.0213197 -0.0300101
v 0.0278410 -0.0139299 -0.0284344
v 0.0129923 0.0282890 -0.0284053
v 0.0185088 0.0250434 -0.0284304
v 0.0195013 0.0245256 -0.0283610
v 0.0266093 0.0162701 -0.0297451
v 0.0299936 0.0083836 -0.0284088
v 0.0308084 0.0045649 -0.0296521
v 0.0281232 0.0132689 -0.0284522
v 0.0292069 0.0108130 -0.0296449
v 0.0255756 0.0178997 -0.0284490
v 0.0270869 0.0152858 -0.0296410
v 0.0310815 -0.0023136 -0.0298235
v 0.0311106 0.0017088 -0.0283953
v 0.0303972 -0.0070751 -0.0284559
v 0.0298573 -0.0087719 -0.0300932
v 0.0269080 -0.0162380 -0.0302884
v 0.0000024 0.0312134 -0.0299256
v 0.0031834 0.0309953 -0.0297090
v 0.0000357 0.0311790 -0.0282392
v 0.0074452 0.0302071 -0.0283639
v 0.0305185 -0.0677102 0.0147864
v 0.0316446 -0.0559260 0.0135629
v 0.0310080 -0.0588517 -0.0299926
v 0.0303880 -0.0493952 -0.0329253
v 0.0316975 -0.0540527 0.0252567
v 0.0317343 -0.0530003 0.0013852
v 0.0316554 -0.0557277 -0.0116687
v 0.0317364 -0.0490474 -0.0284366
v 0.0316646 -0.0562890 -0.0183572
v 0.0314513 -0.0555780 -0.0289450
v 0.0311895 -0.0490975 -0.0313975
v 0.0308262 -0.0550839 -0.0319401
v 0.0295463 -0.0544057 -0.0336935
v 0.0299139 -0.0588745 -0.0328156
v 0.0306960 -0.0639115 0.0255568
v 0.0241714 -0.0706650 0.0343252
v 0.0268156 -0.0674517 0.0337916
v 0.0287391 -0.0617221 0.0340057
v 0.0292329 -0.0556027 0.0343432
v 0.0297993 -0.0557975 0.0338619
v 0.0281174 -0.0617158 0.0343802
v 0.0315265 -0.0528488 0.0302416
v 0.0306714 -0.0543569 0.0328770
v 0.0289724 -0.0746817 0.0147608
v 0.0293155 -0.0688986 0.0255520
v 0.0300295 -0.0637775 0.0305646
v 0.0297493 -0.0620465 0.0324588
v 0.0312294 -0.0580494 0.0300508
v 0.0267591 -0.0766790 0.0220163
v 0.0244742 -0.0731236 0.0326277
v 0.0258035 -0.0734118 0.0301637
v 0.0283025 -0.0683799 0.0309055
v 0.0294110 -0.0503561 0.0343527
v 0.0317956 -0.0440507 0.0247092
v 0.0317956 -0.0440514 -0.0241777
v 0.0317874 -0.0342088 -0.0268387
v 0.0315113 -0.0300344 -0.0300543
v 0.0312541 -0.0235625 -0.0311568
v 0.0313771 -0.0107550 -0.0307018
v 0.0135296 0.0281131 -0.0296774
v 0.0102377 0.0294784 -0.0297595
v 0.0069696 0.0303897 -0.0297291
v 0.0162327 0.0267231 -0.0297463
v 0.0206296 0.0233917 -0.0297024
v 0.0237452 0.0203044 -0.0297702
v 0.0284032 0.0130423 -0.0298067
v 0.0301284 0.0083300 -0.0298046
v 0.0313506 0.0015289 -0.0298610
v 0.0196414 0.0227865 -0.0329167
v 0.0194162 0.0216141 -0.0338838
v 0.0173684 0.0216217 -0.0344246
v -0.0051000 0.0217001 -0.0345030
v -0.0028893 0.0201914 -0.0344953
v -0.0030515 0.0200727 -0.0344959
v 0.0212958 0.0183022 -0.0343723
v -0.0011120 0.0199954 -0.0344890
v -0.0051355 0.0181997 -0.0344847
v -0.0012270 0.0201510 -0.0344895
v -0.0013507 0.0201970 -0.0344899
v 0.0230821 0.0182983 -0.0336218
v 0.0249826 0.0132942 -0.0343199
v -0.0051000 0.0134001 -0.0345030
v -0.0051000 0.0099001 -0.0345030
v -0.0031820 0.0133769 -0.0344988
v -0.0030673 0.0115556 -0.0344959
v 0.0259991 0.0100087 -0.0343945
v -0.0011734 0.0115017 -0.0344893
v -0.0011174 0.0115958 -0.0344891
v 0.0258476 0.0103865 -0.0343950
v -0.0011031 0.0116525 -0.0344890
v -0.0029050 0.0114126 -0.0344954
v -0.0013111 0.0114090 -0.0344898
v 0.0276783 0.0100144 -0.0336284
v 0.0284244 0.0100171 -0.0328859
v 0.0239793 0.0145015 -0.0343736
v 0.0260688 0.0145088 -0.0332608
v 0.0247107 0.0171229 -0.0330442
v 0.0259554 -0.0318164 -0.0348377
v 0.0291521 -0.0318052 -0.0339816
v 0.0283450 -0.0318085 -0.0343269
v 0.0299359 -0.0329977 -0.0335231
v 0.0272986 -0.0329885 -0.0346851
v 0.0291522 -0.0378052 -0.0339816
v 0.0303710 -0.0378007 -0.0330312
v 0.0274183 -0.0378112 -0.0346976
v 0.0298016 -0.0389978 -0.0336872
v 0.0262762 -0.0389849 -0.0348274
v 0.0280604 -0.0588846 -0.0342622
v 0.0135627 0.0215561 0.0353530
v 0.0078118 0.0214557 0.0354907
v -0.0000003 0.0299748 0.0335525
v -0.0010995 0.0303145 0.0331924
v -0.0010943 0.0294742 0.0340779
v -0.0010945 0.0281098 0.0348585
v -0.0010982 0.0256034 0.0353800
v -0.0000035 0.0250083 0.0353941
v 0.0057441 0.0302343 0.0320493
v 0.0005825 0.0307688 0.0320493
v 0.0264560 -0.0562780 0.0352288
v 0.0267591 -0.0292505 0.0352288
v 0.0267594 -0.0146293 0.0352288
v 0.0302465 -0.0088701 0.0336298
v 0.0313672 -0.0073674 0.0314815
v 0.0315166 -0.0043709 0.0308138
v 0.0304868 -0.0061507 0.0333646
v 0.0296500 0.0048961 0.0336155
v 0.0248911 0.0081817 0.0353033
v 0.0232140 0.0118841 0.0353269
v 0.0178521 0.0190551 0.0353178
v 0.0110593 0.0240424 0.0352392
v 0.0006455 0.0265617 0.0352144
v 0.0005449 0.0287875 0.0344840
v 0.0107596 0.0283341 0.0331683
v 0.0154353 0.0266334 0.0320493
v 0.0194117 0.0238988 0.0320493
v 0.0231515 0.0203104 0.0320493
v 0.0262427 0.0161370 0.0320493
v 0.0282459 0.0111047 0.0331680
v 0.0300741 0.0068006 0.0320493
v 0.0308969 0.0013133 0.0320493
v 0.0311280 -0.0146293 0.0320493
v 0.0311274 -0.0292122 0.0320497
v 0.0302481 -0.0292089 0.0336298
v 0.0291461 -0.0292014 0.0344840
v 0.0264057 -0.0659489 0.0344840
v 0.0055802 0.0293699 0.0336298
v 0.0169008 0.0247709 0.0336489
v 0.0224912 0.0197290 0.0336297
v 0.0254942 0.0156746 0.0336298
v 0.0302483 -0.0145513 0.0336297
v 0.0074978 0.0278813 0.0344961
v 0.0144436 0.0249177 0.0344840
v 0.0181646 0.0223588 0.0344840
v 0.0230936 0.0173716 0.0344962
v 0.0267639 0.0107364 0.0344840
v 0.0285698 0.0047817 0.0344621
v 0.0258636 -0.0235887 0.0283471
v -0.0011000 -0.0646999 -0.0350030
v -0.0010986 0.0227144 -0.0350263
v -0.0011005 0.0312224 -0.0300563
v -0.0000000 0.0311518 -0.0300643
v 0.0028013 0.0306562 -0.0315377
v -0.0011001 0.0304469 -0.0324083
v -0.0010998 0.0299156 -0.0331574
v -0.0010989 0.0292564 -0.0337505
v -0.0010995 0.0270145 -0.0346691
v 0.0041888 0.0227327 -0.0349820
v 0.0153510 0.0227713 -0.0346035
v 0.0222217 0.0171027 -0.0343591
v 0.0043927 0.0284443 -0.0340489
v 0.0055867 0.0294234 -0.0331744
v 0.0129148 0.0279481 -0.0315270
v 0.0311359 -0.0153579 -0.0315270
v 0.0311358 -0.0205548 -0.0315269
v 0.0265973 -0.0542588 -0.0347347
v 0.0291283 -0.0484234 -0.0339883
v 0.0291402 -0.0195740 -0.0339881
v 0.0277289 0.0087879 -0.0338719
v 0.0243308 0.0087948 -0.0348480
v 0.0257976 0.0087729 -0.0345803
v 0.0263259 0.0032688 -0.0347311
v 0.0311260 -0.0484340 -0.0315269
v 0.0252195 -0.0588994 -0.0348438
v 0.0316662 -0.0484368 -0.0287012
v 0.0310527 -0.0008655 -0.0315383
v 0.0272398 0.0144158 -0.0315269
v 0.0290354 0.0087890 -0.0327430
v 0.0304869 0.0047671 -0.0315269
v 0.0248279 0.0182437 -0.0315270
v 0.0214161 0.0221371 -0.0315270
v 0.0174106 0.0253990 -0.0315270
v 0.0080530 0.0297120 -0.0315269
v 0.0085678 0.0250230 -0.0347294
v 0.0025421 0.0262689 -0.0347311
v 0.0209285 0.0216070 -0.0329440
v 0.0303012 -0.0318007 -0.0331024
v 0.0288736 0.0022129 -0.0340098
v 0.0264912 -0.0181754 -0.0347927
v 0.0263296 -0.0027901 -0.0348089
v 0.0299929 0.0020882 -0.0331795
v 0.0179438 0.0227967 -0.0339261
v 0.0120785 0.0261339 -0.0339883
v 0.0143042 0.0263745 -0.0331011
v -0.0011000 -0.0040384 -0.0350030
v 0.0036837 0.0017910 -0.0349735
v 0.0036889 -0.0017799 -0.0349735
v 0.0013004 -0.0038220 -0.0349887
v -0.0011000 0.0088861 -0.0350030
v 0.0014132 0.0037638 -0.0349879
v -0.0011000 0.0040384 -0.0350030
v -0.0011001 0.0311852 0.0305830
v -0.0000048 0.0311914 0.0305596
v 0.0252862 -0.0072550 0.0315283
v 0.0313192 -0.0061397 0.0313927
v 0.0250249 -0.0062496 0.0318287
v 0.0250065 -0.0062498 0.0353836
v 0.0253582 -0.0062437 0.0315059
v 0.0251578 -0.0062472 0.0316252
v 0.0250154 -0.0072503 0.0318303
v 0.0313672 -0.0073674 0.0314815
v 0.0252862 -0.0032549 0.0315283
v 0.0312675 -0.0021406 0.0313936
v 0.0250249 -0.0022496 0.0318287
v 0.0253582 -0.0022438 0.0315059
v 0.0251578 -0.0022473 0.0316252
v 0.0250154 -0.0032503 0.0318303
v 0.0313366 -0.0033749 0.0314277
v 0.0315779 -0.0562990 -0.0261490
v 0.0207237 -0.0564122 -0.0262436
v 0.0203194 -0.0566493 -0.0262473
v 0.0200362 -0.0570925 -0.0262500
v 0.0313743 -0.0588672 -0.0261507
v 0.0200000 -0.0589267 -0.0262500
v 0.0313743 -0.0588672 -0.0261507
v 0.0200000 -0.0589267 -0.0262500
v 0.0200000 -0.0589267 -0.0182500
v 0.0314887 -0.0588666 -0.0183503
v 0.0205780 -0.0564563 -0.0182548
v 0.0200401 -0.0570448 -0.0182504
v 0.0200000 -0.0589267 -0.0182500
v 0.0314887 -0.0588666 -0.0183503
v 0.0316646 -0.0562890 -0.0183572
v 0.0316301 -0.0562985 -0.0171485
v 0.0207237 -0.0564122 -0.0172436
v 0.0203194 -0.0566493 -0.0172473
v 0.0200362 -0.0570925 -0.0172500
v 0.0314946 -0.0588665 -0.0171497
v 0.0200000 -0.0589267 -0.0172500
v 0.0314946 -0.0588665 -0.0171497
v 0.0200000 -0.0589267 -0.0172500
v 0.0200000 -0.0589267 -0.0092500
v 0.0315266 -0.0588663 -0.0093506
v 0.0205780 -0.0564563 -0.0092548
v 0.0316383 -0.0562984 -0.0093516
v 0.0200401 -0.0570448 -0.0092504
v 0.0200000 -0.0589267 -0.0092500
v 0.0315266 -0.0588663 -0.0093506
v 0.0316401 -0.0562984 -0.0081484
v 0.0207237 -0.0564122 -0.0082436
v 0.0203194 -0.0566493 -0.0082473
v 0.0200362 -0.0570925 -0.0082500
v 0.0315312 -0.0588663 -0.0081494
v 0.0200000 -0.0589267 -0.0082500
v 0.0315312 -0.0588663 -0.0081494
v 0.0200000 -0.0589267 -0.0082500
v 0.0200000 -0.0589267 -0.0002500
v 0.0315477 -0.0588662 -0.0003508
v 0.0205780 -0.0564563 -0.0002548
v 0.0316468 -0.0562984 -0.0003516
v 0.0200401 -0.0570448 -0.0002504
v 0.0200000 -0.0589267 -0.0002500
v 0.0315477 -0.0588662 -0.0003508
v 0.0316467 -0.0562984 0.0008516
v 0.0207237 -0.0564122 0.0007564
v 0.0203194 -0.0566493 0.0007527
v 0.0200362 -0.0570925 0.0007500
v 0.0315474 -0.0588662 0.0008508
v 0.0200000 -0.0589267 0.0007500
v 0.0315474 -0.0588662 0.0008508
v 0.0200000 -0.0589267 0.0007500
v 0.0315283 -0.0588663 0.0086494
v 0.0200000 -0.0589267 0.0087500
v 0.0205780 -0.0564563 0.0087452
v 0.0316388 -0.0562984 0.0086484
v 0.0200401 -0.0570448 0.0087496
v 0.0315283 -0.0588663 0.0086494
v 0.0200000 -0.0589267 0.0087500
v 0.0316365 -0.0562984 0.0098516
v 0.0207237 -0.0564122 0.0097564
v 0.0203194 -0.0566493 0.0097527
v 0.0200362 -0.0570925 0.0097500
v 0.0315230 -0.0588664 0.0098506
v 0.0200000 -0.0589267 0.0097500
v 0.0315230 -0.0588664 0.0098506
v 0.0200000 -0.0589267 0.0097500
v 0.0314869 -0.0588666 0.0176498
v 0.0200000 -0.0589267 0.0177500
v 0.0205780 -0.0564563 0.0177452
v 0.0316259 -0.0562986 0.0176485
v 0.0200401 -0.0570448 0.0177496
v 0.0314869 -0.0588666 0.0176498
v 0.0200000 -0.0589267 0.0177500
v 0.0316247 -0.0562986 0.0188514
v 0.0207237 -0.0564122 0.0187564
v 0.0203194 -0.0566493 0.0187527
v 0.0200362 -0.0570925 0.0187500
v 0.0199412 -0.0592175 0.0187573
v 0.0314807 -0.0588666 0.0188502
v 0.0205134 -0.0589241 0.0201891
v 0.0199412 -0.0592175 0.0187573
v 0.0200200 -0.0589265 0.0195381
v 0.0201876 -0.0589257 0.0198706
v 0.0314807 -0.0588666 0.0188502
v 0.0314694 -0.0588666 0.0206505
v 0.0258609 -0.0300226 0.0051100
v 0.0258619 -0.0299238 -0.0222304
v 0.0318019 -0.0359474 -0.0218008
v 0.0258604 -0.0298686 0.0237516
v 0.0317979 -0.0348130 0.0263528
v 0.0258611 -0.0289872 0.0261687
v 0.0316670 -0.0320452 0.0294561
v 0.0258621 -0.0274912 0.0281288
v 0.0258612 -0.0254938 0.0294235
v 0.0313736 -0.0276365 0.0312404
v 0.0258943 -0.0219890 0.0304564
v 0.0317959 -0.0360647 0.0207744
v 0.0258483 -0.0250808 -0.0291899
v 0.0258616 -0.0287357 -0.0262911
v 0.0259713 -0.0213197 -0.0300101
v 0.0308084 0.0045649 -0.0296521
v 0.0310815 -0.0023136 -0.0298235
v 0.0298573 -0.0087719 -0.0300932
v 0.0269080 -0.0162380 -0.0302884
v 0.0317874 -0.0342088 -0.0268387
v 0.0315113 -0.0300344 -0.0300543
v 0.0312541 -0.0235625 -0.0311568
v 0.0284909 -0.0130710 -0.0302628
v 0.0313771 -0.0107550 -0.0307018
v 0.0313506 0.0015289 -0.0298610
v -0.0046017 0.0144018 -0.0330013
v -0.0046017 0.0133984 -0.0330013
v 0.0263955 0.0145101 -0.0328931
v 0.0270365 0.0132879 -0.0328908
v -0.0048836 0.0144009 -0.0330731
v -0.0047606 0.0133989 -0.0330218
v -0.0050608 0.0134001 -0.0332561
v -0.0050800 0.0144002 -0.0333423
v -0.0051000 0.0134001 -0.0345030
v -0.0051000 0.0099001 -0.0345030
v -0.0050709 0.0099003 -0.0333326
v -0.0051399 0.0143995 -0.0344683
v -0.0051000 0.0089001 -0.0349713
v -0.0050309 0.0089000 -0.0331714
v -0.0046017 0.0182019 -0.0330013
v -0.0046017 0.0171984 -0.0330013
v 0.0239036 0.0183014 -0.0329018
v -0.0048836 0.0182009 -0.0330731
v -0.0047606 0.0171990 -0.0330218
v -0.0050608 0.0172001 -0.0332561
v -0.0050800 0.0182002 -0.0333423
v -0.0051355 0.0181997 -0.0344847
v 0.0247107 0.0171229 -0.0330442
v -0.0051000 0.0172001 -0.0345030
v 0.0024983 -0.0318983 -0.0320013
v 0.0024983 -0.0329017 -0.0320013
v 0.0309914 -0.0317988 -0.0319018
v 0.0309914 -0.0330012 -0.0319018
v 0.0020495 -0.0329001 -0.0322438
v 0.0020000 -0.0319000 -0.0325013
v 0.0020000 -0.0329000 -0.0349841
v 0.0020000 -0.0319000 -0.0349841
v 0.0022164 -0.0318992 -0.0320730
v 0.0023394 -0.0329012 -0.0320218
v 0.0020200 -0.0318999 -0.0323423
v 0.0024983 -0.0378983 -0.0320013
v 0.0024983 -0.0389018 -0.0320013
v 0.0309915 -0.0377988 -0.0319018
v 0.0309916 -0.0390012 -0.0319018
v 0.0020495 -0.0389001 -0.0322438
v 0.0020000 -0.0379000 -0.0325013
v 0.0020000 -0.0389000 -0.0349841
v 0.0020000 -0.0379000 -0.0349841
v 0.0022164 -0.0378993 -0.0320730
v 0.0023394 -0.0389011 -0.0320218
v 0.0020200 -0.0379000 -0.0323423
v 0.0020727 -0.0597791 -0.0327225
v 0.0018269 -0.0590224 -0.0349634
v 0.0020000 -0.0597791 -0.0349841
v 0.0021865 -0.0590199 -0.0325433
v 0.0205000 -0.0598759 0.0201503
v 0.0202874 -0.0596629 0.0199859
v 0.0201506 -0.0595247 0.0198121
v 0.0199412 -0.0592175 0.0187573
v 0.0200613 -0.0594328 0.0196291
v 0.0200000 -0.0593733 -0.0310104
v 0.0199258 -0.0594086 -0.0314070
v 0.0194345 -0.0595882 -0.0319435
v 0.0197713 -0.0598698 -0.0319024
v 0.0204571 -0.0598755 -0.0313177
v 0.0252862 -0.0072550 0.0315283
v 0.0250154 -0.0072503 0.0318303
v 0.0295799 -0.0073339 0.0342875
v 0.0250160 -0.0072503 0.0353895
v 0.0275884 -0.0072985 0.0350581
v 0.0313672 -0.0073674 0.0314815
v 0.0313192 -0.0061397 0.0313927
v 0.0250249 -0.0062496 0.0318287
v 0.0250065 -0.0062498 0.0353836
v 0.0253582 -0.0062437 0.0315059
v 0.0251578 -0.0062472 0.0316252
v 0.0292884 -0.0061752 0.0344258
v 0.0274604 -0.0062071 0.0350884
v 0.0304868 -0.0061507 0.0333646
v 0.0252862 -0.0032549 0.0315283
v 0.0250154 -0.0032503 0.0318303
v 0.0313366 -0.0033749 0.0314277
v 0.0299219 -0.0033336 0.0339778
v 0.0250277 -0.0032480 0.0353969
v 0.0285713 -0.0033163 0.0347708
v 0.0312675 -0.0021406 0.0313936
v 0.0250249 -0.0022496 0.0318287
v 0.0253582 -0.0022438 0.0315059
v 0.0251578 -0.0022473 0.0316252
v 0.0303393 -0.0021570 0.0335268
v 0.0279523 -0.0022017 0.0349749
v 0.0250345 -0.0022451 0.0354308
v 0.0310984 -0.0016415 0.0302881
v 0.0283956 -0.0126698 0.0307099
v 0.0301366 -0.0078234 0.0305391
v 0.0307854 0.0046416 0.0301516
v 0.0314222 -0.0074393 0.0309716
v 0.0312556 0.0024402 0.0303447
v 0.0312645 -0.0171679 0.0316128
v 0.0315166 -0.0043709 0.0308138
v 0.0081025 -0.0828099 0.0339924
v 0.0100245 -0.0867839 0.0301068
v 0.0048789 -0.0865640 0.0313537
v 0.0091557 -0.0878515 0.0296318
v 0.0043205 -0.0901053 0.0294979
v -0.0011001 -0.0836224 0.0342401
v 0.0136167 -0.0801444 0.0343206
v 0.0121721 -0.0813258 0.0339742
v 0.0128890 -0.0838178 0.0314701
v -0.0011000 -0.0756999 0.0355314
v -0.0010988 -0.0825433 0.0348124
v -0.0011000 -0.0839259 0.0340020
v -0.0010940 -0.0871545 0.0312169
v 0.0051293 -0.0830091 0.0343844
v -0.0010976 -0.0795400 0.0354127
v 0.0003808 -0.0810861 0.0351944
v 0.0017529 -0.0757501 0.0355031
v 0.0057659 -0.0758197 0.0354981
v 0.0111665 -0.0759140 0.0354433
v 0.0128133 -0.0777443 0.0352305
v -0.0050818 0.0217001 -0.0333515
v -0.0049558 0.0216996 -0.0331500
v -0.0050800 0.0227002 -0.0333280
v -0.0049558 0.0227006 -0.0331500
v -0.0046017 0.0216984 -0.0330013
v -0.0047694 0.0227012 -0.0330273
v -0.0047954 0.0216991 -0.0330323
v 0.0196414 0.0227865 -0.0329167
v -0.0051000 0.0217001 -0.0345030
v -0.0051355 0.0181997 -0.0344847
v -0.0051000 0.0227001 -0.0349629
v -0.0051000 0.0089001 -0.0349713
v 0.0209285 0.0216070 -0.0329440
v 0.0277406 -0.0678847 -0.0319893
v 0.0257777 -0.0691817 -0.0333442
v 0.0243839 -0.0713896 -0.0333404
v 0.0220284 -0.0742868 -0.0334230
v 0.0215131 -0.0748424 -0.0333829
v 0.0198756 -0.0769252 -0.0330853
v 0.0299123 -0.0649257 -0.0290349
v 0.0261167 -0.0744189 -0.0271841
v 0.0290816 -0.0702517 -0.0232632
v 0.0286392 -0.0688881 -0.0284453
v 0.0241260 -0.0739676 -0.0316935
v 0.0258213 -0.0730742 -0.0299144
v 0.0177228 -0.0794212 -0.0323559
v 0.0162435 -0.0783159 -0.0339699
v 0.0219634 -0.0780659 -0.0297881
v 0.0235014 -0.0642704 -0.0348529
v 0.0275247 -0.0649312 -0.0336191
v 0.0242922 -0.0635873 -0.0348180
v 0.0210608 -0.0696146 -0.0348292
v 0.0217278 -0.0677836 -0.0348530
v 0.0238990 -0.0704791 -0.0340475
v 0.0140955 -0.0689137 -0.0348530
v 0.0158999 -0.0860362 0.0276269
v 0.0128890 -0.0838178 0.0314701
v 0.0187395 -0.0797624 0.0317631
v 0.0167738 -0.0831862 0.0296192
v 0.0219634 -0.0780659 -0.0297881
v 0.0179509 -0.0829718 -0.0283495
v 0.0236618 -0.0788349 -0.0258699
v 0.0209716 -0.0826018 -0.0254716
v -0.0050818 0.0217001 -0.0333515
v -0.0049558 0.0216996 -0.0331500
v -0.0046017 0.0216984 -0.0330013
v -0.0047954 0.0216991 -0.0330323
v 0.0194162 0.0216141 -0.0338838
v 0.0173684 0.0216217 -0.0344246
v -0.0051000 0.0217001 -0.0345030
v 0.0209285 0.0216070 -0.0329440
v -0.0046017 0.0182019 -0.0330013
v 0.0239036 0.0183014 -0.0329018
v -0.0032587 0.0182214 -0.0344978
v -0.0011004 0.0182141 -0.0344961
v -0.0048836 0.0182009 -0.0330731
v -0.0050800 0.0182002 -0.0333423
v 0.0212958 0.0183022 -0.0343723
v -0.0051355 0.0181997 -0.0344847
v 0.0230821 0.0182983 -0.0336218
v -0.0011002 0.0133862 -0.0344953
v -0.0046017 0.0133984 -0.0330013
v 0.0270365 0.0132879 -0.0328908
v -0.0047606 0.0133989 -0.0330218
v -0.0050608 0.0134001 -0.0332561
v 0.0249826 0.0132942 -0.0343199
v -0.0051000 0.0134001 -0.0345030
v -0.0031820 0.0133769 -0.0344988
v -0.0051000 0.0099001 -0.0345030
v 0.0259991 0.0100087 -0.0343945
v 0.0276783 0.0100144 -0.0336284
v -0.0046017 0.0099019 -0.0330013
v 0.0284244 0.0100171 -0.0328859
v -0.0048642 0.0099013 -0.0330568
v -0.0050709 0.0099003 -0.0333326
v -0.0031000 0.0144071 -0.0344994
v -0.0011004 0.0144141 -0.0344961
v -0.0046017 0.0144018 -0.0330013
v 0.0263955 0.0145101 -0.0328931
v -0.0048836 0.0144009 -0.0330731
v -0.0050800 0.0144002 -0.0333423
v -0.0051399 0.0143995 -0.0344683
v 0.0239793 0.0145015 -0.0343736
v 0.0260688 0.0145088 -0.0332608
v -0.0046017 0.0171984 -0.0330013
v -0.0031000 0.0171931 -0.0344997
v -0.0011002 0.0171862 -0.0344953
v -0.0047606 0.0171990 -0.0330218
v -0.0050608 0.0172001 -0.0332561
v 0.0247107 0.0171229 -0.0330442
v -0.0051000 0.0172001 -0.0345030
v 0.0222217 0.0171027 -0.0343591
v 0.0095795 -0.0874666 -0.0292533
v 0.0162435 -0.0783159 -0.0339699
v 0.0146330 -0.0802673 -0.0333811
v 0.0103936 -0.0821945 -0.0333672
v 0.0046223 -0.0872122 -0.0304508
v 0.0044003 -0.0843045 -0.0328557
v 0.0034091 -0.0836393 -0.0335382
v -0.0000015 -0.0757191 -0.0350028
v -0.0011000 -0.0756999 -0.0350315
v 0.0135095 -0.0759549 -0.0348530
v 0.0077372 -0.0758541 -0.0349906
v 0.0037418 -0.0757844 -0.0350011
v -0.0010976 -0.0808229 -0.0347801
v 0.0145255 -0.0759743 -0.0348152
v 0.0060548 -0.0799435 -0.0347646
v 0.0055205 -0.0828213 -0.0339091
v -0.0005707 -0.0826419 -0.0342825
v 0.0097606 -0.0815721 -0.0339448
v -0.0010959 -0.0881768 -0.0300896
v -0.0010988 -0.0834695 -0.0338655
v -0.0011004 -0.0785530 -0.0349765
v 0.0024983 -0.0318983 -0.0320013
v 0.0309914 -0.0317988 -0.0319018
v 0.0020000 -0.0319000 -0.0325013
v 0.0020000 -0.0319000 -0.0349841
v 0.0022164 -0.0318992 -0.0320730
v 0.0020200 -0.0318999 -0.0323423
v 0.0259554 -0.0318164 -0.0348377
v 0.0291521 -0.0318052 -0.0339816
v 0.0283450 -0.0318085 -0.0343269
v 0.0303012 -0.0318007 -0.0331024
v 0.0024983 -0.0378983 -0.0320013
v 0.0309915 -0.0377988 -0.0319018
v 0.0020000 -0.0379000 -0.0325013
v 0.0020000 -0.0379000 -0.0349841
v 0.0022164 -0.0378993 -0.0320730
v 0.0020200 -0.0379000 -0.0323423
v 0.0291522 -0.0378052 -0.0339816
v 0.0303710 -0.0378007 -0.0330312
v 0.0274183 -0.0378112 -0.0346976
v 0.0313091 -0.0588675 -0.0273487
v 0.0200000 -0.0589267 -0.0272500
v 0.0200000 -0.0589267 -0.0310117
v 0.0197568 -0.0589277 -0.0317247
v 0.0191666 -0.0589311 -0.0320026
v 0.0018269 -0.0590224 -0.0349634
v 0.0026581 -0.0590178 -0.0322047
v 0.0021865 -0.0590199 -0.0325433
v 0.0310080 -0.0588517 -0.0299926
v 0.0299139 -0.0588745 -0.0328156
v 0.0280604 -0.0588846 -0.0342622
v 0.0252195 -0.0588994 -0.0348438
v 0.0121164 0.0287128 0.0289006
v 0.0051387 0.0306987 0.0288353
v 0.0000006 0.0311395 0.0286465
v 0.0301685 -0.0079310 0.0289298
v 0.0311725 0.0007115 0.0289580
v 0.0299993 0.0083528 0.0289555
v 0.0279453 0.0136669 0.0289518
v 0.0249337 0.0186520 0.0289465
v 0.0207778 0.0231658 0.0289376
v 0.0170352 0.0260709 0.0288485
v 0.0276319 -0.0144227 0.0289449
v 0.0261410 -0.0194574 0.0289552
v 0.0258603 -0.0237914 -0.0278098
v 0.0258727 -0.0259406 -0.0268500
v 0.0258614 -0.0277777 0.0251653
v 0.0258796 -0.0271360 0.0261616
v 0.0258639 -0.0258301 0.0274210
v 0.0258754 -0.0284448 0.0156076
v 0.0258681 -0.0284182 0.0225879
v 0.0258612 -0.0285047 -0.0196879
v 0.0258616 -0.0277301 -0.0247858
v 0.0258611 -0.0283448 -0.0225777
v 0.0261338 -0.0193941 -0.0284447
v 0.0278410 -0.0139299 -0.0284344
v 0.0129923 0.0282890 -0.0284053
v 0.0185088 0.0250434 -0.0284304
v 0.0195013 0.0245256 -0.0283610
v 0.0299936 0.0083836 -0.0284088
v 0.0281232 0.0132689 -0.0284522
v 0.0255756 0.0178997 -0.0284490
v 0.0311106 0.0017088 -0.0283953
v 0.0303972 -0.0070751 -0.0284559
v 0.0000357 0.0311790 -0.0282392
v 0.0074452 0.0302071 -0.0283639
v 0.0311810 -0.0089175 0.0289915
v 0.0290494 -0.0146336 0.0289937
v 0.0284882 0.0154503 0.0289881
v 0.0320263 0.0051165 0.0289874
v 0.0079506 0.0315995 0.0289922
v 0.0230781 0.0228370 0.0289874
v 0.0200308 0.0254661 0.0289852
v 0.0124497 0.0299251 0.0289766
v -0.0011000 -0.1191999 0.0290288
v 0.0000000 -0.1191999 0.0290000
v 0.0268580 -0.0285307 0.0147706
v 0.0268574 -0.0285307 -0.0196880
v 0.0258636 -0.0235887 0.0283471
v 0.0271702 -0.0207366 0.0288509
v 0.0269180 -0.0284200 -0.0228607
v 0.0282504 -0.0163796 -0.0284909
v 0.0270784 -0.0224917 -0.0282122
v 0.0267617 -0.0274365 -0.0253421
v 0.0029869 0.0322710 -0.0284321
v 0.0000000 0.0325607 -0.0284202
v 0.0066423 0.0317244 -0.0284583
v 0.0169245 0.0276313 -0.0284794
v 0.0112847 0.0304373 -0.0284790
v 0.0292999 -0.0138911 -0.0284902
v 0.0320246 -0.0050738 -0.0284909
v 0.0324047 -0.0012747 -0.0284911
v 0.0237684 0.0220163 -0.0284875
v 0.0260019 0.0193264 -0.0284884
v 0.0279325 0.0164116 -0.0284891
v 0.0292621 0.0139886 -0.0284907
v 0.0317095 0.0066349 -0.0284903
v 0.0323618 0.0016532 -0.0284906
v -0.0011000 -0.1191999 -0.0285288
v 0.0240030 -0.1191999 -0.0155746
v 0.0270097 -0.1191999 -0.0096008
v 0.0196974 -0.1191999 0.0211922
v 0.0143260 -0.1191999 0.0251765
v 0.0081793 -0.1191999 0.0278120
v 0.0240030 -0.1191999 0.0160746
v 0.0270097 -0.1191999 0.0101008
v 0.0285549 -0.1191999 0.0035939
v 0.0285549 -0.1191999 -0.0030939
v 0.0143260 -0.1191999 -0.0246765
v 0.0196974 -0.1191999 -0.0206922
v 0.0081793 -0.1191999 -0.0273120
v 0.0015900 -0.1191999 0.0289560
v 0.0254038 0.0209714 0.0291782
v 0.0324161 0.0051153 0.0291068
v 0.0321232 -0.0050492 0.0289959
v 0.0298275 -0.0147712 0.0290820
v 0.0322398 -0.0070751 0.0290941
v 0.0325007 0.0011078 0.0290018
v 0.0323836 -0.0030007 0.0289934
v 0.0326799 0.0011157 0.0290491
v 0.0298159 0.0132287 0.0290074
v 0.0193569 0.0263789 0.0290633
v 0.0126722 0.0303153 0.0290850
v 0.0000002 0.0325354 0.0289183
v 0.0000190 0.0328151 0.0289702
v 0.0050821 0.0328489 0.0294928
v 0.0081936 0.0321339 0.0294325
v 0.0174923 0.0282381 0.0294269
v 0.0227549 0.0237539 0.0291435
v 0.0277011 0.0174504 0.0290564
v 0.0291539 0.0158014 0.0293958
v 0.0309766 0.0116982 0.0293468
v 0.0327687 -0.0028371 0.0291059
v 0.0332033 -0.0000020 0.0293419
v 0.0293771 -0.0148150 0.0290277
v -0.0011000 -0.1191999 0.0298712
v 0.0272359 -0.0286222 0.0147865
v 0.0271653 -0.0285959 0.0147709
v 0.0272279 -0.0286247 0.0147709
v 0.0274645 -0.0288447 0.0150623
v 0.0274545 -0.0287920 -0.0115501
v 0.0275303 -0.0288416 -0.0196159
v 0.0271846 -0.0286031 -0.0196880
v 0.0271808 -0.0286014 -0.0197419
v 0.0270466 -0.0282395 0.0239520
v 0.0270913 -0.0284761 0.0225003
v 0.0275466 -0.0287580 0.0226037
v 0.0272485 -0.0278836 0.0252655
v 0.0271307 -0.0266247 0.0268645
v 0.0272366 -0.0253274 0.0278024
v 0.0272231 -0.0238168 0.0283607
v 0.0276662 -0.0198548 0.0289565
v 0.0329934 -0.0224472 0.0299141
v 0.0271762 -0.0279379 -0.0245880
v 0.0298818 -0.0141687 -0.0285624
v 0.0302575 -0.0143770 -0.0286370
v 0.0276386 -0.0192720 -0.0284593
v 0.0271962 -0.0234057 -0.0279864
v 0.0270212 -0.0250639 -0.0273795
v 0.0271351 -0.0271127 -0.0258741
v 0.0271740 -0.0284755 -0.0223165
v 0.0275078 -0.0285310 -0.0233723
v 0.0272926 -0.0266692 -0.0264632
v 0.0274980 -0.0252906 -0.0274657
v 0.0136723 0.0298188 -0.0285758
v 0.0327662 0.0032767 -0.0286509
v 0.0322492 0.0060286 -0.0286036
v 0.0307799 0.0114383 -0.0285842
v 0.0281020 0.0170884 -0.0286398
v 0.0303027 0.0133982 -0.0288809
v 0.0286694 0.0165147 -0.0288447
v 0.0210797 0.0251796 -0.0286022
v 0.0236230 0.0227003 -0.0285395
v 0.0171996 0.0279962 -0.0286096
v 0.0078114 0.0319616 -0.0286451
v 0.0132482 0.0304953 -0.0290243
v 0.0034176 0.0326575 -0.0286067
v 0.0000000 0.0329107 -0.0286798
v 0.0311683 -0.0098613 -0.0285146
v 0.0325667 -0.0058966 -0.0286518
v 0.0031114 -0.0026288 -0.0371892
v -0.0011000 -0.1191999 -0.0293712
v 0.0000004 -0.1192200 -0.0294211
v 0.0000000 -0.1191999 0.0299000
v 0.0000000 -0.1191998 0.0307592
v 0.0019829 -0.1192760 -0.0284429
v 0.0000028 -0.1192136 0.0308620
v 0.0137061 -0.1191755 0.0277451
v 0.0333942 -0.0135111 0.0298739
v 0.0333684 -0.0154840 0.0299072
v 0.0328701 -0.0081698 0.0294357
v 0.0333532 0.0040624 0.0299317
v 0.0319635 0.0080811 0.0291834
v 0.0238014 0.0236522 0.0299502
v 0.0168912 0.0289859 0.0299576
v 0.0066288 0.0329413 0.0299137
v -0.0000002 0.0336511 0.0301390
v 0.0130487 -0.0715638 0.0379964
v 0.0111047 -0.0706246 0.0380139
v 0.0150899 -0.0679279 0.0379996
v 0.0130939 -0.0669018 0.0380030
v 0.0119525 -0.0671523 0.0380030
v 0.0107874 -0.0683706 0.0379973
v 0.0147543 0.0142547 0.0380065
v 0.0107075 0.0159854 0.0380030
v 0.0110846 0.0144207 0.0379986
v 0.0125348 0.0135476 0.0380030
v 0.0338121 -0.0352174 -0.0202843
v 0.0338623 -0.0353513 -0.0026949
v 0.0338626 -0.0353364 0.0187233
v 0.0337937 -0.0347413 0.0236806
v 0.0339448 -0.0337297 0.0265193
v 0.0339141 -0.0324351 0.0279320
v 0.0334256 -0.0277333 0.0296979
v 0.0152528 -0.0683749 -0.0374996
v 0.0333226 -0.0221295 -0.0294749
v 0.0335573 -0.0257191 -0.0294741
v 0.0336685 -0.0286183 -0.0291265
v 0.0335544 -0.0310537 -0.0281510
v 0.0340250 -0.0332415 -0.0267888
v 0.0340550 -0.0340266 -0.0257001
v 0.0341170 -0.0349826 -0.0237466
v 0.0335709 -0.0074399 -0.0292805
v 0.0329262 -0.0004592 -0.0286251
v 0.0040962 0.0331697 -0.0292693
v 0.0071646 0.0324210 -0.0289786
v 0.0110826 0.0314459 -0.0291578
v 0.0083182 0.0322779 -0.0291556
v 0.0181241 0.0276238 -0.0287375
v 0.0219126 0.0253572 -0.0293242
v 0.0250003 0.0217124 -0.0288516
v 0.0286483 0.0171481 -0.0291569
v 0.0334026 -0.0130448 -0.0293655
v 0.0113295 -0.0709249 -0.0374933
v 0.0107686 -0.0684639 -0.0374985
v 0.0119050 -0.0671773 -0.0375030
v 0.0129328 -0.0669009 -0.0375030
v 0.0139750 -0.0671168 -0.0375030
v -0.0000000 0.0042876 -0.0374976
v 0.0000000 0.0041204 -0.0374172
v 0.0011163 -0.0040086 -0.0374547
v 0.0000000 -0.0043535 -0.0375030
v 0.0000000 -0.0042312 -0.0374812
v 0.0000511 -0.0041616 -0.0374525
v 0.0037101 -0.0016782 -0.0374171
v 0.0011095 0.0042098 -0.0375030
v 0.0011886 -0.0041881 -0.0375030
v 0.0041845 0.0011090 -0.0374863
v 0.0020166 0.0037913 -0.0374797
v 0.0027109 -0.0031855 -0.0374731
v 0.0000000 -0.1186999 -0.0307500
v 0.0048446 -0.1188740 -0.0303374
v 0.0000000 -0.1188740 -0.0307187
v 0.0095699 -0.1188740 -0.0292030
v 0.0127946 -0.1188592 -0.0279814
v 0.0092703 -0.1186999 -0.0293315
v 0.0048495 -0.1186999 -0.0303683
v 0.0182029 -0.1188740 -0.0248042
v 0.0157803 -0.1186999 -0.0264330
v 0.0140737 -0.1186999 -0.0273712
v 0.0218982 -0.1188740 -0.0216482
v 0.0240594 -0.1188473 -0.0193099
v 0.0194355 -0.1185806 -0.0239508
v 0.0275933 -0.1188740 -0.0138095
v 0.0255244 -0.1187116 -0.0173884
v 0.0305874 -0.1188740 -0.0045946
v 0.0294530 -0.1188740 -0.0093199
v 0.0294828 -0.1186999 -0.0093295
v 0.0284273 -0.1185823 -0.0122294
v 0.0309687 -0.1188740 0.0002500
v 0.0309568 -0.1186295 -0.0024547
v 0.0299887 -0.1189507 0.0079617
v 0.0307122 -0.1187647 0.0045785
v 0.0275933 -0.1188740 0.0143095
v 0.0282304 -0.1186768 0.0131100
v 0.0294828 -0.1186999 0.0098295
v 0.0231829 -0.1189029 0.0208031
v 0.0254113 -0.1187677 0.0180345
v 0.0190087 -0.1187315 0.0247950
v 0.0219203 -0.1186999 0.0221703
v 0.0095699 -0.1188740 0.0297030
v 0.0140595 -0.1188740 0.0278433
v 0.0140737 -0.1186999 0.0278712
v 0.0173179 -0.1187003 0.0259983
v 0.0048495 -0.1186999 0.0308683
v 0.0094323 -0.1187107 0.0297851
v 0.0000000 -0.1188740 0.0312187
v 0.0000000 -0.1186999 0.0312500
v 0.0094371 -0.1191267 0.0295453
v 0.0178379 -0.1191717 0.0252687
v 0.0228108 -0.1191962 0.0208063
v 0.0272520 -0.1191717 0.0144435
v 0.0296569 -0.1191962 0.0082099
v 0.0306661 -0.1191959 -0.0013433
v 0.0286717 -0.1191962 -0.0107422
v 0.0250187 -0.1191717 -0.0175879
v 0.0205563 -0.1191962 -0.0225608
v 0.0141936 -0.1191717 -0.0270020
v 0.0079599 -0.1191962 -0.0294069
v 0.0000000 -0.1191703 -0.0304193
v 0.0000000 -0.1190552 -0.0306017
v 0.0048263 -0.1190552 -0.0302219
v 0.0095337 -0.1190552 -0.0290917
v 0.0202299 -0.1190716 -0.0231461
v 0.0274891 -0.1190552 -0.0137564
v 0.0293417 -0.1190552 -0.0092837
v 0.0304719 -0.1190552 -0.0045763
v 0.0308517 -0.1190552 0.0002500
v 0.0304719 -0.1190552 0.0050763
v 0.0293417 -0.1190552 0.0097837
v 0.0249596 -0.1190552 0.0183842
v 0.0218155 -0.1190552 0.0220655
v 0.0048550 -0.1189920 0.0307812
v 0.0000144 -0.1192261 0.0309816
v 0.0144880 0.0176009 0.0379903
v 0.0130036 0.0181241 0.0379978
v 0.0113646 0.0175021 0.0380069
v 0.0338740 -0.0007745 0.0302593
v 0.0335522 0.0038363 0.0306437
v 0.0339137 -0.0007711 0.0304987
v 0.0339954 -0.0096679 0.0304991
v 0.0340093 -0.0096650 0.0306848
v 0.0339805 -0.0181278 0.0306000
v 0.0339960 -0.0181264 0.0307564
v 0.0339846 -0.0181252 0.0308978
v 0.0339981 -0.0086092 0.0308030
v 0.0338553 -0.0181310 0.0302962
v 0.0338612 -0.0181309 0.0303052
v 0.0339480 -0.0181290 0.0304812
v 0.0339443 -0.0096716 0.0303160
v 0.0338577 -0.0096758 0.0301467
v 0.0337492 -0.0181326 0.0301675
v 0.0337418 -0.0096804 0.0300006
v 0.0337140 -0.0181330 0.0301345
v 0.0336053 -0.0096849 0.0298839
v 0.0334834 -0.0181353 0.0299898
v 0.0085093 0.0325775 0.0306026
v 0.0131420 0.0310275 0.0307057
v 0.0109435 0.0318516 0.0307756
v 0.0168612 0.0291585 0.0306324
v 0.0201827 0.0269803 0.0306801
v 0.0236840 0.0239877 0.0307287
v 0.0231463 0.0242502 0.0316923
v 0.0266033 0.0207199 0.0307651
v 0.0279322 0.0188746 0.0307900
v 0.0288742 0.0172451 0.0299724
v 0.0315084 0.0120635 0.0304193
v 0.0307773 0.0137514 0.0308478
v 0.0327849 0.0079626 0.0306469
v 0.0335991 0.0032447 0.0307706
v 0.0339052 -0.0007710 0.0307412
v 0.0339202 -0.0012711 0.0307671
v 0.0339936 -0.0058292 0.0307787
v 0.0337897 -0.0007806 0.0300367
v 0.0336432 -0.0008730 0.0298038
v 0.0324815 0.0084844 0.0298940
v 0.0208402 0.0262547 0.0298761
v 0.0268535 0.0202038 0.0300756
v 0.0125286 0.0311312 0.0299853
v 0.0338458 -0.0231480 0.0303134
v 0.0338994 -0.0272400 0.0301677
v 0.0336042 -0.0231466 0.0300840
v 0.0340753 -0.0294261 0.0302532
v 0.0341035 -0.0338848 0.0266924
v 0.0337780 -0.0301891 0.0291929
v 0.0336373 -0.0308380 0.0287769
v 0.0336260 -0.0269717 0.0299241
v 0.0339832 -0.0243105 0.0309058
v 0.0339763 -0.0231491 0.0306198
v 0.0340233 -0.0272658 0.0305295
v 0.0340340 -0.0282045 0.0305811
v 0.0342234 -0.0329521 0.0286308
v 0.0342952 -0.0355630 0.0247394
v 0.0342892 -0.0345792 0.0266683
v 0.0341813 -0.0320952 0.0290895
v 0.0338881 -0.0296198 0.0295814
v 0.0340867 -0.0314765 0.0290728
v 0.0000006 0.0311989 0.0358868
v 0.0000014 -0.0846128 0.0365322
v 0.0000004 -0.0890404 0.0328271
v -0.0000000 0.0331929 0.0327875
v 0.0000008 -0.0816215 0.0377561
v 0.0000018 0.0280700 0.0375544
v 0.0000000 0.0241408 0.0379523
v 0.0000000 0.0209426 0.0380030
v 0.0000001 -0.0763331 0.0380012
v 0.0000007 -0.0936072 0.0314079
v 0.0000000 -0.0975360 0.0312499
v 0.0149678 -0.0705214 0.0379980
v 0.0090275 0.0189036 0.0380030
v 0.0137259 0.0135966 0.0380182
v 0.0214282 -0.0062809 0.0380030
v 0.0108597 -0.0775329 0.0378810
v 0.0206217 -0.0590961 0.0380031
v 0.0179103 -0.0651604 0.0380031
v 0.0202055 0.0062942 0.0380032
v 0.0008471 0.0210780 0.0380042
v 0.0153500 0.0159775 0.0379947
v 0.0342424 -0.0357651 -0.0212975
v 0.0342961 -0.0364158 0.0158416
v 0.0341517 -0.0357551 0.0073490
v 0.0342961 -0.0364166 -0.0029860
v 0.0341870 -0.0358495 -0.0117543
v 0.0342372 -0.0359479 -0.0181501
v 0.0342537 -0.0355340 0.0236039
v 0.0341492 -0.0356441 0.0208533
v 0.0342961 -0.0363274 0.0204895
v 0.0145666 -0.0710524 -0.0374912
v 0.0126355 -0.0714708 -0.0375029
v 0.0341316 -0.0308117 -0.0292616
v 0.0338459 -0.0318840 -0.0278143
v 0.0342558 -0.0352454 -0.0241646
v 0.0342726 -0.0342192 -0.0266248
v 0.0341299 -0.0319733 -0.0283046
v 0.0341713 -0.0318668 -0.0289266
v 0.0339859 -0.0172219 -0.0303904
v 0.0339399 -0.0220654 -0.0299490
v 0.0340071 -0.0265263 -0.0302345
v 0.0339128 -0.0170294 -0.0298729
v 0.0339875 -0.0172242 -0.0301244
v 0.0335593 -0.0213663 -0.0295550
v 0.0336760 -0.0173516 -0.0295855
v 0.0339932 -0.0269375 -0.0299430
v 0.0338595 -0.0270867 -0.0296214
v 0.0340515 -0.0302597 -0.0290980
v 0.0339192 -0.0301356 -0.0288766
v 0.0000004 0.0334930 -0.0293640
v 0.0335362 -0.0080217 -0.0292904
v 0.0338449 -0.0088824 -0.0296092
v 0.0339973 -0.0097259 -0.0303154
v 0.0339914 -0.0088740 -0.0299602
v 0.0338607 -0.0000891 -0.0298299
v 0.0336515 0.0032702 -0.0300752
v 0.0311298 0.0129965 -0.0300159
v 0.0323921 0.0095104 -0.0301164
v 0.0334670 0.0043355 -0.0306688
v 0.0301285 0.0150342 -0.0307927
v 0.0288930 0.0174521 -0.0300941
v 0.0262906 0.0210541 -0.0296564
v 0.0233816 0.0243007 -0.0300189
v 0.0199379 0.0271993 -0.0301059
v 0.0203548 0.0268162 -0.0302616
v 0.0167369 0.0292402 -0.0299547
v 0.0130691 0.0310786 -0.0300695
v 0.0146916 0.0302588 -0.0308131
v 0.0036227 0.0335085 -0.0300145
v 0.0000000 0.0336804 -0.0300183
v 0.0083854 0.0326305 -0.0298488
v 0.0125470 0.0309996 -0.0292959
v 0.0165306 0.0290764 -0.0292991
v 0.0310389 0.0124543 -0.0292238
v 0.0324195 0.0083367 -0.0292742
v 0.0336745 -0.0001037 -0.0293853
v 0.0332567 0.0042899 -0.0293475
v -0.0000004 0.0277098 -0.0370509
v -0.0000006 0.0330990 -0.0325360
v -0.0000001 0.0299740 -0.0361959
v 0.0000104 0.0308958 -0.0357308
v 0.0000001 0.0321616 -0.0343051
v 0.0000024 0.0261653 -0.0373771
v 0.0122019 -0.0714008 -0.0375030
v 0.0000000 -0.0753077 -0.0375030
v 0.0030313 -0.0752079 -0.0375030
v 0.0092550 -0.0731589 -0.0375030
v 0.0211284 -0.0558081 -0.0375030
v 0.0186680 -0.0642677 -0.0375031
v 0.0211957 0.0005847 -0.0375030
v 0.0026404 0.0207757 -0.0375030
v 0.0088774 0.0191682 -0.0375031
v 0.0169105 0.0126939 -0.0375032
v 0.0201249 0.0059780 -0.0375030
v 0.0000008 -0.0850170 -0.0358358
v -0.0000000 -0.0881430 -0.0330258
v -0.0000001 -0.0808279 -0.0373069
v 0.0000002 -0.0916050 -0.0313176
v 0.0000000 -0.0954495 -0.0307849
v 0.0040458 -0.0973313 -0.0305053
v 0.0147258 -0.0976448 -0.0270985
v 0.0090149 -0.0981640 -0.0294290
v 0.0258824 -0.0975260 -0.0168131
v 0.0232566 -0.0963625 -0.0202747
v 0.0195597 -0.0976801 -0.0238031
v 0.0290289 -0.0973627 -0.0106472
v 0.0266330 -0.0966858 -0.0156528
v 0.0303930 -0.0970277 -0.0059354
v 0.0307587 -0.0975181 -0.0036488
v 0.0309718 -0.0975353 -0.0010683
v 0.0309835 -0.0972464 0.0012237
v 0.0293728 -0.0975553 0.0101812
v 0.0303671 -0.0974060 0.0065019
v 0.0304379 -0.0971853 0.0061898
v 0.0230688 -0.0963292 0.0210453
v 0.0187275 -0.0949853 0.0250448
v 0.0097006 -0.0975357 0.0296925
v 0.0055332 -0.0969044 0.0308441
v 0.0170730 -0.0975356 0.0261245
v 0.0096999 -0.0945384 0.0298172
v 0.0048042 -0.0931580 0.0311180
v 0.0050317 -0.0880534 0.0333506
v 0.0049036 -0.0902965 0.0320550
v 0.0098479 -0.0893340 0.0315188
v 0.0000332 0.0323741 0.0347145
v 0.0341823 -0.0460218 0.0292055
v 0.0330131 -0.0491005 0.0340606
v 0.0215133 -0.0691845 0.0378036
v 0.0159146 -0.0749366 0.0378188
v 0.0055263 -0.0795445 0.0378524
v 0.0113253 -0.0831770 0.0361156
v 0.0045931 -0.0851204 0.0359857
v 0.0191049 -0.0786169 0.0361569
v 0.0239411 -0.0740188 0.0360710
v 0.0214128 -0.0768672 0.0359830
v 0.0269394 -0.0698511 0.0360282
v 0.0251465 -0.0726158 0.0359822
v 0.0288937 -0.0653287 0.0361262
v 0.0310911 -0.0523892 0.0361863
v 0.0305331 -0.0603084 0.0360549
v 0.0316810 -0.0500853 0.0357579
v 0.0336876 -0.0460210 0.0322343
v 0.0342246 -0.0498955 0.0294002
v 0.0336896 -0.0107081 0.0322343
v 0.0336197 -0.0012145 0.0322454
v 0.0330662 0.0048178 0.0322343
v 0.0295372 0.0155354 0.0322343
v 0.0265998 0.0201387 0.0322343
v 0.0186920 0.0276162 0.0322343
v 0.0139306 0.0302923 0.0322343
v 0.0088813 0.0324700 0.0311261
v 0.0038883 0.0334725 0.0309445
v 0.0072861 0.0250218 0.0378235
v 0.0161738 0.0201569 0.0378582
v 0.0253215 -0.0607683 0.0378139
v 0.0263078 -0.0522498 0.0378135
v 0.0261082 0.0019138 0.0378137
v 0.0229229 0.0128619 0.0378012
v 0.0058119 0.0281638 0.0372324
v 0.0139070 0.0252518 0.0372257
v 0.0213092 0.0194372 0.0372257
v 0.0254816 0.0133915 0.0372173
v 0.0284025 0.0057452 0.0372281
v 0.0292065 -0.0194476 0.0372227
v 0.0288575 -0.0560367 0.0372207
v 0.0282351 -0.0601013 0.0372173
v 0.0261700 -0.0665322 0.0372255
v 0.0211238 -0.0739696 0.0372267
v 0.0146825 -0.0791636 0.0372219
v 0.0065496 -0.0824580 0.0372096
v 0.0061121 0.0302590 0.0361707
v 0.0150100 0.0270592 0.0361452
v 0.0229343 0.0207944 0.0361452
v 0.0284619 0.0122350 0.0361466
v 0.0309900 0.0023160 0.0361350
v 0.0312113 -0.0107091 0.0361262
v 0.0085435 0.0312146 0.0344911
v 0.0135238 0.0294056 0.0344911
v 0.0181461 0.0268078 0.0344911
v 0.0222786 0.0234963 0.0344911
v 0.0258230 0.0195486 0.0344911
v 0.0286747 0.0150795 0.0344911
v 0.0312387 0.0101191 0.0338740
v 0.0321026 0.0046660 0.0344911
v 0.0326678 -0.0015010 0.0344966
v 0.0342959 -0.0423052 -0.0240795
v 0.0342784 -0.0496013 0.0247802
v 0.0342787 -0.0495405 -0.0245865
v 0.0313163 -0.0524750 -0.0355327
v 0.0342610 -0.0339084 -0.0278374
v 0.0036196 0.0284984 -0.0367248
v 0.0040258 0.0325399 -0.0333865
v 0.0193232 0.0271985 -0.0316784
v 0.0231728 0.0231989 -0.0333856
v 0.0337017 -0.0064981 -0.0316769
v 0.0339037 -0.0014105 -0.0307806
v 0.0337029 -0.0461794 -0.0316784
v 0.0329852 -0.0505413 -0.0336056
v 0.0312226 -0.0463108 -0.0356260
v 0.0310754 -0.0569803 -0.0355001
v 0.0302907 -0.0622129 -0.0354129
v 0.0287425 -0.0659843 -0.0355759
v 0.0267786 -0.0700082 -0.0355591
v 0.0241104 -0.0737660 -0.0355851
v 0.0268882 -0.0699475 -0.0354843
v 0.0209232 -0.0773533 -0.0355086
v 0.0174074 -0.0800351 -0.0355322
v 0.0128366 -0.0826864 -0.0354713
v 0.0112752 -0.0832027 -0.0356286
v 0.0080335 -0.0842038 -0.0356137
v 0.0040129 -0.0849786 -0.0356190
v 0.0037089 -0.0828522 -0.0367248
v 0.0122206 -0.0775654 -0.0372978
v 0.0206909 -0.0704596 -0.0373057
v 0.0310103 0.0018172 -0.0356457
v 0.0327029 -0.0020539 -0.0339561
v 0.0322309 0.0039683 -0.0339516
v 0.0315275 0.0091670 -0.0333733
v 0.0287127 0.0115920 -0.0356592
v 0.0290287 0.0144454 -0.0339516
v 0.0267249 0.0190732 -0.0333403
v 0.0233838 0.0202651 -0.0356570
v 0.0187646 0.0264101 -0.0339516
v 0.0156126 0.0266984 -0.0356569
v 0.0142034 0.0291118 -0.0339516
v 0.0095607 0.0313811 -0.0333425
v 0.0088249 0.0295548 -0.0356382
v 0.0113795 0.0233102 -0.0373169
v 0.0180674 0.0189163 -0.0373196
v 0.0248301 0.0083064 -0.0373194
v 0.0262518 -0.0021872 -0.0373170
v 0.0262224 -0.0531152 -0.0373166
v 0.0252778 -0.0608012 -0.0373179
v 0.0108183 -0.0810592 -0.0367331
v 0.0167227 -0.0777382 -0.0367248
v 0.0211246 -0.0739375 -0.0367341
v 0.0269151 -0.0650068 -0.0367358
v 0.0284764 -0.0586932 -0.0367248
v 0.0290168 -0.0533060 -0.0367220
v 0.0290741 -0.0063555 -0.0367252
v 0.0289937 -0.0013184 -0.0367248
v 0.0280885 0.0065479 -0.0367345
v 0.0257568 0.0128084 -0.0367248
v 0.0217253 0.0189394 -0.0367332
v 0.0166492 0.0234251 -0.0367248
v 0.0102104 0.0269317 -0.0367331
v 0.0109389 -0.0883562 -0.0313929
v 0.0050570 -0.0928789 -0.0306240
v 0.0097218 -0.0935223 -0.0294150
v 0.0049666 -0.0888648 -0.0322299
v 0.0309002 -0.0966005 0.0002714
v 0.0288455 -0.0964578 -0.0110066
v 0.0189233 -0.0943818 -0.0244778
v 0.0146010 -0.0916401 -0.0279228
v 0.0261959 -0.0765498 0.0314013
v 0.0258200 -0.0745274 0.0341713
v 0.0317566 -0.0557003 -0.0349256
v 0.0339289 -0.0511293 -0.0306909
v 0.0337810 -0.0585383 -0.0289784
v 0.0341316 -0.0564658 -0.0230451
v 0.0333350 -0.0528304 0.0330786
v 0.0314834 -0.0582525 0.0354703
v 0.0321425 -0.0526344 0.0351696
v 0.0220684 -0.0773021 0.0353289
v 0.0193708 -0.0812900 0.0337772
v 0.0172393 -0.0803120 0.0359399
v 0.0138970 -0.0852126 0.0332988
v 0.0133501 -0.0827353 0.0357300
v 0.0113742 -0.0883644 0.0316776
v 0.0105819 -0.0840376 0.0356059
v 0.0107599 -0.0920052 0.0300222
v 0.0142712 -0.0930532 0.0281939
v 0.0135354 -0.0962398 0.0281854
v 0.0286143 -0.0969668 0.0122012
v 0.0229008 -0.0955517 -0.0206938
v 0.0134535 -0.0958333 -0.0277141
v 0.0112915 -0.0901588 -0.0300876
v 0.0171879 -0.0811667 -0.0347956
v 0.0199058 -0.0809390 -0.0332234
v 0.0220487 -0.0777148 -0.0345050
v 0.0315881 -0.0610445 -0.0342679
v 0.0331305 -0.0585333 -0.0319965
v 0.0243715 -0.0740261 -0.0353070
v 0.0272429 -0.0727040 -0.0334736
v 0.0317183 -0.0718381 -0.0196475
v 0.0306415 -0.0703300 -0.0289785
v 0.0285196 -0.0755681 -0.0271519
v 0.0326411 -0.0549450 -0.0338663
v 0.0296079 -0.0797016 -0.0166672
v 0.0329144 -0.0718410 -0.0024378
v 0.0321398 -0.0736682 -0.0114241
v 0.0269290 -0.0744913 -0.0323393
v 0.0295167 -0.0680530 -0.0339444
v 0.0307098 -0.0681512 -0.0317687
v 0.0323708 -0.0653597 -0.0295592
v 0.0328206 -0.0663381 -0.0237896
v 0.0332195 -0.0665586 -0.0151065
v 0.0321904 -0.0632115 -0.0321016
v 0.0337725 -0.0635996 0.0007263
v 0.0319666 -0.0776609 -0.0053239
v 0.0334252 -0.0674046 0.0008268
v 0.0293422 -0.0763744 0.0236066
v 0.0281478 -0.0752552 0.0293674
v 0.0287876 -0.0716959 0.0326453
v 0.0286702 -0.0682052 0.0353543
v 0.0318746 -0.0777851 0.0066853
v 0.0315764 -0.0757947 0.0128366
v 0.0306008 -0.0760651 0.0184262
v 0.0306520 -0.0682320 0.0324828
v 0.0303380 -0.0632547 0.0355073
v 0.0328145 -0.0703063 0.0113185
v 0.0335813 -0.0639988 0.0136767
v 0.0330922 -0.0644050 0.0257382
v 0.0339449 -0.0581115 0.0272283
v 0.0340206 -0.0580024 0.0223866
v 0.0318909 -0.0699729 0.0236940
v 0.0321116 -0.0654152 0.0310837
v 0.0335293 -0.0582238 0.0311575
v 0.0324623 -0.0606893 0.0335180
v 0.0305731 -0.0885265 0.0065184
v 0.0290276 -0.0906736 0.0117016
v 0.0244338 -0.0879959 0.0213462
v 0.0270632 -0.0884869 0.0167783
v 0.0227208 -0.0946033 0.0213727
v 0.0261385 -0.0960236 0.0168676
v 0.0137593 -0.0887073 0.0303891
v 0.0155720 -0.0901382 0.0285583
v 0.0195340 -0.0916310 0.0251086
v 0.0207041 -0.0886210 0.0254373
v 0.0219950 -0.0848996 0.0269934
v 0.0237877 -0.0827660 0.0269959
v 0.0261256 -0.0834923 0.0221803
v 0.0281859 -0.0839949 0.0171927
v 0.0205300 -0.0827123 0.0311264
v 0.0171873 -0.0873110 0.0293536
v 0.0230121 -0.0790562 0.0327749
v 0.0300024 -0.0832093 0.0120649
v 0.0291137 -0.0808262 0.0176520
v 0.0274525 -0.0804308 0.0228840
v 0.0255156 -0.0798471 0.0279629
v 0.0198402 -0.0913193 -0.0244469
v 0.0234629 -0.0924382 -0.0204543
v 0.0268647 -0.0907749 -0.0158130
v 0.0292116 -0.0904641 -0.0107327
v 0.0175707 -0.0869870 -0.0288241
v 0.0166902 -0.0883946 -0.0283752
v 0.0204125 -0.0897947 -0.0245614
v 0.0210599 -0.0882865 -0.0247646
v 0.0242478 -0.0893135 -0.0204787
v 0.0136734 -0.0855005 -0.0326161
v 0.0164385 -0.0856283 -0.0309206
v 0.0194989 -0.0842390 -0.0298983
v 0.0228058 -0.0798797 -0.0315798
v 0.0238415 -0.0823908 -0.0267674
v 0.0225489 -0.0853224 -0.0253914
v 0.0252738 -0.0862145 -0.0207637
v 0.0264893 -0.0831362 -0.0212439
v 0.0276709 -0.0868591 -0.0159076
v 0.0284771 -0.0836883 -0.0161476
v 0.0300686 -0.0840437 -0.0108068
v 0.0313369 -0.0775290 -0.0112067
v 0.0278162 -0.0800579 -0.0218365
v 0.0259634 -0.0794532 -0.0270483
v 0.0307701 -0.0872399 -0.0051742
v 0.0315718 -0.0825258 0.0006823
v 0.0115175 -0.0846608 -0.0342832
v 0.0250065 -0.0062498 0.0353836
v 0.0292884 -0.0061752 0.0344258
v 0.0274604 -0.0062071 0.0350884
v 0.0299219 -0.0033336 0.0339778
v 0.0250277 -0.0032480 0.0353969
v 0.0304868 -0.0061507 0.0333646
v 0.0285713 -0.0033163 0.0347708
v -0.0010724 -0.0646994 0.0355029
v 0.0232427 -0.0642750 0.0353756
v -0.0011000 -0.0646999 0.0355029
v -0.0011000 -0.0646999 0.0353530
v -0.0050800 0.0227002 -0.0333280
v -0.0049558 0.0227006 -0.0331500
v -0.0047694 0.0227012 -0.0330273
v 0.0196414 0.0227865 -0.0329167
v -0.0010986 0.0227144 -0.0350263
v -0.0051000 0.0227001 -0.0349629
v 0.0041888 0.0227327 -0.0349820
v 0.0153510 0.0227713 -0.0346035
v -0.0042967 0.0227029 -0.0357855
v 0.0179438 0.0227967 -0.0339261
v -0.0011001 0.0227137 -0.0358679
v -0.0051000 0.0227001 -0.0349629
v -0.0051000 0.0089001 -0.0349713
v -0.0042967 0.0227029 -0.0357855
v -0.0043002 0.0209312 -0.0357915
v -0.0043003 0.0088974 -0.0357922
v -0.0046017 0.0099019 -0.0330013
v 0.0284244 0.0100171 -0.0328859
v -0.0048642 0.0099013 -0.0330568
v -0.0050709 0.0099003 -0.0333326
v -0.0050309 0.0089000 -0.0331714
v -0.0046017 0.0088984 -0.0330013
v 0.0290354 0.0087890 -0.0327430
v -0.0031000 0.0144071 -0.0344994
v -0.0011002 0.0133862 -0.0344953
v -0.0011004 0.0144141 -0.0344961
v -0.0031000 0.0171931 -0.0344997
v -0.0032587 0.0182214 -0.0344978
v -0.0011002 0.0171862 -0.0344953
v -0.0011004 0.0182141 -0.0344961
v -0.0028893 0.0201914 -0.0344953
v -0.0030515 0.0200727 -0.0344959
v -0.0011120 0.0199954 -0.0344890
v -0.0012270 0.0201510 -0.0344895
v -0.0013507 0.0201970 -0.0344899
v -0.0031820 0.0133769 -0.0344988
v -0.0030673 0.0115556 -0.0344959
v -0.0011734 0.0115017 -0.0344893
v -0.0011174 0.0115958 -0.0344891
v -0.0011031 0.0116525 -0.0344890
v -0.0029050 0.0114126 -0.0344954
v -0.0013111 0.0114090 -0.0344898
v -0.0030844 0.0200908 -0.0358243
v -0.0028904 0.0202354 -0.0358294
v -0.0013454 0.0202708 -0.0358701
v -0.0030989 0.0116247 -0.0358237
v -0.0029996 0.0114127 -0.0358263
v -0.0028000 0.0113537 -0.0358316
v -0.0010520 0.0116519 -0.0358773
v -0.0010772 0.0115272 -0.0358767
v -0.0011399 0.0114400 -0.0358750
v -0.0012438 0.0113640 -0.0358723
v -0.0010800 0.0200966 -0.0358769
v -0.0010520 0.0199483 -0.0358775
v -0.0028893 0.0201914 -0.0344953
v -0.0030515 0.0200727 -0.0344959
v -0.0030844 0.0200908 -0.0358243
v -0.0028904 0.0202354 -0.0358294
v -0.0031000 0.0144071 -0.0344994
v -0.0031000 0.0171931 -0.0344997
v -0.0051399 0.0143995 -0.0344683
v -0.0051000 0.0172001 -0.0345030
v 0.0231521 -0.0926019 0.0174110
v 0.0181389 -0.0933830 0.0226115
v 0.0196974 -0.1191999 0.0211922
v 0.0143260 -0.1191999 0.0251765
v 0.0240030 -0.1191999 0.0160746
v 0.0282692 -0.0875960 0.0055993
v 0.0270473 -0.0899753 0.0100678
v 0.0270097 -0.1191999 0.0101008
v 0.0285549 -0.1191999 0.0035939
v -0.0011000 -0.0646999 0.0355029
v -0.0011000 -0.0756999 0.0355314
v -0.0010976 -0.0795400 0.0354127
v -0.0011000 -0.0646999 0.0353530
v -0.0011000 -0.0756999 0.0353530
v -0.0011000 0.0213007 0.0363740
v -0.0010999 -0.0777069 0.0363575
v -0.0011007 -0.0817215 0.0359514
v -0.0010986 0.0213002 0.0355145
v -0.0010945 0.0281098 0.0348585
v -0.0010982 0.0256034 0.0353800
v -0.0011001 0.0275273 0.0359233
v -0.0011001 -0.0836224 0.0342401
v -0.0011000 -0.0839259 0.0340020
v -0.0010940 -0.0871545 0.0312169
v -0.0011008 -0.0841079 0.0349302
v -0.0010995 0.0303145 0.0331924
v -0.0010943 0.0294742 0.0340779
v -0.0010945 0.0281098 0.0348585
v -0.0011000 0.0299527 0.0347671
v 0.0135091 -0.0759549 0.0353530
v -0.0011000 -0.0646999 0.0353530
v -0.0011000 -0.0756999 0.0353530
v 0.0123614 -0.0681976 0.0353529
v 0.0129965 -0.0703746 0.0353535
v 0.0119140 -0.0695249 0.0353530
v -0.0011000 -0.0756999 -0.0348530
v 0.0135095 -0.0759549 -0.0348530
v -0.0011000 -0.0646999 -0.0348530
v 0.0133229 -0.0681149 -0.0348530
v 0.0119713 -0.0685889 -0.0348528
v 0.0121985 -0.0700004 -0.0348530
v -0.0010986 0.0227144 -0.0350263
v -0.0010995 0.0270145 -0.0346691
v -0.0011000 0.0246345 -0.0357946
v -0.0011001 0.0227137 -0.0358679
v -0.0011000 -0.0040384 -0.0350030
v 0.0036837 0.0017910 -0.0349735
v 0.0036889 -0.0017799 -0.0349735
v 0.0013004 -0.0038220 -0.0349887
v 0.0014132 0.0037638 -0.0349879
v -0.0011000 0.0040384 -0.0350030
v 0.0000148 0.0039767 -0.0359316
v -0.0011000 0.0040384 -0.0358759
v 0.0000000 -0.0040000 -0.0359045
v 0.0000245 -0.0040676 -0.0372141
v 0.0021914 -0.0033693 -0.0371276
v 0.0031114 -0.0026288 -0.0371892
v 0.0040304 -0.0001285 -0.0373065
v 0.0012358 0.0038314 -0.0372443
v -0.0011000 -0.0040384 -0.0358757
v 0.0010458 0.0039680 -0.0373995
v 0.0000000 0.0041204 -0.0374172
v 0.0000000 -0.0042312 -0.0374812
v 0.0000511 -0.0041616 -0.0374525
v 0.0037032 0.0015949 -0.0373066
v 0.0026750 0.0030163 -0.0373069
v 0.0000000 0.0040217 -0.0372840
v 0.0041845 0.0011090 -0.0374863
v -0.0011000 0.0088861 -0.0350030
v -0.0011000 0.0040384 -0.0350030
v -0.0011000 0.0040384 -0.0358759
v -0.0011000 0.0088861 -0.0358760
v -0.0051000 0.0089001 -0.0349713
v -0.0050309 0.0089000 -0.0331714
v -0.0046017 0.0088984 -0.0330013
v 0.0277289 0.0087879 -0.0338719
v 0.0243308 0.0087948 -0.0348480
v 0.0257976 0.0087729 -0.0345803
v 0.0290354 0.0087890 -0.0327430
v -0.0011000 0.0088861 -0.0350030
v -0.0043003 0.0088974 -0.0357922
v -0.0011000 0.0088861 -0.0358760
v -0.0011000 -0.0756999 -0.0348530
v -0.0011000 -0.0756999 -0.0350315
v -0.0011000 -0.0646999 -0.0350030
v -0.0011000 -0.0646999 -0.0348530
v -0.0011000 -0.0040384 -0.0350030
v -0.0011000 -0.0040384 -0.0358757
v -0.0010959 -0.0881768 -0.0300896
v -0.0010988 -0.0834695 -0.0338655
v -0.0010999 -0.0887041 -0.0307204
v -0.0011000 -0.0843966 -0.0342054
v 0.0126651 0.0168921 0.0353527
v 0.0118141 0.0157599 0.0353529
v 0.0120138 0.0163410 0.0368032
v 0.0126296 0.0168481 0.0368005
v 0.0127169 0.0147024 0.0353529
v 0.0118141 0.0157599 0.0353529
v 0.0119491 0.0154266 0.0367970
v 0.0124718 0.0148074 0.0368083
v 0.0127169 0.0147024 0.0353529
v 0.0137901 0.0149984 0.0353530
v 0.0124718 0.0148074 0.0368083
v 0.0132924 0.0147206 0.0367998
v 0.0139759 0.0152437 0.0368068
v 0.0126651 0.0168921 0.0353527
v 0.0140275 0.0163939 0.0353526
v 0.0137901 0.0149984 0.0353530
v 0.0139759 0.0152437 0.0368068
v 0.0140058 0.0162800 0.0368107
v 0.0141000 0.0158001 0.0368056
v 0.0134270 0.0168467 0.0368071
v 0.0126296 0.0168481 0.0368005
v -0.0011001 0.0311852 0.0305830
v -0.0011000 0.0318341 0.0307754
v -0.0000048 0.0311914 0.0305596
v 0.0000000 0.0317606 0.0306487
v 0.0123614 -0.0681976 0.0353529
v 0.0141146 -0.0694906 0.0353527
v 0.0129965 -0.0703746 0.0353535
v 0.0119140 -0.0695249 0.0353530
v 0.0141042 -0.0691079 0.0367982
v 0.0127335 -0.0702684 0.0368040
v 0.0131561 -0.0702949 0.0368111
v 0.0137718 -0.0700108 0.0368035
v 0.0140380 -0.0695640 0.0368061
v 0.0124578 -0.0682064 0.0367994
v 0.0119027 -0.0691223 0.0368030
v 0.0124500 -0.0701525 0.0368030
v 0.0119751 -0.0688861 0.0368030
v 0.0119531 -0.0694357 0.0368030
v 0.0122068 -0.0699244 0.0368030
v 0.0137610 -0.0683652 0.0353530
v 0.0141146 -0.0694906 0.0353527
v 0.0141042 -0.0691079 0.0367982
v 0.0137034 -0.0682850 0.0368081
v 0.0137610 -0.0683652 0.0353530
v 0.0123614 -0.0681976 0.0353529
v 0.0137034 -0.0682850 0.0368081
v 0.0124578 -0.0682064 0.0367994
v 0.0141042 -0.0691079 0.0367982
v 0.0127335 -0.0702684 0.0368040
v 0.0131561 -0.0702949 0.0368111
v 0.0137718 -0.0700108 0.0368035
v 0.0140380 -0.0695640 0.0368061
v 0.0137034 -0.0682850 0.0368081
v 0.0124578 -0.0682064 0.0367994
v 0.0124500 -0.0701525 0.0368030
v 0.0130487 -0.0715638 0.0379964
v 0.0111047 -0.0706246 0.0380139
v 0.0150899 -0.0679279 0.0379996
v 0.0130939 -0.0669018 0.0380030
v 0.0119525 -0.0671523 0.0380030
v 0.0107874 -0.0683706 0.0379973
v 0.0119751 -0.0688861 0.0368030
v 0.0119531 -0.0694357 0.0368030
v 0.0122068 -0.0699244 0.0368030
v 0.0149678 -0.0705214 0.0379980
v 0.0120138 0.0163410 0.0368032
v 0.0119491 0.0154266 0.0367970
v 0.0124718 0.0148074 0.0368083
v 0.0132924 0.0147206 0.0367998
v 0.0139759 0.0152437 0.0368068
v 0.0140058 0.0162800 0.0368107
v 0.0141000 0.0158001 0.0368056
v 0.0134270 0.0168467 0.0368071
v 0.0126296 0.0168481 0.0368005
v 0.0147543 0.0142547 0.0380065
v 0.0107075 0.0159854 0.0380030
v 0.0110846 0.0144207 0.0379986
v 0.0125348 0.0135476 0.0380030
v 0.0144880 0.0176009 0.0379903
v 0.0130036 0.0181241 0.0379978
v 0.0113646 0.0175021 0.0380069
v 0.0137259 0.0135966 0.0380182
v 0.0153500 0.0159775 0.0379947
v 0.0140955 -0.0689137 -0.0348530
v 0.0136019 -0.0702288 -0.0348527
v 0.0121985 -0.0700004 -0.0348530
v 0.0123119 -0.0701078 -0.0363039
v 0.0118774 -0.0692323 -0.0363057
v 0.0122327 -0.0683768 -0.0362909
v 0.0132475 -0.0680924 -0.0362999
v 0.0139126 -0.0685724 -0.0363027
v 0.0141293 -0.0693169 -0.0363014
v 0.0137990 -0.0699590 -0.0363050
v 0.0131190 -0.0703047 -0.0363079
v 0.0135500 -0.0701525 -0.0363077
v 0.0152528 -0.0683749 -0.0374996
v 0.0113295 -0.0709249 -0.0374933
v 0.0107686 -0.0684639 -0.0374985
v 0.0119050 -0.0671773 -0.0375030
v 0.0129328 -0.0669009 -0.0375030
v 0.0139750 -0.0671168 -0.0375030
v 0.0145666 -0.0710524 -0.0374912
v 0.0126355 -0.0714708 -0.0375029
v 0.0119713 -0.0685889 -0.0348528
v 0.0121985 -0.0700004 -0.0348530
v 0.0123119 -0.0701078 -0.0363039
v 0.0118774 -0.0692323 -0.0363057
v 0.0122327 -0.0683768 -0.0362909
v 0.0133229 -0.0681149 -0.0348530
v 0.0119713 -0.0685889 -0.0348528
v 0.0122327 -0.0683768 -0.0362909
v 0.0132475 -0.0680924 -0.0362999
v 0.0140955 -0.0689137 -0.0348530
v 0.0133229 -0.0681149 -0.0348530
v 0.0132475 -0.0680924 -0.0362999
v 0.0139126 -0.0685724 -0.0363027
v 0.0141293 -0.0693169 -0.0363014
v 0.0000024 0.0312134 -0.0299256
v -0.0011005 0.0312224 -0.0300563
v -0.0011000 0.0318144 -0.0302889
v 0.0000000 0.0317960 -0.0301767
v 0.0299887 -0.1189507 0.0079617
v 0.0275933 -0.1188740 0.0143095
v 0.0282304 -0.1186768 0.0131100
v 0.0294828 -0.1186999 0.0098295
v 0.0000000 -0.1191998 0.0307592
v 0.0000028 -0.1192136 0.0308620
v 0.0000000 -0.1188740 0.0312187
v 0.0000000 -0.1186999 0.0312500
v 0.0000144 -0.1192261 0.0309816
v 0.0000000 -0.0040000 -0.0359045
v 0.0000245 -0.0040676 -0.0372141
v 0.0000000 -0.0043535 -0.0375030
v 0.0000000 -0.0042312 -0.0374812
v -0.0200425 -0.0595011 0.0194273
v -0.0204250 -0.0593759 0.0201313
v -0.0208012 -0.0589941 0.0203006
v -0.0206471 -0.0564418 -0.0272555
v -0.0204181 -0.0565482 -0.0262461
v -0.0208974 -0.0563946 -0.0262422
v -0.0202199 -0.0567657 -0.0272522
v -0.0200486 -0.0570777 -0.0262509
v -0.0200460 -0.0570764 -0.0272507
v -0.0315300 -0.0562994 -0.0273506
v -0.0315779 -0.0562990 -0.0261490
v -0.0206471 -0.0564418 -0.0182555
v -0.0204181 -0.0565482 -0.0172461
v -0.0208974 -0.0563946 -0.0172422
v -0.0202199 -0.0567657 -0.0182522
v -0.0200486 -0.0570777 -0.0172509
v -0.0200199 -0.0571334 -0.0182505
v -0.0316736 -0.0562882 -0.0183625
v -0.0316302 -0.0562985 -0.0171485
v -0.0206471 -0.0564418 -0.0092555
v -0.0204181 -0.0565482 -0.0082461
v -0.0208974 -0.0563946 -0.0082422
v -0.0202199 -0.0567657 -0.0092522
v -0.0200486 -0.0570777 -0.0082509
v -0.0200199 -0.0571334 -0.0092505
v -0.0316383 -0.0562984 -0.0093516
v -0.0316401 -0.0562984 -0.0081484
v -0.0206471 -0.0564418 -0.0002555
v -0.0204181 -0.0565482 0.0007539
v -0.0208974 -0.0563946 0.0007578
v -0.0202199 -0.0567657 -0.0002522
v -0.0200486 -0.0570777 0.0007491
v -0.0200199 -0.0571334 -0.0002505
v -0.0316468 -0.0562983 -0.0003516
v -0.0316467 -0.0562984 0.0008516
v -0.0206471 -0.0564418 0.0087445
v -0.0204181 -0.0565482 0.0097539
v -0.0208974 -0.0563946 0.0097578
v -0.0202199 -0.0567657 0.0087478
v -0.0200486 -0.0570777 0.0097491
v -0.0200199 -0.0571334 0.0087495
v -0.0316388 -0.0562984 0.0086484
v -0.0316365 -0.0562984 0.0098515
v -0.0206471 -0.0564418 0.0177445
v -0.0204181 -0.0565482 0.0187539
v -0.0208974 -0.0563946 0.0187578
v -0.0202199 -0.0567657 0.0177478
v -0.0200486 -0.0570777 0.0187491
v -0.0200460 -0.0570764 0.0177494
v -0.0316259 -0.0562986 0.0176485
v -0.0316247 -0.0562986 0.0188514
v -0.0199312 -0.0589284 0.0187721
v -0.0202208 -0.0589254 0.0199221
v -0.0200000 -0.0593733 -0.0310178
v -0.0198736 -0.0594238 -0.0315392
v -0.0199744 -0.0589225 -0.0272496
v -0.0200000 -0.0589267 -0.0092500
v -0.0200000 -0.0589267 -0.0172500
v -0.0200000 -0.0589267 -0.0262500
v -0.0200000 -0.0589267 -0.0082500
v -0.0200000 -0.0589267 -0.0182500
v -0.0200000 -0.0589267 -0.0002500
v -0.0200000 -0.0589267 0.0007500
v -0.0200000 -0.0589267 0.0097500
v -0.0200000 -0.0589267 0.0087500
v -0.0199745 -0.0589139 0.0177504
v -0.0194823 -0.0589293 -0.0319020
v -0.0199104 -0.0589275 -0.0314754
v -0.0314933 -0.0462644 0.0003455
v -0.0314944 -0.0455792 0.0014939
v -0.0314931 -0.0464188 0.0007782
v -0.0314939 -0.0459378 0.0030206
v -0.0314938 -0.0460030 0.0020131
v -0.0314931 -0.0464041 0.0027031
v -0.0314921 -0.0468397 0.0032564
v -0.0316796 -0.0468554 0.0027229
v -0.0315300 -0.0562994 -0.0273506
v -0.0315779 -0.0562990 -0.0261490
v -0.0316736 -0.0562882 -0.0183625
v -0.0316302 -0.0562985 -0.0171485
v -0.0316383 -0.0562984 -0.0093516
v -0.0316401 -0.0562984 -0.0081484
v -0.0316468 -0.0562983 -0.0003516
v -0.0316467 -0.0562984 0.0008516
v -0.0316388 -0.0562984 0.0086484
v -0.0316365 -0.0562984 0.0098515
v -0.0316259 -0.0562986 0.0176485
v -0.0316247 -0.0562986 0.0188514
v -0.0313933 -0.0597820 0.0204971
v -0.0314694 -0.0588666 0.0206505
v -0.0310346 -0.0639983 0.0143538
v -0.0314921 -0.0468397 0.0032564
v -0.0314916 -0.0470482 0.0025833
v -0.0316409 -0.0473032 0.0030003
v -0.0317033 -0.0496019 0.0032502
v -0.0314801 -0.0494010 0.0002043
v -0.0312933 -0.0033599 0.0313932
v -0.0312861 -0.0021405 0.0313070
v -0.0250194 -0.0032503 0.0353793
v -0.0310363 -0.0129257 -0.0317929
v -0.0310482 -0.0117051 -0.0318160
v -0.0040000 -0.0590105 -0.0349883
v -0.0040000 -0.0597895 -0.0349883
v -0.0313322 -0.0588820 -0.0273512
v -0.0313885 -0.0588668 -0.0261503
v -0.0314887 -0.0588666 -0.0183503
v -0.0314946 -0.0588665 -0.0171497
v -0.0315266 -0.0588664 -0.0093506
v -0.0315312 -0.0588663 -0.0081494
v -0.0315477 -0.0588662 -0.0003508
v -0.0315474 -0.0588662 0.0008508
v -0.0315283 -0.0588664 0.0086494
v -0.0315230 -0.0588664 0.0098506
v -0.0314869 -0.0588666 0.0176498
v -0.0314807 -0.0588666 0.0188502
v -0.0316796 -0.0468554 0.0027229
v -0.0317930 -0.0464523 0.0027295
v -0.0317937 -0.0460731 0.0022549
v -0.0317937 -0.0460269 0.0015833
v -0.0317934 -0.0463097 0.0008740
v -0.0317928 -0.0465020 0.0003078
v -0.0317942 -0.0456903 0.0009776
v -0.0317943 -0.0456602 0.0025222
v -0.0317932 -0.0464884 0.0033003
v -0.0315418 -0.0491757 0.0009168
v -0.0317282 -0.0491761 0.0032499
v -0.0317798 -0.0495162 0.0002189
v -0.0258615 -0.0299595 0.0223009
v -0.0317961 -0.0360980 -0.0122925
v -0.0258612 -0.0300224 -0.0161680
v -0.0258614 -0.0298900 -0.0225023
v -0.0062321 0.0246479 -0.0351188
v -0.0012000 0.0247809 -0.0351376
v -0.0070527 0.0246966 -0.0349794
v -0.0070541 0.0252004 -0.0348185
v -0.0071486 0.0242276 -0.0350449
v -0.0002459 0.0275543 -0.0298008
v -0.0145575 0.0274783 -0.0296453
v -0.0144075 0.0275572 -0.0296453
v -0.0121461 0.0286231 -0.0296424
v 0.0005705 0.0275585 -0.0337172
v 0.0001162 0.0275717 -0.0299644
v 0.0004269 0.0275577 -0.0303655
v -0.0060252 0.0086755 -0.0356998
v -0.0054249 0.0082258 -0.0358212
v -0.0050127 0.0085867 -0.0359512
v -0.0012110 0.0067222 -0.0350683
v -0.0056277 0.0088512 -0.0358748
v -0.0055774 0.0089878 -0.0359229
v -0.0068393 0.0078898 -0.0352298
v -0.0066562 0.0074486 -0.0352784
v -0.0061336 0.0071811 -0.0352360
v -0.0070566 0.0068942 -0.0350320
v -0.0012003 0.0084045 -0.0359731
v -0.0310330 -0.0079257 -0.0317929
v -0.0060252 0.0209426 -0.0356998
v -0.0068393 0.0224857 -0.0352298
v -0.0137167 0.0279906 0.0289105
v -0.0195579 0.0242293 0.0288885
v -0.0224929 0.0214821 0.0289410
v -0.0257963 0.0174416 0.0289478
v -0.0289604 0.0114612 0.0289540
v -0.0289347 0.0113911 0.0301468
v -0.0273230 0.0149955 0.0302253
v -0.0311391 0.0022523 0.0289209
v -0.0311325 -0.0008332 0.0302571
v -0.0307489 0.0049132 0.0289567
v -0.0308743 0.0037112 0.0301639
v -0.0300657 0.0082361 0.0302300
v -0.0302945 -0.0072166 0.0305428
v -0.0292175 -0.0107394 0.0289544
v -0.0103346 0.0293393 0.0301392
v -0.0065610 0.0304334 0.0288572
v -0.0048190 0.0307898 0.0301961
v -0.0000057 0.0311821 0.0286618
v 0.0000007 0.0311213 0.0302139
v -0.0011998 0.0311846 0.0302799
v -0.0092655 0.0298654 0.0302639
v -0.0137878 0.0279628 0.0302344
v -0.0168033 0.0263028 0.0302329
v -0.0207288 0.0232627 0.0301893
v -0.0232022 0.0209299 0.0302699
v -0.0250417 0.0185904 0.0302339
v -0.0290483 0.0115397 0.0303101
v -0.0310290 0.0042314 0.0303477
v -0.0314470 -0.0018834 0.0305533
v -0.0314463 -0.0053800 0.0308132
v -0.0313882 -0.0112942 0.0312800
v -0.0312938 -0.0166741 0.0315205
v -0.0286207 -0.0121472 0.0306957
v -0.0270443 -0.0160411 0.0307649
v -0.0317959 -0.0360734 0.0205238
v -0.0317930 -0.0352695 0.0249653
v -0.0258616 -0.0287650 0.0267127
v -0.0317463 -0.0331426 0.0286147
v -0.0258612 -0.0259083 0.0292565
v -0.0314670 -0.0291038 0.0308201
v -0.0259097 -0.0211143 0.0305792
v -0.0313725 -0.0073611 0.0314460
v -0.0289243 -0.0073158 0.0346264
v -0.0302600 -0.0073430 0.0336300
v -0.0292714 -0.0061728 0.0344380
v -0.0306326 -0.0061521 0.0331181
v -0.0250167 -0.0062503 0.0353947
v -0.0268506 -0.0061993 0.0352432
v -0.0305580 -0.0033474 0.0332929
v -0.0285250 -0.0033052 0.0347936
v -0.0295108 -0.0021717 0.0342397
v -0.0305807 -0.0021531 0.0331188
v -0.0250231 -0.0022493 0.0354004
v -0.0259235 -0.0220590 0.0286733
v -0.0261564 -0.0197830 0.0288833
v -0.0269627 -0.0162222 0.0289620
v -0.0258610 -0.0267355 -0.0262693
v -0.0258612 -0.0248837 -0.0274104
v -0.0258584 -0.0242287 -0.0294423
v -0.0258611 -0.0267723 -0.0282089
v -0.0258572 -0.0247219 0.0280323
v -0.0258612 -0.0285047 -0.0196878
v -0.0258628 -0.0288983 -0.0258787
v -0.0258811 -0.0282507 -0.0229193
v -0.0258612 -0.0276868 -0.0248210
v -0.0258612 -0.0285048 -0.0191232
v -0.0258612 -0.0285046 0.0147706
v -0.0258612 -0.0284514 0.0224353
v -0.0279200 -0.0137399 -0.0284277
v -0.0272341 -0.0154022 -0.0302641
v -0.0260531 -0.0203502 -0.0301420
v -0.0258566 -0.0227574 -0.0280999
v -0.0265598 -0.0177094 -0.0284568
v -0.0000245 0.0311521 -0.0296533
v -0.0052736 0.0307053 -0.0297274
v -0.0148399 0.0273780 -0.0284174
v -0.0082414 0.0300786 -0.0297388
v -0.0086795 0.0298742 -0.0283764
v -0.0054877 0.0230729 -0.0359180
v -0.0012000 0.0227240 -0.0360237
v -0.0301468 -0.0079235 -0.0332831
v -0.0012003 -0.0078216 -0.0349697
v -0.0278454 -0.0079144 -0.0345922
v -0.0012003 -0.0118097 -0.0349364
v -0.0266710 -0.0117208 -0.0347895
v -0.0298123 -0.0117101 -0.0336146
v -0.0296642 -0.0129208 -0.0337569
v -0.0012004 -0.0128216 -0.0349830
v -0.0261174 -0.0129085 -0.0348372
v -0.0248396 -0.0589014 -0.0348792
v -0.0269414 -0.0588907 -0.0345565
v -0.0289662 -0.0588789 -0.0337583
v -0.0303277 -0.0588747 -0.0322857
v -0.0309197 -0.0584168 -0.0308646
v -0.0316446 -0.0559260 0.0135620
v -0.0316655 -0.0556886 0.0009144
v -0.0316069 -0.0560898 0.0255492
v -0.0311764 -0.0572535 0.0305272
v -0.0307550 -0.0497435 0.0329716
v -0.0292815 -0.0494903 0.0344076
v -0.0295045 -0.0574812 0.0340082
v -0.0287799 -0.0617905 0.0338923
v -0.0270064 -0.0666179 0.0339770
v -0.0302806 -0.0656757 0.0253924
v -0.0311068 -0.0613917 0.0258116
v -0.0317398 -0.0532186 -0.0147795
v -0.0314513 -0.0555780 -0.0289452
v -0.0295932 -0.0549757 -0.0336175
v -0.0302779 -0.0489011 -0.0330926
v -0.0316741 -0.0493565 -0.0290592
v -0.0309937 -0.0494330 -0.0318824
v -0.0300432 -0.0693962 0.0168117
v -0.0282787 -0.0692699 0.0296640
v -0.0279358 -0.0679328 0.0319684
v -0.0305406 -0.0552886 0.0329448
v -0.0297496 -0.0620466 0.0324582
v -0.0301180 -0.0635002 0.0304437
v -0.0257113 -0.0748014 0.0282064
v -0.0268197 -0.0759883 0.0229353
v -0.0288300 -0.0706116 0.0246023
v -0.0249932 -0.0725034 0.0325664
v -0.0317960 -0.0421587 -0.0240724
v -0.0317957 -0.0437270 0.0246924
v -0.0317958 -0.0359129 -0.0219390
v -0.0317925 -0.0347606 -0.0256675
v -0.0317654 -0.0338506 -0.0271582
v -0.0316183 -0.0316178 -0.0291445
v -0.0314070 -0.0280715 -0.0305841
v -0.0282947 -0.0128991 -0.0302139
v -0.0313541 -0.0119396 -0.0307557
v -0.0300885 -0.0080234 -0.0300657
v -0.0309370 -0.0032157 -0.0298495
v -0.0314759 -0.0008229 -0.0299384
v -0.0308020 0.0046414 -0.0297054
v -0.0311091 0.0002520 -0.0297144
v -0.0305532 -0.0060137 -0.0284561
v -0.0307081 0.0052066 -0.0284560
v -0.0273828 0.0148234 -0.0284513
v -0.0295098 0.0098072 -0.0284544
v -0.0299745 0.0083101 -0.0306207
v -0.0280900 0.0134281 -0.0305595
v -0.0215818 0.0224710 -0.0283871
v -0.0248034 0.0187559 -0.0284463
v -0.0233235 0.0206892 -0.0303344
v -0.0145913 0.0274734 -0.0303950
v -0.0176233 0.0255537 -0.0308503
v 0.0000087 0.0275545 -0.0343402
v -0.0012008 0.0275466 -0.0344595
v -0.0101410 0.0274968 -0.0337763
v -0.0134757 0.0274847 -0.0320784
v -0.0012000 0.0256697 -0.0348280
v -0.0039514 0.0259866 -0.0347550
v -0.0076608 0.0240264 -0.0349147
v -0.0079918 0.0249710 -0.0347585
v -0.0076262 0.0255002 -0.0346943
v -0.0069728 0.0224686 -0.0351594
v -0.0012007 0.0312313 -0.0298303
v -0.0125573 0.0286436 -0.0298161
v -0.0016505 0.0285684 -0.0340740
v -0.0012003 0.0285686 -0.0339974
v -0.0113304 0.0286180 -0.0316145
v -0.0101750 0.0286130 -0.0324594
v -0.0074854 0.0286021 -0.0335291
v -0.0030000 0.0198001 -0.0360030
v -0.0012000 0.0089093 -0.0360344
v -0.0068547 0.0063949 -0.0349872
v -0.0075126 0.0073125 -0.0349904
v -0.0078045 0.0078898 -0.0349684
v -0.0012001 0.0060541 -0.0350027
v -0.0255733 -0.0067246 -0.0348754
v -0.0012005 -0.0068097 -0.0349630
v -0.0310460 -0.0067056 -0.0318077
v -0.0293519 -0.0067134 -0.0339418
v -0.0222816 0.0119321 0.0353742
v -0.0225327 0.0119278 0.0353530
v -0.0090886 0.0214377 0.0354810
v -0.0136248 0.0215170 0.0353530
v -0.0307748 -0.0048175 0.0289370
v -0.0258155 -0.0331753 0.0353526
v -0.0242664 0.0076878 0.0353640
v -0.0250402 -0.0072513 0.0353977
v -0.0255416 -0.0567104 0.0353545
v -0.0297625 0.0038837 0.0336442
v -0.0012039 0.0258333 0.0353589
v -0.0011999 0.0285611 0.0346295
v -0.0307361 0.0039057 0.0318398
v -0.0302371 -0.0053877 0.0336274
v -0.0313859 -0.0061360 0.0313208
v -0.0264522 -0.0117484 0.0353028
v -0.0267616 -0.0492229 0.0352269
v -0.0221033 -0.0679763 0.0353256
v -0.0259679 -0.0604152 0.0352313
v -0.0277593 -0.0633184 0.0343854
v -0.0311146 -0.0494561 0.0320399
v -0.0316493 -0.0495429 0.0297156
v -0.0312764 -0.0238497 0.0316509
v -0.0311313 -0.0171610 0.0320399
v -0.0291725 0.0099601 0.0320399
v -0.0241557 0.0191146 0.0320399
v -0.0206030 0.0228873 0.0320399
v -0.0118838 0.0283958 0.0320399
v -0.0069606 0.0299815 0.0320399
v -0.0012092 0.0307550 0.0321325
v -0.0011995 0.0297561 0.0338248
v -0.0100421 0.0246790 0.0352255
v -0.0169253 0.0196409 0.0353303
v -0.0198885 0.0167368 0.0353235
v -0.0272102 -0.0021974 0.0352054
v -0.0241203 0.0110901 0.0352243
v -0.0064873 0.0287482 0.0341208
v -0.0131102 0.0257327 0.0344943
v -0.0195934 0.0220355 0.0341208
v -0.0239552 0.0161754 0.0344942
v -0.0278736 0.0097117 0.0341208
v -0.0288002 0.0035004 0.0344257
v -0.0017850 0.0298432 0.0336274
v -0.0115444 0.0275828 0.0336274
v -0.0162485 0.0256311 0.0331343
v -0.0234658 0.0185666 0.0336274
v -0.0266338 0.0145494 0.0331593
v -0.0302503 -0.0239122 0.0336274
v -0.0302335 -0.0494487 0.0336275
v -0.0291498 -0.0238841 0.0344821
v -0.0288955 -0.0558726 0.0344822
v -0.0258797 -0.0260582 0.0272438
v -0.0258731 -0.0274748 0.0256383
v -0.0012000 -0.0646999 -0.0350030
v -0.0255760 -0.0466704 -0.0348754
v -0.0292881 -0.0104950 -0.0284048
v -0.0311253 -0.0007748 -0.0283893
v -0.0000082 0.0312189 -0.0282157
v -0.0251384 0.0095299 -0.0346886
v -0.0310992 -0.0031839 -0.0315244
v -0.0306405 0.0046168 -0.0313595
v -0.0120227 0.0274652 -0.0330331
v -0.0064767 0.0258715 -0.0346825
v -0.0164314 0.0250841 -0.0330331
v -0.0210615 0.0228104 -0.0309091
v -0.0249328 0.0185621 -0.0308533
v -0.0272041 0.0144847 -0.0315244
v -0.0290211 0.0104060 -0.0315244
v -0.0311368 -0.0162775 -0.0315244
v -0.0311257 -0.0486472 -0.0315244
v -0.0312675 -0.0230513 -0.0311685
v -0.0292807 -0.0486364 -0.0339031
v -0.0270225 -0.0162724 -0.0346825
v -0.0265470 -0.0522072 -0.0347953
v -0.0254530 -0.0006189 -0.0348760
v -0.0264544 -0.0004950 -0.0348046
v -0.0244698 0.0060946 -0.0348812
v -0.0189764 0.0181924 -0.0348053
v -0.0231800 0.0098133 -0.0348880
v -0.0165105 0.0183693 -0.0349234
v -0.0151084 0.0214687 -0.0347954
v -0.0094842 0.0243429 -0.0348141
v -0.0143061 0.0250856 -0.0339733
v -0.0233210 0.0181843 -0.0335541
v -0.0264433 0.0120145 -0.0339132
v -0.0287677 0.0040722 -0.0339143
v -0.0300432 0.0031940 -0.0329981
v -0.0274382 0.0123502 -0.0330515
v -0.0199564 0.0218118 -0.0335541
v -0.0303298 -0.0214010 -0.0330331
v -0.0292918 -0.0162714 -0.0339032
v -0.0303300 -0.0162774 -0.0330331
v -0.0086608 0.0293903 -0.0319023
v -0.0012091 0.0300193 -0.0331189
v -0.0049239 0.0302399 -0.0319023
v -0.0011994 0.0309633 -0.0308601
v -0.0012000 0.0303739 -0.0324075
v -0.0037062 0.0017421 -0.0349896
v -0.0012498 0.0038505 -0.0350017
v -0.0036728 -0.0018114 -0.0349898
v -0.0012403 -0.0038461 -0.0350013
v -0.0011994 0.0230266 -0.0360604
v -0.0253202 -0.0072556 0.0315209
v -0.0252318 -0.0062457 0.0315521
v -0.0313725 -0.0073611 0.0314460
v -0.0313859 -0.0061360 0.0313208
v -0.0253202 -0.0072556 0.0315209
v -0.0252318 -0.0062457 0.0315521
v -0.0251092 -0.0072522 0.0316824
v -0.0250241 -0.0062498 0.0318380
v -0.0250099 -0.0072503 0.0318661
v -0.0253202 -0.0032556 0.0315209
v -0.0252318 -0.0022457 0.0315521
v -0.0312933 -0.0033599 0.0313932
v -0.0312861 -0.0021405 0.0313070
v -0.0253202 -0.0032556 0.0315209
v -0.0252318 -0.0022457 0.0315521
v -0.0251092 -0.0032521 0.0316824
v -0.0250241 -0.0022497 0.0318380
v -0.0250099 -0.0032503 0.0318661
v -0.0200425 -0.0595011 0.0194273
v -0.0205000 -0.0598759 0.0192843
v -0.0204677 -0.0598761 -0.0312739
v -0.0200000 -0.0593733 -0.0310178
v -0.0198852 -0.0598744 -0.0318617
v -0.0198736 -0.0594238 -0.0315392
v -0.0191899 -0.0589960 -0.0319602
v -0.0198852 -0.0598744 -0.0318617
v -0.0191748 -0.0598676 -0.0320124
v -0.0191899 -0.0589960 -0.0319602
v -0.0049825 -0.0597947 -0.0322651
v -0.0046621 -0.0590073 -0.0323058
v -0.0044637 -0.0597922 -0.0323805
v -0.0042185 -0.0590092 -0.0326411
v -0.0040337 -0.0597876 -0.0329862
v -0.0040264 -0.0590100 -0.0329933
v -0.0040000 -0.0590105 -0.0349883
v -0.0040000 -0.0597895 -0.0349883
v 0.0004635 -0.0118156 -0.0321862
v 0.0006667 -0.0128149 -0.0340015
v 0.0004063 -0.0128160 -0.0320966
v 0.0003872 -0.0118152 -0.0346497
v 0.0004635 -0.0118156 -0.0321862
v 0.0001692 -0.0128167 -0.0319272
v 0.0000017 -0.0118139 -0.0319013
v -0.0310363 -0.0129257 -0.0317929
v -0.0310482 -0.0117051 -0.0318160
v 0.0001948 -0.0118146 -0.0319321
v 0.0004063 -0.0128160 -0.0320966
v -0.0204181 -0.0565482 -0.0262461
v -0.0208974 -0.0563946 -0.0262422
v -0.0200486 -0.0570777 -0.0262509
v -0.0315779 -0.0562990 -0.0261490
v -0.0200000 -0.0589267 -0.0262500
v -0.0313885 -0.0588668 -0.0261503
v -0.0200000 -0.0589267 -0.0262500
v -0.0200000 -0.0589267 -0.0182500
v -0.0313885 -0.0588668 -0.0261503
v -0.0314887 -0.0588666 -0.0183503
v -0.0206471 -0.0564418 -0.0182555
v -0.0202199 -0.0567657 -0.0182522
v -0.0200199 -0.0571334 -0.0182505
v -0.0316736 -0.0562882 -0.0183625
v -0.0200000 -0.0589267 -0.0182500
v -0.0314887 -0.0588666 -0.0183503
v -0.0204181 -0.0565482 -0.0172461
v -0.0208974 -0.0563946 -0.0172422
v -0.0200486 -0.0570777 -0.0172509
v -0.0316302 -0.0562985 -0.0171485
v -0.0200000 -0.0589267 -0.0172500
v -0.0314946 -0.0588665 -0.0171497
v -0.0200000 -0.0589267 -0.0092500
v -0.0200000 -0.0589267 -0.0172500
v -0.0314946 -0.0588665 -0.0171497
v -0.0315266 -0.0588664 -0.0093506
v -0.0206471 -0.0564418 -0.0092555
v -0.0202199 -0.0567657 -0.0092522
v -0.0200199 -0.0571334 -0.0092505
v -0.0316383 -0.0562984 -0.0093516
v -0.0200000 -0.0589267 -0.0092500
v -0.0315266 -0.0588664 -0.0093506
v -0.0204181 -0.0565482 -0.0082461
v -0.0208974 -0.0563946 -0.0082422
v -0.0200486 -0.0570777 -0.0082509
v -0.0316401 -0.0562984 -0.0081484
v -0.0200000 -0.0589267 -0.0082500
v -0.0315312 -0.0588663 -0.0081494
v -0.0200000 -0.0589267 -0.0082500
v -0.0200000 -0.0589267 -0.0002500
v -0.0315312 -0.0588663 -0.0081494
v -0.0315477 -0.0588662 -0.0003508
v -0.0206471 -0.0564418 -0.0002555
v -0.0202199 -0.0567657 -0.0002522
v -0.0200199 -0.0571334 -0.0002505
v -0.0316468 -0.0562983 -0.0003516
v -0.0200000 -0.0589267 -0.0002500
v -0.0315477 -0.0588662 -0.0003508
v -0.0204181 -0.0565482 0.0007539
v -0.0208974 -0.0563946 0.0007578
v -0.0200486 -0.0570777 0.0007491
v -0.0316467 -0.0562984 0.0008516
v -0.0200000 -0.0589267 0.0007500
v -0.0315474 -0.0588662 0.0008508
v -0.0200000 -0.0589267 0.0007500
v -0.0200000 -0.0589267 0.0087500
v -0.0315474 -0.0588662 0.0008508
v -0.0315283 -0.0588664 0.0086494
v -0.0206471 -0.0564418 0.0087445
v -0.0202199 -0.0567657 0.0087478
v -0.0200199 -0.0571334 0.0087495
v -0.0316388 -0.0562984 0.0086484
v -0.0200000 -0.0589267 0.0087500
v -0.0315283 -0.0588664 0.0086494
v -0.0204181 -0.0565482 0.0097539
v -0.0208974 -0.0563946 0.0097578
v -0.0200486 -0.0570777 0.0097491
v -0.0316365 -0.0562984 0.0098515
v -0.0200000 -0.0589267 0.0097500
v -0.0315230 -0.0588664 0.0098506
v -0.0200000 -0.0589267 0.0097500
v -0.0199745 -0.0589139 0.0177504
v -0.0315230 -0.0588664 0.0098506
v -0.0314869 -0.0588666 0.0176498
v -0.0206471 -0.0564418 0.0177445
v -0.0202199 -0.0567657 0.0177478
v -0.0200460 -0.0570764 0.0177494
v -0.0316259 -0.0562986 0.0176485
v -0.0199745 -0.0589139 0.0177504
v -0.0314869 -0.0588666 0.0176498
v -0.0204181 -0.0565482 0.0187539
v -0.0208974 -0.0563946 0.0187578
v -0.0200486 -0.0570777 0.0187491
v -0.0316247 -0.0562986 0.0188514
v -0.0199312 -0.0589284 0.0187721
v -0.0314807 -0.0588666 0.0188502
v -0.0208012 -0.0589941 0.0203006
v -0.0199312 -0.0589284 0.0187721
v -0.0202208 -0.0589254 0.0199221
v -0.0314694 -0.0588666 0.0206505
v -0.0314807 -0.0588666 0.0188502
v -0.0314916 -0.0470482 0.0025833
v -0.0314801 -0.0494010 0.0002043
v -0.0316796 -0.0468554 0.0027229
v -0.0317798 -0.0495162 0.0002189
v -0.0258615 -0.0299595 0.0223009
v -0.0317961 -0.0360980 -0.0122925
v -0.0258612 -0.0300224 -0.0161680
v -0.0258614 -0.0298900 -0.0225023
v -0.0317959 -0.0360734 0.0205238
v -0.0317930 -0.0352695 0.0249653
v -0.0258616 -0.0287650 0.0267127
v -0.0317463 -0.0331426 0.0286147
v -0.0258612 -0.0259083 0.0292565
v -0.0314670 -0.0291038 0.0308201
v -0.0259097 -0.0211143 0.0305792
v -0.0258584 -0.0242287 -0.0294423
v -0.0258611 -0.0267723 -0.0282089
v -0.0258628 -0.0288983 -0.0258787
v -0.0272341 -0.0154022 -0.0302641
v -0.0260531 -0.0203502 -0.0301420
v -0.0317958 -0.0359129 -0.0219390
v -0.0317925 -0.0347606 -0.0256675
v -0.0317654 -0.0338506 -0.0271582
v -0.0316183 -0.0316178 -0.0291445
v -0.0314070 -0.0280715 -0.0305841
v -0.0282947 -0.0128991 -0.0302139
v -0.0313541 -0.0119396 -0.0307557
v -0.0300885 -0.0080234 -0.0300657
v -0.0314759 -0.0008229 -0.0299384
v -0.0312675 -0.0230513 -0.0311685
v -0.0002459 0.0275543 -0.0298008
v -0.0004914 0.0280515 -0.0297582
v -0.0145575 0.0274783 -0.0296453
v -0.0144075 0.0275572 -0.0296453
v -0.0121461 0.0286231 -0.0296424
v 0.0005000 0.0285571 -0.0333910
v 0.0005705 0.0275585 -0.0337172
v 0.0004999 0.0285570 -0.0307667
v 0.0001162 0.0275717 -0.0299644
v 0.0004269 0.0275577 -0.0303655
v 0.0000688 0.0285582 -0.0298448
v 0.0001692 -0.0078167 -0.0319272
v 0.0000017 -0.0068139 -0.0319013
v -0.0310330 -0.0079257 -0.0317929
v 0.0004635 -0.0068156 -0.0321862
v 0.0001948 -0.0068146 -0.0319321
v 0.0004063 -0.0078160 -0.0320966
v -0.0310460 -0.0067056 -0.0318077
v 0.0004635 -0.0068156 -0.0321862
v 0.0006667 -0.0078150 -0.0340015
v 0.0004063 -0.0078160 -0.0320966
v 0.0003872 -0.0068152 -0.0346497
v -0.0048190 0.0307898 0.0301961
v 0.0000007 0.0311213 0.0302139
v -0.0011998 0.0311846 0.0302799
v -0.0012021 0.0322299 0.0304671
v -0.0000000 0.0321888 0.0304131
v -0.0289347 0.0113911 0.0301468
v -0.0273230 0.0149955 0.0302253
v -0.0300657 0.0082361 0.0302300
v -0.0290483 0.0115397 0.0303101
v -0.0311325 -0.0008332 0.0302571
v -0.0308743 0.0037112 0.0301639
v -0.0300657 0.0082361 0.0302300
v -0.0302945 -0.0072166 0.0305428
v -0.0310290 0.0042314 0.0303477
v -0.0314470 -0.0018834 0.0305533
v -0.0314463 -0.0053800 0.0308132
v -0.0313882 -0.0112942 0.0312800
v -0.0286207 -0.0121472 0.0306957
v -0.0253202 -0.0072556 0.0315209
v -0.0251092 -0.0072522 0.0316824
v -0.0250099 -0.0072503 0.0318661
v -0.0313725 -0.0073611 0.0314460
v -0.0289243 -0.0073158 0.0346264
v -0.0302600 -0.0073430 0.0336300
v -0.0250402 -0.0072513 0.0353977
v -0.0252318 -0.0062457 0.0315521
v -0.0250241 -0.0062498 0.0318380
v -0.0292714 -0.0061728 0.0344380
v -0.0306326 -0.0061521 0.0331181
v -0.0250167 -0.0062503 0.0353947
v -0.0268506 -0.0061993 0.0352432
v -0.0313859 -0.0061360 0.0313208
v -0.0253202 -0.0032556 0.0315209
v -0.0251092 -0.0032521 0.0316824
v -0.0250099 -0.0032503 0.0318661
v -0.0312933 -0.0033599 0.0313932
v -0.0250194 -0.0032503 0.0353793
v -0.0305580 -0.0033474 0.0332929
v -0.0285250 -0.0033052 0.0347936
v -0.0252318 -0.0022457 0.0315521
v -0.0250241 -0.0022497 0.0318380
v -0.0312861 -0.0021405 0.0313070
v -0.0295108 -0.0021717 0.0342397
v -0.0305807 -0.0021531 0.0331188
v -0.0250231 -0.0022493 0.0354004
v -0.0272102 -0.0021974 0.0352054
v 0.0001692 -0.0078167 -0.0319272
v -0.0310330 -0.0079257 -0.0317929
v 0.0006667 -0.0078150 -0.0340015
v 0.0004063 -0.0078160 -0.0320966
v 0.0000087 -0.0078174 -0.0348819
v -0.0301468 -0.0079235 -0.0332831
v -0.0012003 -0.0078216 -0.0349697
v -0.0278454 -0.0079144 -0.0345922
v 0.0004635 -0.0118156 -0.0321862
v 0.0000017 -0.0118139 -0.0319013
v -0.0310482 -0.0117051 -0.0318160
v 0.0001948 -0.0118146 -0.0319321
v 0.0003872 -0.0118152 -0.0346497
v -0.0012003 -0.0118097 -0.0349364
v -0.0266710 -0.0117208 -0.0347895
v -0.0298123 -0.0117101 -0.0336146
v 0.0006667 -0.0128149 -0.0340015
v 0.0001692 -0.0128167 -0.0319272
v -0.0310363 -0.0129257 -0.0317929
v 0.0004063 -0.0128160 -0.0320966
v 0.0000087 -0.0128174 -0.0348819
v -0.0296642 -0.0129208 -0.0337569
v -0.0012004 -0.0128216 -0.0349830
v -0.0261174 -0.0129085 -0.0348372
v -0.0191899 -0.0589960 -0.0319602
v -0.0199744 -0.0589225 -0.0272496
v -0.0194823 -0.0589293 -0.0319020
v -0.0199104 -0.0589275 -0.0314754
v -0.0046621 -0.0590073 -0.0323058
v -0.0042185 -0.0590092 -0.0326411
v -0.0040264 -0.0590100 -0.0329933
v -0.0040000 -0.0590105 -0.0349883
v -0.0313322 -0.0588820 -0.0273512
v -0.0248396 -0.0589014 -0.0348792
v -0.0269414 -0.0588907 -0.0345565
v -0.0289662 -0.0588789 -0.0337583
v -0.0303277 -0.0588747 -0.0322857
v -0.0100380 -0.0869659 0.0299811
v -0.0137704 -0.0799277 0.0343776
v -0.0114732 -0.0816926 0.0339178
v -0.0108361 -0.0848471 0.0314528
v -0.0103893 -0.0816035 0.0343251
v -0.0091498 -0.0897294 0.0285740
v -0.0137182 -0.0885573 0.0273134
v -0.0066022 -0.0832755 0.0339270
v -0.0012014 -0.0835463 0.0342501
v -0.0053114 -0.0870703 0.0309692
v -0.0012000 -0.0868409 0.0313850
v -0.0012000 -0.0845159 0.0334129
v -0.0060111 -0.0757837 0.0354983
v -0.0012000 -0.0756999 0.0355027
v -0.0122323 -0.0758924 0.0354135
v -0.0077824 -0.0758148 0.0354910
v -0.0074334 -0.0798178 0.0352164
v -0.0012001 -0.0805647 0.0353468
v -0.0050186 -0.0827213 0.0344822
v -0.0254017 -0.0599024 -0.0348301
v -0.0171799 -0.0800686 -0.0321606
v -0.0127508 -0.0814955 -0.0331574
v -0.0103450 -0.0861972 -0.0299658
v -0.0092474 -0.0875052 -0.0293537
v -0.0103589 -0.0813907 -0.0339269
v -0.0091997 -0.0832877 -0.0327997
v -0.0249819 -0.0705560 -0.0333581
v -0.0212557 -0.0753553 -0.0332619
v -0.0201684 -0.0774328 -0.0323781
v -0.0261878 -0.0731161 -0.0291639
v -0.0271830 -0.0679788 -0.0326505
v -0.0164166 -0.0822758 -0.0303780
v -0.0190847 -0.0816470 -0.0287616
v -0.0205186 -0.0829245 -0.0256583
v -0.0234590 -0.0748878 -0.0316722
v -0.0280956 -0.0640966 -0.0333733
v -0.0155091 -0.0862406 -0.0272097
v -0.0012000 -0.0756999 -0.0350027
v -0.0016266 -0.0756998 -0.0350026
v -0.0046018 -0.0756999 -0.0350012
v -0.0073505 -0.0756998 -0.0349948
v -0.0088047 -0.0756998 -0.0349859
v -0.0012002 -0.0831639 -0.0340429
v -0.0195116 -0.0715642 -0.0348285
v -0.0125098 -0.0774498 -0.0347703
v -0.0232621 -0.0656910 -0.0348331
v -0.0264744 -0.0657726 -0.0340307
v -0.0228405 -0.0717292 -0.0340502
v -0.0141998 -0.0798238 -0.0338277
v -0.0187035 -0.0766520 -0.0338680
v -0.0050839 -0.0830528 -0.0338266
v -0.0012021 -0.0806805 -0.0348167
v -0.0057702 -0.0869526 -0.0304835
v -0.0047338 -0.0909214 -0.0286043
v -0.0012003 -0.0882835 -0.0299056
v -0.0012000 -0.0847572 -0.0326863
v -0.0309370 -0.0032157 -0.0298495
v -0.0314759 -0.0008229 -0.0299384
v -0.0308020 0.0046414 -0.0297054
v -0.0311091 0.0002520 -0.0297144
v 0.0005000 0.0285571 -0.0333910
v 0.0005705 0.0275585 -0.0337172
v 0.0000087 0.0275545 -0.0343402
v 0.0000046 0.0285557 -0.0339733
v -0.0000245 0.0311521 -0.0296533
v -0.0052736 0.0307053 -0.0297274
v -0.0012007 0.0312313 -0.0298303
v 0.0000000 0.0312884 -0.0298643
v -0.0121461 0.0286231 -0.0296424
v 0.0005000 0.0285571 -0.0333910
v 0.0004999 0.0285570 -0.0307667
v 0.0000688 0.0285582 -0.0298448
v 0.0000046 0.0285557 -0.0339733
v -0.0125573 0.0286436 -0.0298161
v -0.0016505 0.0285684 -0.0340740
v -0.0012003 0.0285686 -0.0339974
v -0.0113304 0.0286180 -0.0316145
v -0.0101750 0.0286130 -0.0324594
v -0.0074854 0.0286021 -0.0335291
v -0.0012000 0.0197687 -0.0360344
v -0.0030000 0.0198001 -0.0360030
v -0.0012000 0.0197687 -0.0359206
v -0.0019860 0.0197824 -0.0351207
v -0.0030000 0.0198001 -0.0351030
v -0.0030000 0.0118001 -0.0360030
v -0.0030000 0.0118001 -0.0351030
v -0.0014935 0.0118264 -0.0354228
v -0.0012000 0.0118316 -0.0360344
v -0.0012000 0.0197687 -0.0359206
v -0.0019860 0.0197824 -0.0351207
v -0.0030000 0.0198001 -0.0351030
v -0.0030000 0.0118001 -0.0351030
v -0.0014935 0.0118264 -0.0354228
v -0.0012000 0.0118316 -0.0360344
v 0.0000017 -0.0068139 -0.0319013
v 0.0004635 -0.0068156 -0.0321862
v 0.0001948 -0.0068146 -0.0319321
v 0.0003872 -0.0068152 -0.0346497
v -0.0255733 -0.0067246 -0.0348754
v -0.0012005 -0.0068097 -0.0349630
v -0.0310460 -0.0067056 -0.0318077
v -0.0293519 -0.0067134 -0.0339418
v -0.0266286 -0.0903580 -0.0105889
v -0.0260309 -0.0908643 -0.0119831
v -0.0252941 -0.0914555 -0.0134336
v -0.0250326 -0.0914583 -0.0139157
v -0.0254937 -0.1191999 -0.0130403
v -0.0279241 -0.1191999 -0.0065917
v -0.0137167 0.0279906 0.0289105
v -0.0195579 0.0242293 0.0288885
v -0.0224929 0.0214821 0.0289410
v -0.0257963 0.0174416 0.0289478
v -0.0289604 0.0114612 0.0289540
v -0.0311391 0.0022523 0.0289209
v -0.0307489 0.0049132 0.0289567
v -0.0292175 -0.0107394 0.0289544
v -0.0065610 0.0304334 0.0288572
v -0.0000057 0.0311821 0.0286618
v -0.0259235 -0.0220590 0.0286733
v -0.0261564 -0.0197830 0.0288833
v -0.0269627 -0.0162222 0.0289620
v -0.0258610 -0.0267355 -0.0262693
v -0.0258612 -0.0248837 -0.0274104
v -0.0258572 -0.0247219 0.0280323
v -0.0258612 -0.0285047 -0.0196878
v -0.0258811 -0.0282507 -0.0229193
v -0.0258612 -0.0276868 -0.0248210
v -0.0258612 -0.0285048 -0.0191232
v -0.0258612 -0.0285046 0.0147706
v -0.0258612 -0.0284514 0.0224353
v -0.0279200 -0.0137399 -0.0284277
v -0.0258566 -0.0227574 -0.0280999
v -0.0265598 -0.0177094 -0.0284568
v -0.0148399 0.0273780 -0.0284174
v -0.0086795 0.0298742 -0.0283764
v -0.0305532 -0.0060137 -0.0284561
v -0.0307081 0.0052066 -0.0284560
v -0.0273828 0.0148234 -0.0284513
v -0.0295098 0.0098072 -0.0284544
v -0.0215818 0.0224710 -0.0283871
v -0.0248034 0.0187559 -0.0284463
v -0.0137183 0.0298500 0.0290783
v -0.0118639 0.0301502 0.0289755
v -0.0078825 0.0316217 0.0289917
v -0.0285505 0.0153095 0.0289873
v -0.0272070 0.0180238 0.0290002
v -0.0199988 0.0254909 0.0289852
v -0.0225729 0.0235878 0.0290298
v -0.0307748 -0.0048175 0.0289370
v -0.0319934 -0.0052699 0.0289919
v -0.0316211 -0.0071878 0.0289919
v -0.0268580 -0.0285307 0.0147706
v -0.0268681 -0.0284574 0.0224322
v -0.0270510 -0.0283043 0.0237567
v -0.0258797 -0.0260582 0.0272438
v -0.0258731 -0.0274748 0.0256383
v -0.0270915 -0.0244795 0.0281667
v -0.0278892 -0.0174503 0.0289869
v -0.0268574 -0.0285307 -0.0196880
v -0.0271467 -0.0207387 -0.0284132
v -0.0271732 -0.0239258 -0.0278155
v -0.0267506 -0.0252334 -0.0272861
v -0.0270006 -0.0266788 -0.0263098
v -0.0268863 -0.0277730 -0.0248012
v -0.0270999 -0.0285619 -0.0198036
v -0.0292881 -0.0104950 -0.0284048
v -0.0296505 0.0136176 -0.0285200
v -0.0312635 0.0086450 -0.0284897
v -0.0325806 0.0017609 -0.0285178
v -0.0311253 -0.0007748 -0.0283893
v -0.0321098 -0.0067919 -0.0285508
v -0.0157906 0.0282917 -0.0284813
v -0.0271211 0.0177839 -0.0284894
v -0.0098730 0.0312193 -0.0285320
v -0.0063703 0.0320930 -0.0285271
v -0.0000082 0.0312189 -0.0282157
v -0.0037062 0.0017421 -0.0349896
v -0.0012498 0.0038505 -0.0350017
v -0.0036728 -0.0018114 -0.0349898
v -0.0012403 -0.0038461 -0.0350013
v -0.0012000 -0.1191999 -0.0284749
v -0.0037020 -0.1191999 -0.0282607
v -0.0103805 -0.1191999 -0.0265606
v -0.0164625 -0.1191999 -0.0233201
v -0.0215986 -0.1191999 -0.0187254
v -0.0254937 -0.1191999 -0.0130403
v -0.0279241 -0.1191999 -0.0065917
v -0.0287500 -0.1191999 0.0002500
v -0.0279241 -0.1191999 0.0070917
v -0.0254937 -0.1191999 0.0135404
v -0.0164625 -0.1191999 0.0238201
v -0.0215986 -0.1191999 0.0192254
v -0.0100906 -0.1192913 0.0271988
v -0.0012868 -0.1192005 0.0291269
v -0.0327705 0.0010648 0.0290839
v -0.0328597 -0.0020443 0.0291244
v -0.0333120 -0.0061047 0.0295405
v -0.0306875 -0.0136928 0.0291653
v -0.0319864 -0.0071861 0.0290335
v -0.0325531 0.0053445 0.0292584
v -0.0318095 0.0080266 0.0290620
v -0.0312408 0.0092770 0.0290113
v -0.0299085 0.0134688 0.0291015
v -0.0267954 0.0193631 0.0292237
v -0.0254512 0.0205629 0.0290654
v -0.0221241 0.0244493 0.0292408
v -0.0189854 0.0265077 0.0290045
v -0.0194417 0.0266321 0.0291355
v -0.0115159 0.0309472 0.0292675
v -0.0062862 0.0321578 0.0290440
v -0.0031064 0.0328161 0.0292403
v -0.0324777 -0.0006793 0.0289964
v -0.0324537 0.0011671 0.0289956
v -0.0324284 -0.0029660 0.0290025
v -0.0321218 -0.0051030 0.0289972
v -0.0292220 -0.0146664 0.0290022
v -0.0012000 -0.1191999 0.0299686
v -0.0276275 -0.0203561 0.0289345
v -0.0272383 -0.0276317 0.0256806
v -0.0271666 -0.0282017 0.0242166
v -0.0274490 -0.0288328 0.0158964
v -0.0275086 -0.0286498 0.0235111
v -0.0272268 -0.0266370 0.0269162
v -0.0274433 -0.0254065 0.0278653
v -0.0284800 -0.0178168 0.0290434
v -0.0270546 -0.0285877 0.0148761
v -0.0272578 -0.0286355 0.0148118
v -0.0271331 -0.0285833 0.0147709
v -0.0271969 -0.0286097 0.0147709
v -0.0274530 -0.0287904 -0.0025695
v -0.0271867 -0.0286041 -0.0196880
v -0.0274582 -0.0287917 -0.0196497
v -0.0274549 -0.0287867 -0.0197423
v -0.0012000 -0.0038156 -0.0360716
v -0.0012000 -0.1191999 -0.0295686
v -0.0308946 -0.0145450 -0.0287558
v -0.0274303 -0.0257319 -0.0271938
v -0.0276409 -0.0223318 -0.0282991
v -0.0271721 -0.0279875 -0.0244671
v -0.0271351 -0.0250671 -0.0274019
v -0.0275019 -0.0272527 -0.0261263
v -0.0273274 -0.0284137 -0.0233681
v -0.0298827 -0.0141668 -0.0285624
v -0.0325581 -0.0021456 -0.0285071
v -0.0317491 0.0083067 -0.0285872
v -0.0276920 0.0174287 -0.0285655
v -0.0151406 0.0289941 -0.0285365
v -0.0193114 0.0262785 -0.0285095
v -0.0031197 0.0326768 -0.0285980
v -0.0000002 0.0328540 -0.0285838
v -0.0030676 0.0330485 -0.0289680
v -0.0123744 0.0306589 -0.0288325
v -0.0079345 0.0320133 -0.0287597
v -0.0181354 0.0278019 -0.0289478
v -0.0210882 0.0251565 -0.0286015
v -0.0241742 0.0221741 -0.0285661
v -0.0279503 0.0175084 -0.0287285
v -0.0326602 0.0062292 -0.0290052
v -0.0330122 -0.0004557 -0.0287264
v -0.0329594 0.0016909 -0.0287454
v -0.0012000 0.0038159 -0.0360716
v -0.0019760 0.0035565 -0.0372596
v -0.0028973 0.0027942 -0.0371562
v -0.0037357 0.0015147 -0.0372991
v -0.0036122 -0.0017180 -0.0371495
v -0.0000076 -0.0039748 -0.0361656
v -0.0089386 -0.1191976 -0.0290294
v -0.0000012 -0.1192906 -0.0296802
v -0.0333412 -0.0181363 0.0299447
v -0.0333949 -0.0134683 0.0298731
v -0.0331130 0.0019042 0.0293713
v -0.0312576 0.0123829 0.0299733
v -0.0241924 0.0232196 0.0298650
v -0.0046312 0.0330542 0.0296893
v -0.0000002 0.0327319 0.0289701
v -0.0153052 -0.0689581 0.0380010
v -0.0147875 0.0143027 0.0380059
v -0.0113665 0.0175361 0.0380022
v -0.0135976 0.0135791 0.0380030
v -0.0121098 0.0136306 0.0379971
v -0.0108766 0.0149163 0.0380030
v -0.0107084 0.0159962 0.0380030
v -0.0113810 -0.0709398 0.0379972
v -0.0107326 -0.0685565 0.0379966
v -0.0119525 -0.0671523 0.0380030
v -0.0130939 -0.0669018 0.0380030
v -0.0145710 -0.0674344 0.0380182
v -0.0338623 -0.0353507 0.0158415
v -0.0339098 -0.0327192 0.0277202
v -0.0340938 -0.0354797 0.0215074
v -0.0338620 -0.0352722 0.0203542
v -0.0335374 -0.0296092 0.0292932
v -0.0338595 -0.0351576 -0.0211436
v -0.0338625 -0.0353438 -0.0177554
v -0.0338623 -0.0353513 -0.0026949
v -0.0338622 -0.0353508 -0.0117553
v -0.0153353 -0.0695153 -0.0374984
v -0.0334530 -0.0203809 -0.0295406
v -0.0333514 -0.0256077 -0.0294051
v -0.0333762 -0.0295749 -0.0286889
v -0.0338137 -0.0323006 -0.0274872
v -0.0340797 -0.0345494 -0.0249096
v -0.0068607 0.0326206 -0.0291441
v -0.0156228 0.0292898 -0.0289692
v -0.0120908 0.0311463 -0.0292197
v -0.0292787 0.0157348 -0.0289880
v -0.0312121 0.0111053 -0.0288625
v -0.0330641 0.0027204 -0.0288874
v -0.0336036 -0.0004828 -0.0292349
v -0.0331558 -0.0072573 -0.0290340
v -0.0335192 -0.0098197 -0.0293247
v -0.0000099 -0.0043422 -0.0374898
v -0.0010042 -0.0039098 -0.0373276
v -0.0000000 -0.0040579 -0.0373661
v -0.0010978 0.0038692 -0.0372718
v 0.0000000 0.0039004 -0.0361390
v -0.0040257 -0.0002130 -0.0372983
v -0.0036309 -0.0017396 -0.0373113
v -0.0025103 -0.0031878 -0.0372542
v -0.0000000 -0.0043534 -0.0375030
v -0.0026892 -0.0032038 -0.0374731
v -0.0041845 -0.0011087 -0.0374863
v -0.0038753 0.0017676 -0.0374932
v -0.0027709 0.0032349 -0.0374932
v -0.0011447 0.0040210 -0.0374768
v 0.0000000 0.0042797 -0.0374980
v 0.0000000 0.0040730 -0.0373754
v -0.0026781 0.0031093 -0.0373995
v -0.0147187 -0.0675761 -0.0375130
v -0.0130939 -0.0669018 -0.0375030
v -0.0119525 -0.0671523 -0.0375030
v -0.0107874 -0.0683706 -0.0374973
v -0.0113073 -0.0709492 -0.0375072
v -0.0047381 -0.1191267 -0.0301609
v -0.0000000 -0.1186999 0.0312500
v -0.0048446 -0.1188740 0.0308374
v -0.0000000 -0.1188740 0.0312187
v -0.0095699 -0.1188740 0.0297030
v -0.0127578 -0.1188245 0.0285177
v -0.0092703 -0.1186999 0.0298315
v -0.0048495 -0.1186999 0.0308683
v -0.0182029 -0.1188740 0.0253042
v -0.0147272 -0.1187175 0.0275607
v -0.0250542 -0.1188740 0.0184529
v -0.0218982 -0.1188740 0.0221482
v -0.0219203 -0.1186999 0.0221703
v -0.0194979 -0.1185886 0.0243955
v -0.0275933 -0.1188740 0.0143095
v -0.0255625 -0.1187061 0.0178346
v -0.0305874 -0.1188740 0.0050946
v -0.0293926 -0.1187793 0.0101354
v -0.0294828 -0.1186999 0.0098295
v -0.0279014 -0.1186114 0.0137992
v -0.0309687 -0.1188740 0.0002500
v -0.0307125 -0.1187293 0.0045945
v -0.0294530 -0.1188740 -0.0093199
v -0.0305874 -0.1188740 -0.0045946
v -0.0301786 -0.1185558 -0.0069402
v -0.0310179 -0.1186276 -0.0010613
v -0.0275933 -0.1188740 -0.0138095
v -0.0282310 -0.1186165 -0.0126571
v -0.0218982 -0.1188740 -0.0216482
v -0.0250542 -0.1188740 -0.0179529
v -0.0237222 -0.1186245 -0.0197213
v -0.0259988 -0.1186999 -0.0166338
v -0.0182029 -0.1188740 -0.0248042
v -0.0214564 -0.1186999 -0.0221246
v -0.0095699 -0.1188740 -0.0292030
v -0.0140595 -0.1188740 -0.0273433
v -0.0140737 -0.1186999 -0.0273712
v -0.0173022 -0.1186485 -0.0255327
v -0.0048495 -0.1186999 -0.0303683
v -0.0092703 -0.1186999 -0.0293314
v -0.0095795 -0.1186999 -0.0292328
v -0.0048446 -0.1188740 -0.0303374
v -0.0000000 -0.1188740 -0.0307187
v -0.0000000 -0.1186999 -0.0307500
v -0.0153423 -0.1191959 -0.0263501
v -0.0228113 -0.1191959 -0.0203071
v -0.0280469 -0.1191962 -0.0122508
v -0.0303043 -0.1191717 -0.0048273
v -0.0306652 -0.1191962 0.0018448
v -0.0293064 -0.1191717 0.0094839
v -0.0265989 -0.1191962 0.0155927
v -0.0205571 -0.1191959 0.0230613
v -0.0141876 -0.1191754 0.0274998
v -0.0099839 -0.1191966 0.0291920
v -0.0047131 -0.1191932 0.0305059
v -0.0000017 -0.1193142 0.0302438
v -0.0000000 -0.1190552 -0.0306017
v -0.0095337 -0.1190552 -0.0290917
v -0.0140064 -0.1190552 -0.0272391
v -0.0181342 -0.1190552 -0.0247096
v -0.0218155 -0.1190552 -0.0215655
v -0.0249596 -0.1190552 -0.0178842
v -0.0274891 -0.1190552 -0.0137564
v -0.0293417 -0.1190552 -0.0092837
v -0.0308517 -0.1190552 0.0002500
v -0.0304719 -0.1190552 0.0050763
v -0.0274891 -0.1190552 0.0142564
v -0.0249596 -0.1190552 0.0183842
v -0.0218155 -0.1190552 0.0220655
v -0.0181342 -0.1190552 0.0252096
v -0.0095337 -0.1190552 0.0295917
v -0.0048263 -0.1190552 0.0307219
v -0.0000000 -0.1190552 0.0311017
v -0.0152784 0.0154886 0.0380017
v -0.0152709 0.0163368 0.0379954
v -0.0140456 0.0179322 0.0379883
v -0.0126305 0.0180702 0.0380001
v -0.0338604 -0.0004565 0.0302571
v -0.0337751 -0.0004630 0.0300321
v -0.0336064 -0.0093165 0.0298748
v -0.0336531 -0.0004718 0.0298354
v -0.0339978 -0.0092882 0.0308098
v -0.0339932 -0.0056913 0.0307780
v -0.0340094 -0.0092959 0.0306903
v -0.0339912 -0.0189647 0.0308593
v -0.0339801 -0.0181278 0.0305981
v -0.0339973 -0.0092988 0.0305016
v -0.0337573 0.0020847 0.0306856
v -0.0339113 -0.0010261 0.0307672
v -0.0326986 0.0084075 0.0307861
v -0.0303798 0.0146172 0.0308389
v -0.0292586 0.0167513 0.0306491
v -0.0268608 0.0203328 0.0302164
v -0.0258710 0.0217487 0.0307599
v -0.0237642 0.0239162 0.0306546
v -0.0212557 0.0261582 0.0309536
v -0.0121763 0.0314467 0.0305702
v -0.0140250 0.0306469 0.0307618
v -0.0173056 0.0289110 0.0307004
v -0.0070676 0.0329671 0.0307404
v -0.0037091 0.0335069 0.0309325
v 0.0000002 0.0336698 0.0302525
v -0.0040399 0.0333378 0.0300702
v -0.0088764 0.0323212 0.0298632
v -0.0204133 0.0266323 0.0299667
v -0.0167854 0.0290594 0.0299721
v -0.0291963 0.0165732 0.0299718
v -0.0326167 0.0078396 0.0298444
v -0.0337440 -0.0093117 0.0299938
v -0.0338605 -0.0093069 0.0301428
v -0.0339470 -0.0093026 0.0303153
v -0.0335017 0.0039000 0.0302571
v -0.0339002 -0.0004531 0.0304994
v -0.0334775 -0.0181353 0.0299874
v -0.0336175 -0.0181341 0.0300609
v -0.0337061 -0.0181331 0.0301276
v -0.0338531 -0.0181310 0.0302929
v -0.0339371 -0.0181293 0.0304520
v -0.0335978 -0.0255659 0.0300192
v -0.0338458 -0.0231780 0.0303134
v -0.0336043 -0.0231766 0.0300839
v -0.0340065 -0.0258235 0.0306871
v -0.0340764 -0.0293722 0.0302675
v -0.0341597 -0.0315582 0.0294412
v -0.0342426 -0.0334241 0.0279822
v -0.0337531 -0.0296930 0.0294191
v -0.0341720 -0.0346238 0.0254550
v -0.0341578 -0.0351225 0.0241091
v -0.0342992 -0.0354668 0.0249867
v -0.0339764 -0.0231793 0.0306199
v -0.0339590 -0.0319561 0.0285170
v -0.0340854 -0.0311392 0.0292549
v -0.0339942 -0.0282282 0.0301413
v -0.0338543 -0.0274567 0.0300621
v -0.0339840 -0.0305342 0.0293117
v 0.0000008 0.0302266 0.0365679
v 0.0000001 0.0332148 0.0327322
v -0.0000015 -0.0851278 0.0362475
v 0.0000009 0.0266096 0.0377854
v -0.0000003 -0.0887256 0.0331232
v 0.0000000 -0.0923740 0.0315961
v -0.0000005 -0.0811635 0.0377866
v 0.0000001 -0.0753077 0.0380030
v -0.0000000 0.0209426 0.0380030
v -0.0000047 -0.0995740 0.0312784
v -0.0138662 -0.0714532 0.0379941
v -0.0151540 -0.0700554 0.0380017
v -0.0209479 -0.0694387 0.0378584
v -0.0121826 -0.0714146 0.0380030
v -0.0066333 -0.0744072 0.0380032
v -0.0008132 0.0212287 0.0380029
v -0.0207798 -0.0582766 0.0380031
v -0.0212316 -0.0003294 0.0380030
v -0.0193158 0.0086134 0.0380032
v -0.0074429 0.0195794 0.0380030
v -0.0342681 -0.0354579 -0.0236981
v -0.0341603 -0.0351359 -0.0235844
v -0.0341870 -0.0358493 0.0158415
v -0.0342941 -0.0363377 0.0167328
v -0.0342946 -0.0362136 0.0210042
v -0.0342961 -0.0356331 0.0248044
v -0.0342956 -0.0364128 0.0163641
v -0.0342161 -0.0355955 -0.0214577
v -0.0342268 -0.0359295 -0.0175919
v -0.0342961 -0.0364132 -0.0095078
v -0.0341870 -0.0358499 -0.0026950
v -0.0342961 -0.0364172 0.0032748
v -0.0139112 -0.0714315 -0.0374957
v -0.0000000 -0.0753077 -0.0375030
v -0.0000001 -0.0851774 -0.0356766
v 0.0000001 -0.0889807 -0.0324253
v 0.0000001 -0.0793532 -0.0374361
v -0.0000097 -0.0834724 -0.0366761
v -0.0000004 -0.0933191 -0.0309515
v -0.0000000 -0.0975336 -0.0307499
v -0.0337492 -0.0306304 -0.0284738
v -0.0337693 -0.0216440 -0.0297006
v -0.0338262 -0.0173598 -0.0297077
v -0.0339761 -0.0224154 -0.0301184
v -0.0339875 -0.0172242 -0.0301242
v -0.0339899 -0.0181265 -0.0303685
v -0.0339829 -0.0247690 -0.0304051
v -0.0341240 -0.0307757 -0.0293477
v -0.0340359 -0.0278472 -0.0299987
v -0.0341337 -0.0310044 -0.0291450
v -0.0342165 -0.0328034 -0.0282464
v -0.0341879 -0.0325591 -0.0281311
v -0.0342523 -0.0342181 -0.0261894
v -0.0342965 -0.0352652 -0.0249445
v -0.0335868 -0.0274037 -0.0293204
v -0.0338949 -0.0269601 -0.0296973
v -0.0340159 -0.0270257 -0.0299813
v -0.0340822 -0.0333486 -0.0268173
v -0.0340124 -0.0323967 -0.0276478
v -0.0340514 -0.0302597 -0.0290978
v -0.0339614 -0.0301981 -0.0289251
v -0.0339981 -0.0088642 -0.0303054
v -0.0339914 -0.0088739 -0.0299602
v -0.0338449 -0.0088824 -0.0296092
v -0.0309406 0.0128065 -0.0293281
v -0.0329047 0.0061356 -0.0291299
v -0.0286902 0.0171187 -0.0291614
v -0.0263615 0.0205808 -0.0292564
v -0.0235697 0.0237489 -0.0293081
v -0.0214344 0.0256339 -0.0291836
v -0.0168975 0.0291523 -0.0298303
v -0.0066178 0.0327906 -0.0291974
v -0.0080124 0.0327820 -0.0302754
v 0.0000004 0.0336470 -0.0297080
v -0.0039179 0.0334953 -0.0301501
v -0.0130671 0.0310704 -0.0300199
v -0.0203084 0.0268885 -0.0299645
v -0.0233070 0.0243699 -0.0300725
v -0.0257681 0.0216798 -0.0306727
v -0.0278476 0.0190405 -0.0298485
v -0.0298452 0.0157029 -0.0302550
v -0.0315873 0.0118987 -0.0300354
v -0.0334678 0.0044685 -0.0299868
v -0.0328035 0.0080186 -0.0300493
v -0.0338985 -0.0030238 -0.0309972
v -0.0338420 0.0008871 -0.0299893
v -0.0000036 0.0332024 -0.0324755
v 0.0000006 0.0314592 -0.0351467
v -0.0000007 0.0335384 -0.0310326
v -0.0000004 0.0291412 -0.0366374
v -0.0000017 0.0256273 -0.0373724
v -0.0212277 -0.0007456 -0.0375030
v -0.0212520 -0.0529034 -0.0375030
v -0.0202812 -0.0601174 -0.0375030
v -0.0092325 -0.0731699 -0.0375030
v -0.0194092 0.0089944 -0.0375032
v -0.0124985 0.0168973 -0.0375030
v 0.0000000 0.0210001 -0.0375029
v -0.0064048 0.0200069 -0.0375031
v -0.0045752 -0.0850039 -0.0355461
v -0.0094818 -0.0839701 -0.0354563
v -0.0051081 -0.0895124 -0.0318848
v -0.0048901 -0.0920880 -0.0309026
v -0.0048506 -0.0944829 -0.0304800
v -0.0092703 -0.0975335 -0.0293314
v -0.0096389 -0.0957910 -0.0292364
v -0.0096082 -0.0922997 -0.0297153
v -0.0092671 -0.0887666 -0.0316025
v -0.0099350 -0.0856098 -0.0339572
v -0.0053570 -0.0943260 0.0309169
v -0.0118783 -0.0964500 0.0289445
v -0.0165301 -0.0974520 0.0264834
v -0.0274215 -0.0978125 0.0147317
v -0.0260022 -0.0975269 0.0171289
v -0.0230436 -0.0959836 0.0210360
v -0.0205634 -0.0982209 0.0234539
v -0.0298311 -0.0978710 0.0087722
v -0.0287222 -0.0969798 0.0119207
v -0.0310079 -0.0976725 -0.0011562
v -0.0308082 -0.0975437 0.0037163
v -0.0261828 -0.0973405 -0.0163502
v -0.0286567 -0.0972317 -0.0116277
v -0.0301757 -0.0977259 -0.0071737
v -0.0158968 -0.0975338 -0.0263638
v -0.0134589 -0.0958642 -0.0277049
v -0.0201865 -0.0978352 -0.0233182
v -0.0240654 -0.0985673 -0.0193450
v -0.0045533 -0.0893573 0.0325776
v -0.0062272 -0.0909249 0.0315218
v -0.0050163 -0.0868476 0.0343988
v -0.0086011 -0.0841197 0.0360797
v -0.0104039 -0.0886271 0.0318362
v -0.0095779 -0.0916919 0.0304471
v 0.0000017 0.0322949 0.0346862
v -0.0243471 -0.0634917 0.0378144
v -0.0256399 -0.0589179 0.0378144
v -0.0261715 -0.0541171 0.0378144
v -0.0259331 -0.0433139 0.0378795
v -0.0263068 -0.0080424 0.0378144
v -0.0261190 0.0009231 0.0378151
v -0.0246516 0.0084851 0.0378155
v -0.0191986 0.0177571 0.0378232
v -0.0099271 0.0244531 0.0377765
v -0.0036925 0.0305038 0.0362163
v -0.0118348 0.0311726 0.0322219
v -0.0166712 0.0282178 0.0338978
v -0.0282880 0.0177056 0.0322219
v -0.0303246 0.0125063 0.0339082
v -0.0325798 0.0080111 0.0317541
v -0.0336935 -0.0133607 0.0322219
v -0.0335744 0.0003328 0.0322879
v -0.0336900 -0.0466051 0.0322219
v -0.0342961 -0.0411972 0.0245577
v -0.0341644 -0.0492672 0.0294137
v -0.0337493 -0.0492648 0.0320923
v -0.0327054 -0.0476836 0.0345468
v -0.0312699 -0.0487815 0.0360731
v -0.0312004 -0.0540127 0.0360581
v -0.0292005 -0.0656334 0.0358645
v -0.0306622 -0.0603820 0.0359166
v -0.0308278 -0.0578536 0.0360811
v -0.0268930 -0.0698321 0.0360541
v -0.0241095 -0.0738438 0.0360632
v -0.0204430 -0.0775628 0.0361009
v -0.0215945 -0.0773748 0.0356023
v -0.0089027 -0.0839009 0.0361353
v -0.0154682 -0.0813332 0.0360268
v -0.0128835 -0.0826136 0.0359824
v -0.0187484 -0.0791228 0.0359823
v -0.0039734 -0.0849544 0.0361353
v -0.0160039 -0.0748370 0.0378233
v -0.0050755 -0.0799703 0.0378003
v -0.0114434 -0.0776689 0.0378144
v -0.0066457 0.0321168 0.0338577
v -0.0114909 0.0302649 0.0344781
v -0.0204822 0.0250839 0.0344781
v -0.0242929 0.0214271 0.0344781
v -0.0274661 0.0171891 0.0344781
v -0.0314898 0.0077336 0.0344781
v -0.0325194 0.0012912 0.0345055
v -0.0327195 -0.0078691 0.0344781
v -0.0327228 -0.0133607 0.0344781
v -0.0130909 0.0280198 0.0361543
v -0.0213367 0.0224078 0.0361532
v -0.0273780 0.0144488 0.0361548
v -0.0304677 0.0055070 0.0361582
v -0.0311813 -0.0035264 0.0361366
v -0.0065995 -0.0824059 0.0372252
v -0.0163785 -0.0781748 0.0372332
v -0.0222665 -0.0725735 0.0372209
v -0.0262051 -0.0664310 0.0372291
v -0.0283705 -0.0594636 0.0372214
v -0.0290585 -0.0529449 0.0372200
v -0.0290595 -0.0032423 0.0372222
v -0.0283804 0.0051923 0.0372304
v -0.0254700 0.0135359 0.0372295
v -0.0198173 0.0209353 0.0372290
v -0.0121181 0.0261412 0.0372294
v -0.0033418 0.0284977 0.0372287
v -0.0342796 -0.0495574 -0.0245113
v -0.0342536 -0.0495695 0.0278160
v -0.0044685 0.0283754 -0.0367234
v -0.0015370 0.0308198 -0.0356261
v -0.0016135 0.0323536 -0.0339385
v -0.0305797 0.0120301 -0.0333184
v -0.0336919 -0.0486306 -0.0318407
v -0.0327199 -0.0482783 -0.0339957
v -0.0123771 -0.0775699 -0.0372861
v -0.0172026 -0.0738517 -0.0373119
v -0.0230043 -0.0670551 -0.0373031
v 0.0000006 -0.0810174 -0.0372775
v -0.0111715 -0.0831024 -0.0356855
v -0.0161370 -0.0815141 -0.0350944
v -0.0166437 -0.0805794 -0.0354829
v -0.0179275 -0.0795271 -0.0356116
v -0.0208239 -0.0773858 -0.0355324
v -0.0239705 -0.0739153 -0.0355945
v -0.0262047 -0.0711798 -0.0354489
v -0.0279312 -0.0675863 -0.0356722
v -0.0299792 -0.0628629 -0.0354638
v -0.0311690 -0.0566488 -0.0354798
v -0.0314127 -0.0495609 -0.0354830
v -0.0341871 -0.0467534 -0.0286243
v -0.0341763 -0.0496014 -0.0285803
v -0.0337051 -0.0467523 -0.0316660
v -0.0337090 -0.0140044 -0.0316660
v -0.0334579 0.0016635 -0.0316660
v -0.0325917 0.0073691 -0.0316660
v -0.0286236 0.0171902 -0.0316660
v -0.0219319 0.0255070 -0.0307979
v -0.0122679 0.0310217 -0.0316660
v -0.0169232 0.0280753 -0.0333807
v -0.0259892 -0.0572152 -0.0373121
v -0.0263337 -0.0463130 -0.0373119
v -0.0263280 -0.0084557 -0.0373119
v -0.0257518 0.0032357 -0.0373558
v -0.0232063 0.0119195 -0.0373123
v -0.0181669 0.0187002 -0.0373123
v -0.0111939 0.0235318 -0.0373123
v -0.0016440 0.0260250 -0.0373066
v -0.0107999 -0.0810954 -0.0367239
v -0.0200028 -0.0752716 -0.0367265
v -0.0249678 -0.0686970 -0.0367155
v -0.0279543 -0.0617041 -0.0367214
v -0.0295428 -0.0542714 -0.0365382
v -0.0290938 -0.0040346 -0.0367159
v -0.0284755 0.0047454 -0.0367249
v -0.0257316 0.0130688 -0.0367242
v -0.0201953 0.0205950 -0.0367239
v -0.0125083 0.0259765 -0.0367239
v -0.0312101 -0.0086228 -0.0356264
v -0.0310392 0.0007451 -0.0356388
v -0.0295217 0.0093890 -0.0356435
v -0.0250397 0.0182156 -0.0356448
v -0.0178566 0.0252762 -0.0356448
v -0.0087976 0.0296606 -0.0356447
v -0.0327459 -0.0086306 -0.0339392
v -0.0325763 0.0008059 -0.0339633
v -0.0316550 0.0071526 -0.0339385
v -0.0278003 0.0166936 -0.0339385
v -0.0247067 0.0209884 -0.0339385
v -0.0209607 0.0247190 -0.0339385
v -0.0119150 0.0301274 -0.0339385
v -0.0068568 0.0316609 -0.0339385
v -0.0305996 -0.0906880 -0.0052364
v -0.0289930 -0.0919920 -0.0110047
v -0.0190464 -0.0845748 0.0304560
v -0.0200295 -0.0802744 0.0343780
v -0.0195340 -0.0916309 0.0251085
v -0.0187460 -0.0948513 0.0250392
v -0.0288406 -0.0800846 0.0194114
v -0.0293672 -0.0848963 0.0132155
v -0.0302839 -0.0706002 0.0303926
v -0.0320325 -0.0686603 0.0257411
v -0.0327088 -0.0700560 0.0129674
v -0.0303733 -0.0773014 -0.0169145
v -0.0315832 -0.0763770 -0.0112714
v -0.0306341 -0.0646418 -0.0342467
v -0.0259331 -0.0743828 0.0341934
v -0.0232954 -0.0751894 0.0358527
v -0.0133529 -0.0827515 0.0357164
v -0.0112662 -0.0947102 0.0293262
v -0.0303941 -0.0971173 0.0063476
v -0.0229407 -0.0767059 -0.0346368
v -0.0265493 -0.0739734 -0.0333072
v -0.0116439 -0.0880986 -0.0312839
v -0.0182333 -0.0974511 -0.0248208
v -0.0189233 -0.0943817 -0.0244778
v -0.0229151 -0.0955471 -0.0206759
v -0.0262894 -0.0963248 -0.0161877
v -0.0304692 -0.0970185 -0.0054598
v -0.0309993 -0.0971088 0.0004460
v -0.0126361 -0.0921653 0.0292361
v -0.0133199 -0.0857988 0.0329960
v -0.0112106 -0.0849585 0.0346179
v -0.0280706 -0.0699252 0.0349749
v -0.0303381 -0.0632545 0.0355073
v -0.0319448 -0.0550204 0.0352929
v -0.0338210 -0.0564566 0.0304590
v -0.0340901 -0.0566067 0.0253133
v -0.0313927 -0.0683960 -0.0294339
v -0.0291922 -0.0714043 -0.0316357
v -0.0287676 -0.0695401 -0.0339094
v -0.0317566 -0.0557002 -0.0349256
v -0.0317638 -0.0649378 -0.0320585
v -0.0332420 -0.0623764 -0.0285562
v -0.0324615 -0.0566577 -0.0340127
v -0.0272819 -0.0763875 -0.0290115
v -0.0292792 -0.0733756 -0.0285443
v -0.0298278 -0.0754877 -0.0226122
v -0.0313283 -0.0740451 -0.0173339
v -0.0324838 -0.0709266 -0.0142577
v -0.0316122 -0.0705259 -0.0235493
v -0.0320559 -0.0788797 -0.0013441
v -0.0329445 -0.0708727 -0.0055004
v -0.0327666 -0.0665862 -0.0236520
v -0.0325014 -0.0734639 0.0077867
v -0.0315459 -0.0746580 0.0152249
v -0.0335942 -0.0656749 0.0007740
v -0.0270616 -0.0750249 0.0319346
v -0.0288401 -0.0737910 0.0297198
v -0.0320831 -0.0655277 0.0310667
v -0.0331783 -0.0640625 0.0257565
v -0.0338823 -0.0593251 0.0261080
v -0.0335813 -0.0639987 0.0136767
v -0.0338713 -0.0620447 -0.0116311
v -0.0340120 -0.0584380 -0.0239510
v -0.0337398 -0.0580896 -0.0294732
v -0.0333681 -0.0573251 -0.0318022
v -0.0328040 -0.0676170 0.0196184
v -0.0332071 -0.0602875 0.0312027
v -0.0331505 -0.0555686 0.0332650
v -0.0321351 -0.0618735 0.0335695
v -0.0301287 -0.0685880 0.0331156
v -0.0298043 -0.0762502 0.0218253
v -0.0304740 -0.0810346 0.0122012
v -0.0309941 -0.0843582 0.0063631
v -0.0142447 -0.0895777 0.0295944
v -0.0160563 -0.0869207 0.0304458
v -0.0231818 -0.0927397 0.0212249
v -0.0261518 -0.0947994 0.0168907
v -0.0225684 -0.0891223 0.0232954
v -0.0267700 -0.0903104 0.0167255
v -0.0237036 -0.0862300 0.0237912
v -0.0234086 -0.0827618 0.0275451
v -0.0230121 -0.0790561 0.0327750
v -0.0267820 -0.0794091 0.0260003
v -0.0145218 -0.0927854 -0.0276254
v -0.0265793 -0.0931936 -0.0159302
v -0.0240490 -0.0905056 -0.0201798
v -0.0199451 -0.0907569 -0.0245121
v -0.0154950 -0.0905989 -0.0278499
v -0.0104573 -0.0903012 -0.0302871
v -0.0192914 -0.0814875 -0.0331224
v -0.0223891 -0.0802133 -0.0316071
v -0.0229521 -0.0819640 -0.0286359
v -0.0259635 -0.0794532 -0.0270483
v -0.0272561 -0.0885458 -0.0158036
v -0.0300686 -0.0840436 -0.0108068
v -0.0264893 -0.0831361 -0.0212439
v -0.0229690 -0.0847659 -0.0254240
v -0.0278162 -0.0800578 -0.0218366
v -0.0293999 -0.0805081 -0.0165011
v -0.0284771 -0.0836882 -0.0161476
v -0.0252738 -0.0862145 -0.0207637
v -0.0210599 -0.0882865 -0.0247646
v -0.0169644 -0.0878182 -0.0285874
v -0.0143901 -0.0853115 -0.0324551
v -0.0115175 -0.0846608 -0.0342832
v -0.0255157 -0.0798470 0.0279629
v -0.0261256 -0.0834922 0.0221803
v -0.0273887 -0.0871535 0.0168677
v -0.0290276 -0.0906735 0.0117016
v -0.0305051 -0.0907998 0.0062439
v -0.0314248 -0.0843318 0.0005882
v -0.0310504 -0.0907832 0.0005093
v -0.0310977 -0.0842388 -0.0051993
v -0.0062751 -0.0931999 -0.0278956
v -0.0012000 -0.1191999 -0.0284749
v -0.0037020 -0.1191999 -0.0282607
v -0.0103805 -0.1191999 -0.0265606
v -0.0012000 -0.0646999 0.0355030
v -0.0012000 -0.0756999 0.0353530
v -0.0012000 -0.0756999 0.0355027
v -0.0012000 -0.0646999 0.0353530
v -0.0012014 -0.0835463 0.0342501
v -0.0012000 -0.0868409 0.0313850
v -0.0012000 -0.0845159 0.0334129
v -0.0012001 -0.0805647 0.0353468
v -0.0011999 -0.0883621 0.0314845
v -0.0012001 -0.0837120 0.0353226
v -0.0012039 0.0258333 0.0353589
v -0.0011999 0.0285611 0.0346295
v -0.0011995 0.0297561 0.0338248
v -0.0012001 0.0296562 0.0351849
v -0.0012000 0.0209426 0.0364716
v -0.0012000 0.0264350 0.0362466
v -0.0012000 -0.0756999 0.0353530
v -0.0135715 -0.0759158 0.0353530
v -0.0012000 -0.0646999 0.0353530
v -0.0126701 -0.0681158 0.0353530
v -0.0127177 -0.0702920 0.0353531
v -0.0118121 -0.0692471 0.0353528
v -0.0012000 -0.0646999 -0.0348530
v -0.0012000 -0.0756999 -0.0348530
v -0.0139095 -0.0756999 -0.0348530
v -0.0123612 -0.0681977 -0.0348529
v -0.0133101 -0.0702822 -0.0348532
v -0.0120092 -0.0698753 -0.0348522
v -0.0233116 -0.0646999 -0.0348530
v -0.0195116 -0.0715642 -0.0348285
v -0.0196362 -0.0706532 -0.0348530
v -0.0232621 -0.0656910 -0.0348331
v -0.0137610 -0.0683652 -0.0348530
v -0.0141153 -0.0694665 -0.0348529
v -0.0012003 -0.0078216 -0.0349697
v -0.0012005 -0.0068097 -0.0349630
v -0.0012403 -0.0038461 -0.0350013
v -0.0012000 -0.0038156 -0.0360716
v -0.0012004 -0.0128216 -0.0349830
v -0.0012000 -0.0646999 -0.0350030
v -0.0012000 -0.0646999 -0.0348530
v -0.0012000 -0.0756999 -0.0350027
v -0.0012000 -0.0756999 -0.0348530
v -0.0012002 -0.0831639 -0.0340429
v -0.0012021 -0.0806805 -0.0348167
v -0.0012000 -0.0038156 -0.0360716
v -0.0012000 -0.0821832 -0.0355101
v -0.0012001 -0.0791720 -0.0359972
v -0.0012002 -0.0831639 -0.0340429
v -0.0012003 -0.0882835 -0.0299056
v -0.0012000 -0.0847572 -0.0326863
v -0.0012000 -0.0840657 -0.0347125
v -0.0012110 0.0067222 -0.0350683
v -0.0012001 0.0060541 -0.0350027
v -0.0012498 0.0038505 -0.0350017
v -0.0012000 0.0038159 -0.0360716
v -0.0129250 0.0169922 0.0353525
v -0.0118344 0.0158151 0.0353533
v -0.0137408 0.0149398 0.0353530
v -0.0141191 0.0160683 0.0353527
v -0.0125337 0.0168018 0.0368038
v -0.0139136 0.0151171 0.0367866
v -0.0119870 0.0152982 0.0367996
v -0.0121963 0.0165489 0.0367972
v -0.0119523 0.0161173 0.0368012
v -0.0129642 0.0169018 0.0368072
v -0.0133154 0.0168539 0.0368096
v -0.0135500 0.0167527 0.0368109
v -0.0138047 0.0165513 0.0368108
v -0.0140997 0.0159439 0.0368113
v -0.0139526 0.0163501 0.0368099
v -0.0118344 0.0158151 0.0353533
v -0.0126393 0.0147334 0.0353534
v -0.0137408 0.0149398 0.0353530
v -0.0139136 0.0151171 0.0367866
v -0.0126031 0.0147746 0.0368020
v -0.0131428 0.0147087 0.0368023
v -0.0119870 0.0152982 0.0367996
v -0.0140193 -0.0698069 0.0353527
v -0.0127177 -0.0702920 0.0353531
v -0.0118121 -0.0692471 0.0353528
v -0.0139883 -0.0697183 0.0368039
v -0.0135721 -0.0701416 0.0368084
v -0.0131601 -0.0702943 0.0368065
v -0.0127177 -0.0702663 0.0368027
v -0.0122578 -0.0700266 0.0368034
v -0.0118837 -0.0692769 0.0368038
v -0.0126701 -0.0681158 0.0353530
v -0.0118121 -0.0692471 0.0353528
v -0.0118837 -0.0692769 0.0368038
v -0.0122483 -0.0683472 0.0367988
v -0.0126701 -0.0681158 0.0353530
v -0.0137969 -0.0683841 0.0353527
v -0.0122483 -0.0683472 0.0367988
v -0.0133530 -0.0681208 0.0367989
v -0.0137969 -0.0683841 0.0353527
v -0.0140193 -0.0698069 0.0353527
v -0.0140811 -0.0688909 0.0368033
v -0.0139883 -0.0697183 0.0368039
v -0.0125337 0.0168018 0.0368038
v -0.0139136 0.0151171 0.0367866
v -0.0126031 0.0147746 0.0368020
v -0.0131428 0.0147087 0.0368023
v -0.0119870 0.0152982 0.0367996
v -0.0121963 0.0165489 0.0367972
v -0.0119523 0.0161173 0.0368012
v -0.0129642 0.0169018 0.0368072
v -0.0133154 0.0168539 0.0368096
v -0.0135500 0.0167527 0.0368109
v -0.0138047 0.0165513 0.0368108
v -0.0140997 0.0159439 0.0368113
v -0.0139526 0.0163501 0.0368099
v -0.0147875 0.0143027 0.0380059
v -0.0113665 0.0175361 0.0380022
v -0.0135976 0.0135791 0.0380030
v -0.0121098 0.0136306 0.0379971
v -0.0108766 0.0149163 0.0380030
v -0.0107084 0.0159962 0.0380030
v -0.0152784 0.0154886 0.0380017
v -0.0152709 0.0163368 0.0379954
v -0.0140456 0.0179322 0.0379883
v -0.0126305 0.0180702 0.0380001
v -0.0140811 -0.0688909 0.0368033
v -0.0153052 -0.0689581 0.0380010
v -0.0139883 -0.0697183 0.0368039
v -0.0135721 -0.0701416 0.0368084
v -0.0131601 -0.0702943 0.0368065
v -0.0127177 -0.0702663 0.0368027
v -0.0122578 -0.0700266 0.0368034
v -0.0118837 -0.0692769 0.0368038
v -0.0122483 -0.0683472 0.0367988
v -0.0133530 -0.0681208 0.0367989
v -0.0113810 -0.0709398 0.0379972
v -0.0107326 -0.0685565 0.0379966
v -0.0119525 -0.0671523 0.0380030
v -0.0130939 -0.0669018 0.0380030
v -0.0145710 -0.0674344 0.0380182
v -0.0138662 -0.0714532 0.0379941
v -0.0151540 -0.0700554 0.0380017
v -0.0137610 -0.0683652 -0.0348530
v -0.0133101 -0.0702822 -0.0348532
v -0.0141153 -0.0694665 -0.0348529
v -0.0139691 -0.0686231 -0.0362939
v -0.0132245 -0.0703055 -0.0362951
v -0.0138075 -0.0699501 -0.0363023
v -0.0140987 -0.0693388 -0.0363095
v -0.0139526 -0.0697499 -0.0363071
v -0.0123612 -0.0681977 -0.0348529
v -0.0137610 -0.0683652 -0.0348530
v -0.0139691 -0.0686231 -0.0362939
v -0.0130214 -0.0680693 -0.0362994
v -0.0123612 -0.0681977 -0.0348529
v -0.0133101 -0.0702822 -0.0348532
v -0.0120092 -0.0698753 -0.0348522
v -0.0139691 -0.0686231 -0.0362939
v -0.0130214 -0.0680693 -0.0362994
v -0.0121315 -0.0685045 -0.0362964
v -0.0118843 -0.0692888 -0.0363067
v -0.0125826 -0.0702229 -0.0363031
v -0.0123662 -0.0700990 -0.0363030
v -0.0120474 -0.0697499 -0.0363030
v -0.0132245 -0.0703055 -0.0362951
v -0.0138075 -0.0699501 -0.0363023
v -0.0140987 -0.0693388 -0.0363095
v -0.0139526 -0.0697499 -0.0363071
v -0.0153353 -0.0695153 -0.0374984
v -0.0147187 -0.0675761 -0.0375130
v -0.0130939 -0.0669018 -0.0375030
v -0.0119525 -0.0671523 -0.0375030
v -0.0107874 -0.0683706 -0.0374973
v -0.0113073 -0.0709492 -0.0375072
v -0.0139112 -0.0714315 -0.0374957
v -0.0000000 -0.1186999 0.0312500
v -0.0000000 -0.1188740 0.0312187
v -0.0000017 -0.1193142 0.0302438
v -0.0000000 -0.1190552 0.0311017
v -0.0122507 -0.0696055 -0.0343237
v -0.0118506 -0.0697573 -0.0347387
v -0.0125944 -0.0684506 -0.0343237
v -0.0124425 -0.0680505 -0.0347387
v -0.0125944 -0.0684506 -0.0343237
v -0.0124425 -0.0680505 -0.0347387
v -0.0137493 -0.0687943 -0.0343237
v -0.0141479 -0.0686432 -0.0347371
v -0.0137493 -0.0687943 -0.0343237
v -0.0141479 -0.0686432 -0.0347371
v -0.0134056 -0.0699492 -0.0343237
v -0.0135567 -0.0703477 -0.0347371
v -0.0122507 -0.0696055 -0.0343237
v -0.0118506 -0.0697573 -0.0347387
v -0.0134056 -0.0699492 -0.0343237
v -0.0135567 -0.0703477 -0.0347371
v 0.0122052 -0.0687387 -0.0344953
v 0.0122883 -0.0687175 -0.0307500
v 0.0134056 -0.0684506 -0.0343237
v 0.0134823 -0.0684882 -0.0307500
v 0.0134056 -0.0684506 -0.0343237
v 0.0134823 -0.0684882 -0.0307500
v 0.0137493 -0.0696055 -0.0343237
v 0.0137117 -0.0696822 -0.0307500
v 0.0137493 -0.0696055 -0.0343237
v 0.0137117 -0.0696822 -0.0307500
v 0.0125944 -0.0699492 -0.0343237
v 0.0125177 -0.0699116 -0.0307500
v 0.0122052 -0.0687387 -0.0344953
v 0.0122883 -0.0687175 -0.0307500
v 0.0125944 -0.0699492 -0.0343237
v 0.0125177 -0.0699116 -0.0307500
v -0.0248337 0.0001264 0.0349169
v -0.0246415 0.0002450 0.0298288
v -0.0250000 -0.0002500 0.0347500
v -0.0246714 -0.0002500 0.0298357
v -0.0248337 0.0001264 0.0349169
v -0.0246415 0.0002450 0.0298288
v 0.0248584 0.0000519 0.0348930
v -0.0090000 -0.0614645 -0.0332855
v -0.0170000 -0.0614645 -0.0332855
v -0.0170000 -0.0600688 -0.0308707
v -0.0090000 -0.0601749 -0.0311965
v 0.0090000 -0.0603976 -0.0320541
v 0.0088697 -0.0599724 -0.0283901
v 0.0170000 -0.0601749 -0.0311965
v 0.0170000 -0.0614645 -0.0332855
v -0.0173336 -0.0600000 0.0107174
v -0.0149988 -0.0600000 0.0131803
v -0.0000000 -0.0600000 0.0217500
v 0.0245000 -0.0600000 0.0217500
v -0.0186391 -0.0600000 -0.0228667
v -0.0171860 -0.0600000 -0.0242170
v -0.0230000 -0.0600000 -0.0227500
v 0.0171167 -0.0600000 -0.0243891
v 0.0191716 -0.0600000 -0.0085925
v 0.0184670 -0.0600000 -0.0229360
v 0.0230000 -0.0600000 -0.0227500
v 0.0118713 -0.0600000 -0.0136898
v 0.0117336 -0.0600000 -0.0102176
v 0.0122160 -0.0600000 -0.0120831
v 0.0137798 -0.0600000 -0.0115784
v 0.0149988 -0.0600000 -0.0126803
v 0.0146540 -0.0600000 -0.0142869
v 0.0130903 -0.0600000 -0.0147917
v 0.0073609 -0.0600000 -0.0268667
v -0.0000000 -0.0600000 -0.0102176
v -0.0065000 -0.0600000 -0.0267500
v -0.0130903 -0.0600000 -0.0115784
v -0.0146540 -0.0600000 -0.0120831
v -0.0149988 -0.0600000 -0.0136898
v -0.0137798 -0.0600000 -0.0147917
v -0.0122160 -0.0600000 -0.0142869
v -0.0118713 -0.0600000 -0.0126803
v -0.0086601 -0.0600000 -0.0276787
v 0.0192034 -0.0600000 0.0091850
v 0.0118988 -0.0600000 0.0089766
v 0.0118898 -0.0600000 -0.0083896
v -0.0000000 -0.0600000 0.0107174
v 0.0131321 -0.0600000 -0.0088501
v -0.0119026 -0.0600000 -0.0084919
v -0.0120609 -0.0600000 0.0091850
v -0.0184745 -0.0600000 -0.0088305
v -0.0245000 -0.0600000 0.0107174
v -0.0193617 -0.0600000 0.0089916
v 0.0123332 -0.0600000 0.0124660
v 0.0118284 -0.0600000 0.0140298
v 0.0129303 -0.0600000 0.0152488
v 0.0148584 -0.0600000 0.0146497
v 0.0143997 -0.0600000 0.0122616
v -0.0143997 -0.0600000 0.0151084
v -0.0120116 -0.0600000 0.0146497
v -0.0122160 -0.0600000 0.0125831
v -0.0137798 -0.0600000 0.0120784
v -0.0245008 -0.0599766 0.0225544
v -0.0090000 -0.0589282 0.0257500
v -0.0246714 -0.0002500 0.0298357
v -0.0245000 -0.0335500 0.0297500
v -0.0245000 -0.0593910 0.0248115
v -0.0245065 -0.0581847 0.0268550
v -0.0247166 -0.0552494 0.0292366
v -0.0249987 0.0002502 0.0302501
v -0.0245744 0.0047973 0.0300964
v -0.0223895 0.0111852 0.0302440
v -0.0227748 0.0093973 0.0297495
v -0.0195145 0.0156737 0.0302440
v -0.0157537 0.0194516 0.0302441
v -0.0167679 0.0180509 0.0297488
v -0.0112777 0.0223474 0.0302443
v -0.0062900 0.0242294 0.0302447
v -0.0076990 0.0234046 0.0297492
v -0.0010163 0.0250123 0.0302452
v 0.0043031 0.0246604 0.0302458
v 0.0032040 0.0244611 0.0297475
v 0.0143964 0.0203493 0.0299897
v 0.0097192 0.0229385 0.0299571
v 0.0214359 0.0129270 0.0302731
v 0.0182178 0.0171690 0.0302722
v 0.0242907 0.0039659 0.0297546
v 0.0241150 0.0069070 0.0302592
v 0.0245000 -0.0335500 0.0297500
v 0.0250000 -0.0002500 0.0302500
v 0.0248290 0.0001357 0.0299810
v 0.0250000 -0.0002500 0.0347500
v 0.0244789 -0.0538219 0.0295901
v 0.0247529 -0.0579710 0.0273565
v 0.0250005 -0.0603749 0.0236567
v 0.0245000 -0.0596085 0.0242221
v 0.0245000 -0.0593910 0.0248115
v -0.0090001 -0.0519577 0.0297500
v -0.0090005 -0.0562815 0.0286897
v 0.0089991 -0.0588750 0.0261057
v 0.0090000 -0.0539976 0.0295826
v 0.0121961 -0.0083137 0.0297500
v 0.0132980 -0.0070947 0.0297500
v 0.0127932 -0.0055310 0.0297500
v 0.0111866 -0.0051862 0.0297500
v 0.0100847 -0.0064052 0.0297500
v 0.0105895 -0.0079690 0.0297500
v 0.0005047 -0.0150638 0.0297500
v 0.0016066 -0.0138447 0.0297500
v -0.0005048 -0.0119363 0.0297500
v -0.0016066 -0.0131552 0.0297500
v -0.0011019 -0.0147190 0.0297500
v -0.0111865 -0.0083137 0.0297500
v -0.0100847 -0.0070947 0.0297500
v -0.0105895 -0.0055310 0.0297500
v -0.0121961 -0.0051862 0.0297500
v -0.0132980 -0.0064052 0.0297500
v -0.0127932 -0.0079690 0.0297500
v -0.0111866 0.0051862 0.0297500
v -0.0100847 0.0064052 0.0297500
v -0.0105895 0.0079690 0.0297500
v -0.0121961 0.0083138 0.0297500
v -0.0132980 0.0070947 0.0297500
v -0.0127932 0.0055310 0.0297500
v 0.0005048 0.0119362 0.0297500
v 0.0016066 0.0131552 0.0297500
v 0.0011019 0.0147190 0.0297500
v -0.0005047 0.0150638 0.0297500
v -0.0016066 0.0138447 0.0297500
v -0.0011019 0.0122810 0.0297500
v -0.0058457 -0.0101250 0.0297500
v 0.0011019 -0.0122810 0.0297500
v -0.0135457 -0.0000000 0.0297500
v -0.0138927 0.0159626 0.0297500
v -0.0121073 0.0156376 0.0297500
v -0.0131724 0.0149968 0.0297500
v -0.0128277 0.0166034 0.0297500
v 0.0130619 0.0149426 0.0297500
v 0.0138033 0.0156277 0.0297500
v 0.0121073 0.0159626 0.0297500
v 0.0133752 0.0165737 0.0297500
v 0.0244999 0.0000358 0.0297500
v 0.0207203 0.0133103 0.0297504
v 0.0087672 -0.0272365 0.0297500
v 0.0135457 -0.0101250 0.0297500
v 0.0070592 -0.0260281 0.0297500
v -0.0135457 -0.0101250 0.0297500
v -0.0088802 -0.0274627 0.0297500
v -0.0072796 -0.0261038 0.0297500
v -0.0245000 -0.0520000 0.0297500
v 0.0000000 -0.0000000 0.0297500
v 0.0132980 0.0064052 0.0297500
v 0.0127932 0.0079690 0.0297500
v 0.0121961 0.0051862 0.0297500
v 0.0105895 0.0055310 0.0297500
v 0.0100847 0.0070947 0.0297500
v 0.0111866 0.0083138 0.0297500
v -0.0248259 0.0002745 0.0350870
v 0.0246649 0.0036733 0.0349665
v 0.0234959 0.0086291 0.0347476
v 0.0211513 0.0133862 0.0347487
v 0.0178571 0.0175423 0.0347496
v 0.0137607 0.0209111 0.0347505
v 0.0090466 0.0233411 0.0347512
v -0.0011886 0.0250051 0.0347706
v -0.0064489 0.0241878 0.0347692
v -0.0158649 0.0193609 0.0347663
v -0.0195960 0.0155714 0.0347648
v -0.0224414 0.0110805 0.0347634
v -0.0242961 0.0060104 0.0347625
v 0.0250000 -0.0635000 0.0347500
v -0.0230226 0.0087471 0.0352494
v -0.0172576 0.0175688 0.0352495
v -0.0114704 0.0221258 0.0350032
v 0.0041076 0.0246054 0.0349615
v 0.0168586 0.0179676 0.0352506
v 0.0228109 0.0093099 0.0352510
v -0.0031808 0.0244187 0.0352496
v -0.0093000 -0.0737000 -0.0307500
v -0.0093750 -0.0736250 -0.0347500
v -0.0090000 -0.0638792 -0.0346812
v -0.0090000 -0.0614645 -0.0332855
v -0.0090000 -0.0601749 -0.0311965
v -0.0090000 -0.0674055 -0.0307094
v -0.0090046 -0.0661629 -0.0296142
v -0.0086601 -0.0600000 -0.0276787
v -0.0089495 -0.0660000 -0.0287500
v -0.0079669 -0.0660000 -0.0270136
v 0.0093750 -0.0736250 -0.0307500
v 0.0093000 -0.0737000 -0.0347500
v 0.0090000 -0.0673124 -0.0306964
v 0.0090000 -0.0637630 -0.0346740
v 0.0090000 -0.0603976 -0.0320541
v 0.0088697 -0.0599724 -0.0283901
v 0.0073609 -0.0600000 -0.0268667
v 0.0065000 -0.0660000 -0.0267500
v 0.0077500 -0.0660000 -0.0270849
v 0.0090143 -0.0659658 -0.0289238
v 0.0093750 -0.0736250 -0.0307500
v 0.0122883 -0.0687175 -0.0307500
v 0.0125177 -0.0699116 -0.0307500
v 0.0167000 -0.0737000 -0.0307500
v 0.0090000 -0.0673124 -0.0306964
v -0.0090000 -0.0597942 0.0272500
v 0.0090000 -0.0597942 0.0272500
v -0.0090000 -0.0589282 0.0257500
v 0.0089991 -0.0588750 0.0261057
v -0.0250000 -0.0002500 0.0302500
v -0.0246714 -0.0002500 0.0298357
v -0.0245000 -0.0335500 0.0297500
v -0.0250000 -0.0520000 0.0302500
v -0.0247166 -0.0552494 0.0292366
v -0.0245000 -0.0520000 0.0297500
v -0.0245008 -0.0599766 0.0225544
v -0.0250005 -0.0603902 0.0234870
v -0.0245000 -0.0593910 0.0248115
v -0.0249846 -0.0581446 0.0276675
v -0.0245065 -0.0581847 0.0268550
v -0.0247166 -0.0552494 0.0292366
v 0.0245000 -0.0335500 0.0297500
v 0.0250000 -0.0520000 0.0302500
v 0.0250000 -0.0002500 0.0302500
v 0.0248290 0.0001357 0.0299810
v 0.0249947 -0.0558461 0.0294493
v 0.0244789 -0.0538219 0.0295901
v -0.0167000 -0.0737000 -0.0347500
v -0.0170000 -0.0637885 -0.0346861
v -0.0170000 -0.0614645 -0.0332855
v -0.0170000 -0.0600688 -0.0308707
v -0.0166250 -0.0736250 -0.0307500
v -0.0170000 -0.0673124 -0.0306964
v -0.0171860 -0.0600000 -0.0242170
v -0.0171167 -0.0660000 -0.0243891
v -0.0169998 -0.0660826 -0.0294274
v -0.0065000 -0.0600000 -0.0267500
v -0.0086601 -0.0600000 -0.0276787
v -0.0079669 -0.0660000 -0.0270136
v 0.0065000 -0.0660000 -0.0267500
v 0.0170000 -0.0601749 -0.0311965
v 0.0170000 -0.0614645 -0.0332855
v 0.0170000 -0.0639077 -0.0346924
v 0.0171167 -0.0600000 -0.0243891
v 0.0170000 -0.0674055 -0.0307094
v 0.0169996 -0.0661047 -0.0294760
v 0.0171860 -0.0660000 -0.0242170
v 0.0171167 -0.0600000 -0.0243891
v 0.0184670 -0.0600000 -0.0229360
v 0.0186391 -0.0660000 -0.0228667
v 0.0171860 -0.0660000 -0.0242170
v 0.0192034 -0.0600000 0.0091850
v 0.0118988 -0.0600000 0.0089766
v 0.0186590 -0.0660000 0.0093021
v 0.0126156 -0.0660000 0.0092798
v 0.0191716 -0.0600000 -0.0085925
v 0.0192034 -0.0600000 0.0091850
v 0.0196321 -0.0600000 -0.0073501
v 0.0195621 -0.0660000 0.0083664
v 0.0195698 -0.0660000 -0.0078179
v 0.0187253 -0.0660000 -0.0087991
v 0.0191716 -0.0600000 -0.0085925
v 0.0118898 -0.0600000 -0.0083896
v 0.0131321 -0.0600000 -0.0088501
v 0.0119026 -0.0660000 -0.0084919
v 0.0187253 -0.0660000 -0.0087991
v 0.0118988 -0.0600000 0.0089766
v 0.0118898 -0.0600000 -0.0083896
v 0.0119026 -0.0660000 -0.0084919
v 0.0117437 -0.0660000 0.0084697
v 0.0123332 -0.0600000 0.0124660
v 0.0118284 -0.0600000 0.0140298
v 0.0129303 -0.0600000 0.0152488
v 0.0118879 -0.0660000 0.0129346
v 0.0123332 -0.0660000 0.0149040
v 0.0123332 -0.0600000 0.0124660
v 0.0143997 -0.0600000 0.0122616
v 0.0118879 -0.0660000 0.0129346
v 0.0137798 -0.0660000 0.0120784
v 0.0148584 -0.0600000 0.0146497
v 0.0143997 -0.0600000 0.0122616
v 0.0137798 -0.0660000 0.0120784
v 0.0151501 -0.0660000 0.0135613
v 0.0129303 -0.0600000 0.0152488
v 0.0148584 -0.0600000 0.0146497
v 0.0139398 -0.0660000 0.0152488
v 0.0123332 -0.0660000 0.0149040
v -0.0149988 -0.0600000 0.0131803
v -0.0143997 -0.0600000 0.0151084
v -0.0137798 -0.0600000 0.0120784
v -0.0149988 -0.0660000 0.0141898
v -0.0143997 -0.0660000 0.0122616
v -0.0137798 -0.0660000 0.0152917
v -0.0122160 -0.0600000 0.0125831
v -0.0137798 -0.0600000 0.0120784
v -0.0143997 -0.0660000 0.0122616
v -0.0120116 -0.0660000 0.0127204
v -0.0120116 -0.0600000 0.0146497
v -0.0122160 -0.0600000 0.0125831
v -0.0120116 -0.0660000 0.0127204
v -0.0122160 -0.0660000 0.0147869
v -0.0143997 -0.0600000 0.0151084
v -0.0120116 -0.0600000 0.0146497
v -0.0122160 -0.0660000 0.0147869
v -0.0137798 -0.0660000 0.0152917
v 0.0118713 -0.0600000 -0.0136898
v 0.0130903 -0.0600000 -0.0147917
v 0.0117200 -0.0660000 -0.0130613
v 0.0133113 -0.0660000 -0.0149001
v 0.0146540 -0.0600000 -0.0142869
v 0.0130903 -0.0600000 -0.0147917
v 0.0133113 -0.0660000 -0.0149001
v 0.0149988 -0.0660000 -0.0136898
v 0.0149988 -0.0600000 -0.0126803
v 0.0146540 -0.0600000 -0.0142869
v 0.0149988 -0.0660000 -0.0136898
v 0.0146540 -0.0660000 -0.0120831
v 0.0137798 -0.0600000 -0.0115784
v 0.0149988 -0.0600000 -0.0126803
v 0.0146540 -0.0660000 -0.0120831
v 0.0130903 -0.0660000 -0.0115784
v 0.0118713 -0.0600000 -0.0136898
v 0.0122160 -0.0600000 -0.0120831
v 0.0137798 -0.0600000 -0.0115784
v 0.0117200 -0.0660000 -0.0130613
v 0.0130903 -0.0660000 -0.0115784
v -0.0149988 -0.0600000 -0.0136898
v -0.0137798 -0.0600000 -0.0147917
v -0.0150417 -0.0660000 -0.0135298
v -0.0139398 -0.0660000 -0.0147488
v -0.0137798 -0.0600000 -0.0147917
v -0.0122160 -0.0600000 -0.0142869
v -0.0139398 -0.0660000 -0.0147488
v -0.0123332 -0.0660000 -0.0144040
v -0.0122160 -0.0600000 -0.0142869
v -0.0118713 -0.0600000 -0.0126803
v -0.0123332 -0.0660000 -0.0144040
v -0.0118284 -0.0660000 -0.0128403
v -0.0130903 -0.0600000 -0.0115784
v -0.0118713 -0.0600000 -0.0126803
v -0.0118284 -0.0660000 -0.0128403
v -0.0129303 -0.0660000 -0.0116213
v -0.0130903 -0.0600000 -0.0115784
v -0.0146540 -0.0600000 -0.0120831
v -0.0129303 -0.0660000 -0.0116213
v -0.0145369 -0.0660000 -0.0119660
v -0.0146540 -0.0600000 -0.0120831
v -0.0149988 -0.0600000 -0.0136898
v -0.0150417 -0.0660000 -0.0135298
v -0.0145369 -0.0660000 -0.0119660
v -0.0120609 -0.0600000 0.0091850
v -0.0193617 -0.0600000 0.0089916
v -0.0131321 -0.0660000 0.0093499
v -0.0117964 -0.0660000 0.0087074
v -0.0187253 -0.0660000 0.0092989
v -0.0119026 -0.0600000 -0.0084919
v -0.0120609 -0.0600000 0.0091850
v -0.0117964 -0.0660000 0.0087074
v -0.0116321 -0.0660000 -0.0073501
v -0.0122137 -0.0660000 -0.0086738
v -0.0119026 -0.0600000 -0.0084919
v -0.0184745 -0.0600000 -0.0088305
v -0.0194924 -0.0600000 -0.0081083
v -0.0122137 -0.0660000 -0.0086738
v -0.0194558 -0.0660000 -0.0082686
v -0.0181321 -0.0660000 -0.0088501
v -0.0193617 -0.0600000 0.0089916
v -0.0194924 -0.0600000 -0.0081083
v -0.0194558 -0.0660000 -0.0082686
v -0.0195698 -0.0660000 0.0083177
v 0.0120869 -0.0083429 0.0322325
v 0.0121961 -0.0083137 0.0297500
v 0.0132686 -0.0072039 0.0322325
v 0.0132980 -0.0070947 0.0297500
v 0.0132686 -0.0072039 0.0322325
v 0.0132980 -0.0070947 0.0297500
v 0.0128731 -0.0056110 0.0322325
v 0.0127932 -0.0055310 0.0297500
v 0.0128731 -0.0056110 0.0322325
v 0.0127932 -0.0055310 0.0297500
v 0.0112958 -0.0051571 0.0322325
v 0.0111866 -0.0051862 0.0297500
v 0.0112958 -0.0051571 0.0322325
v 0.0111866 -0.0051862 0.0297500
v 0.0101141 -0.0062961 0.0322325
v 0.0100847 -0.0064052 0.0297500
v 0.0101141 -0.0062961 0.0322325
v 0.0100847 -0.0064052 0.0297500
v 0.0105096 -0.0078890 0.0322325
v 0.0105895 -0.0079690 0.0297500
v 0.0120869 -0.0083429 0.0322325
v 0.0121961 -0.0083137 0.0297500
v 0.0105096 -0.0078890 0.0322325
v 0.0105895 -0.0079690 0.0297500
v 0.0003955 -0.0150929 0.0322325
v 0.0005047 -0.0150638 0.0297500
v 0.0015773 -0.0139539 0.0322325
v 0.0016066 -0.0138447 0.0297500
v 0.0015773 -0.0139539 0.0322325
v 0.0016066 -0.0138447 0.0297500
v 0.0011817 -0.0123610 0.0322325
v 0.0011019 -0.0122810 0.0297500
v 0.0011817 -0.0123610 0.0322325
v -0.0003956 -0.0119071 0.0322325
v -0.0005048 -0.0119363 0.0297500
v 0.0011019 -0.0122810 0.0297500
v -0.0003956 -0.0119071 0.0322325
v -0.0005048 -0.0119363 0.0297500
v -0.0015773 -0.0130461 0.0322325
v -0.0016066 -0.0131552 0.0297500
v -0.0015773 -0.0130461 0.0322325
v -0.0016066 -0.0131552 0.0297500
v -0.0011817 -0.0146390 0.0322325
v -0.0011019 -0.0147190 0.0297500
v 0.0003955 -0.0150929 0.0322325
v 0.0005047 -0.0150638 0.0297500
v -0.0011817 -0.0146390 0.0322325
v -0.0011019 -0.0147190 0.0297500
v -0.0112958 -0.0083429 0.0322325
v -0.0111865 -0.0083137 0.0297500
v -0.0101141 -0.0072039 0.0322325
v -0.0100847 -0.0070947 0.0297500
v -0.0101141 -0.0072039 0.0322325
v -0.0100847 -0.0070947 0.0297500
v -0.0105096 -0.0056110 0.0322325
v -0.0105895 -0.0055310 0.0297500
v -0.0105096 -0.0056110 0.0322325
v -0.0105895 -0.0055310 0.0297500
v -0.0120869 -0.0051571 0.0322325
v -0.0121961 -0.0051862 0.0297500
v -0.0120869 -0.0051571 0.0322325
v -0.0121961 -0.0051862 0.0297500
v -0.0132686 -0.0062961 0.0322325
v -0.0132980 -0.0064052 0.0297500
v -0.0132686 -0.0062961 0.0322325
v -0.0132980 -0.0064052 0.0297500
v -0.0128731 -0.0078890 0.0322325
v -0.0127932 -0.0079690 0.0297500
v -0.0112958 -0.0083429 0.0322325
v -0.0111865 -0.0083137 0.0297500
v -0.0128731 -0.0078890 0.0322325
v -0.0127932 -0.0079690 0.0297500
v -0.0112958 0.0051571 0.0322325
v -0.0111866 0.0051862 0.0297500
v -0.0101141 0.0062961 0.0322325
v -0.0100847 0.0064052 0.0297500
v -0.0101141 0.0062961 0.0322325
v -0.0100847 0.0064052 0.0297500
v -0.0105096 0.0078890 0.0322325
v -0.0105895 0.0079690 0.0297500
v -0.0105096 0.0078890 0.0322325
v -0.0105895 0.0079690 0.0297500
v -0.0120869 0.0083429 0.0322325
v -0.0121961 0.0083138 0.0297500
v -0.0120869 0.0083429 0.0322325
v -0.0121961 0.0083138 0.0297500
v -0.0132686 0.0072039 0.0322325
v -0.0132980 0.0070947 0.0297500
v -0.0132686 0.0072039 0.0322325
v -0.0132980 0.0070947 0.0297500
v -0.0128731 0.0056110 0.0322325
v -0.0127932 0.0055310 0.0297500
v -0.0112958 0.0051571 0.0322325
v -0.0111866 0.0051862 0.0297500
v -0.0128731 0.0056110 0.0322325
v -0.0127932 0.0055310 0.0297500
v 0.0003956 0.0119071 0.0322325
v 0.0005048 0.0119362 0.0297500
v 0.0015773 0.0130461 0.0322325
v 0.0016066 0.0131552 0.0297500
v 0.0015773 0.0130461 0.0322325
v 0.0016066 0.0131552 0.0297500
v 0.0011817 0.0146390 0.0322325
v 0.0011019 0.0147190 0.0297500
v 0.0011817 0.0146390 0.0322325
v 0.0011019 0.0147190 0.0297500
v -0.0003955 0.0150929 0.0322325
v -0.0005047 0.0150638 0.0297500
v -0.0003955 0.0150929 0.0322325
v -0.0005047 0.0150638 0.0297500
v -0.0015773 0.0139539 0.0322325
v -0.0016066 0.0138447 0.0297500
v -0.0015773 0.0139539 0.0322325
v -0.0016066 0.0138447 0.0297500
v -0.0011817 0.0123610 0.0322325
v -0.0011019 0.0122810 0.0297500
v 0.0003956 0.0119071 0.0322325
v 0.0005048 0.0119362 0.0297500
v -0.0011817 0.0123610 0.0322325
v -0.0011019 0.0122810 0.0297500
v 0.0132980 0.0064052 0.0297500
v 0.0121961 0.0051862 0.0297500
v 0.0120869 0.0051571 0.0322325
v 0.0132686 0.0062961 0.0322325
v 0.0132980 0.0064052 0.0297500
v 0.0127932 0.0079690 0.0297500
v 0.0132686 0.0062961 0.0322325
v 0.0128731 0.0078890 0.0322325
v 0.0127932 0.0079690 0.0297500
v 0.0111866 0.0083138 0.0297500
v 0.0128731 0.0078890 0.0322325
v 0.0112958 0.0083429 0.0322325
v 0.0100847 0.0070947 0.0297500
v 0.0111866 0.0083138 0.0297500
v 0.0112958 0.0083429 0.0322325
v 0.0101141 0.0072039 0.0322325
v 0.0105895 0.0055310 0.0297500
v 0.0100847 0.0070947 0.0297500
v 0.0101141 0.0072039 0.0322325
v 0.0105096 0.0056110 0.0322325
v 0.0121961 0.0051862 0.0297500
v 0.0105895 0.0055310 0.0297500
v 0.0120869 0.0051571 0.0322325
v 0.0105096 0.0056110 0.0322325
v 0.0087672 -0.0272365 0.0297500
v 0.0070592 -0.0260281 0.0297500
v 0.0071633 -0.0260518 0.0347547
v 0.0086307 -0.0271154 0.0347399
v 0.0090000 -0.0597942 0.0272500
v 0.0089991 -0.0588750 0.0261057
v 0.0090000 -0.0539976 0.0295826
v 0.0090000 -0.0660000 0.0272500
v 0.0087672 -0.0272365 0.0297500
v 0.0086307 -0.0271154 0.0347399
v 0.0090000 -0.0285000 0.0347500
v 0.0090000 -0.0661863 0.0302608
v 0.0090000 -0.0675525 0.0312275
v 0.0095000 -0.0737500 0.0312500
v 0.0090000 -0.0730000 0.0347500
v 0.0070592 -0.0260281 0.0297500
v -0.0072796 -0.0261038 0.0297500
v 0.0071633 -0.0260518 0.0347547
v -0.0076221 -0.0261717 0.0347174
v -0.0090000 -0.0597942 0.0272500
v -0.0090000 -0.0589282 0.0257500
v -0.0090001 -0.0519577 0.0297500
v -0.0090005 -0.0562815 0.0286897
v -0.0090000 -0.0660000 0.0272500
v -0.0088802 -0.0274627 0.0297500
v -0.0072796 -0.0261038 0.0297500
v -0.0076221 -0.0261717 0.0347174
v -0.0088097 -0.0275433 0.0347500
v -0.0090000 -0.0285000 0.0347500
v -0.0090000 -0.0660520 0.0297699
v -0.0090000 -0.0730000 0.0347500
v -0.0090000 -0.0671133 0.0311680
v -0.0095000 -0.0737500 0.0312500
v -0.0090000 -0.0671133 0.0311680
v -0.0095000 -0.0737500 0.0312500
v -0.0165385 -0.0737692 0.0312500
v -0.0124129 -0.0685081 0.0312500
v -0.0123905 -0.0697508 0.0312500
v -0.0101141 -0.0072039 0.0322325
v -0.0081425 -0.0057287 0.0342106
v -0.0090325 -0.0093128 0.0342106
v -0.0080913 -0.0067500 0.0352500
v -0.0101141 0.0062961 0.0322325
v -0.0081425 0.0077713 0.0342106
v -0.0090324 0.0041873 0.0342106
v -0.0080913 0.0067500 0.0352500
v 0.0015773 0.0130461 0.0322325
v 0.0035488 0.0145213 0.0342106
v 0.0026589 0.0109372 0.0342106
v 0.0036000 0.0135000 0.0352500
v 0.0121967 -0.0690275 0.0312500
v 0.0129381 -0.0683424 0.0312500
v 0.0122741 -0.0687538 0.0348237
v 0.0135206 -0.0684014 0.0350382
v 0.0138575 -0.0691380 0.0312500
v 0.0128375 -0.0700925 0.0312500
v 0.0137984 -0.0697205 0.0350382
v 0.0124729 -0.0700081 0.0350618
v 0.0128375 -0.0700925 0.0312500
v 0.0121967 -0.0690275 0.0312500
v 0.0122741 -0.0687538 0.0348237
v 0.0124729 -0.0700081 0.0350618
v 0.0121429 -0.0681900 0.0352179
v -0.0124129 -0.0685081 0.0312500
v -0.0137736 -0.0688247 0.0312500
v -0.0136039 -0.0685548 0.0347866
v -0.0122507 -0.0687943 0.0348237
v -0.0124129 -0.0685081 0.0312500
v -0.0123905 -0.0697508 0.0312500
v -0.0122507 -0.0687943 0.0348237
v -0.0124586 -0.0700252 0.0350986
v -0.0123905 -0.0697508 0.0312500
v -0.0133752 -0.0699734 0.0312500
v -0.0134461 -0.0699258 0.0348237
v -0.0124586 -0.0700252 0.0350986
v -0.0141479 -0.0697566 0.0352371
v -0.0137736 -0.0688247 0.0312500
v -0.0133752 -0.0699734 0.0312500
v -0.0136039 -0.0685548 0.0347866
v -0.0134461 -0.0699258 0.0348237
v 0.0121073 0.0159626 0.0297500
v 0.0133752 0.0165737 0.0297500
v 0.0122741 0.0162462 0.0348237
v 0.0124734 0.0167951 0.0351737
v 0.0121675 0.0152554 0.0351119
v 0.0130619 0.0149426 0.0297500
v 0.0138033 0.0156277 0.0297500
v 0.0138606 0.0162365 0.0350618
v 0.0134056 0.0150508 0.0348237
v 0.0135558 0.0146543 0.0352349
v -0.0138927 0.0159626 0.0297500
v -0.0128277 0.0166034 0.0297500
v -0.0137259 0.0162462 0.0348237
v -0.0125539 0.0165260 0.0348237
v -0.0121073 0.0156376 0.0297500
v -0.0128277 0.0166034 0.0297500
v -0.0125539 0.0165260 0.0348237
v -0.0122741 0.0153540 0.0348237
v -0.0121073 0.0156376 0.0297500
v -0.0131724 0.0149968 0.0297500
v -0.0122741 0.0153540 0.0348237
v -0.0134766 0.0149260 0.0351667
v -0.0138927 0.0159626 0.0297500
v -0.0131724 0.0149968 0.0297500
v -0.0137259 0.0162462 0.0348237
v -0.0134766 0.0149260 0.0351667
v 0.0086307 -0.0271154 0.0347399
v 0.0090000 -0.0285000 0.0347500
v 0.0090000 -0.0730000 0.0347500
v 0.0096562 -0.0737937 0.0352688
v 0.0078872 -0.0256768 0.0352456
v 0.0095000 -0.0425499 0.0352500
v 0.0093823 -0.0276237 0.0352497
v -0.0088097 -0.0275433 0.0347500
v -0.0090000 -0.0285000 0.0347500
v -0.0090000 -0.0730000 0.0347500
v -0.0095000 -0.0285000 0.0352500
v -0.0085923 -0.0261790 0.0352383
v -0.0096727 -0.0737818 0.0352773
v -0.0095000 -0.0425499 0.0352500
v 0.0143502 -0.0093128 0.0342106
v 0.0108013 -0.0103340 0.0342106
v 0.0134913 -0.0098677 0.0352500
v 0.0116913 -0.0103500 0.0352500
v -0.0125813 0.0031659 0.0342106
v -0.0152402 0.0057287 0.0342106
v -0.0134913 0.0036323 0.0352500
v -0.0148090 0.0049500 0.0352500
v -0.0008900 0.0099160 0.0342106
v -0.0035489 0.0124787 0.0342106
v -0.0018000 0.0103823 0.0352500
v -0.0031177 0.0117000 0.0352500
v -0.0136039 -0.0685548 0.0347866
v -0.0122507 -0.0687943 0.0348237
v -0.0135557 -0.0680541 0.0352349
v -0.0118506 -0.0686424 0.0352387
v 0.0108014 0.0031659 0.0342106
v 0.0081425 0.0057287 0.0342106
v 0.0098913 0.0036323 0.0352500
v 0.0085737 0.0049500 0.0352500
v -0.0000000 -0.0660000 0.0002500
v 0.0214492 -0.0660000 0.0182481
v 0.0179981 -0.0660000 0.0216992
v -0.0000000 -0.0660000 0.0002500
v 0.0179981 -0.0660000 -0.0211992
v 0.0214492 -0.0660000 -0.0177481
v -0.0000000 -0.0660000 0.0002500
v -0.0214492 -0.0660000 -0.0177481
v -0.0179981 -0.0660000 -0.0211992
v -0.0000000 -0.0660000 0.0002500
v -0.0179981 -0.0660000 0.0216992
v -0.0214492 -0.0660000 0.0182481
v 0.0314805 -0.0495795 -0.0006500
v 0.0317782 -0.0495796 -0.0005000
v 0.0315605 -0.0462615 -0.0002499
v 0.0314943 -0.0456888 -0.0000104
v 0.0317427 -0.0466861 0.0002500
v 0.0317945 -0.0454914 -0.0005925
v 0.0314943 -0.0456888 -0.0000104
v 0.0314944 -0.0455795 -0.0007500
v 0.0317945 -0.0454914 -0.0005925
v 0.0307854 0.0046416 0.0301516
v 0.0290154 0.0114539 0.0302319
v 0.0301695 0.0081920 0.0303226
v 0.0266567 0.0162024 0.0302218
v 0.0224166 0.0216900 0.0302309
v 0.0250910 0.0185857 0.0302738
v 0.0061666 0.0305281 0.0301861
v 0.0000132 0.0311379 0.0301411
v 0.0000046 0.0313026 0.0302715
v 0.0122771 0.0287143 0.0302520
v 0.0187203 0.0249458 0.0302012
v 0.0156478 0.0270010 0.0302703
v 0.0177228 -0.0794212 -0.0323559
v 0.0146330 -0.0802673 -0.0333811
v 0.0126101 -0.0858700 -0.0292324
v 0.0177228 -0.0794212 -0.0323559
v 0.0179509 -0.0829718 -0.0283495
v 0.0149890 -0.0873900 -0.0266879
v 0.0261167 -0.0744189 -0.0271841
v 0.0277064 -0.0740829 -0.0223153
v 0.0259660 -0.0784515 -0.0210657
v 0.0095795 -0.0874666 -0.0292533
v 0.0149890 -0.0873900 -0.0266879
v 0.0126101 -0.0858700 -0.0292324
v 0.0135296 0.0281131 -0.0296774
v 0.0102377 0.0294784 -0.0297595
v 0.0069696 0.0303897 -0.0297291
v 0.0135296 0.0281131 -0.0296774
v 0.0162327 0.0267231 -0.0297463
v 0.0206296 0.0233917 -0.0297024
v 0.0308084 0.0045649 -0.0296521
v 0.0292069 0.0108130 -0.0296449
v 0.0301284 0.0083300 -0.0298046
v 0.0091500 -0.0901928 -0.0278931
v 0.0095795 -0.0874666 -0.0292533
v 0.0045769 -0.0900732 -0.0289593
v -0.0010724 -0.0646994 0.0355029
v -0.0011000 0.0123001 0.0355028
v -0.0011000 -0.0646999 0.0355029
v -0.0011000 -0.0931888 0.0290288
v -0.0011000 -0.1191999 0.0290288
v 0.0000000 -0.1191999 0.0290000
v -0.0011000 -0.0646999 -0.0350030
v -0.0011000 -0.0646999 -0.0348530
v 0.0235014 -0.0642704 -0.0348529
v 0.0162435 -0.0783159 -0.0339699
v 0.0210608 -0.0696146 -0.0348292
v 0.0145255 -0.0759743 -0.0348152
v -0.0051355 0.0181997 -0.0344847
v -0.0051000 0.0172001 -0.0345030
v -0.0051000 0.0089001 -0.0349713
v -0.0051399 0.0143995 -0.0344683
v -0.0051000 0.0172001 -0.0345030
v -0.0051000 0.0089001 -0.0349713
v 0.0000066 -0.0935212 -0.0284998
v -0.0011000 -0.1191999 -0.0285288
v 0.0019829 -0.1192760 -0.0284429
v 0.0146600 -0.0935669 0.0250001
v 0.0143260 -0.1191999 0.0251765
v 0.0081793 -0.1191999 0.0278120
v 0.0254668 -0.0912484 0.0136060
v 0.0240030 -0.1191999 0.0160746
v 0.0270097 -0.1191999 0.0101008
v 0.0272114 -0.0897488 -0.0092309
v 0.0270097 -0.1191999 -0.0096008
v 0.0285549 -0.1191999 -0.0030939
v 0.0240334 -0.0920689 -0.0155457
v 0.0240030 -0.1191999 -0.0155746
v 0.0270097 -0.1191999 -0.0096008
v 0.0140689 -0.0934932 -0.0248432
v 0.0143260 -0.1191999 -0.0246765
v 0.0196974 -0.1191999 -0.0206922
v 0.0193623 -0.0937591 -0.0210257
v 0.0240030 -0.1191999 -0.0155746
v 0.0196974 -0.1191999 -0.0206922
v 0.0109161 -0.0935173 -0.0263762
v 0.0143260 -0.1191999 -0.0246765
v 0.0081793 -0.1191999 -0.0273120
v 0.0045689 -0.0929583 -0.0282048
v 0.0081793 -0.1191999 -0.0273120
v 0.0019829 -0.1192760 -0.0284429
v 0.0032774 -0.0935984 0.0288126
v 0.0000000 -0.1191999 0.0290000
v 0.0015900 -0.1191999 0.0289560
v 0.0054936 -0.0932324 0.0285321
v 0.0081793 -0.1191999 0.0278120
v 0.0015900 -0.1191999 0.0289560
v -0.0011000 -0.1191999 0.0290288
v -0.0011000 -0.1191999 0.0298712
v -0.0011000 -0.0932521 0.0298712
v 0.0234987 -0.0642705 0.0353530
v 0.0137610 -0.0683652 0.0353530
v 0.0123614 -0.0681976 0.0353529
v 0.0272359 -0.0286222 0.0147865
v 0.0272279 -0.0286247 0.0147709
v 0.0274545 -0.0287920 -0.0115501
v -0.0011001 0.0304469 -0.0324083
v -0.0010998 0.0299156 -0.0331574
v -0.0011000 0.0304684 -0.0337930
v -0.0011000 -0.0931888 -0.0285288
v -0.0011000 -0.1191999 -0.0285288
v -0.0011000 -0.1191999 -0.0293712
v -0.0010976 -0.0808229 -0.0347801
v -0.0010988 -0.0834695 -0.0338655
v -0.0011000 -0.0813121 -0.0356258
v 0.0118141 0.0157599 0.0353529
v 0.0120138 0.0163410 0.0368032
v 0.0119491 0.0154266 0.0367970
v 0.0322398 -0.0070751 0.0290941
v 0.0327687 -0.0028371 0.0291059
v 0.0332033 -0.0000020 0.0293419
v 0.0021914 -0.0033693 -0.0371276
v 0.0031114 -0.0026288 -0.0371892
v 0.0000511 -0.0041616 -0.0374525
v 0.0031114 -0.0026288 -0.0371892
v 0.0040304 -0.0001285 -0.0373065
v 0.0037101 -0.0016782 -0.0374171
v 0.0010458 0.0039680 -0.0373995
v 0.0000000 0.0041204 -0.0374172
v 0.0020166 0.0037913 -0.0374797
v 0.0010458 0.0039680 -0.0373995
v 0.0026750 0.0030163 -0.0373069
v 0.0020166 0.0037913 -0.0374797
v 0.0026750 0.0030163 -0.0373069
v 0.0041845 0.0011090 -0.0374863
v 0.0020166 0.0037913 -0.0374797
v 0.0040304 -0.0001285 -0.0373065
v 0.0037032 0.0015949 -0.0373066
v 0.0041845 0.0011090 -0.0374863
v 0.0040304 -0.0001285 -0.0373065
v 0.0037101 -0.0016782 -0.0374171
v 0.0041845 0.0011090 -0.0374863
v 0.0031114 -0.0026288 -0.0371892
v 0.0037101 -0.0016782 -0.0374171
v 0.0027109 -0.0031855 -0.0374731
v 0.0218982 -0.1188740 -0.0216482
v 0.0240594 -0.1188473 -0.0193099
v 0.0194355 -0.1185806 -0.0239508
v 0.0296569 -0.1191962 0.0082099
v 0.0304719 -0.1190552 0.0050763
v 0.0293417 -0.1190552 0.0097837
v 0.0182029 -0.1188740 -0.0248042
v 0.0218982 -0.1188740 -0.0216482
v 0.0202299 -0.1190716 -0.0231461
v 0.0299887 -0.1189507 0.0079617
v 0.0304719 -0.1190552 0.0050763
v 0.0293417 -0.1190552 0.0097837
v 0.0299887 -0.1189507 0.0079617
v 0.0275933 -0.1188740 0.0143095
v 0.0293417 -0.1190552 0.0097837
v 0.0338994 -0.0272400 0.0301677
v 0.0338881 -0.0296198 0.0295814
v 0.0340867 -0.0314765 0.0290728
v 0.0000046 0.0313026 0.0302715
v -0.0000048 0.0311914 0.0305596
v 0.0000000 0.0317606 0.0306487
v 0.0000148 0.0039767 -0.0359316
v -0.0000000 0.0042876 -0.0374976
v 0.0000000 0.0040217 -0.0372840
v 0.0128366 -0.0826864 -0.0354713
v 0.0112752 -0.0832027 -0.0356286
v 0.0080335 -0.0842038 -0.0356137
v -0.0314921 -0.0468397 0.0032564
v -0.0314916 -0.0470482 0.0025833
v -0.0316796 -0.0468554 0.0027229
v -0.0198736 -0.0594238 -0.0315392
v -0.0191899 -0.0589960 -0.0319602
v -0.0194823 -0.0589293 -0.0319020
v -0.0314931 -0.0464041 0.0027031
v -0.0316796 -0.0468554 0.0027229
v -0.0317930 -0.0464523 0.0027295
v -0.0314933 -0.0462644 0.0003455
v -0.0314931 -0.0464188 0.0007782
v -0.0317928 -0.0465020 0.0003078
v -0.0314933 -0.0462644 0.0003455
v -0.0317928 -0.0465020 0.0003078
v -0.0317942 -0.0456903 0.0009776
v -0.0314933 -0.0462644 0.0003455
v -0.0314944 -0.0455792 0.0014939
v -0.0317942 -0.0456903 0.0009776
v -0.0314944 -0.0455792 0.0014939
v -0.0317942 -0.0456903 0.0009776
v -0.0317943 -0.0456602 0.0025222
v -0.0314944 -0.0455792 0.0014939
v -0.0314939 -0.0459378 0.0030206
v -0.0317943 -0.0456602 0.0025222
v -0.0314939 -0.0459378 0.0030206
v -0.0317943 -0.0456602 0.0025222
v -0.0317932 -0.0464884 0.0033003
v -0.0314939 -0.0459378 0.0030206
v -0.0314921 -0.0468397 0.0032564
v -0.0317932 -0.0464884 0.0033003
v -0.0207288 0.0232627 0.0301893
v -0.0232022 0.0209299 0.0302699
v -0.0250417 0.0185904 0.0302339
v 0.0006667 -0.0128149 -0.0340015
v 0.0000087 -0.0128174 -0.0348819
v 0.0003872 -0.0118152 -0.0346497
v 0.0006667 -0.0078150 -0.0340015
v 0.0000087 -0.0078174 -0.0348819
v 0.0003872 -0.0068152 -0.0346497
v -0.0108361 -0.0848471 0.0314528
v -0.0161264 -0.0854072 0.0279594
v -0.0168090 -0.0812885 0.0316434
v -0.0261878 -0.0731161 -0.0291639
v -0.0245315 -0.0791315 -0.0237598
v -0.0270749 -0.0762486 -0.0209875
v -0.0285116 -0.0681244 -0.0300671
v -0.0299673 -0.0651536 -0.0285908
v -0.0290643 -0.0677821 -0.0285056
v -0.0030000 0.0198001 -0.0351030
v -0.0030000 0.0118001 -0.0360030
v -0.0030000 0.0118001 -0.0351030
v -0.0270064 -0.0666179 0.0339770
v -0.0234727 -0.0714974 0.0344114
v -0.0277593 -0.0633184 0.0343854
v -0.0012000 -0.0646999 0.0355030
v -0.0233156 -0.0643139 0.0353679
v -0.0012000 -0.0646999 0.0353530
v -0.0012000 -0.0646999 -0.0350030
v -0.0228794 -0.0646999 -0.0348895
v -0.0012000 -0.0646999 -0.0348530
v -0.0254017 -0.0599024 -0.0348301
v -0.0012000 -0.0646999 -0.0350030
v -0.0228794 -0.0646999 -0.0348895
v -0.0159986 -0.0938689 -0.0236758
v -0.0103805 -0.1191999 -0.0265606
v -0.0164625 -0.1191999 -0.0233201
v -0.0193128 -0.0933232 -0.0210547
v -0.0164625 -0.1191999 -0.0233201
v -0.0215986 -0.1191999 -0.0187254
v -0.0233998 -0.0923243 -0.0164536
v -0.0215986 -0.1191999 -0.0187254
v -0.0254937 -0.1191999 -0.0130403
v -0.0284658 -0.0873659 -0.0040003
v -0.0279241 -0.1191999 -0.0065917
v -0.0287500 -0.1191999 0.0002500
v -0.0255804 -0.0912473 0.0133782
v -0.0279241 -0.1191999 0.0070917
v -0.0254937 -0.1191999 0.0135404
v -0.0178004 -0.0936827 0.0228957
v -0.0164625 -0.1191999 0.0238201
v -0.0215986 -0.1191999 0.0192254
v -0.0210901 -0.0929115 0.0198200
v -0.0254937 -0.1191999 0.0135404
v -0.0215986 -0.1191999 0.0192254
v -0.0123161 -0.0937532 0.0262518
v -0.0164625 -0.1191999 0.0238201
v -0.0100906 -0.1192913 0.0271988
v -0.0090736 -0.0936557 0.0275448
v -0.0100906 -0.1192913 0.0271988
v -0.0012868 -0.1192005 0.0291269
v -0.0012000 -0.0935870 0.0289750
v -0.0026949 -0.0930791 0.0288978
v -0.0012868 -0.1192005 0.0291269
v -0.0012000 -0.0935870 0.0289750
v -0.0012868 -0.1192005 0.0291269
v -0.0012000 -0.1191999 0.0299686
v -0.0012000 -0.1191999 -0.0284749
v -0.0012000 -0.1191999 -0.0295686
v -0.0012000 -0.0935082 -0.0295686
v -0.0279200 -0.0137399 -0.0284277
v -0.0308946 -0.0145450 -0.0287558
v -0.0298827 -0.0141668 -0.0285624
v -0.0012003 0.0285686 -0.0339974
v -0.0012091 0.0300193 -0.0331189
v -0.0011993 0.0286067 -0.0353555
v -0.0012007 0.0312313 -0.0298303
v -0.0011994 0.0309633 -0.0308601
v -0.0011983 0.0322847 -0.0299055
v -0.0012000 0.0247809 -0.0351376
v -0.0012000 0.0256697 -0.0348280
v -0.0011993 0.0286067 -0.0353555
v -0.0012000 -0.1191999 -0.0295686
v -0.0089386 -0.1191976 -0.0290294
v -0.0000012 -0.1192906 -0.0296802
v -0.0137969 -0.0683841 0.0353527
v -0.0140811 -0.0688909 0.0368033
v -0.0133530 -0.0681208 0.0367989
v -0.0123612 -0.0681977 -0.0348529
v -0.0130214 -0.0680693 -0.0362994
v -0.0121315 -0.0685045 -0.0362964
v -0.0011994 0.0230266 -0.0360604
v -0.0012000 0.0209426 -0.0360716
v -0.0000009 0.0259861 -0.0359690
v -0.0019760 0.0035565 -0.0372596
v -0.0028973 0.0027942 -0.0371562
v -0.0037357 0.0015147 -0.0372991
v -0.0000099 -0.0043422 -0.0374898
v -0.0010042 -0.0039098 -0.0373276
v -0.0000000 -0.0040579 -0.0373661
v -0.0040257 -0.0002130 -0.0372983
v -0.0036309 -0.0017396 -0.0373113
v -0.0041845 -0.0011087 -0.0374863
v -0.0019760 0.0035565 -0.0372596
v -0.0011447 0.0040210 -0.0374768
v -0.0026781 0.0031093 -0.0373995
v -0.0339973 -0.0092988 0.0305016
v -0.0337573 0.0020847 0.0306856
v -0.0339002 -0.0004531 0.0304994
v -0.0339098 -0.0327192 0.0277202
v -0.0341720 -0.0346238 0.0254550
v -0.0339590 -0.0319561 0.0285170
v -0.0000076 -0.0039748 -0.0361656
v -0.0000099 -0.0043422 -0.0374898
v -0.0000000 -0.0040579 -0.0373661
v -0.0000076 -0.0039748 -0.0361656
v -0.0000099 -0.0043422 -0.0374898
v -0.0000000 -0.0043534 -0.0375030
v -0.0000245 0.0311521 -0.0296533
v 0.0000000 0.0312884 -0.0298643
v -0.0000082 0.0312189 -0.0282157
v -0.0000099 -0.0043422 -0.0374898
v -0.0000000 -0.0043534 -0.0375030
v -0.0130939 -0.0669018 -0.0375030
v -0.0137493 -0.0687943 -0.0343237
v -0.0133752 -0.0684263 -0.0307500
v -0.0137736 -0.0695751 -0.0307500
v -0.0125944 -0.0684506 -0.0343237
v -0.0137493 -0.0687943 -0.0343237
v -0.0133752 -0.0684263 -0.0307500
v -0.0125944 -0.0684506 -0.0343237
v -0.0133752 -0.0684263 -0.0307500
v -0.0122264 -0.0688247 -0.0307500
v -0.0122507 -0.0696055 -0.0343237
v -0.0125944 -0.0684506 -0.0343237
v -0.0122264 -0.0688247 -0.0307500
v -0.0122507 -0.0696055 -0.0343237
v -0.0122264 -0.0688247 -0.0307500
v -0.0126248 -0.0699734 -0.0307500
v -0.0122507 -0.0696055 -0.0343237
v -0.0134056 -0.0699492 -0.0343237
v -0.0126248 -0.0699734 -0.0307500
v -0.0134056 -0.0699492 -0.0343237
v -0.0126248 -0.0699734 -0.0307500
v -0.0137736 -0.0695751 -0.0307500
v -0.0137493 -0.0687943 -0.0343237
v -0.0134056 -0.0699492 -0.0343237
v -0.0137736 -0.0695751 -0.0307500
v 0.0137493 -0.0696055 -0.0343237
v 0.0137167 -0.0702574 -0.0347387
v 0.0141696 -0.0688224 -0.0347467
v 0.0134056 -0.0684506 -0.0343237
v 0.0137493 -0.0696055 -0.0343237
v 0.0141696 -0.0688224 -0.0347467
v 0.0134056 -0.0684506 -0.0343237
v 0.0141696 -0.0688224 -0.0347467
v 0.0129082 -0.0679274 -0.0347371
v 0.0122052 -0.0687387 -0.0344953
v 0.0134056 -0.0684506 -0.0343237
v 0.0129082 -0.0679274 -0.0347371
v 0.0122052 -0.0687387 -0.0344953
v 0.0125944 -0.0699492 -0.0343237
v 0.0119425 -0.0699165 -0.0347387
v 0.0125944 -0.0699492 -0.0343237
v 0.0137167 -0.0702574 -0.0347387
v 0.0119425 -0.0699165 -0.0347387
v 0.0137493 -0.0696055 -0.0343237
v 0.0125944 -0.0699492 -0.0343237
v 0.0137167 -0.0702574 -0.0347387
v -0.0093000 -0.0737000 -0.0307500
v -0.0126248 -0.0699734 -0.0307500
v -0.0090000 -0.0674055 -0.0307094
v -0.0250000 -0.0002500 0.0302500
v -0.0250000 -0.0002500 0.0347500
v -0.0246714 -0.0002500 0.0298357
v -0.0248337 0.0001264 0.0349169
v -0.0246415 0.0002450 0.0298288
v -0.0249987 0.0002502 0.0302501
v -0.0246415 0.0002450 0.0298288
v -0.0249987 0.0002502 0.0302501
v -0.0245744 0.0047973 0.0300964
v 0.0249947 -0.0558461 0.0294493
v 0.0244789 -0.0538219 0.0295901
v 0.0247529 -0.0579710 0.0273565
v 0.0192034 -0.0600000 0.0091850
v 0.0186590 -0.0660000 0.0093021
v 0.0195621 -0.0660000 0.0083664
v 0.0118988 -0.0600000 0.0089766
v 0.0117437 -0.0660000 0.0084697
v 0.0126156 -0.0660000 0.0092798
v 0.0148584 -0.0600000 0.0146497
v 0.0151501 -0.0660000 0.0135613
v 0.0139398 -0.0660000 0.0152488
v -0.0193617 -0.0600000 0.0089916
v -0.0195698 -0.0660000 0.0083177
v -0.0187253 -0.0660000 0.0092989
v 0.0248290 0.0001357 0.0299810
v 0.0244999 0.0000358 0.0297500
v 0.0135457 -0.0101250 0.0297500
v -0.0250000 -0.0002500 0.0302500
v -0.0250000 -0.0002500 0.0347500
v -0.0250000 -0.0520000 0.0302500
v -0.0249846 -0.0581446 0.0276675
v -0.0247166 -0.0552494 0.0292366
v -0.0250000 -0.0635000 0.0347500
v 0.0090000 -0.0675525 0.0312275
v 0.0095000 -0.0737500 0.0312500
v 0.0128375 -0.0700925 0.0312500
v 0.0101141 -0.0062961 0.0322325
v 0.0090324 -0.0041873 0.0342106
v 0.0081425 -0.0077713 0.0342106
v -0.0015773 -0.0130461 0.0322325
v -0.0026589 -0.0109372 0.0342106
v -0.0035488 -0.0145213 0.0342106
v -0.0132686 -0.0062961 0.0322325
v -0.0143502 -0.0041873 0.0342106
v -0.0152402 -0.0077713 0.0342106
v -0.0132686 0.0072039 0.0322325
v -0.0143502 0.0093128 0.0342106
v -0.0152402 0.0057287 0.0342106
v -0.0015773 0.0139539 0.0322325
v -0.0026589 0.0160627 0.0342106
v -0.0035489 0.0124787 0.0342106
v 0.0138575 -0.0691380 0.0312500
v 0.0129381 -0.0683424 0.0312500
v 0.0135206 -0.0684014 0.0350382
v 0.0138575 -0.0691380 0.0312500
v 0.0137984 -0.0697205 0.0350382
v 0.0135206 -0.0684014 0.0350382
v 0.0121073 0.0159626 0.0297500
v 0.0133752 0.0165737 0.0297500
v 0.0122741 0.0162462 0.0348237
v 0.0133752 0.0165737 0.0297500
v 0.0124734 0.0167951 0.0351737
v 0.0138606 0.0162365 0.0350618
v 0.0138033 0.0156277 0.0297500
v 0.0133752 0.0165737 0.0297500
v 0.0138606 0.0162365 0.0350618
v 0.0130619 0.0149426 0.0297500
v 0.0134056 0.0150508 0.0348237
v 0.0121675 0.0152554 0.0351119
v 0.0130619 0.0149426 0.0297500
v 0.0121073 0.0159626 0.0297500
v 0.0121675 0.0152554 0.0351119
v 0.0101141 0.0072039 0.0322325
v 0.0090325 0.0093128 0.0342106
v 0.0081425 0.0057287 0.0342106
v 0.0137607 0.0209111 0.0347505
v 0.0090466 0.0233411 0.0347512
v 0.0102572 0.0222495 0.0352500
v 0.0248584 0.0000519 0.0348930
v 0.0247000 -0.0002500 0.0350500
v 0.0246989 0.0002500 0.0350500
v 0.0090324 -0.0041873 0.0342106
v 0.0080913 -0.0067500 0.0352500
v 0.0085737 -0.0049500 0.0352500
v 0.0108013 -0.0103340 0.0342106
v 0.0116913 -0.0103500 0.0352500
v 0.0098913 -0.0098677 0.0352500
v 0.0081425 -0.0077713 0.0342106
v 0.0098913 -0.0098677 0.0352500
v 0.0085737 -0.0085500 0.0352500
v -0.0026589 -0.0109372 0.0342106
v -0.0036000 -0.0135000 0.0352500
v -0.0031177 -0.0117000 0.0352500
v 0.0035489 -0.0124787 0.0342106
v 0.0026589 -0.0160627 0.0342106
v 0.0036000 -0.0135000 0.0352500
v 0.0026589 -0.0160627 0.0342106
v 0.0031177 -0.0153000 0.0352500
v 0.0018000 -0.0166177 0.0352500
v 0.0026589 -0.0160627 0.0342106
v -0.0008899 -0.0170840 0.0342106
v 0.0018000 -0.0166177 0.0352500
v -0.0035488 -0.0145213 0.0342106
v -0.0011357 -0.0170185 0.0352500
v -0.0031177 -0.0153000 0.0352500
v -0.0090325 -0.0093128 0.0342106
v -0.0085737 -0.0085500 0.0352500
v -0.0098913 -0.0098677 0.0352500
v -0.0090325 -0.0093128 0.0342106
v -0.0125813 -0.0103340 0.0342106
v -0.0098913 -0.0098677 0.0352500
v -0.0152402 -0.0077713 0.0342106
v -0.0148090 -0.0085500 0.0352500
v -0.0134913 -0.0098677 0.0352500
v -0.0108013 0.0103340 0.0342106
v -0.0081425 0.0077713 0.0342106
v -0.0098913 0.0098677 0.0352500
v -0.0090324 0.0041873 0.0342106
v -0.0085737 0.0049500 0.0352500
v -0.0098913 0.0036323 0.0352500
v -0.0090324 0.0041873 0.0342106
v -0.0125813 0.0031659 0.0342106
v -0.0098913 0.0036323 0.0352500
v 0.0026589 0.0109372 0.0342106
v 0.0031177 0.0117000 0.0352500
v 0.0018000 0.0103823 0.0352500
v 0.0026589 0.0109372 0.0342106
v -0.0008900 0.0099160 0.0342106
v 0.0018000 0.0103823 0.0352500
v -0.0008900 0.0099160 0.0342106
v -0.0000000 0.0099000 0.0352500
v -0.0018000 0.0103823 0.0352500
v 0.0122741 -0.0687538 0.0348237
v 0.0121429 -0.0681900 0.0352179
v 0.0135206 -0.0684014 0.0350382
v 0.0137984 -0.0697205 0.0350382
v 0.0135206 -0.0684014 0.0350382
v 0.0142000 -0.0691999 0.0352500
v 0.0137984 -0.0697205 0.0350382
v 0.0124729 -0.0700081 0.0350618
v 0.0130000 -0.0703999 0.0352500
v -0.0122507 -0.0687943 0.0348237
v -0.0118506 -0.0686424 0.0352387
v -0.0124586 -0.0700252 0.0350986
v -0.0136039 -0.0685548 0.0347866
v -0.0134461 -0.0699258 0.0348237
v -0.0141479 -0.0697566 0.0352371
v -0.0136039 -0.0685548 0.0347866
v -0.0135557 -0.0680541 0.0352349
v -0.0141479 -0.0697566 0.0352371
v 0.0124734 0.0167951 0.0351737
v 0.0138606 0.0162365 0.0350618
v 0.0136000 0.0168394 0.0352500
v 0.0134056 0.0150508 0.0348237
v 0.0135558 0.0146543 0.0352349
v 0.0121675 0.0152554 0.0351119
v -0.0137259 0.0162462 0.0348237
v -0.0125539 0.0165260 0.0348237
v -0.0135567 0.0169480 0.0352371
v -0.0125539 0.0165260 0.0348237
v -0.0135567 0.0169480 0.0352371
v -0.0118542 0.0163559 0.0352349
v -0.0125539 0.0165260 0.0348237
v -0.0122741 0.0153540 0.0348237
v -0.0118542 0.0163559 0.0352349
v -0.0122741 0.0153540 0.0348237
v -0.0118542 0.0163559 0.0352349
v -0.0124425 0.0146507 0.0352387
v -0.0122741 0.0153540 0.0348237
v -0.0134766 0.0149260 0.0351667
v -0.0124425 0.0146507 0.0352387
v -0.0137259 0.0162462 0.0348237
v -0.0134766 0.0149260 0.0351667
v -0.0142016 0.0155423 0.0352467
v -0.0137259 0.0162462 0.0348237
v -0.0135567 0.0169480 0.0352371
v -0.0142016 0.0155423 0.0352467
v 0.0090325 0.0093128 0.0342106
v 0.0080913 0.0067500 0.0352500
v 0.0085737 0.0085500 0.0352500
v 0.0090325 0.0093128 0.0342106
v 0.0085737 0.0085500 0.0352500
v 0.0098913 0.0098677 0.0352500
v 0.0090325 0.0093128 0.0342106
v 0.0125813 0.0103340 0.0342106
v 0.0098913 0.0098677 0.0352500
v 0.0152402 0.0077713 0.0342106
v 0.0143502 0.0041873 0.0342106
v 0.0153063 0.0075257 0.0352500
v 0.0143502 0.0041873 0.0342106
v 0.0108014 0.0031659 0.0342106
v 0.0141706 0.0040072 0.0352500
v 0.0108014 0.0031659 0.0342106
v 0.0116913 0.0031500 0.0352500
v 0.0098913 0.0036323 0.0352500
vt -0.332278 -0.258733
vt -0.000000 0.006250
vt -0.382912 -0.178151
vt 0.382912 0.190651
vt 0.332278 0.271233
vt 0.094571 0.420594
vt -0.000000 0.431250
vt -0.000000 -0.418750
vt -0.094571 -0.408094
vt -0.094571 0.420594
vt -0.184401 0.389162
vt -0.332278 0.271233
vt -0.382912 0.190651
vt -0.414344 0.100821
vt -0.425000 0.006250
vt -0.264983 -0.326028
vt -0.184401 -0.376662
vt -0.414344 -0.088321
vt -0.264983 0.338528
vt 0.184401 0.389162
vt 0.425000 0.006250
vt 0.414344 0.100821
vt 0.264983 -0.326028
vt 0.332278 -0.258733
vt 0.382912 -0.178151
vt 0.264983 0.338528
vt 0.414344 -0.088321
vt 0.094571 -0.408094
vt 0.184401 -0.376662
vt 0.189824 -0.387924
vt 0.272777 -0.335801
vt 0.264983 -0.326028
vt 0.332278 -0.258733
vt 0.342051 -0.266527
vt 0.382912 -0.178151
vt 0.394174 0.196074
vt 0.332278 0.271233
vt 0.382912 0.190651
vt 0.342051 0.279027
vt 0.264983 0.338528
vt 0.097353 0.432781
vt -0.000000 0.431250
vt 0.094571 0.420594
vt -2.787500 0.103603
vt -2.787500 0.006250
vt -2.800000 0.006250
vt -2.800000 -0.088321
vt -0.437500 0.006250
vt -0.426531 -0.091103
vt -0.414344 -0.088321
vt -0.382912 -0.178151
vt -0.394174 -0.183574
vt -0.332278 -0.258733
vt -0.342051 -0.266527
vt -0.264983 -0.326028
vt -0.272777 -0.335801
vt -0.184401 -0.376662
vt -0.189824 -0.387924
vt -0.094571 -0.408094
vt -0.097353 -0.420281
vt -0.000000 -0.418750
vt -0.097353 -2.787500
vt -0.000000 -2.787500
vt -0.000000 -2.800000
vt 0.094571 -2.800000
vt -0.342051 0.279027
vt -0.394174 0.196074
vt -0.382912 0.190651
vt -0.000000 -0.431250
vt 0.097353 -0.420281
vt 0.094571 -0.408094
vt 0.184401 -0.376662
vt 0.426531 0.103603
vt 0.414344 0.100821
vt 0.437500 0.006250
vt -2.787500 0.006250
vt -2.800000 0.100821
vt -2.800000 0.006250
vt -2.787500 -0.091103
vt 0.426531 -0.091103
vt 0.425000 0.006250
vt 0.414344 -0.088321
vt 0.394174 -0.183574
vt 0.097353 -2.787500
vt -0.000000 -2.787500
vt -0.000000 -2.800000
vt -0.094571 -2.800000
vt -0.000000 0.443750
vt -0.097353 0.432781
vt -0.094571 0.420594
vt -0.184401 0.389162
vt -0.189824 0.400424
vt -0.264983 0.338528
vt -0.272777 0.348301
vt 0.189824 0.400424
vt 0.184401 0.389162
vt 0.272777 0.348301
vt -0.426531 0.103603
vt -0.425000 0.006250
vt -0.414344 0.100821
vt -0.332278 0.271233
vt -0.000000 -2.787500
vt 0.097353 -2.787500
vt 0.097353 -2.775000
vt 0.189824 -2.775000
vt 0.189824 -2.787500
vt 0.272777 -2.775000
vt 0.272777 -2.787500
vt -2.787500 0.348301
vt -2.775000 0.279027
vt -2.775000 0.348301
vt -2.787500 0.279027
vt -2.775000 0.196074
vt -2.787500 0.196074
vt -2.775000 0.103603
vt -2.787500 0.103603
vt -2.775000 0.006250
vt -2.787500 0.006250
vt -2.775000 -0.091103
vt -2.787500 -0.091103
vt -2.775000 -0.183574
vt -2.787500 -0.183574
vt -2.775000 -0.266527
vt -2.787500 -0.266527
vt -2.775000 -0.335801
vt -2.787500 -0.335801
vt 0.272777 -2.787500
vt 0.189824 -2.775000
vt 0.272777 -2.775000
vt 0.189824 -2.787500
vt 0.097353 -2.775000
vt 0.097353 -2.787500
vt -0.000000 -2.775000
vt -0.000000 -2.787500
vt -0.097353 -2.775000
vt -0.097353 -2.787500
vt -0.189824 -2.775000
vt -0.189824 -2.787500
vt -0.272777 -2.775000
vt -0.272777 -2.787500
vt -2.787500 -0.335801
vt -2.775000 -0.266527
vt -2.775000 -0.335801
vt -2.787500 -0.266527
vt -2.775000 -0.183574
vt -2.787500 -0.183574
vt -2.775000 -0.091103
vt -2.787500 -0.091103
vt -2.775000 0.006250
vt -2.787500 0.006250
vt -2.775000 0.103603
vt -2.787500 0.103603
vt -2.775000 0.196074
vt -0.189824 -2.787500
vt -0.097353 -2.775000
vt -0.189824 -2.775000
vt -0.272777 -2.787500
vt -0.272777 -2.775000
vt -2.787500 0.279027
vt -2.787500 0.348301
vt -2.775000 0.348301
vt -0.000000 -2.775000
vt -0.097353 -2.787500
vt -2.775000 0.279027
vt -2.787500 0.196074
vt 0.426531 -0.091103
vt 0.689365 -0.115304
vt 0.700000 0.006250
vt 0.437500 0.006250
vt 0.689365 0.127804
vt 0.426531 0.103603
vt -0.426531 0.103603
vt -0.689365 0.127804
vt -0.700000 0.006250
vt -0.437500 0.006250
vt -0.689365 -0.115304
vt -0.426531 -0.091103
vt 0.657785 0.245664
vt 0.394174 0.196074
vt -0.097353 -0.420281
vt -0.239414 -0.651535
vt -0.121554 -0.683115
vt -0.000000 -0.693750
vt -0.000000 -0.431250
vt 0.121554 -0.683115
vt 0.097353 -0.420281
vt 0.239414 -0.651535
vt 0.189824 -0.387924
vt 0.350000 -0.599968
vt 0.449951 -0.529981
vt -0.657785 0.245664
vt -0.342051 -0.266527
vt -0.536231 -0.443701
vt -0.449951 -0.529981
vt -0.272777 -0.335801
vt -0.350000 -0.599968
vt -0.189824 -0.387924
vt -0.189824 0.400424
vt -0.239414 0.664035
vt -0.350000 0.612468
vt -0.449951 0.542481
vt -0.272777 0.348301
vt -0.536231 0.456201
vt -0.342051 0.279027
vt -0.606218 0.356250
vt -0.394174 0.196074
vt -0.000000 0.443750
vt 0.097353 0.432781
vt -0.000000 0.706250
vt -0.121554 0.695615
vt -0.097353 0.432781
vt -0.657785 -0.233164
vt -0.394174 -0.183574
vt -0.606218 -0.343750
vt 0.272777 -0.335801
vt 0.536231 -0.443701
vt 0.342051 -0.266527
vt 0.606218 -0.343750
vt 0.394174 -0.183574
vt 0.657785 -0.233164
vt 0.121554 0.695615
vt 0.239414 0.664035
vt 0.189824 0.400424
vt 0.350000 0.612468
vt 0.272777 0.348301
vt 0.449951 0.542481
vt 0.342051 0.279027
vt 0.606218 0.356250
vt 0.536231 0.456201
vt -0.000000 0.006250
vt 0.700000 0.006250
vt 0.689365 -0.115304
vt 0.657785 -0.233164
vt 0.606218 0.356250
vt 0.657785 0.245664
vt 0.689365 0.127804
vt 0.606218 -0.343750
vt -0.000000 0.006250
vt -0.606218 -0.343750
vt -0.657785 -0.233164
vt -0.689365 -0.115304
vt -0.700000 0.006250
vt -0.689365 0.127804
vt -0.657785 0.245664
vt -0.606218 0.356250
vt -0.617043 -0.350000
vt -0.536231 -0.443701
vt -0.606218 -0.343750
vt -0.669531 -0.237439
vt -0.657785 -0.233164
vt -0.701676 -0.117474
vt -0.689365 -0.115304
vt -2.762500 0.006250
vt -2.762500 -0.117474
vt -2.775000 -0.115304
vt -2.775000 0.006250
vt -2.762500 0.129974
vt -2.775000 0.127804
vt -0.669531 0.249939
vt -0.701676 0.129974
vt -0.689365 0.127804
vt -0.657785 0.245664
vt -0.617043 0.362500
vt -0.606218 0.356250
vt -0.545807 0.464236
vt -0.536231 0.456201
vt -0.457986 0.552057
vt -0.243689 -0.663281
vt -0.123724 -0.695426
vt -0.121554 -0.683115
vt -0.123724 -2.762500
vt -0.000000 -2.775000
vt -0.121554 -2.775000
vt -0.000000 -2.762500
vt 0.121554 -2.775000
vt -0.457986 -0.539557
vt -0.356250 -0.610793
vt -0.350000 -0.599968
vt -0.239414 -0.651535
vt -0.449951 -0.529981
vt -0.545807 -0.451736
vt -0.243689 0.675781
vt -0.356250 0.623293
vt -0.350000 0.612468
vt -0.449951 0.542481
vt 0.457986 0.552057
vt 0.356250 0.623293
vt 0.350000 0.612468
vt 0.239414 0.664035
vt 0.243689 0.675781
vt 0.121554 0.695615
vt 0.123724 0.707926
vt 0.123724 -2.762500
vt -0.000000 -2.775000
vt 0.121554 -2.775000
vt -0.000000 -2.762500
vt -0.121554 -2.775000
vt -0.123724 -2.762500
vt -0.123724 0.707926
vt -0.239414 0.664035
vt -0.121554 0.695615
vt 0.457986 -0.539557
vt 0.545807 -0.451736
vt 0.536231 -0.443701
vt 0.606218 -0.343750
vt 0.617043 -0.350000
vt 0.657785 -0.233164
vt 0.669531 -0.237439
vt 0.689365 -0.115304
vt 0.701676 -0.117474
vt -2.762500 -0.117474
vt -2.775000 0.006250
vt -2.775000 -0.115304
vt -2.762500 0.006250
vt -2.775000 0.127804
vt -2.762500 0.129974
vt 0.701676 0.129974
vt 0.657785 0.245664
vt 0.689365 0.127804
vt 0.669531 0.249939
vt 0.606218 0.356250
vt 0.617043 0.362500
vt 0.536231 0.456201
vt 0.545807 0.464236
vt 0.449951 0.542481
vt 0.243689 -0.663281
vt 0.356250 -0.610793
vt 0.350000 -0.599968
vt 0.449951 -0.529981
vt 0.123724 -2.762500
vt 0.123724 -0.695426
vt 0.239414 -0.651535
vt 0.121554 -0.683115
vt -0.000000 -1.662500
vt 0.121554 -1.650000
vt -0.000000 -1.650000
vt -0.123724 -1.662500
vt -0.121554 -1.650000
vt -0.243689 0.675781
vt -0.123724 0.707926
vt -0.121554 0.695615
vt 0.123724 -1.662500
vt 0.123724 -1.662500
vt -0.000000 -1.662500
vt -0.000000 -1.650000
vt 0.121554 -1.650000
vt 0.243689 -0.663281
vt 0.123724 -0.695426
vt 0.121554 -0.683115
vt -0.123724 -0.695426
vt -0.239414 -0.651535
vt -0.121554 -0.683115
vt -0.121554 -1.650000
vt -0.123724 -1.662500
vt 0.514450 -0.006369
vt 0.507985 0.018819
vt 0.518092 0.018910
vt -1.416232 -0.206181
vt -1.411408 -0.231369
vt -1.426120 -0.231259
vt 0.791171 -0.008791
vt 0.791166 0.021291
vt 0.074782 -1.494606
vt 0.494283 -1.496744
vt 0.485862 -1.489704
vt 0.514450 -0.681369
vt 0.518092 -0.656090
vt 0.788250 -0.683766
vt -1.485215 -0.785174
vt -1.473168 -0.775293
vt -1.473193 -0.793117
vt 0.493920 -1.473193
vt 0.479164 -1.473277
vt 0.066452 -1.475446
vt 0.065186 -1.494554
vt 0.054662 -1.475499
vt 0.051817 -1.494478
vt -1.484332 -0.775261
vt -1.473168 -0.681250
vt -1.473168 -0.231250
vt -1.473168 -0.431250
vt -1.473168 0.218750
vt -1.473168 0.018750
vt -1.473168 -0.006250
vt -1.480438 0.468933
vt -1.427313 0.468749
vt -1.473168 0.443750
vt -1.427313 0.018749
vt -1.416232 0.018819
vt -1.426120 -0.006259
vt -1.411408 -0.006369
vt 0.514450 0.218631
vt 0.518092 0.243910
vt 0.790969 0.216211
vt 0.790913 0.246289
vt 0.507985 0.243819
vt -1.427313 0.243749
vt -1.416232 0.243819
vt -1.426120 0.218741
vt -1.411408 0.218631
vt 0.514450 0.443631
vt 0.518092 0.468910
vt 0.790648 0.441214
vt 0.790617 0.471286
vt 0.507985 0.468819
vt -1.416232 0.468819
vt -1.426120 0.443741
vt -1.411408 0.443631
vt -1.426120 -0.681259
vt -1.427313 -0.656251
vt 0.789448 -0.653724
vt 0.507985 -0.656181
vt -1.416232 -0.656181
vt -1.411408 -0.681369
vt -1.427313 -0.206251
vt 0.518092 -0.431090
vt 0.790754 -0.428713
vt 0.791615 -0.458930
vt 0.514450 -0.456369
vt 0.507985 -0.431181
vt -1.427313 -0.431251
vt -1.416232 -0.431181
vt -1.426120 -0.456259
vt -1.411408 -0.456369
vt 0.514450 -0.231369
vt 0.518092 -0.206090
vt 0.790957 -0.233789
vt 0.791002 -0.203710
vt 0.507985 -0.206181
vt -1.473168 -0.456250
vt -1.473168 -0.656250
vt -1.489704 -0.798586
vt -1.473168 -0.206250
vt -1.473168 0.243750
vt 0.512836 -1.473102
vt 0.519025 -1.496932
vt 0.786736 -1.471666
vt -1.488118 0.495302
vt -1.473142 0.496764
vt -1.473164 0.488452
vt -1.485820 0.490728
vt 0.503766 -1.488118
vt 0.504690 -1.473142
vt -1.480438 0.468933
vt 0.512500 -1.496898
vt 0.784559 -1.498322
vt -1.473102 0.504727
vt -1.491574 0.499647
vt 0.507185 -1.491574
vt 0.139668 -0.829361
vt 0.201326 -0.788174
vt 0.070032 -0.788444
vt 0.032511 -0.095550
vt 0.648884 -0.795409
vt 0.662279 -0.454385
vt 0.092223 -0.044499
vt 0.617767 0.428072
vt 0.555542 0.427567
vt 0.599482 0.362537
vt -0.027513 -0.751408
vt -0.000000 -0.751608
vt 0.301962 0.653349
vt 0.214196 0.625575
vt 0.383775 0.569281
vt 0.448596 0.569918
vt 0.357606 -0.827529
vt 0.322869 -0.788174
vt 0.050000 -0.797500
vt -0.027501 -0.810208
vt 0.139668 0.735586
vt -0.027472 0.731410
vt 0.109818 0.711107
vt 0.357606 0.659363
vt 0.749822 0.052204
vt 0.725886 0.219726
vt 0.693222 0.219698
vt 0.721841 0.055322
vt 0.435264 -0.788174
vt 0.728651 -0.730035
vt 0.656226 -1.282921
vt 0.668979 -0.731263
vt 0.624566 0.332355
vt 0.646189 0.259663
vt 0.691956 0.250359
vt 0.738658 -1.360144
vt 0.664932 -1.356470
vt 0.701509 -1.472115
vt -0.127500 0.247503
vt -0.079549 0.334422
vt -0.127500 0.335003
vt -0.076682 0.288891
vt 0.649978 0.250217
vt -0.027934 0.289896
vt -0.029335 0.287542
vt -0.032777 0.285224
vt -0.072625 0.285315
vt 0.708624 -0.795212
vt 0.728506 -0.489350
vt 0.119178 -0.788174
vt -0.021637 -0.788458
vt 0.038223 -0.746524
vt 0.052204 -0.829488
vt 0.644940 0.219322
vt 0.658146 0.081719
vt 0.523213 0.540175
vt 0.577052 0.457458
vt 0.597590 0.457534
vt -0.027361 0.702745
vt 0.016138 0.664042
vt -0.027455 0.640084
vt 0.491035 -0.822916
vt 0.535403 -0.788174
vt 0.523213 -0.823600
vt 0.702935 -1.542894
vt 0.660142 -1.648721
vt 0.621892 -1.563358
vt 0.000116 0.756788
vt 0.143601 0.801233
vt 0.014563 0.801233
vt 0.000061 -0.748140
vt 0.756163 -0.221753
vt 0.756207 -0.363782
vt 0.739498 -0.183349
vt 0.756202 -0.730221
vt 0.735275 -1.258902
vt -0.730221 0.840744
vt -1.358922 0.821925
vt -1.258902 0.858817
vt 0.013623 0.719687
vt 0.187446 0.697033
vt 0.540175 -0.823600
vt 0.457534 -0.822544
vt 0.553427 -0.788174
vt 0.658241 -0.069753
vt -0.027504 0.429654
vt -0.027500 -0.100960
vt 0.063552 0.656724
vt -0.027488 0.675361
vt 0.491035 0.569662
vt 0.714245 0.119542
vt 0.698807 -0.055042
vt 0.622279 0.204543
vt 0.758483 -0.053925
vt 0.625399 -0.181257
vt 0.689711 -0.182464
vt 0.642867 -0.221910
vt 0.668985 -0.365731
vt -0.795018 -0.827561
vt -0.383948 -0.788174
vt -1.101284 -0.604442
vt -1.101268 0.617729
vt -0.898684 -0.545020
vt -0.901617 0.519360
vt 0.406752 -0.743628
vt 0.326057 -0.745167
vt 0.382144 -0.741025
vt 0.677174 0.382144
vt 0.710079 0.326057
vt 0.730174 0.270326
vt 0.208249 -0.745115
vt 0.270326 -0.741122
vt -1.451234 0.751271
vt -1.597788 0.638920
vt -1.594437 0.764115
vt -1.498322 0.516187
vt -1.325007 0.034630
vt -1.351318 0.631419
vt -1.137284 -0.014812
vt -1.167153 0.006251
vt -1.239491 -0.012500
vt -1.226185 -0.710914
vt 0.728208 -1.210586
vt 0.656906 -0.974624
vt -0.268875 -0.767546
vt -0.870325 0.658820
vt 0.728803 -0.795131
vt 0.757531 -0.795018
vt 0.434210 0.540542
vt 0.532394 0.457555
vt 0.485405 0.540352
vt -1.835296 0.754093
vt -1.686293 0.844791
vt -1.709497 0.772636
vt -1.551162 0.811470
vt -1.543054 0.850143
vt -1.394936 0.846549
vt 0.744984 -1.394936
vt 0.730823 -1.390067
vt 0.766784 -1.358922
vt -1.390067 0.858581
vt -1.722464 0.638801
vt -1.692756 0.369660
vt -1.916975 0.550408
vt -1.867042 0.369019
vt 0.675913 0.332199
vt -0.127500 0.542503
vt -0.033768 0.504925
vt -0.072231 0.504786
vt 0.219726 -0.818575
vt 0.360396 -0.788174
vt 0.250429 -0.822147
vt 0.332199 -0.822271
vt 0.456091 -0.788174
vt 0.362752 -0.822327
vt 0.362721 -0.831519
vt 0.079586 -0.742725
vt 0.338240 -0.741934
vt 0.405818 -0.743657
vt 0.710609 0.250429
vt 0.195294 0.536392
vt 0.276482 0.601061
vt 0.114123 -0.741301
vt -0.027576 0.291313
vt -0.027505 0.334654
vt -0.076287 0.501817
vt -0.027800 0.499886
vt -0.027510 0.455352
vt -0.030676 0.503774
vt -0.081467 0.455534
vt -0.128388 0.454993
vt 0.428072 -0.826104
vt 0.651720 0.362721
vt 0.507760 0.801233
vt 0.403425 0.801233
vt 0.391866 0.840744
vt 0.268991 0.708352
vt 0.422521 0.619271
vt 0.361089 0.622943
vt 0.718476 -1.543054
vt 0.454115 0.558969
vt 0.577340 0.434291
vt 0.562279 0.493225
vt 0.637356 0.391866
vt 0.139504 0.840744
vt -0.000006 0.838814
vt 0.268991 0.829208
vt 0.385883 0.801233
vt 0.422521 0.841223
vt 0.485294 0.801233
vt 0.562279 0.840744
vt 0.578787 0.801233
vt 0.493225 0.840744
vt 0.277617 0.829199
vt 0.286347 0.755797
vt 0.204800 0.758065
vt 0.170014 0.801233
vt 0.122402 0.840387
vt 0.032833 0.801233
vt -0.053925 0.838170
vt -0.053515 0.784839
vt 0.061005 0.758617
vt -0.153493 0.784818
vt -0.185982 0.774289
vt -0.184184 0.787038
vt -0.429199 0.790320
vt -0.365731 0.801233
vt -1.321221 0.756041
vt -0.801130 0.736402
vt -0.730306 0.801243
vt 0.706147 0.277617
vt 0.741250 0.122402
vt -1.142219 -0.000259
vt -1.156537 -0.006248
vt 0.507610 -0.744255
vt 0.593631 -0.744255
vt 0.515741 -0.742560
vt 0.661400 -1.406950
vt 0.669097 0.268410
vt -0.690912 0.781010
vt 0.446301 0.476377
vt -0.183349 0.857187
vt -0.221753 0.840744
vt -0.363782 0.840743
vt -0.027358 0.736856
vt -0.000006 0.749370
vt 0.139504 0.734247
vt 0.306926 0.756301
vt 0.050000 -0.822500
vt 0.685457 -0.945280
vt 0.682464 -0.824713
vt 0.050000 -0.947500
vt 0.608269 0.219869
vt 0.035330 0.094095
vt 0.092092 0.044775
vt -0.027500 0.222154
vt -0.027500 0.100961
vt 0.045672 -1.475560
vt 0.630487 -1.472484
vt 0.050000 -1.494476
vt -0.027500 -1.617498
vt -0.000121 0.763990
vt -0.027487 0.829810
vt -0.027502 0.764575
vt -0.027358 0.851947
vt 0.154165 0.754652
vt 0.213014 0.756257
vt -0.027509 0.360351
vt 0.580350 0.297102
vt 0.050000 -0.972499
vt 0.339067 0.538902
vt 0.542249 0.755774
vt 0.464642 0.756845
vt 0.670391 -1.686293
vt -0.000089 0.625208
vt 0.604284 -1.766624
vt 0.391194 0.756757
vt 0.468008 0.755031
vt 0.560416 0.755774
vt 0.405061 0.755545
vt -1.139488 -0.018750
vt 0.642885 -0.884156
vt -0.109274 0.770346
vt -0.153769 0.834114
vt -0.083340 0.849445
vt -0.084373 0.785693
vt 0.625862 -0.056128
vt 0.555447 0.297327
vt -0.855220 -0.670967
vt -1.210921 -0.717530
vt -0.687280 0.703219
vt -0.678401 0.654040
vt -0.694441 0.629131
vt -0.645752 0.685525
vt -0.637345 0.735587
vt -0.027464 0.567861
vt 0.104720 0.568318
vt -1.210851 -0.788174
vt -0.750859 -0.751358
vt -0.724680 0.654216
vt 0.116040 0.753790
vt -0.748096 -0.555761
vt -0.708619 -0.564444
vt -0.693253 -0.619646
vt -0.712617 -0.492198
vt -0.750566 0.127749
vt -0.594785 -0.695245
vt -0.484853 -0.711117
vt -0.627020 -0.729748
vt -0.360568 0.723623
vt -0.371480 0.768781
vt -0.316745 0.767748
vt -0.486435 0.723880
vt -0.471700 0.767846
vt -0.549726 0.761409
vt 0.331722 -0.711306
vt 0.447493 -0.711226
vt -0.746715 0.593789
vt -0.710456 0.564699
vt -1.234880 -0.823133
vt -0.974946 -0.842180
vt 0.584793 -0.742560
vt 0.613141 -0.709025
vt 0.042721 -0.709883
vt 0.209590 -0.710221
vt -1.377097 -0.798502
vt -1.389450 -0.723626
vt -1.227439 -0.784937
vt -0.589062 -0.778920
vt -0.513870 -0.788174
vt -0.825030 -0.797545
vt -0.794970 -0.797545
vt -0.975029 -0.797545
vt -0.944969 -0.797545
vt -0.589717 0.708678
vt -0.711120 0.390190
vt -0.648515 -0.671249
vt -0.718392 -0.657279
vt -0.057840 -0.745587
vt 0.579146 0.723441
vt 0.466301 0.723662
vt -0.195585 0.763478
vt -0.041039 0.757202
vt -0.198275 0.723246
vt -0.945018 -0.825779
vt 0.519446 0.723441
vt 0.302909 0.722515
vt 0.425880 0.721213
vt 0.128468 0.720883
vt 0.000329 0.753527
vt 0.000014 0.716163
vt 0.017788 0.723949
vt -1.239488 -0.016250
vt -0.824943 -0.838077
vt 0.748397 -0.824943
vt 0.728806 -0.945130
vt 0.759276 -0.945018
vt 0.745041 -0.974946
vt 0.255943 -0.743989
vt 0.174239 -0.743227
vt 0.759700 -1.234880
vt 0.208820 0.723888
vt 0.341673 0.723794
vt -1.407485 -0.683766
vt -1.471293 -0.749814
vt -1.407461 0.216211
vt -1.398151 0.339073
vt -0.027495 -0.828934
vt 0.747847 -1.471863
vt -1.407225 -0.458930
vt -1.393192 -0.291718
vt -1.407463 -0.428713
vt -1.471687 -0.683717
vt -1.471655 0.021269
vt -1.407475 -0.653724
vt -1.471679 -0.653768
vt -1.471666 0.516263
vt -1.471664 0.471255
vt -1.471658 -0.233765
vt -1.407461 -0.233789
vt -1.471663 -0.428742
vt -1.407461 -0.203710
vt -1.407460 -0.008791
vt -0.027495 0.747890
vt 0.462721 -0.710760
vt -1.828091 0.815694
vt -1.471664 0.441244
vt -1.471660 0.246264
vt -1.407461 0.246289
vt -1.471658 0.216235
vt 0.186131 -0.709098
vt 0.000892 -0.705979
vt -1.471863 -0.820390
vt -1.360144 -0.842339
vt -0.176877 -0.711397
vt -0.219297 -0.752331
vt -0.405951 -0.757211
vt -0.348247 -0.710861
vt -1.407460 0.021291
vt 0.324808 -0.710132
vt -1.471664 -0.458757
vt -0.532993 -0.750251
vt 0.487532 -0.709025
vt -1.471658 -0.203734
vt -1.407464 0.441214
vt -1.471655 -0.008769
vt -1.407464 0.471286
vt 0.632155 -0.181374
vt 0.633955 -0.156093
vt 0.784180 -0.184184
vt 0.782981 -0.153493
vt -0.156240 0.795717
vt -0.181257 0.795757
vt -0.156244 0.884590
vt 0.628945 -0.156181
vt -0.156181 0.790631
vt -0.181374 0.788207
vt -0.056182 0.790631
vt -0.081374 0.788207
vt -0.081258 0.795757
vt 0.633955 -0.056094
vt 0.781688 -0.053515
vt 0.783414 -0.084373
vt 0.632155 -0.081374
vt 0.628945 -0.056182
vt -0.056241 0.795717
vt 0.518092 -1.410304
vt 0.507985 -1.416232
vt 0.500904 -1.427313
vt 0.500000 -1.473168
vt 0.784358 -1.471679
vt 0.789448 -1.407475
vt 0.500000 -0.456250
vt 0.787217 -0.458757
vt 0.500000 -0.656250
vt 0.784358 -0.653768
vt 0.501002 -1.426120
vt 0.514450 -1.411408
vt 0.791615 -1.407225
vt 0.787217 -1.471664
vt 0.500000 -1.473168
vt 0.518092 -1.410304
vt 0.500904 -1.427313
vt 0.500000 -1.473168
vt 0.507985 -1.416232
vt 0.790754 -1.407463
vt 0.787366 -1.471663
vt 0.500000 -0.231250
vt 0.788166 -0.233765
vt 0.500000 -0.431250
vt 0.787366 -0.428742
vt 0.501002 -1.426120
vt 0.788166 -1.471658
vt 0.500000 -1.473168
vt 0.790957 -1.407461
vt 0.514450 -1.411408
vt 0.518092 -1.410304
vt 0.507985 -1.416232
vt 0.500904 -1.427313
vt 0.791002 -1.407461
vt 0.788281 -1.471658
vt 0.500000 -1.473168
vt 0.788692 -0.008769
vt 0.788281 -0.203734
vt 0.500000 -0.206250
vt 0.500000 -0.006250
vt 0.501002 -1.426120
vt 0.514450 -1.411408
vt 0.791171 -1.407460
vt 0.788692 -1.471655
vt 0.500000 -1.473168
vt 0.518092 -1.410304
vt 0.507985 -1.416232
vt 0.500904 -1.427313
vt 0.791166 -1.407460
vt 0.788686 -1.471655
vt 0.500000 -1.473168
vt 0.788686 0.021269
vt 0.500000 0.018750
vt 0.788207 0.216235
vt 0.500000 0.218750
vt 0.501002 -1.426120
vt 0.514450 -1.411408
vt 0.790969 -1.407461
vt 0.788207 -1.471658
vt 0.500000 -1.473168
vt 0.518092 -1.410304
vt 0.500904 -1.427313
vt 0.500000 -1.473168
vt 0.507985 -1.416232
vt 0.790913 -1.407461
vt 0.788074 -1.471660
vt 0.788074 0.246264
vt 0.500000 0.243750
vt 0.787172 0.441244
vt 0.500000 0.443750
vt 0.787172 -1.471664
vt 0.501002 -1.426120
vt 0.790648 -1.407464
vt 0.514450 -1.411408
vt 0.500000 -1.473168
vt 0.518092 -1.410304
vt 0.498531 -1.480438
vt 0.787017 -1.471664
vt 0.790617 -1.407464
vt 0.507985 -1.416232
vt 0.500904 -1.427313
vt 0.500499 0.488452
vt 0.787017 0.471255
vt 0.498531 0.468933
vt 0.786736 0.516263
vt 0.512836 0.504727
vt 0.504690 0.496764
vt 0.791675 0.736402
vt 0.646552 0.703219
vt 0.646528 0.654216
vt 0.794947 0.658820
vt 0.646511 0.593789
vt -0.750566 0.127749
vt -0.898684 -0.545020
vt -0.901617 0.519360
vt 0.791675 -0.801130
vt 0.784339 -0.690912
vt 0.646530 -0.637345
vt 0.646552 -0.687280
vt 0.038223 -0.746524
vt -0.268875 -0.767546
vt -0.057840 -0.745587
vt -0.748096 -0.555761
vt -0.870325 0.658820
vt -0.801130 0.736402
vt -0.724680 0.654216
vt 0.672699 -0.405951
vt 0.746432 -0.219297
vt 0.712273 -0.326774
vt 0.784426 -0.268875
vt 0.646540 -0.718392
vt 0.646207 -0.627020
vt 0.787783 -0.750859
vt 0.794686 -0.855220
vt 0.646546 -0.555761
vt 0.646540 -0.657279
vt 0.794686 -0.670967
vt 0.795048 -0.545020
vt 0.783764 0.038223
vt 0.777037 -0.057840
vt 0.770211 0.114123
vt 0.781353 -0.589062
vt 0.649281 -0.532993
vt 0.647358 -0.549726
vt -0.746715 0.593789
vt 0.794897 0.519360
vt -0.122091 0.360022
vt -0.126521 0.335002
vt -0.119016 0.334973
vt 0.335003 -0.862575
vt 0.335002 -0.831402
vt 0.359988 -0.861708
vt 0.222502 -0.874282
vt 0.247503 -0.862575
vt -0.115044 0.360046
vt -0.115044 0.334960
vt 0.659888 0.362752
vt 0.675913 0.332199
vt 0.222500 -0.829285
vt 0.247507 -0.833314
vt 0.360022 -0.826826
vt 0.360005 -0.833558
vt -0.115044 0.455047
vt -0.115044 0.429959
vt 0.597590 0.457534
vt 0.617767 0.428072
vt -0.122091 0.455022
vt -0.126521 0.430002
vt -0.119015 0.429974
vt 0.430002 -0.831402
vt 0.455022 -0.826826
vt 0.455004 -0.833558
vt 0.454993 -0.862118
vt 0.430002 -0.862575
vt -0.797500 -0.812532
vt -0.797500 -0.874602
vt -0.822500 -0.874602
vt -0.822503 -0.806094
vt -0.797498 -0.808558
vt 0.055409 -0.797481
vt 0.051237 -0.822503
vt 0.058485 -0.822529
vt 0.062456 -0.822543
vt 0.062456 -0.797457
vt 0.774786 -0.825030
vt 0.774785 -0.794970
vt -0.797481 -0.801826
vt -0.972502 -0.806094
vt -0.947482 -0.801826
vt -0.947499 -0.808558
vt -0.947500 -0.812532
vt 0.055409 -0.947482
vt 0.051237 -0.972502
vt 0.058485 -0.972529
vt 0.062456 -0.972544
vt 0.062456 -0.947456
vt -0.947500 -0.874602
vt -0.972499 -0.874602
vt 0.774789 -0.975029
vt 0.774788 -0.944969
vt -1.494478 -0.818063
vt -1.475499 -0.813581
vt -1.475560 -0.874086
vt -1.494476 -0.874602
vt 0.503766 0.495302
vt 0.501533 0.490728
vt 0.498531 0.468933
vt 0.507185 0.499647
vt 0.512500 0.503758
vt -1.496898 0.503758
vt -1.480438 0.468933
vt -1.484332 -0.775261
vt -1.496888 -0.782942
vt 0.511428 -0.782942
vt 0.500000 -0.775261
vt 0.498145 -0.785174
vt 0.485862 -1.489704
vt 0.511428 -1.496888
vt 0.498145 -1.485215
vt 0.494283 -1.496744
vt 0.625384 0.795757
vt 0.632155 0.788207
vt 0.784180 0.787038
vt 0.739498 0.857187
vt 0.689711 0.876453
vt 0.625399 0.884738
vt 0.633955 0.787646
vt 0.628945 0.790631
vt 0.625622 0.795717
vt 0.625163 0.884590
vt 0.782981 0.784818
vt 0.762170 0.834114
vt 0.732210 0.860646
vt 0.686509 0.877210
vt 0.714282 0.869271
vt 0.625384 0.795757
vt 0.748047 0.849445
vt 0.625693 0.884922
vt 0.783414 0.785693
vt 0.632155 0.788207
vt 0.781688 0.784839
vt 0.633955 0.787646
vt 0.758483 0.838170
vt 0.625622 0.795717
vt 0.625862 0.885770
vt 0.698807 0.874373
vt 0.628945 0.790631
vt 0.781612 -0.429199
vt 0.785554 -0.185982
vt 0.753416 -0.195585
vt -0.109274 0.770346
vt 0.061005 0.758617
vt -0.041039 0.757202
vt 0.787914 -0.109274
vt 0.777460 -0.041039
vt 0.709891 -0.316745
vt 0.781390 0.061005
vt 0.769635 0.116040
vt -0.027500 -2.098146
vt -0.027504 -2.090560
vt 0.121973 -2.164100
vt 0.340418 -2.003611
vt 0.128233 -2.075227
vt 0.320331 -1.943607
vt 0.009520 -2.027151
vt 0.144149 -1.895494
vt 0.279161 -1.897850
vt 0.043822 -1.893753
vt -0.027440 -1.988500
vt 0.202563 -2.070248
vt -0.027349 -2.178862
vt -0.027470 -2.063581
vt -0.027500 -1.892497
vt 0.250613 -2.169596
vt 0.304303 -2.033145
vt 0.322224 -2.095444
vt 0.228893 -2.196288
vt 0.108013 -2.252633
vt -0.123896 0.567515
vt -0.123896 0.542490
vt -0.119884 0.542477
vt 0.542490 -0.828750
vt 0.567515 -0.828750
vt 0.567506 -0.833200
vt 0.567502 -0.874072
vt 0.222502 -0.874282
vt 0.454993 -0.862118
vt -0.119236 0.567530
vt -0.115044 0.542460
vt 0.542504 -0.833787
vt 0.523213 0.540175
vt 0.491035 0.569662
vt 0.542503 -0.862575
vt 0.496889 -1.923130
vt 0.406087 -1.957898
vt 0.443069 -1.985530
vt 0.537827 -1.871059
vt 0.550709 -1.857169
vt -1.849191 -0.792336
vt -1.697118 -0.799732
vt -1.784741 -0.833509
vt -1.729542 -0.833606
vt -1.923130 -0.827132
vt -1.951648 -0.744703
vt 0.607306 -1.589682
vt 0.587534 -1.606760
vt 0.543194 -1.694591
vt 0.609599 -1.784741
vt 0.597474 -1.761979
vt 0.352387 -1.722842
vt 0.526521 -1.740366
vt 0.644442 -1.729542
vt 0.688116 -1.623280
vt -1.860472 -0.679602
vt -1.722201 -0.711133
vt -1.826854 -0.747861
vt 0.496889 -0.827132
vt 0.443069 -0.808898
vt 0.549086 -0.744703
vt 0.603150 -1.849191
vt -1.623144 -0.725872
vt -1.623280 -0.840478
vt -1.756291 -0.581581
vt 0.468488 -1.994061
vt 0.419346 -2.079656
vt 0.322224 -2.095444
vt 0.397498 -2.150904
vt -2.065045 -0.636789
vt -1.970873 -0.646748
vt -1.951648 -0.744703
vt 0.524290 -0.636789
vt 0.549086 -0.744703
vt 0.448772 -0.708737
vt -0.115044 -0.825032
vt -0.119884 -0.825806
vt -0.127500 -0.862575
vt 0.485405 -0.847096
vt 0.434210 -0.860615
vt -0.123896 -0.828750
vt -0.127044 -0.833787
vt 0.523213 -0.823600
vt -0.081467 -0.862445
vt -0.122091 -0.826826
vt -0.115044 -0.825032
vt -0.027510 -0.862403
vt 0.577052 -0.840545
vt 0.532394 -0.859308
vt 0.597590 -0.822544
vt -0.128388 -0.862118
vt -0.127000 -0.833558
vt -0.119016 -0.825546
vt -0.126521 -0.831402
vt -0.127500 -0.862575
vt -0.079549 -0.862470
vt -0.115044 -0.825032
vt -0.027505 -0.862383
vt 0.624566 -0.857997
vt 0.675913 -0.822271
vt -0.115044 -0.825032
vt 0.691956 -0.840709
vt 0.649978 -0.859861
vt -0.127500 -0.862575
vt 0.710609 -0.822147
vt -0.121605 -0.826421
vt -0.126773 -0.833314
vt 0.599482 -0.859340
vt -0.115044 -0.825032
vt 0.651720 -0.831519
vt -0.027509 -0.862403
vt -0.077500 -0.862484
vt -0.128499 -0.861708
vt -0.127000 -0.833558
vt -0.122091 -0.826826
vt 0.659888 -0.822327
vt -0.119015 -0.825546
vt -0.126521 -0.831402
vt -0.127500 -0.862575
vt -0.115044 -0.825032
vt -0.027504 -0.862382
vt 0.555542 -0.858978
vt -0.077500 -0.862492
vt 0.617767 -0.826104
vt 0.110008 -2.107612
vt -0.014268 -2.066048
vt -0.027469 -2.086738
vt 0.138013 -2.070533
vt -0.027439 -2.020572
vt 0.337737 -1.898872
vt 0.193430 -1.896353
vt 0.151369 -1.998587
vt -0.014268 -0.857062
vt 0.110008 -0.821392
vt 0.085227 -0.838456
vt -0.000038 -1.892976
vt -0.027509 -1.963824
vt -0.027396 -2.204419
vt -0.027500 -1.892497
vt 0.244014 -2.039301
vt 0.259840 -2.054862
vt 0.365825 -2.006681
vt 0.239487 -2.186664
vt 0.115558 -2.180305
vt 0.085227 -2.090982
vt 0.093546 -1.894610
vt 0.363137 -1.899357
vt 0.406087 -1.957898
vt 0.050500 -0.808558
vt 0.055409 -0.801826
vt 0.062456 -0.800032
vt 0.728803 -0.849540
vt 0.757531 -0.827561
vt 0.050000 -0.874602
vt 0.050000 -0.812532
vt 0.648884 -0.870943
vt 0.708624 -0.858172
vt 0.774785 -0.797545
vt 0.050000 -0.812532
vt 0.050500 -0.808558
vt 0.728806 -0.849540
vt 0.062456 -0.800032
vt 0.759276 -0.825779
vt 0.050000 -0.874602
vt 0.685457 -0.867439
vt 0.774788 -0.797545
vt 0.055409 -0.801826
vt 0.500000 -0.775293
vt 0.500000 -0.681250
vt 0.775200 -0.749814
vt 0.782729 -0.683717
vt 0.701509 -0.856556
vt 0.493920 -0.793117
vt 0.630487 -0.871094
vt 0.479164 -0.800064
vt 0.747847 -0.820390
vt 0.045672 -0.874086
vt 0.054662 -0.813581
vt 0.066452 -0.805119
vt -2.969192 0.450861
vt -2.966921 0.327750
vt -2.400589 0.421690
vt 0.235808 -2.967767
vt 0.351843 -2.967497
vt 0.338385 -2.405996
vt 0.242514 -2.438392
vt 0.138330 -2.422611
vt 0.468187 -2.374633
vt 0.432947 -2.967508
vt 0.475216 -2.968288
vt 0.576719 -2.408230
vt 0.548008 -2.967497
vt -2.408230 0.526133
vt -2.967497 0.554258
vt -2.972572 0.520077
vt -2.424170 0.305030
vt 0.422763 0.317348
vt 0.503121 0.149449
vt 0.529893 0.014618
vt -2.438883 0.254529
vt -2.973769 0.199043
vt -2.435149 0.162548
vt -2.967497 0.245738
vt -2.431160 0.030594
vt -2.969119 0.114462
vt -2.965737 -0.061367
vt -2.438383 -0.026708
vt -2.437952 -0.091221
vt -2.425691 -0.148384
vt -2.967497 -0.233238
vt 0.125793 -2.201335
vt 0.122591 -2.257413
vt 0.246198 -2.233350
vt -2.429633 0.154745
vt 0.120106 -2.328951
vt 0.268998 -2.300131
vt 0.000010 -2.226009
vt 0.000016 -2.340179
vt 0.114828 -2.128010
vt 0.000034 -2.115319
vt 0.264549 -2.100941
vt -2.964557 -0.305735
vt 0.242497 -2.363460
vt 0.000000 -2.438401
vt 0.000000 -2.967497
vt 0.485887 -2.964516
vt 0.368145 -2.441120
vt 0.488993 -2.442003
vt 0.572519 -2.388793
vt -2.971183 -0.482747
vt -2.964516 -0.598770
vt -2.388793 -0.517344
vt 0.426824 -2.438389
vt -1.705799 0.812071
vt -1.792398 0.816132
vt -1.881381 0.734185
vt -1.373625 -0.846657
vt -1.463333 -0.799912
vt -1.526112 -0.856697
vt 0.816028 -1.373625
vt 0.789702 -1.526112
vt 0.757269 -1.555322
vt -1.392508 -0.873139
vt -1.555322 -0.885322
vt -1.663965 -0.377663
vt -1.463457 -0.724460
vt -1.589989 0.018158
vt -1.450061 0.559665
vt -1.411644 -0.576127
vt -1.757658 0.282963
vt -1.599971 0.341917
vt -1.610124 0.643456
vt 0.758451 -1.581367
vt 0.763329 -1.507709
vt 0.716756 -1.705129
vt -1.581367 0.887682
vt -1.705129 0.883857
vt -1.633993 -0.738980
vt -1.703779 -0.794217
vt -1.580286 -0.802539
vt -1.909360 0.590164
vt -1.658453 -0.594739
vt -1.795951 -0.491187
vt 0.101145 -2.433282
vt 0.121237 -2.967497
vt 0.000000 -2.967497
vt 0.000001 -2.386236
vt 0.107248 -0.733687
vt 0.081754 -0.751880
vt 0.237760 -0.752910
vt 0.208419 -0.731856
vt 0.324913 -0.750397
vt 0.221936 0.479204
vt 0.104612 0.027725
vt 0.050416 0.094783
vt -2.967790 -0.434709
vt -2.409063 -0.506868
vt -2.438149 -0.420327
vt -2.434066 -0.266180
vt -2.417146 -0.391321
vt 0.349375 -1.677919
vt 0.528209 -1.395202
vt 0.466701 -1.606693
vt 0.381319 -1.709372
vt 0.225373 -2.454100
vt 0.231757 -2.967497
vt 0.319864 -2.971480
vt 0.351843 -2.967497
vt 0.394507 -2.967497
vt -1.701325 -0.848610
vt -1.649606 -0.889398
vt -0.000005 0.753476
vt -0.000001 0.819687
vt 0.097208 0.773614
vt 0.573073 0.321546
vt 0.404344 0.503922
vt 0.383750 0.399439
vt 0.182154 0.625545
vt 0.021178 0.526949
vt 0.225686 0.472590
vt 0.284115 0.437554
vt 0.325090 0.453103
vt 0.362200 0.440023
vt 0.000046 0.701750
vt 0.000000 0.603521
vt 0.000000 0.523564
vt 0.377247 -1.698199
vt 0.537834 -1.729613
vt 0.447757 -1.629009
vt 0.348264 0.805857
vt 0.328551 0.767642
vt 0.273587 0.769390
vt -0.823804 0.715771
vt -1.150544 0.730137
vt -0.864481 0.666709
vt -1.150525 0.805857
vt -1.227512 0.851515
vt -1.247388 0.735006
vt 0.467300 0.805857
vt 0.504568 0.767002
vt 0.578657 0.792306
vt 0.592100 0.768218
vt 0.503468 0.805857
vt 0.471866 0.769749
vt 0.517998 0.769128
vt 0.606255 0.792306
vt 0.368858 0.356368
vt 0.222032 0.778152
vt 0.421531 0.765810
vt 0.637039 0.334787
vt 0.532731 0.485929
vt 0.347675 0.631295
vt 0.145297 0.704094
vt 0.388385 0.805857
vt 0.343149 0.339916
vt 0.505136 0.157356
vt 0.652705 0.047845
vt 0.535704 -0.157024
vt 0.657695 -1.306245
vt 0.515544 -1.477401
vt 0.120446 0.805857
vt -0.030362 0.806136
vt 0.081119 0.769266
vt 0.095908 0.766093
vt 0.199065 0.766173
vt 0.598527 -1.850469
vt 0.477622 -1.965422
vt 0.535321 -1.921681
vt -0.607764 0.772646
vt -0.267703 0.805857
vt -0.889076 0.618486
vt 0.121237 -2.967497
vt 0.722343 -1.633217
vt 0.673485 -1.746278
vt -1.633217 0.903154
vt -1.507709 0.901374
vt 0.628664 -1.815394
vt -0.681646 0.763236
vt 0.283132 -2.079426
vt 0.430982 -2.007801
vt 0.000002 -1.908329
vt 0.000020 -2.040538
vt 0.138158 -1.988611
vt 0.277616 -1.765614
vt 0.271492 -1.938322
vt 0.326216 -1.789096
vt 0.397866 -1.873414
vt 0.374196 -1.763035
vt 0.152804 0.756475
vt 0.000015 0.779974
vt 0.252978 0.846850
vt 0.301588 0.760483
vt 0.343784 0.771196
vt -0.145731 0.769466
vt -0.031779 0.769178
vt 0.027737 0.105245
vt -0.453130 0.772446
vt -0.215231 0.770075
vt -0.802380 0.727237
vt -0.735652 0.756329
vt -0.705113 0.764528
vt -0.896237 -0.293858
vt -0.898698 -0.453752
vt -0.880435 -0.507106
vt -0.776343 -0.703775
vt -0.831039 -0.669720
vt -0.797101 -0.695359
vt 0.327347 -1.672545
vt 0.269686 -1.709265
vt -0.891102 0.521333
vt -0.888351 0.590096
vt -0.908186 0.512238
vt -0.910394 0.396040
vt -0.893877 0.183725
vt -0.868534 0.592015
vt -0.883411 0.468082
vt -0.894128 -0.532437
vt -0.874565 -0.593665
vt -0.881136 -0.604116
vt -0.850664 -0.642503
vt -0.883782 -0.067374
vt -0.910415 -0.074651
vt -0.847120 0.667311
vt -0.843243 0.662983
vt -0.810878 0.698300
vt -0.786912 0.726820
vt -0.740495 0.739534
vt 0.267687 0.399635
vt -0.663157 -0.755862
vt -0.673437 -0.748574
vt -0.770292 -0.731540
vt -0.753391 -0.721916
vt -0.799332 -0.707615
vt -0.756494 -0.727451
vt -0.796671 -0.723166
vt -0.855480 -0.665620
vt -0.551635 -0.748724
vt -0.677167 -0.740536
vt -0.715457 -0.728163
vt -0.642977 -0.736852
vt -0.425734 -0.746821
vt -0.433791 -0.739637
vt 0.838984 -0.534157
vt 0.848496 -0.551635
vt 0.841900 -0.433791
vt -0.430547 -0.759760
vt -0.430605 -0.753111
vt -0.847709 -0.695934
vt -1.240032 0.619505
vt -2.415013 0.006785
vt -2.213163 0.162960
vt -1.455594 0.778937
vt -1.517232 0.837950
vt -1.635381 0.777092
vt -1.749322 0.592350
vt -1.238513 -0.614662
vt -1.452787 0.680707
vt 0.840106 -0.578666
vt 0.824835 -0.561179
vt 0.837085 -0.453382
vt -0.681001 0.754193
vt -0.578699 0.757835
vt -0.578729 0.765496
vt -0.453225 0.762029
vt -0.453195 0.764999
vt 0.840651 -0.674292
vt -0.453273 0.757630
vt -0.453274 0.757406
vt 0.313371 0.338691
vt 0.298813 -1.678807
vt 0.277115 0.360516
vt -0.453315 0.754187
vt 0.343982 -2.217681
vt 0.356779 -2.326329
vt 0.389301 -2.253454
vt -2.365083 0.534316
vt -2.212172 0.419457
vt -2.199897 0.533656
vt -1.862281 -0.808482
vt -1.889203 -0.678797
vt 0.311357 -0.730595
vt 0.000000 -1.882692
vt 0.269214 -1.711597
vt 0.283236 -1.773123
vt -0.221849 -0.749005
vt -0.222060 -0.740229
vt -0.002228 -0.745748
vt -0.002592 -0.734632
vt 0.277064 -0.728946
vt 0.313675 -0.732398
vt 0.209636 -0.746219
vt 0.207954 -0.728891
vt 0.179115 -0.724466
vt 0.000000 -0.108838
vt 0.436304 -0.752353
vt 0.428702 -0.728923
vt 0.526354 -0.741410
vt 0.633931 -0.733104
vt 0.607516 -0.750473
vt 0.547815 -0.733104
vt 0.584541 -0.750473
vt 0.498447 -0.752648
vt 0.418421 -0.748866
vt 0.413266 -0.732477
vt 0.326727 -0.751737
vt 0.029716 -0.104703
vt 0.297625 -1.679431
vt -0.000001 0.107189
vt 0.066011 0.519392
vt 0.000060 0.654131
vt 0.323320 -1.672522
vt 0.092754 -0.041954
vt 0.067772 -0.079638
vt 0.000009 -0.734100
vt 0.102405 -0.731732
vt 0.000001 -0.750457
vt 0.839272 -0.185998
vt 0.838405 -0.200542
vt 0.846123 -0.222060
vt -0.185998 -0.732011
vt 0.305047 -1.785021
vt 0.231374 -1.828973
vt 0.075782 -1.880198
vt 0.835066 -0.326120
vt 0.838932 -0.642977
vt 0.846488 -0.677167
vt 0.508869 -0.756540
vt 0.108387 -0.766719
vt -0.035261 -0.769515
vt -0.243147 -0.757885
vt -0.534157 -0.738876
vt 0.838859 -0.776343
vt 0.846147 -0.797101
vt 0.847981 -0.753391
vt 0.841713 -0.715457
vt 0.775972 0.311357
vt 0.757568 0.334956
vt 0.769497 0.285957
vt 0.090567 -0.750362
vt 0.081918 -0.716272
vt 0.841862 -0.002592
vt 0.819154 0.081918
vt 0.823154 -0.011480
vt -0.011480 -0.715628
vt 0.730163 -0.486191
vt 0.412868 -0.721118
vt 0.334956 -0.722021
vt 0.657266 0.526354
vt 0.625007 0.542811
vt 0.716206 0.428702
vt 0.542811 -0.721290
vt 0.413266 0.726911
vt 0.331204 0.762382
vt 0.453104 0.690594
vt 0.453104 -0.718437
vt 0.331204 -0.725608
vt 0.833066 -0.553239
vt 0.672879 -1.625169
vt 0.718564 -1.649606
vt 0.669464 -1.750204
vt 0.656295 -0.054679
vt 0.724842 -0.032960
vt 0.726851 -0.158888
vt 0.655559 -1.327881
vt 0.775257 0.045431
vt 0.780566 -1.157770
vt 0.725421 -1.332650
vt 0.782908 -1.311876
vt 0.711910 -1.467330
vt 0.776885 -1.424506
vt 0.702213 0.163698
vt 0.528115 -1.848437
vt 0.602759 -1.844151
vt 0.523080 -1.933834
vt 0.418067 -1.943455
vt 0.631944 -1.520030
vt 0.092722 -2.071305
vt 0.270458 -2.026479
vt 0.281880 -2.080066
vt 0.100323 -2.124464
vt 0.090490 0.712460
vt -0.000004 0.749349
vt 0.000259 0.772394
vt 0.124165 -2.221621
vt 0.200836 -2.105096
vt 0.126426 -2.321973
vt 0.000005 -2.290125
vt 0.435185 -2.000877
vt 0.243045 -2.338056
vt 0.273473 -2.208904
vt -0.000011 0.692746
vt 0.000021 -2.125425
vt 0.255259 0.673292
vt 0.220622 0.738869
vt 0.390316 0.667460
vt 0.416230 0.585629
vt 0.543132 0.473485
vt 0.584595 0.506627
vt 0.643921 0.320209
vt 0.717818 0.289800
vt 0.305515 -1.939135
vt -0.000002 -2.020697
vt 0.517272 -1.761490
vt 0.579321 0.579971
vt 0.668123 0.476830
vt 0.725718 0.361135
vt 0.620752 0.207659
vt 0.451685 0.472907
vt 0.284487 0.582754
vt 0.100646 -0.834664
vt 0.000002 -0.857627
vt -0.000015 -0.813399
vt 0.579321 -0.834639
vt 0.469114 -0.848791
vt 0.483081 -0.791959
vt 0.361135 -0.848791
vt 0.476830 -0.833508
vt 0.375855 -0.769816
vt 0.229174 -0.834332
vt 0.793914 -1.392508
vt -1.817599 -0.836840
vt -1.758250 -0.724463
vt -1.992541 -0.416679
vt -1.311876 -0.888318
vt -1.263532 -0.840140
vt -1.278234 -0.767272
vt 0.777279 -1.309729
vt 0.803562 -1.315861
vt 0.792025 -1.252133
vt 0.787085 -1.456313
vt -1.320760 0.826965
vt -1.850651 -0.882676
vt 0.779311 0.017788
vt 0.800658 0.127913
vt 0.809590 -0.075017
vt 0.754213 -0.198275
vt 0.672950 -0.571519
vt 0.646531 -0.492198
vt 0.671435 -0.492200
vt 0.749982 0.208820
vt 0.777765 0.042721
vt 0.810118 -0.031868
vt 0.809045 0.041331
vt 0.749840 0.209590
vt 0.792738 0.165873
vt 0.690797 -0.360568
vt 0.726235 -0.365839
vt 0.519446 0.579146
vt 0.425880 0.651772
vt 0.576953 0.570924
vt 0.623342 0.466301
vt 0.423112 0.690782
vt 0.282118 0.760934
vt 0.324808 0.707225
vt 0.551218 -1.942870
vt 0.745399 0.330718
vt 0.698632 0.341673
vt 0.166058 0.793110
vt 0.000892 0.779475
vt 0.186131 0.755179
vt 0.803081 -0.126229
vt 0.779525 -0.222938
vt 0.712204 0.386257
vt 0.692528 0.436260
vt 0.551711 -1.932553
vt 0.484270 -2.032251
vt 0.645499 -1.863186
vt -1.315861 0.879240
vt -1.252133 0.893947
vt -1.424506 -0.887503
vt -0.000001 -2.203576
vt 0.429698 -2.029167
vt 0.320915 -2.067159
vt 0.282288 -2.253970
vt 0.336338 -2.395831
vt -2.411444 -0.275166
vt 0.355084 -0.848791
vt 0.239017 -0.833562
vt 0.367290 -0.770328
vt 0.284356 -2.209109
vt 0.347426 -2.130314
vt 0.333752 -2.068381
vt 0.711547 0.305876
vt 0.716869 0.376987
vt 0.645575 0.488716
vt 0.213587 0.862277
vt 0.000831 0.867862
vt -0.037526 0.862414
vt -0.267727 0.903154
vt 0.057901 0.903376
vt 0.116650 0.862277
vt 0.774750 0.057901
vt 0.802565 0.116650
vt 0.780966 0.252978
vt 0.305876 0.903664
vt 0.376987 0.862277
vt 0.705878 -1.502534
vt 0.654250 -1.663305
vt 0.573357 0.519861
vt 0.556964 0.587406
vt 0.375249 0.676480
vt 0.338094 0.735141
vt 0.213587 0.780366
vt 0.152804 0.904267
vt 0.000831 0.809352
vt -1.057630 -0.601986
vt 0.453654 0.670194
vt 0.375249 0.903630
vt 0.453654 0.862277
vt 0.338094 0.862277
vt 0.488716 0.862277
vt 0.587406 0.862277
vt 0.556964 0.862277
vt 0.367063 -1.979090
vt 0.633038 -1.519207
vt 0.163739 -2.061450
vt 0.710061 0.143630
vt 0.528095 -1.849239
vt 0.721438 -1.400917
vt 0.780283 -0.267727
vt 0.315887 -1.786770
vt -0.162454 -0.791922
vt 0.289800 -0.891481
vt 0.045431 -0.891143
vt 0.788188 0.229174
vt 0.805772 0.099207
vt 0.099207 -0.848791
vt -0.051347 -0.848904
vt -1.157770 -0.890651
vt 0.364166 -1.776310
vt -1.154484 -0.791959
vt 0.220622 -0.890956
vt 0.000259 -0.893271
vt 0.390316 -0.891424
vt 0.239017 0.784529
vt 0.355084 0.727796
vt 0.469114 0.660254
vt 0.579971 -0.834639
vt 0.731553 0.349715
vt -2.001447 -0.545913
vt -1.986331 -0.676208
vt -2.059769 -0.669184
vt -1.996993 -0.789496
vt 0.497646 -0.830584
vt 0.570145 -0.789496
vt 0.410963 -0.773015
vt 0.497646 -2.023474
vt 0.410963 -2.140707
vt 0.806231 0.150715
vt 0.195285 0.799039
vt 0.085439 0.816437
vt 0.074672 0.806776
vt 0.000000 0.814018
vt 0.800616 -0.126846
vt 0.814168 -0.147415
vt 0.779208 -0.246532
vt 0.747046 -0.354217
vt 0.732498 -0.347278
vt 0.487472 -0.747458
vt 0.596037 -0.669184
vt -1.901629 0.460656
vt -1.894868 0.320916
vt -1.944627 0.167133
vt -2.063146 0.017057
vt 0.487472 -2.105974
vt 0.570145 -1.996993
vt -2.269372 -0.395324
vt -2.092207 -0.403689
vt -2.101092 -0.270170
vt -1.938224 -0.280168
vt -1.841706 -0.285602
vt 0.679905 -0.585141
vt 0.675529 -0.626599
vt 0.687450 -0.632266
vt 0.680577 -0.595420
vt 0.691655 -0.496369
vt 0.646598 -0.645752
vt 0.646589 -0.589717
vt 0.000000 0.822767
vt 0.341808 0.745470
vt 0.429989 0.699904
vt 0.702550 0.427210
vt 0.696025 -0.348247
vt 0.646818 -0.648515
vt 0.682316 -0.666729
vt 0.679254 -0.518415
vt 0.679406 -0.614701
vt 0.682316 -0.661581
vt 0.678378 -0.646853
vt 0.669042 -0.633553
vt 0.679349 -0.557912
vt 0.679519 -0.493548
vt 0.688258 -0.490398
vt 0.679614 -0.492199
vt 0.680698 0.369273
vt 0.686363 -0.288753
vt 0.679133 0.369273
vt 0.590574 0.567507
vt 0.650048 0.483159
vt 0.687696 -0.584307
vt 0.698313 0.410291
vt -1.748687 -0.887109
vt 0.526992 0.629490
vt 0.487532 0.613141
vt 0.594210 0.550408
vt 0.734429 -0.370376
vt 0.834210 -0.387100
vt 0.745687 -0.369280
vt 0.204482 0.695299
vt 0.342652 0.693626
vt 0.000070 0.771551
vt 0.000000 0.768980
vt 0.354840 -0.675049
vt 0.513909 -0.564019
vt 0.358149 -0.616912
vt -0.000051 0.733546
vt 0.127882 0.727669
vt 0.101560 0.748293
vt -0.021826 0.745095
vt 0.805995 -0.176878
vt 0.830083 -0.000051
vt 0.821752 -0.204245
vt 0.834856 -0.337777
vt 0.358149 0.629412
vt -2.078404 -0.531096
vt -2.310956 -0.511356
vt -2.244866 -0.614035
vt -2.232837 -0.511969
vt -2.207163 -0.619115
vt -1.941522 -0.133099
vt 0.365026 -2.291003
vt -2.010769 0.572099
vt -2.020656 0.441299
vt -1.750204 -0.888977
vt 0.737918 -1.701325
vt 0.551218 -0.862625
vt -1.796025 -0.060945
vt 0.417254 -2.209865
vt 0.000474 0.724255
vt 0.127053 0.737321
vt 0.316806 0.727125
vt 0.204839 0.735812
vt 0.165720 0.747842
vt 0.313216 0.749633
vt 0.437308 0.735673
vt 0.422281 0.748941
vt 0.521005 0.746903
vt 0.568874 0.593846
vt 0.437308 0.705952
vt 0.521005 0.656368
vt 0.595035 0.591304
vt 0.635096 0.524285
vt 0.492435 0.529804
vt 0.570271 0.520158
vt 0.198998 -0.735174
vt 0.204482 -0.682799
vt 0.049573 -0.711073
vt 0.000000 0.747500
vt 0.000000 0.725000
vt 0.039751 0.723900
vt 0.492435 -0.517304
vt 0.600074 -0.389366
vt 0.600074 0.401866
vt 0.741423 0.205248
vt 0.681300 0.361088
vt -0.027500 0.746780
vt -0.027500 0.725720
vt 0.000011 -0.735528
vt -0.027500 -0.713220
vt -0.027500 -0.734280
vt 0.341836 -2.137512
vt 0.287937 -2.116521
vt 0.681072 -1.817599
vt 0.609288 -1.850651
vt 0.675243 0.252520
vt 0.713872 0.089848
vt -2.171478 -0.397689
vt -2.155362 -0.519092
vt -2.133060 -0.634785
vt -2.105974 -0.747458
vt -1.942870 -0.862625
vt 0.713872 -0.077348
vt 0.766652 -0.033582
vt 0.625468 -0.439698
vt 0.716793 -0.268554
vt 0.675243 -0.240020
vt 0.445949 0.631717
vt -1.996178 0.699072
vt -2.069149 0.674897
vt -2.087307 0.554508
vt -1.685116 0.020671
vt -1.456313 0.886758
vt -2.180996 -0.129354
vt -2.261603 -0.268317
vt 0.526498 -2.207163
vt 0.439268 -2.174676
vt 0.812517 0.027695
vt 0.816999 0.027893
vt 0.127053 0.821224
vt 0.198766 0.789988
vt 0.000474 0.820378
vt 0.000014 0.778488
vt 0.000004 0.813386
vt 0.302909 0.717820
vt 0.311242 0.748129
vt 0.500770 0.636652
vt 0.483924 0.659471
vt 0.799088 0.202027
vt 0.678267 -0.665619
vt 0.646991 -0.678401
vt 0.646535 0.629131
vt 0.646991 0.654040
vt 0.676166 0.598799
vt 0.646701 0.564699
vt 0.677283 0.562507
vt 0.671451 0.369266
vt 0.646886 0.390190
vt 0.639391 0.447493
vt 0.676960 -0.562293
vt 0.653346 -0.484853
vt 0.646507 -0.594785
vt 0.706261 -0.409489
vt 0.690964 -0.481800
vt 0.128468 0.767467
vt 0.703081 0.331722
vt 0.759930 -0.176877
vt 0.653525 -0.486435
vt 0.204839 0.803348
vt 0.462721 0.626085
vt 0.646528 -0.564444
vt 0.646540 -0.619646
vt 0.646818 -0.671249
vt 0.686612 0.376557
vt 0.681212 0.631637
vt 0.678267 0.671614
vt 0.680914 -0.633184
vt 0.688666 0.565092
vt 0.680898 0.369662
vt 0.819217 -0.070927
vt 0.810402 0.127882
vt 0.774414 0.292454
vt 0.756436 -0.359424
vt -1.913746 0.785032
vt -2.122490 0.674834
vt 0.637891 -1.996178
vt 0.703694 -1.881381
vt 0.549875 -2.122490
vt -2.099873 0.429818
vt -2.080233 0.301623
vt 0.316806 0.757883
vt 0.728848 0.395035
vt -0.674292 0.748102
vt 0.439268 -0.720603
vt 0.273473 -0.784824
vt -1.863186 0.854282
vt -2.971851 0.357737
vt -2.979292 0.361088
vt 0.239246 -2.971851
vt 0.235928 -2.978168
vt 0.342652 -2.979386
vt 0.351487 -2.971851
vt 0.351487 0.696083
vt 0.445949 -2.979292
vt 0.475216 0.619876
vt 0.545387 0.551637
vt 0.579572 -2.972572
vt 0.545387 -2.976381
vt 0.579572 0.520077
vt 0.623989 0.459605
vt -2.976381 0.459605
vt 0.121376 -2.974801
vt -2.976381 0.244593
vt 0.687228 -0.343910
vt 0.505747 -0.578652
vt -2.971851 0.006250
vt -2.976381 0.006250
vt -2.976381 -0.114407
vt -2.971851 -0.114864
vt -2.976381 -0.232093
vt -2.971851 -0.232996
vt -2.976381 -0.343910
vt -0.241697 0.762477
vt 0.840132 -0.242123
vt -2.976381 0.126907
vt -0.241895 0.753668
vt -0.241790 0.757900
vt -2.971851 -0.345237
vt -0.453160 0.768910
vt -0.241626 0.767121
vt -0.019361 0.756482
vt -0.019278 0.762468
vt 0.239246 -2.971851
vt 0.238343 -2.976381
vt 0.120657 -2.976381
vt 0.121114 -2.971851
vt 0.000000 -2.971851
vt 0.000359 -2.980652
vt 0.000000 -0.765043
vt 0.120657 -0.755547
vt 0.000000 -0.760483
vt 0.761797 -0.114407
vt 0.733543 -0.232093
vt -2.979906 -0.268554
vt 0.547454 -2.971851
vt 0.455073 -2.971851
vt 0.455073 -0.620105
vt 0.319864 -0.699536
vt 0.394507 -0.660825
vt 0.238343 -0.727294
vt 0.198998 -2.979906
vt -2.979897 -0.033582
vt 0.235928 0.738631
vt 0.000359 0.774540
vt -2.979292 -0.439698
vt 0.601485 -0.482747
vt 0.547454 -0.541204
vt 0.354840 -2.979292
vt 0.432947 0.649957
vt 0.000000 -2.976381
vt 0.000000 -2.971851
vt 0.121376 0.769530
vt -2.976381 0.551637
vt -2.979906 0.520158
vt 0.733543 0.244593
vt 0.761797 0.126907
vt 0.771293 0.006250
vt 0.431129 0.749311
vt 0.395035 0.734894
vt 0.847486 -0.681001
vt 0.846144 -0.578699
vt 0.212110 0.747351
vt 0.292454 0.733670
vt 0.671338 0.505094
vt 0.721855 0.431129
vt 0.591304 0.748754
vt 0.505094 0.751891
vt 0.524285 0.729455
vt 0.212733 0.765066
vt -0.754729 0.729823
vt 0.847854 -0.810878
vt 0.844449 -0.754729
vt 0.847203 -0.740495
vt 0.842850 -0.453325
vt 0.843731 -0.453315
vt 0.840933 -0.770950
vt 0.835639 -0.693332
vt -0.019515 0.750917
vt -0.242123 0.747098
vt -0.242010 0.750015
vt -0.019275 0.768529
vt 0.599692 0.768218
vt 0.595035 0.748754
vt 0.844742 -0.019515
vt 0.843544 -0.242010
vt 0.202027 0.729585
vt 0.473082 -2.359544
vt 0.000000 -0.716994
vt 0.085439 -0.715168
vt 0.195285 -0.716127
vt 0.277064 0.786147
vt 0.179115 0.810524
vt 0.102405 0.829242
vt -0.713275 -0.584307
vt 0.852925 -0.593665
vt -0.721040 -0.490398
vt 0.840933 0.719423
vt 0.681212 -0.697091
vt 0.496004 -2.282983
vt 0.510313 -2.244866
vt 0.586573 -2.310956
vt 0.488350 -2.290774
vt 0.513249 0.778159
vt 0.575303 0.819374
vt 0.551711 0.883223
vt -0.721117 0.376557
vt -2.282983 -0.611173
vt -2.359544 -0.611945
vt -0.719799 -0.288753
vt -0.715554 0.369662
vt 0.575303 -1.976405
vt -1.976405 0.819374
vt -2.067807 0.778159
vt 0.549875 0.674834
vt 0.429683 0.733840
vt 0.517601 -2.215526
vt 0.429683 -2.182775
vt -0.697091 0.631637
vt 0.848620 0.662983
vt -0.718950 0.565092
vt 0.853731 0.521333
vt 0.844842 0.592015
vt 0.846557 -0.067374
vt 0.568020 -2.365083
vt 0.610846 -2.199897
vt 0.689833 -0.345237
vt 0.638110 -0.434709
vt -2.215526 0.635934
vt -2.290774 0.627714
vt 0.027908 -0.100215
vt 0.001279 -0.104039
vt 0.077785 -0.065719
vt 0.000000 -0.105779
vt 0.000000 0.103011
vt 0.547815 0.633931
vt 0.548008 0.554258
vt -2.266840 0.292540
vt 0.484270 0.844430
vt 0.343982 0.759729
vt 0.513249 -2.067807
vt 0.716735 0.412868
vt 0.429989 -0.715241
vt 0.851374 -0.642503
vt 0.850625 -0.669720
vt 0.679406 -0.698448
vt 0.850625 -0.831039
vt 0.838859 -0.703775
vt 0.150715 -0.715090
vt 0.810488 0.208419
vt 0.285957 -0.714604
vt 0.762170 -0.153769
vt 0.732210 -0.154380
vt 0.714282 -0.082907
vt 0.748047 -0.083340
vt 0.625693 -0.081201
vt 0.686509 -0.155177
vt 0.625163 -0.156244
vt -0.027500 0.883825
vt -0.026810 0.887572
vt 0.581067 0.884389
vt -0.027500 0.887572
vt -0.119236 -0.825682
vt 0.104720 -0.874551
vt -0.027464 -0.875658
vt 0.491035 -0.822916
vt 0.448596 -0.848153
vt 0.383775 -0.865087
vt -0.027502 -0.896697
vt -0.107418 -0.894638
vt -0.126999 -0.833200
vt -0.127500 -0.874072
vt -0.123896 -0.828750
vt 0.222502 -0.874282
vt 0.567502 -0.874072
vt 0.523279 -0.894788
vt 0.222434 -0.894805
vt 0.567571 -0.894638
vt -0.115044 0.222459
vt 0.725886 0.219726
vt 0.710609 0.250429
vt -0.115044 0.247547
vt -0.121605 0.247531
vt -0.125772 0.222500
vt 0.222500 -0.829285
vt 0.247531 -0.826421
vt 0.247507 -0.833314
vt -0.072259 -0.895736
vt -0.033634 -0.896752
vt -0.072231 -0.862383
vt 0.455534 -0.862445
vt 0.502270 -0.895608
vt 0.501817 -0.862397
vt 0.502416 -0.896922
vt 0.498707 -0.896939
vt 0.499886 -0.862225
vt 0.503774 -0.862238
vt -0.027001 -0.896922
vt -0.030676 -0.862238
vt -0.033768 -0.862248
vt -0.031095 -0.896808
vt -0.032777 -0.862245
vt -0.029335 -0.862233
vt 0.455352 -0.862403
vt 0.429654 -0.862382
vt 0.291298 -0.896934
vt 0.360351 -0.862403
vt 0.429828 -0.862492
vt 0.360177 -0.862484
vt 0.290618 -0.895594
vt 0.334422 -0.862470
vt -0.074990 -0.895659
vt -0.072625 -0.862384
vt -0.070000 -0.895789
vt -0.076682 -0.862398
vt 0.288179 -0.896917
vt 0.291313 -0.862226
vt 0.289896 -0.862228
vt 0.288891 -0.862398
vt 0.285317 -0.895659
vt 0.285999 -0.896876
vt 0.287542 -0.862233
vt 0.334654 -0.862383
vt -0.028497 -0.896876
vt -0.077110 -0.895608
vt -0.072231 -0.862383
vt -0.076287 -0.862397
vt -0.072259 -0.895736
vt -0.127500 0.430002
vt -0.128499 0.359988
vt -0.077500 0.360177
vt -0.077500 0.429828
vt -2.315047 0.435275
vt -2.979997 0.401866
vt -2.979997 0.529804
vt 0.492435 -2.979997
vt 0.358149 -2.979997
vt 0.453473 -2.334576
vt -2.334576 0.565287
vt -2.189900 0.139984
vt -2.979997 0.089848
vt -2.249383 0.251695
vt -2.979997 0.252520
vt -1.617498 0.883825
vt -1.892497 0.888286
vt -1.617498 0.887572
vt -1.942671 0.908938
vt -1.988500 0.885317
vt -2.043038 0.898786
vt -1.892497 0.883825
vt 0.532518 0.909350
vt 0.688184 0.898083
vt 0.640084 0.884500
vt 0.532506 0.887863
vt 0.702745 0.871463
vt -2.102697 0.873254
vt -2.090560 0.856003
vt -2.098146 0.850049
vt -2.178862 0.780421
vt 0.757862 0.829810
vt 0.736856 0.851947
vt 0.748817 0.869176
vt 0.702745 0.871463
vt -0.027500 -1.617498
vt 0.309034 -1.704939
vt 0.297849 -1.738122
vt -0.027500 -1.892497
vt 0.324914 -1.759364
vt 0.337728 -1.898872
vt 0.304963 -1.750010
vt -0.027500 -1.892497
vt 0.337737 -1.898872
vt 0.299282 -1.714722
vt 0.333072 -1.702872
vt -0.027500 -1.617498
vt 0.567861 -0.875658
vt 0.675361 -0.866728
vt 0.567842 -0.896697
vt 0.615862 -0.894864
vt 0.026145 -0.934986
vt 0.030896 -0.931108
vt 0.000000 -0.932101
vt 0.000369 -0.898291
vt 0.032511 -0.874716
vt 0.092223 -0.874339
vt 0.054786 -0.928190
vt 0.000000 -0.897613
vt 0.000612 -0.930352
vt 0.066874 -0.932673
vt 0.035330 -0.874698
vt -0.027500 -0.896893
vt -0.027500 -0.875075
vt -0.027500 -0.875075
vt -0.027500 -0.896897
vt -0.105779 -0.937029
vt -0.101690 -0.930352
vt -0.104039 -0.936313
vt 0.039873 -0.932666
vt 0.044775 -0.874338
vt 0.075407 -0.932673
vt 0.092092 -0.874338
vt -0.065719 -0.929729
vt -0.044499 -0.874339
vt -0.003213 -0.932663
vt 0.077785 -0.929729
vt 0.001279 -0.936313
vt 0.027725 -0.937157
vt 0.000000 -0.935430
vt 0.100961 -0.875075
vt 0.222154 -0.875075
vt 0.100961 -0.896897
vt 0.222154 -0.896900
vt 0.725886 -0.818575
vt -0.115044 -0.825032
vt 0.608269 -0.871201
vt -0.027500 -0.875075
vt -0.125772 -0.829285
vt 0.644940 -0.864507
vt -0.107507 -0.894805
vt -0.027500 -0.896900
vt 0.693222 -0.846797
vt -0.127500 -0.874282
vt -0.100960 -0.896893
vt -1.892497 -0.875788
vt -1.617498 -0.875075
vt -1.617498 -0.871325
vt -1.892497 -0.871325
vt -0.100960 -0.875075
vt -2.204419 -0.752239
vt -2.086738 -0.846637
vt -2.217603 -0.768010
vt -2.109915 -0.855136
vt 0.300344 0.920081
vt 0.316627 0.883818
vt 0.315741 0.920012
vt 0.408524 0.920081
vt 0.393996 0.883823
vt 0.422302 0.883818
vt 0.370185 0.920208
vt 0.367560 0.883823
vt 0.393996 0.883823
vt 0.385666 0.919925
vt 0.344753 0.883825
vt 0.332311 0.919994
vt 0.349399 0.920170
vt 0.317922 0.883823
vt 0.311794 0.920208
vt 0.409846 0.883815
vt 0.381093 0.920170
vt 0.395003 0.920140
vt 0.406999 0.920266
vt 0.374960 0.883825
vt 0.316627 0.883818
vt 0.335674 0.920177
vt 0.315741 0.920012
vt 0.350688 0.883815
vt 0.350146 0.920266
vt 0.000000 0.794015
vt -0.027502 0.779630
vt -0.027500 0.795851
vt -0.000121 0.779786
vt -1.704939 0.883822
vt -1.705159 0.919984
vt -1.722153 0.920075
vt -1.738122 0.883824
vt -1.728058 0.920075
vt -1.735893 0.920075
vt 0.318338 0.920099
vt 0.324914 0.883838
vt 0.311250 0.920075
vt 0.305170 0.920075
vt -1.748111 0.920075
vt 0.297849 0.883824
vt 0.352865 0.883817
vt 0.344296 0.920087
vt 0.328902 0.920277
vt -1.739100 0.920152
vt -1.727698 0.919955
vt -1.737264 0.883817
vt -1.750269 0.920087
vt -1.709131 0.883824
vt -1.737264 0.883817
vt -1.707126 0.920203
vt -1.727698 0.919955
vt 0.309034 0.883822
vt 0.342585 0.920203
vt 0.311446 0.919984
vt 0.344026 0.883824
vt 0.269686 -1.709265
vt 0.298828 -1.735893
vt 0.299376 -1.722153
vt 0.327347 -1.672545
vt 0.311446 -1.705159
vt 0.342585 -1.707126
vt 0.377247 0.949991
vt 0.327347 0.950075
vt 0.342585 0.920203
vt -1.709265 0.949933
vt -1.765614 0.950347
vt -1.735893 0.920075
vt 0.277616 -1.765614
vt 0.311250 -1.753813
vt 0.305170 -1.748111
vt 0.311250 0.920075
vt 0.277616 0.950347
vt 0.326216 0.949909
vt 0.377247 -1.698199
vt 0.352606 -1.727698
vt 0.326216 -1.789096
vt 0.328902 -1.757372
vt 0.318338 -1.756710
vt 0.298813 -1.678807
vt 0.318338 0.920099
vt 0.298813 0.950075
vt 0.311446 0.919984
vt -1.698199 0.949991
vt -1.727698 0.919955
vt -1.763035 0.949949
vt 0.374196 0.949949
vt 0.344296 0.920087
vt 0.350950 -1.739100
vt 0.344296 -1.750269
vt 0.374196 -1.763035
vt -1.739100 0.920152
vt 0.277115 0.360516
vt 0.313371 0.338691
vt 0.311794 0.370185
vt 0.298727 0.385666
vt 0.399635 0.950075
vt 0.360516 0.949965
vt 0.385666 0.919925
vt 0.267687 0.399635
vt 0.300344 0.408524
vt 0.437554 0.950172
vt 0.408524 0.920081
vt 0.383750 0.399439
vt 0.362200 0.440023
vt 0.350146 0.406999
vt 0.352500 0.395003
vt 0.349399 0.381093
vt 0.399439 0.949868
vt 0.381093 0.920170
vt 0.356368 0.950163
vt 0.315741 0.421202
vt 0.284115 0.437554
vt 0.335674 0.421167
vt 0.325090 0.453103
vt 0.315741 0.920012
vt 0.325090 0.949945
vt 0.284115 0.950172
vt 0.313371 0.950075
vt 0.343149 0.950456
vt 0.332311 0.919994
vt 0.343149 0.339916
vt 0.368858 0.356368
vt 0.332311 0.368016
vt 0.362200 0.949756
vt 0.335674 0.920177
vt 0.269214 -1.711597
vt 0.297625 -1.679431
vt 0.305818 -1.709420
vt 0.304963 -0.871324
vt 0.340046 -0.871319
vt 0.307798 -0.907598
vt -1.709372 -0.937490
vt -1.776310 -0.937280
vt -1.732922 -0.907534
vt 0.364166 -1.776310
vt 0.327974 -1.757618
vt 0.338750 -1.753813
vt 0.353232 -1.732922
vt 0.347816 -1.714310
vt 0.381319 -1.709372
vt 0.327974 -0.907696
vt 0.364166 -0.937280
vt 0.315887 -0.937572
vt 0.283236 -0.937332
vt 0.344976 -1.748976
vt 0.283236 -1.773123
vt 0.315887 -1.786770
vt 0.349375 -1.677919
vt 0.331187 -1.702311
vt 0.338750 -0.907691
vt 0.296934 -1.730807
vt 0.307798 -1.752695
vt 0.344976 -0.907625
vt -1.773123 -0.937332
vt -1.711597 -0.937461
vt -1.730807 -0.907643
vt -1.755720 -0.871319
vt -1.722842 -0.871324
vt -1.748976 -0.907625
vt 0.347816 -0.907567
vt 0.331187 -0.907497
vt 0.381319 -0.937490
vt 0.323320 -0.937575
vt 0.349375 -0.937575
vt 0.323320 -1.672522
vt -1.730807 -0.907643
vt -1.714722 -0.871320
vt -1.750010 -0.871324
vt -1.752695 -0.907598
vt -1.709420 -0.907272
vt 0.305818 -0.907272
vt 0.331187 -0.907497
vt 0.299282 -0.871320
vt 0.333072 -0.871326
vt -1.714310 -0.907567
vt -1.732922 -0.907534
vt -1.722842 -0.871324
vt -1.702872 -0.871326
vt 0.331187 -0.907497
vt 0.347816 -0.907567
vt 0.333072 -0.871326
vt 0.000000 0.794901
vt -0.027500 0.795360
vt -0.027513 0.780561
vt 0.000061 0.780335
vt -2.971851 0.357737
vt -2.973769 0.199043
vt -2.966921 0.327750
vt -2.967497 0.245738
vt -2.967497 0.781250
vt -2.980652 0.774540
vt -2.971851 0.780467
vt -2.979995 0.768980
vt -2.980340 0.771551
vt -0.108838 -0.937575
vt -0.100001 -0.897613
vt -0.101690 -0.930352
vt -0.105779 -0.937029
vt -1.426943 -0.656273
vt -1.473063 -0.681241
vt -1.426910 -0.681266
vt -1.413705 0.243847
vt -1.426943 0.243727
vt -1.428336 0.218737
vt -1.413705 -0.656153
vt -1.473168 -0.456250
vt -1.473168 -0.431250
vt -1.484331 -0.775444
vt -1.428336 -0.456263
vt -1.426943 -0.431273
vt -0.516176 0.443612
vt -0.522434 0.468946
vt -0.510453 0.468847
vt -0.516176 -0.006388
vt -0.522434 0.018946
vt -0.510453 0.018847
vt -0.790969 0.216211
vt -0.790913 0.246289
vt -0.522434 0.243946
vt -0.516176 0.218612
vt -0.510453 0.243847
vt -0.505496 0.218696
vt -1.419143 0.218696
vt -0.791171 -0.008791
vt -1.413705 0.018847
vt -1.426943 0.018727
vt -1.428336 -0.006263
vt -1.419143 -0.681304
vt -0.516176 -0.681388
vt -0.510453 -0.656153
vt -0.505496 -0.681304
vt -0.522434 -0.656054
vt -0.516176 -0.456388
vt -0.510453 -0.431153
vt -0.505496 -0.456304
vt -0.788250 -0.683765
vt -0.505496 -0.006304
vt -1.419143 -0.006304
vt -0.790957 -0.233789
vt -0.791002 -0.203710
vt -0.522434 -0.206054
vt -0.516176 -0.231388
vt -0.510453 -0.206153
vt -0.505496 -0.231304
vt -1.413705 -0.206153
vt -1.428336 -0.231263
vt -1.419143 -0.231304
vt -1.413705 -0.431153
vt -1.419143 -0.456304
vt -1.426943 -0.206273
vt -0.789448 -0.653724
vt -0.522434 -0.431054
vt -0.791839 -0.459063
vt -0.790754 -0.428713
vt -1.473209 0.469303
vt -1.473136 0.498052
vt -1.487527 0.485683
vt -1.484398 0.503283
vt -1.473168 -0.206250
vt -0.496839 -1.485595
vt -0.487057 -1.473234
vt -0.497760 -1.473187
vt -1.473168 0.243750
vt -1.473168 -0.006250
vt -1.473168 0.018750
vt -1.473168 0.218750
vt -1.413705 0.468847
vt -1.426943 0.468727
vt -1.426910 0.443734
vt -1.473168 -0.231250
vt -1.473168 -0.656250
vt -0.791166 0.021291
vt -1.472848 0.443759
vt -0.505520 -1.473136
vt -0.520029 -1.474854
vt -0.510625 -1.484398
vt -0.790648 0.441213
vt -0.790617 0.471286
vt -1.419143 0.443696
vt -1.473187 -0.786885
vt -0.505496 0.443696
vt -1.485595 -0.788480
vt -1.148444 0.075514
vt -1.160102 0.067576
vt -1.150075 0.050328
vt -1.139480 0.037348
vt -1.160470 0.019455
vt -1.156609 0.008638
vt -1.170992 0.081410
vt -1.171385 0.068074
vt -1.053968 -0.601809
vt -0.902451 -0.307312
vt -0.901834 0.513094
vt -0.423132 0.491022
vt -0.489834 0.550889
vt -0.327754 0.643318
vt -0.251052 0.616975
vt -0.162184 0.718705
vt -0.029999 0.714028
vt -0.030096 0.645832
vt -1.141505 0.063056
vt -1.093176 0.617310
vt -1.162211 0.082507
vt -1.237904 0.005474
vt -1.330465 -0.369487
vt -1.162549 0.007695
vt -1.157743 0.021850
vt -1.870035 0.705159
vt -1.731748 0.741600
vt -1.812585 0.814160
vt -1.899708 0.573382
vt -1.765289 0.615058
vt -1.551164 0.811454
vt -1.382216 0.823619
vt -1.544763 0.847307
vt -1.161307 0.068237
vt -1.171385 0.068074
vt -1.151827 0.056371
vt -1.150672 0.039583
vt -0.497212 0.418419
vt -0.881738 0.624132
vt -1.229402 0.081247
vt -1.238574 0.742890
vt -1.182581 0.075008
vt -0.406211 0.828359
vt -0.515076 0.800997
vt -0.420082 0.755822
vt 0.572182 0.800997
vt 0.477865 0.800997
vt 0.523247 0.756748
vt -1.641893 0.634810
vt -1.534794 0.645290
vt -1.587504 0.761093
vt -1.431338 0.763180
vt -1.243586 0.824290
vt -1.698321 0.799211
vt -1.471867 -0.807141
vt -1.222527 -0.827315
vt -1.235826 -0.797061
vt -1.407205 -0.459063
vt -1.389449 -0.723631
vt -1.233913 -0.726480
vt -0.363937 -0.741133
vt -0.370996 -0.710436
vt -0.364781 -0.759874
vt -0.297096 0.800997
vt -0.344694 0.755859
vt -0.231637 0.756597
vt -0.580056 0.756748
vt -0.518219 0.754732
vt 0.130164 -0.711400
vt -0.019371 -0.709733
vt 0.116035 -0.742634
vt -1.142257 0.024439
vt -0.200586 -0.751642
vt -0.150343 -0.711402
vt -0.262375 -0.710120
vt -0.322478 -0.755348
vt -0.343498 -0.710693
vt -1.229393 0.022921
vt -0.020574 -0.748460
vt -0.080393 -0.746237
vt -0.360189 -0.741133
vt 0.370584 -0.711283
vt 0.335703 -0.763989
vt 0.464053 -0.771332
vt -0.897823 -0.548475
vt 0.207752 -0.765517
vt 0.245181 -0.711359
vt 0.464761 0.755849
vt 0.363736 0.828983
vt -0.680255 -0.054935
vt -0.737771 -0.054291
vt -0.720006 0.087509
vt -0.696839 0.242792
vt -0.603008 0.277253
vt 0.097642 0.795996
vt 0.105785 0.758692
vt 0.205903 0.755751
vt 0.249003 0.800997
vt 0.288493 0.757752
vt -1.437031 0.850204
vt -1.460420 -0.771615
vt -1.407464 0.471286
vt -1.398149 0.339050
vt -1.402245 0.638730
vt -1.471666 0.516263
vt -1.240048 0.081256
vt -1.392215 0.022859
vt -1.374393 -0.840437
vt -1.471972 -0.843957
vt -0.744062 0.097093
vt -0.598881 0.404385
vt -0.665844 0.363736
vt -0.586644 0.464166
vt -0.406211 0.640776
vt -1.407461 0.246289
vt -1.471664 0.441244
vt -0.732038 -1.237258
vt -0.737612 -1.437031
vt -0.768876 -1.243586
vt -1.471663 -0.428742
vt -1.407462 -0.428713
vt -1.471656 0.021269
vt -1.407459 0.021291
vt -1.471658 -0.203734
vt -1.407460 -0.203710
vt -1.471656 -0.008769
vt -0.719193 0.101805
vt -0.661361 -0.012375
vt -0.628460 0.238247
vt -1.407461 -0.233789
vt -1.407464 0.441213
vt -1.494550 0.512428
vt -1.471665 0.471255
vt -1.599958 0.358844
vt -1.734905 0.420294
vt -1.472050 -0.683780
vt -1.471664 -0.458756
vt -1.471671 -0.653758
vt -1.407474 -0.653724
vt -1.407485 -0.683765
vt -0.174014 0.800997
vt -1.407459 -0.008791
vt -1.665449 0.849426
vt -1.471659 -0.233765
vt -1.471659 0.216235
vt -1.407461 0.216211
vt -0.092656 0.043552
vt -0.171367 0.159872
vt -0.639332 -0.168116
vt -0.195113 0.197245
vt -0.579501 0.245332
vt -0.611745 0.152364
vt -0.187816 0.182812
vt -0.030003 0.151353
vt -0.030276 0.168054
vt -0.166404 0.186214
vt -0.170982 0.197245
vt -0.176415 0.172354
vt -0.412762 0.459232
vt -0.474410 0.454811
vt -0.030014 -0.170243
vt -0.031008 -0.096152
vt -0.091819 -0.045284
vt -0.137192 0.576821
vt -0.139434 0.224694
vt -0.125319 0.214669
vt -0.150630 0.523564
vt -0.150630 0.216886
vt -0.140692 0.221279
vt -0.031244 0.096263
vt -0.075000 0.495003
vt -0.174321 0.561715
vt -0.191521 0.600660
vt -0.153340 0.179528
vt -0.636325 -0.015473
vt -0.237106 0.608573
vt -0.206035 -0.743469
vt -0.216521 -0.797558
vt -0.123097 -0.797558
vt -0.131840 -0.743184
vt -0.029984 -0.771503
vt -0.723107 -0.182895
vt -0.626005 -0.181283
vt -0.661306 -0.293711
vt -0.713125 -0.082631
vt -0.625485 -0.081258
vt -0.625418 -0.156257
vt -0.357652 0.627139
vt -0.300567 0.686630
vt -0.410785 0.627103
vt -0.498911 0.545294
vt -0.583024 0.454608
vt -0.053513 0.782676
vt 0.115420 -0.783987
vt 0.260150 -0.788110
vt 0.362118 -0.788109
vt 0.079850 -0.824951
vt -0.167639 -0.795193
vt -0.167835 -0.848546
vt -0.663676 -1.305181
vt -0.724155 -1.471972
vt -0.673534 -1.472268
vt -0.675563 -0.406811
vt -0.639400 -1.166759
vt -0.652936 -0.322713
vt -0.661082 0.300363
vt -0.753669 -0.198087
vt -0.745309 -0.292753
vt -0.696134 -0.197859
vt -0.079598 -0.788110
vt -0.253526 0.687419
vt -0.671266 -0.154984
vt -0.313933 -0.745403
vt -0.170982 0.562143
vt -0.030017 -0.745757
vt -0.030228 -0.827974
vt -0.030000 -0.810189
vt -0.187134 -0.838228
vt -0.254374 -0.811485
vt -0.377709 0.536718
vt -0.153804 0.827952
vt -0.153400 0.783019
vt -0.134692 0.840686
vt -0.731785 -0.154321
vt -0.765814 -0.153804
vt -0.755927 -0.134692
vt -0.083996 0.784830
vt -0.083685 0.832322
vt -0.134499 0.770329
vt -0.253526 -0.844407
vt -0.030021 -0.861487
vt 0.374887 0.755634
vt -0.047086 0.763831
vt 0.006301 -0.742859
vt -0.176317 0.617416
vt -0.199795 0.624275
vt -0.178715 0.605689
vt -0.029999 0.641742
vt -0.098786 0.649664
vt -0.155803 0.616199
vt -0.385055 -0.756604
vt 0.014262 -0.842930
vt -0.006148 -0.745021
vt 0.010672 -0.759136
vt 0.000216 -0.858505
vt 0.002905 -0.749109
vt -0.539544 -0.709677
vt -0.583086 -0.758359
vt -0.526537 -0.772727
vt -0.440582 -0.771258
vt -0.693984 -1.582961
vt -0.719496 -1.544763
vt -0.557039 0.298303
vt -0.606660 0.192195
vt -0.563317 0.298194
vt -0.340619 0.537925
vt -0.227215 0.535943
vt -0.638539 -1.417759
vt -0.649198 -1.510380
vt -0.669040 -1.230572
vt -0.645387 -0.829382
vt -0.030000 0.619522
vt -0.763950 -0.083685
vt -0.416852 0.788012
vt -0.282356 0.782000
vt -0.429025 0.800997
vt -1.236403 0.800998
vt -0.828565 0.715367
vt -0.727596 0.770502
vt -0.176353 0.630011
vt -0.190655 0.637506
vt -0.336892 -0.801959
vt -0.030008 0.210112
vt -0.030000 0.222734
vt 0.517230 -0.758359
vt 0.468899 -0.711157
vt 0.561774 -0.709677
vt -0.303652 -0.741060
vt -0.184028 0.786150
vt -0.498911 -0.838852
vt -0.030008 -0.295243
vt -0.030008 -0.195539
vt -0.666774 -0.293020
vt -0.100000 -1.475262
vt -0.620991 -1.472534
vt 0.308754 -0.826288
vt -0.135623 0.205644
vt -0.041263 0.714210
vt -0.030007 0.714216
vt -0.030228 0.750483
vt -0.187134 0.715052
vt -0.283261 -0.790363
vt -0.410785 -0.825827
vt 0.570261 -0.772727
vt -0.732296 -0.406785
vt -0.732017 -1.215909
vt -0.739830 -1.374393
vt -0.030021 0.688666
vt -0.161918 0.646788
vt -0.846265 -0.678954
vt -0.790446 -0.728613
vt -0.758246 -0.535025
vt -0.756948 -1.222527
vt -1.216179 -0.788110
vt -0.000143 0.716545
vt 0.000016 0.755348
vt -0.120476 0.754901
vt -0.164025 0.721429
vt -0.120438 0.723424
vt -0.180415 0.763571
vt -0.268485 0.723859
vt -0.020829 0.756427
vt 0.286529 0.723851
vt 0.284777 0.753671
vt -0.741605 -0.323020
vt -0.258365 0.753480
vt -0.342918 0.722762
vt -0.303679 0.767393
vt 0.122830 0.723918
vt 0.092781 0.754096
vt 0.056308 0.723022
vt 0.436039 0.723694
vt -0.576281 -0.779212
vt -0.562324 0.723524
vt -0.488948 0.722213
vt -0.733797 -0.167835
vt -0.751079 0.079850
vt -0.869014 -0.641687
vt -0.685955 0.308754
vt -1.235024 0.005109
vt -1.176204 0.064583
vt -1.170992 0.081410
vt -0.300567 -0.825827
vt 0.454608 -0.838852
vt 0.545294 -0.838852
vt -0.406937 -0.788110
vt -0.298490 -0.768893
vt -0.701787 -0.764603
vt -0.198143 -0.794824
vt -0.292753 -0.840364
vt -0.198087 -0.832078
vt -0.323143 -0.794823
vt -0.292627 -0.795400
vt -0.758249 -0.406936
vt -0.596242 0.791273
vt -1.236217 0.840686
vt -0.711286 0.560883
vt -0.686871 0.640957
vt -0.748987 0.557523
vt -0.712616 0.369266
vt -0.750561 -0.404199
vt -0.722457 -0.646967
vt -0.668388 -0.656733
vt -0.692171 -0.620525
vt -0.706269 -0.572983
vt -0.747251 -0.562558
vt -0.029984 0.575664
vt -0.000206 -0.705392
vt -0.216986 -0.709409
vt -0.288610 0.689570
vt -0.605718 -0.736057
vt -0.508755 -0.753551
vt -0.568936 -0.702497
vt -0.622091 -0.685260
vt -0.669309 -0.705221
vt -0.030000 0.568101
vt -0.494574 0.722082
vt -0.405555 0.724051
vt -0.527857 0.764481
vt -0.551476 0.716833
vt -0.618047 0.700808
vt -0.000613 -0.741333
vt -0.597805 0.840685
vt -0.625578 -0.056232
vt -0.288610 0.840686
vt -0.162184 0.853020
vt -0.030230 0.803311
vt -0.029994 0.756998
vt -0.044625 0.746081
vt -0.029987 0.743904
vt -0.728745 -0.597102
vt -0.756501 -0.183574
vt -0.053827 0.827969
vt 0.097093 0.841106
vt 0.242792 0.853020
vt 0.464166 0.840686
vt -1.471660 0.246264
vt -0.442734 -0.711419
vt -0.030009 -0.320539
vt -0.719125 0.667816
vt -0.651454 0.681095
vt -0.406936 -0.825827
vt -0.323020 -0.843924
vt -0.535025 -0.825827
vt -0.030000 -1.617497
vt -0.100000 -1.494738
vt -0.401029 0.769122
vt 0.537052 0.723524
vt 0.581567 0.754732
vt -0.231637 0.746636
vt -0.258365 0.733483
vt -0.120476 0.769744
vt -0.712620 -0.478081
vt -0.647708 0.731412
vt 0.550889 0.853020
vt -0.489834 0.853020
vt -0.552583 -1.699407
vt -0.722386 -1.396816
vt -0.044625 0.840686
vt -0.029987 0.845619
vt -0.054291 0.855993
vt -0.756258 -0.597805
vt -0.712618 -0.492194
vt -0.183574 0.840749
vt -0.755838 -1.236217
vt -0.633005 -0.181390
vt -0.784312 -0.184028
vt -0.784647 -0.153400
vt -0.630796 -0.156144
vt -0.156144 0.788803
vt -0.156244 0.795950
vt -0.181257 0.796652
vt -0.181304 0.792061
vt -0.633005 -0.181390
vt -0.630796 -0.156144
vt -0.627731 -0.181304
vt -0.633005 -0.081391
vt -0.782333 -0.083996
vt -0.782152 -0.053513
vt -0.630796 -0.056143
vt -0.056143 0.788803
vt -0.056244 0.795950
vt -0.081257 0.796652
vt -0.081304 0.792061
vt -0.633005 -0.081391
vt -0.630796 -0.056143
vt -0.627731 -0.081304
vt -1.496904 -0.781848
vt -1.484331 -0.775444
vt -1.496898 0.482108
vt -1.496859 -0.796544
vt -1.474900 -0.799006
vt -1.485595 -0.788480
vt -0.511692 -0.781848
vt -0.496839 -0.788480
vt -0.500000 -0.775444
vt -0.501062 0.485683
vt -0.512500 0.482108
vt -0.479370 -1.496690
vt -0.124564 -1.494867
vt -0.116553 -1.475183
vt -1.475250 -0.824833
vt -1.494689 -0.824655
vt -1.475262 -0.874709
vt -1.494805 -0.809512
vt -1.475230 -0.816028
vt -0.479748 -1.474900
vt -0.497130 -1.496859
vt -1.494738 -0.874709
vt -0.111593 -1.494805
vt -0.105461 -1.475230
vt -0.295389 -0.804655
vt -0.320373 -0.850038
vt -0.295381 -0.866244
vt -0.320399 -0.802414
vt 0.000044 -0.295348
vt 0.004230 -0.320418
vt 0.004870 -0.295365
vt -0.776205 -0.292627
vt -0.775907 -0.323143
vt 0.010157 -0.320399
vt 0.011588 -0.295389
vt -0.500000 -1.473168
vt -0.501214 -1.426943
vt -0.510453 -1.413705
vt -0.789448 -1.407474
vt -0.522434 -1.409866
vt -0.784714 -1.471671
vt -0.784714 -0.653758
vt -0.500000 -0.456250
vt -0.500000 -0.656250
vt -0.787217 -0.458756
vt -0.516176 -1.411044
vt -0.787217 -1.471664
vt -0.791839 -1.407205
vt -0.500499 -1.428336
vt -0.500000 -1.473168
vt -0.505496 -1.419143
vt -0.500000 -1.473168
vt -0.501214 -1.426943
vt -0.510453 -1.413705
vt -0.790754 -1.407462
vt -0.522434 -1.409866
vt -0.787365 -1.471663
vt -0.500000 -0.431250
vt -0.787365 -0.428742
vt -0.788166 -0.233765
vt -0.500000 -0.231250
vt -0.516176 -1.411044
vt -0.788166 -1.471659
vt -0.790957 -1.407461
vt -0.505496 -1.419143
vt -0.500499 -1.428336
vt -0.500000 -1.473168
vt -0.500000 -1.473168
vt -0.501214 -1.426943
vt -0.510453 -1.413705
vt -0.522434 -1.409866
vt -0.791002 -1.407460
vt -0.788281 -1.471658
vt -0.500000 -0.206250
vt -0.788281 -0.203734
vt -0.788692 -0.008769
vt -0.500000 -0.006250
vt -0.505496 -1.419143
vt -0.500499 -1.428336
vt -0.516176 -1.411044
vt -0.788692 -1.471656
vt -0.791171 -1.407459
vt -0.500000 -1.473168
vt -0.791166 -1.407459
vt -0.500000 -1.473168
vt -0.522434 -1.409866
vt -0.788686 -1.471656
vt -0.510453 -1.413705
vt -0.501214 -1.426943
vt -0.788686 0.021269
vt -0.788207 0.216235
vt -0.500000 0.018750
vt -0.500000 0.218750
vt -0.500499 -1.428336
vt -0.788207 -1.471659
vt -0.516176 -1.411044
vt -0.500000 -1.473168
vt -0.790969 -1.407461
vt -0.505496 -1.419143
vt -0.500000 -1.473168
vt -0.510453 -1.413705
vt -0.522434 -1.409866
vt -0.790913 -1.407461
vt -0.788074 -1.471660
vt -0.501214 -1.426943
vt -0.788074 0.246264
vt -0.787172 0.441244
vt -0.500000 0.243750
vt -0.499363 0.443759
vt -0.501151 -1.426910
vt -0.787172 -1.471664
vt -0.516176 -1.411044
vt -0.790648 -1.407464
vt -0.505496 -1.419143
vt -0.499363 -1.472848
vt -0.498280 -1.473209
vt -0.501214 -1.426943
vt -0.510453 -1.413705
vt -0.790617 -1.407464
vt -0.787017 -1.471665
vt -0.522434 -1.409866
vt -0.787017 0.471255
vt -0.505520 0.498052
vt -0.498280 0.469303
vt -0.520029 0.507515
vt -0.786736 0.516263
vt -0.791990 0.068074
vt -0.787290 0.064583
vt -0.787003 0.005109
vt -0.794496 -1.237904
vt -0.791990 -1.171385
vt -0.787003 -1.235024
vt -0.901834 0.513094
vt -0.902451 -0.307312
vt -0.750561 -0.404199
vt -0.748987 0.557523
vt -0.646570 -0.646967
vt -0.790458 -0.728613
vt -0.646527 -0.705221
vt -0.783851 -0.298490
vt -0.707367 -0.322478
vt -0.680854 -0.385055
vt -0.752213 -0.200586
vt -0.790458 -0.790446
vt -0.785175 -0.701787
vt -0.646527 -0.669309
vt -0.651328 -0.508755
vt -0.646461 -0.605718
vt -0.781687 -0.576281
vt -0.722457 -0.646967
vt -0.846265 -0.678954
vt -0.790446 -0.728613
vt -0.794814 -0.641687
vt -0.794136 -0.678954
vt -0.786897 -0.020574
vt -0.794894 -0.548475
vt -0.646536 -0.562558
vt -0.897823 -0.548475
vt -0.747251 -0.562558
vt -0.646531 -0.647708
vt -0.786676 -0.727596
vt -0.793657 -0.828565
vt -0.647744 -0.527857
vt -0.646538 0.557523
vt -0.794825 0.624132
vt -0.794897 0.513094
vt -0.719125 0.667816
vt -0.881738 0.624132
vt -0.646539 0.667816
vt -0.793657 0.715367
vt -0.646539 -0.719125
vt 0.688963 -0.842930
vt 0.713926 -0.769169
vt 0.688943 -0.759136
vt 0.713928 -0.834776
vt -0.012284 0.701288
vt 0.001719 0.713954
vt -0.360189 0.688931
vt -0.303652 0.715578
vt 0.713954 -0.746120
vt 0.689291 -0.749109
vt -0.006148 0.688857
vt -0.363937 0.686958
vt 0.002905 0.689291
vt 0.004230 -0.195418
vt 0.010157 -0.195399
vt 0.004870 -0.170365
vt 0.011588 -0.170389
vt 0.000044 -0.170347
vt -0.776150 -0.167639
vt -0.775826 -0.198143
vt -0.170389 -0.804655
vt -0.195399 -0.802414
vt -0.195375 -0.850038
vt -0.170381 -0.866244
vt -0.030052 0.805747
vt -0.029994 0.779616
vt 0.000016 0.778034
vt -0.120476 0.769744
vt -0.000000 0.804720
vt -0.726208 0.288493
vt -0.723366 0.284777
vt -0.683074 0.374887
vt 0.288493 0.757752
vt 0.205903 0.755751
vt 0.284777 0.753671
vt -0.786175 -0.047086
vt -0.786157 -0.134499
vt -0.778313 -0.020829
vt -0.757363 -0.180415
vt -0.775725 0.105785
vt -0.771858 0.092781
vt -0.751643 0.205903
vt -0.784704 -0.282356
vt -0.715519 -0.303679
vt 0.105785 0.758692
vt -0.047086 0.763831
vt -0.020829 0.756427
vt 0.092781 0.754096
vt -0.625246 0.796652
vt -0.723107 0.865660
vt -0.756501 0.840749
vt -0.784312 0.786150
vt -0.633005 0.788023
vt -0.626005 0.884944
vt -0.627731 0.792061
vt -0.784647 0.783019
vt -0.671266 0.881080
vt -0.625418 0.884867
vt -0.731785 0.860950
vt -0.630796 0.788803
vt -0.625603 0.795950
vt -0.765814 0.827952
vt -0.633005 0.788023
vt -0.763950 0.832322
vt -0.782333 0.784830
vt -0.625246 0.796652
vt -0.713125 0.869840
vt -0.627731 0.792061
vt -0.625485 0.884483
vt -0.782152 0.782676
vt -0.680255 0.880135
vt -0.625578 0.885011
vt -0.737771 0.855993
vt -0.630796 0.788803
vt -0.764518 0.827969
vt -0.625603 0.795950
vt -0.775826 -0.794824
vt -0.696134 -0.864805
vt -0.030008 -0.874242
vt 0.016667 -0.850038
vt 0.010157 -0.802414
vt 0.004230 -0.798181
vt 0.000218 -0.872048
vt -0.753669 -0.832078
vt -0.666774 -0.869736
vt -0.745309 -0.840364
vt -0.776205 -0.795400
vt 0.000044 -0.797532
vt 0.004870 -0.798302
vt 0.009681 -0.866244
vt -0.030008 -0.873409
vt 0.011588 -0.804655
vt -0.652936 -0.870930
vt -0.775907 -0.794823
vt -0.741605 -0.843924
vt 0.000218 -0.872048
vt 0.016667 -0.850038
vt -0.030009 -0.874575
vt 0.004230 -0.798181
vt 0.010157 -0.802414
vt -0.499359 -0.681241
vt -0.758193 -0.807141
vt -0.783304 -0.683780
vt -0.673534 -0.863912
vt -0.724155 -0.843957
vt -0.497760 -0.786885
vt -0.620991 -0.871981
vt -0.487057 -0.797551
vt -0.100659 -0.824833
vt -0.100000 -0.874709
vt -0.479748 -0.799006
vt -0.116553 -0.807646
vt -0.105461 -0.816028
vt -0.030002 -2.014117
vt -0.030035 -2.088658
vt -0.125465 -2.068032
vt -0.270903 -2.121177
vt -0.250951 -2.174148
vt -0.342954 -2.213932
vt -0.150277 -1.894593
vt -0.030000 -1.892497
vt -0.185834 -1.995445
vt -0.259732 -2.040087
vt -0.132785 -2.176756
vt -0.228745 -2.243236
vt -0.194559 -1.895369
vt -0.344260 -1.998194
vt -0.165055 -2.081888
vt -0.029999 -2.112899
vt -0.029999 -2.171022
vt -0.305808 -1.897310
vt -0.286831 -2.042315
vt -0.144256 -2.173814
vt -0.030007 -2.207089
vt -0.030000 -2.118930
vt -0.127098 -2.076320
vt -0.231185 -2.187631
vt -0.118346 -2.273036
vt -0.030054 -2.017011
vt -0.030000 -1.892497
vt -0.040665 -1.892496
vt -0.115045 -1.892497
vt -0.183764 -1.892494
vt -0.229992 -2.082191
vt -0.258973 -2.034768
vt -0.258624 -2.154930
vt -0.487789 -1.789106
vt -0.581551 -1.642275
vt -0.661859 -1.644314
vt -0.635042 -1.497560
vt -0.702391 -1.602414
vt -0.624548 -1.763900
vt -0.318769 -2.037387
vt -0.571012 -1.793229
vt -0.467588 -1.916300
vt -0.312745 -1.936246
vt -0.354995 -1.995594
vt -0.429498 -2.001714
vt -0.531393 -1.883883
vt -0.504211 -1.935819
vt -0.586474 -0.791804
vt -0.429498 -0.804015
vt -0.504211 -0.809451
vt -0.586474 -1.872194
vt -1.872194 -0.791804
vt -1.699471 -0.816261
vt -1.827902 -0.729097
vt -2.073114 -0.641458
vt -0.030005 -2.079097
vt -0.220118 -1.892496
vt -1.763900 -0.833953
vt -0.410416 -2.056895
vt -0.477117 -2.041174
vt -0.387727 -2.156016
vt -0.679576 -1.699471
vt -0.477117 -0.719041
vt -0.410416 -0.759451
vt -0.229992 -0.819991
vt -0.318769 -0.828935
vt -0.144256 -0.762088
vt -0.770050 0.116035
vt -0.777727 0.006301
vt -0.786897 -0.020574
vt -0.773424 -0.080393
vt 0.688863 -0.858505
vt 0.713892 -0.849332
vt 0.688963 -0.842930
vt 0.713928 -0.834776
vt -0.030017 -0.745757
vt 0.000000 -0.746608
vt -0.000613 -0.741333
vt -0.131840 0.767634
vt -0.030017 0.780782
vt -0.000613 0.778803
vt -0.030007 -0.849935
vt -0.041263 -0.851849
vt -0.303652 -0.741060
vt -0.187134 -0.838228
vt -0.283261 -0.790363
vt -0.313933 -0.745403
vt -0.254374 -0.811485
vt 0.001719 -0.746120
vt 0.012500 -0.834776
vt 0.012497 -0.769169
vt 0.000114 -0.849332
vt -0.030000 -0.900861
vt -0.075000 -0.900075
vt -0.030000 -0.898015
vt -0.049651 -0.878018
vt -0.075000 -0.877575
vt -0.037337 -0.885571
vt -0.075000 -0.877575
vt -0.075000 -0.900075
vt -0.030000 -0.900861
vt -0.049651 0.494561
vt -0.075000 0.495003
vt -0.075000 0.295003
vt -0.037337 0.295660
vt 0.295660 -0.885571
vt 0.295789 -0.900861
vt 0.494217 -0.898015
vt 0.494561 -0.878018
vt -0.776150 -0.795193
vt -0.030014 -0.874075
vt -0.639332 -0.871885
vt 0.000044 -0.797532
vt 0.009681 -0.866244
vt 0.004870 -0.798302
vt 0.011588 -0.804655
vt -0.733797 -0.848546
vt -2.979997 -0.326009
vt -2.286387 -0.335840
vt -2.271607 -0.299578
vt -2.979997 -0.164793
vt -2.258951 -0.264723
vt -2.286457 -0.347893
vt -0.334017 0.805548
vt -1.192090 0.863670
vt -0.334017 0.861951
vt -0.636749 0.338397
vt -0.533418 0.560195
vt -0.684449 0.361220
vt -0.709511 0.129808
vt -0.761694 0.137676
vt -0.726487 -0.081057
vt -0.779534 -0.088159
vt -0.726463 -1.323623
vt -0.781748 -1.219538
vt -0.780010 -1.350318
vt 0.000042 0.867156
vt -0.166141 0.846442
vt -0.092312 0.905407
vt -1.165127 0.805548
vt -1.231619 0.802307
vt -0.495432 0.523383
vt 0.008320 0.807197
vt -0.196727 0.861951
vt -0.556663 -1.814339
vt -0.655127 -1.660775
vt -0.672326 -1.745802
vt -0.602737 -1.846095
vt -0.409463 -1.954370
vt -0.511074 -1.939071
vt -0.386705 -2.033329
vt -0.164988 -2.060147
vt -0.222569 -2.097522
vt -0.099334 -2.123860
vt -0.479966 0.443927
vt -0.709263 -1.486591
vt -0.770695 -1.446340
vt -0.766555 -1.509549
vt -0.730013 -1.640835
vt -0.657670 -0.201060
vt -0.652975 0.023077
vt -0.616289 0.212128
vt -0.000036 -2.128196
vt -0.302952 0.653531
vt -0.248177 0.611329
vt -0.083545 0.712443
vt -1.219538 0.901828
vt -0.088159 0.903415
vt 0.032279 0.862637
vt -0.812984 0.032279
vt 0.193340 0.861951
vt 0.137676 0.903954
vt -0.758115 0.312658
vt -0.787246 0.193340
vt -0.327272 0.700494
vt -0.788954 0.736031
vt -0.734304 0.756688
vt -1.231680 0.735342
vt 0.200278 0.793852
vt 0.312658 0.847706
vt 0.442641 0.805548
vt 0.429728 0.861951
vt 0.543718 0.768998
vt 0.535677 0.861951
vt -0.531393 0.773840
vt -0.646776 0.768998
vt -0.607323 0.861951
vt -0.512055 0.861951
vt -0.416780 0.847445
vt -0.539862 -1.934370
vt 0.052117 0.767141
vt -0.025652 0.769180
vt -0.142282 0.769449
vt -0.232204 0.770245
vt 0.210187 0.769652
vt -0.165833 -1.860181
vt -0.304565 -1.785364
vt -0.400097 -1.870925
vt -0.286085 -1.941723
vt -0.126888 -1.999257
vt 0.000003 -1.882692
vt -0.346656 -1.786331
vt -0.378850 -1.751385
vt -0.607323 0.535677
vt -0.295869 0.805548
vt -0.287272 0.861951
vt -0.092729 0.773313
vt 0.000003 0.818305
vt -0.284526 -1.773495
vt 0.361220 0.903869
vt -0.686653 0.429728
vt -0.512055 0.627097
vt -0.416780 0.705446
vt -0.327272 0.903859
vt -0.166141 0.802919
vt -0.287272 0.756622
vt -0.092312 0.762595
vt -0.215027 -2.102992
vt -0.125407 -2.171189
vt -0.468709 -1.978070
vt -0.322088 -2.065339
vt 0.637674 -0.769948
vt 0.541994 -0.766817
vt 0.609248 -0.751813
vt -0.309429 -1.939247
vt -0.282682 -1.773730
vt -0.230813 -1.829248
vt 0.000003 -1.983830
vt 0.000015 -2.025434
vt -1.168834 -0.715608
vt -1.215765 -0.796018
vt -1.240035 -0.714508
vt -1.238936 -0.612783
vt -0.779225 -1.416221
vt -0.785318 -1.239021
vt -0.738569 -1.356784
vt -0.655118 -1.779495
vt -0.698281 -1.689657
vt -0.599263 -1.847883
vt -0.416094 -2.014486
vt -0.448188 -1.988179
vt -0.279288 -2.077561
vt -0.403424 -2.037854
vt -0.306698 -0.791650
vt -0.423079 -0.834518
vt -0.326678 -0.750496
vt -0.200310 -0.756885
vt -0.347780 -1.785788
vt 0.429756 -0.791650
vt 0.392573 -0.756376
vt 0.476012 -0.746212
vt 0.300754 -0.832959
vt 0.041587 -0.791650
vt 0.022178 -0.749732
vt 0.111713 -0.749671
vt 0.200464 -0.751231
vt 0.184227 -0.791650
vt 0.297468 -0.750884
vt -1.029930 0.613943
vt -0.910320 0.409102
vt -0.910429 0.081870
vt -0.910330 -0.237695
vt -0.075594 -0.774931
vt -0.500070 -1.881791
vt -0.575106 -1.676377
vt -0.430065 -1.846293
vt -0.269999 -2.027385
vt -0.000242 -2.086809
vt -0.041101 0.650626
vt -0.000044 0.640681
vt 0.000000 0.525004
vt -0.160119 0.500173
vt -0.279848 0.588295
vt -0.312462 0.422432
vt -0.454173 0.467505
vt -0.898239 -0.439798
vt -0.453163 -0.759213
vt -0.221606 -0.757635
vt -0.350111 -0.791650
vt -0.820084 -0.706159
vt -0.775110 -0.728624
vt -0.769391 -0.733692
vt -0.658342 -1.157824
vt -0.530694 -0.018640
vt -0.531301 -1.322585
vt -0.649731 -1.430380
vt -0.507030 -1.502934
vt -0.367966 -1.689403
vt -0.383382 -1.737882
vt 0.000015 -0.878667
vt -0.040337 -0.848464
vt -0.000091 -0.811888
vt -0.000009 0.728529
vt -0.038425 0.770495
vt 0.000015 0.786479
vt -1.239237 0.695400
vt -0.890827 0.620111
vt -0.905340 0.525106
vt 0.000022 0.665241
vt 0.000019 0.755664
vt -0.886447 -0.592453
vt -0.881631 -0.623614
vt -0.000012 -2.029086
vt -0.523697 -1.735967
vt -0.608678 -1.587293
vt -0.889888 -0.536442
vt -1.168807 -0.791649
vt -0.696181 -0.749968
vt -0.675644 -0.749533
vt -0.619225 -0.760126
vt -0.855452 -0.654735
vt -0.640997 -1.472947
vt -0.654287 -1.352929
vt -0.648328 -1.082846
vt -0.114381 -2.125097
vt -0.237046 -2.099251
vt -0.240205 -2.307493
vt -0.231678 -2.219165
vt -0.127703 -2.237811
vt -0.413252 -2.436300
vt -0.487449 -2.964714
vt -0.368181 -2.967938
vt -0.296957 -2.411250
vt -0.327347 -1.672545
vt -0.067230 -0.080094
vt -0.000248 -0.108556
vt -0.298813 -1.678807
vt -0.000000 -0.108836
vt -0.000000 -1.882692
vt -0.269686 -1.709265
vt -0.248374 -2.140246
vt -0.468651 -2.371282
vt -0.122252 -2.302200
vt -0.121265 -2.362072
vt -0.231757 -2.438338
vt -0.240973 -2.394776
vt -0.000010 -2.332978
vt -0.000000 -2.438341
vt 0.320163 -0.733203
vt 0.427969 -0.729035
vt 0.514520 -0.731410
vt 0.593723 -0.732703
vt 0.000003 -2.224518
vt -0.432556 -2.966212
vt -0.397419 -2.438346
vt -0.336472 -2.396606
vt -2.965412 -0.316427
vt -2.963895 -0.173504
vt -2.443147 -0.179344
vt -2.430793 -0.290693
vt -2.433513 -0.408756
vt -2.967497 -0.415845
vt -2.965690 -0.026533
vt -2.441813 -0.028905
vt -2.968233 0.114863
vt -2.446776 0.219305
vt -2.427931 0.158691
vt -2.438592 0.092907
vt -0.000002 -2.129435
vt -0.028618 0.100525
vt 0.000000 0.106992
vt -0.514085 -2.455522
vt -0.576091 -2.399589
vt -0.548008 -2.967497
vt -2.967653 0.445865
vt -2.967497 0.554258
vt -2.399589 0.525900
vt -2.438172 0.428222
vt -2.445311 0.368293
vt -2.965286 0.344980
vt -0.507710 -0.749112
vt -0.582674 -0.751813
vt -0.535861 -0.729591
vt -0.012070 -0.730872
vt 0.153390 -0.728249
vt 0.277632 -0.721562
vt 0.068009 -0.722185
vt -0.837981 -0.245492
vt -0.840090 -0.012070
vt -0.846123 -0.222059
vt -0.845654 -0.433995
vt -0.828895 -0.181433
vt -0.836326 -0.509522
vt -0.221848 -0.749005
vt -0.422436 -0.745758
vt -0.302271 -0.730492
vt -0.165444 -0.729936
vt -0.097949 -0.753751
vt 0.000009 -0.742700
vt -0.430605 -0.753105
vt -0.589242 -0.732703
vt -0.096882 0.044190
vt -0.104613 -0.027718
vt -0.485229 0.224859
vt -0.069274 0.080872
vt -0.504663 -2.445879
vt -0.000016 -0.775814
vt -0.076691 -0.724200
vt -0.000004 -0.714594
vt -0.171517 0.815516
vt -0.076691 0.826212
vt -0.165444 0.819765
vt -0.433995 -0.742693
vt -0.222059 -0.740229
vt -0.350624 0.769044
vt -0.530789 -0.008235
vt -0.519495 -1.456916
vt 0.365430 0.770973
vt 0.418782 0.766227
vt -0.594106 0.766366
vt 0.508320 0.755410
vt 0.597905 0.766366
vt -0.432640 0.767510
vt -0.155681 -2.273122
vt 0.000000 -2.309351
vt -0.113832 -2.233932
vt -0.260097 -2.215678
vt -0.000008 -2.218140
vt -0.133925 -2.358150
vt 0.000042 0.807371
vt -0.020331 0.530718
vt -0.000000 0.523564
vt -0.835602 0.699554
vt -0.382630 -1.723953
vt -0.304408 0.764254
vt -0.176691 0.768510
vt 0.000004 0.756312
vt -0.284161 0.438403
vt -0.186072 0.489486
vt -0.886670 0.624667
vt -0.474117 0.771482
vt -0.645587 0.767178
vt -0.482895 0.215336
vt -0.231757 -2.967497
vt -2.969481 0.253384
vt -2.424496 0.298018
vt -2.967497 0.245738
vt -0.000117 -2.489350
vt -0.281656 -2.367755
vt -0.000000 -2.967497
vt -0.121237 -2.967497
vt -0.239488 -2.967497
vt -0.351843 -2.967497
vt -0.318945 -2.970612
vt -0.231757 -2.967497
vt -0.121237 -2.967497
vt -0.000000 -2.967497
vt -2.967497 -0.553114
vt -2.965612 -0.493033
vt -2.445879 -0.582955
vt -0.351141 0.448305
vt -0.315764 0.451756
vt -0.369687 0.357567
vt -0.381959 0.387214
vt -2.464182 -0.483625
vt -0.536411 -2.967497
vt -0.364276 -1.685861
vt -0.381772 0.408421
vt -0.239448 -2.292297
vt -1.416442 -0.850317
vt -1.433128 -0.795055
vt -1.785109 -0.790893
vt -1.849334 -0.832680
vt -1.909688 -0.725288
vt -1.834390 -0.713607
vt -1.709900 -0.735847
vt -1.763149 -0.588734
vt -2.369984 0.422268
vt -2.318493 0.530623
vt -2.290773 0.627714
vt -0.564211 -2.228057
vt -0.579545 -2.318493
vt -0.488351 -2.290773
vt -0.401407 -2.173019
vt -1.559410 -0.713906
vt -1.452240 -0.736830
vt -2.005332 -0.790178
vt -2.049100 -0.715897
vt -1.986329 -0.676208
vt -1.887192 -0.565306
vt -0.482285 -0.828061
vt -0.559727 -0.790178
vt -0.573518 -0.865920
vt -0.482285 -2.037187
vt -0.573518 -1.917647
vt -0.520597 -1.934644
vt -0.333823 0.892910
vt -0.386705 0.900669
vt -0.280266 0.865446
vt -0.333823 -2.068787
vt -0.280266 -2.123962
vt -0.455834 -2.436277
vt -0.473082 -2.359544
vt -1.460951 -0.598776
vt -2.122407 0.330389
vt -2.178837 0.421693
vt -2.087305 0.554508
vt -1.985227 0.650007
vt -1.996176 0.699072
vt -1.875621 0.798366
vt -1.844775 0.742996
vt -0.287938 -2.116521
vt -0.359753 -0.811377
vt -0.287938 -0.857080
vt -0.248374 -0.848930
vt -0.359753 -2.132788
vt -0.291098 -2.202465
vt -0.424109 -2.195454
vt -0.574224 -2.119147
vt -0.526499 -2.207163
vt -0.363045 -2.319635
vt -1.906256 0.545632
vt -2.002114 0.485285
vt -2.012701 -0.412528
vt -1.932536 -0.422862
vt -2.001444 -0.545914
vt -2.078402 -0.531097
vt -2.119147 -0.635600
vt -2.329839 -0.398255
vt -2.213644 -0.395089
vt -2.262640 -0.504495
vt -1.917647 -0.865920
vt -0.500738 -2.006861
vt -0.356118 -2.239443
vt -0.315902 -2.304133
vt -0.332998 -2.144971
vt -1.601562 0.643911
vt -1.638192 0.776668
vt -1.483128 0.652699
vt -1.599967 0.341917
vt -1.716507 0.643527
vt -1.690426 0.490461
vt -2.025865 0.305031
vt -2.108956 0.159077
vt -1.765005 0.759814
vt -1.714700 0.827890
vt -2.228057 0.582386
vt -2.257759 0.418137
vt -2.114371 0.761399
vt -2.155749 0.594781
vt -0.575304 -1.976404
vt -0.500738 0.859450
vt -0.575304 0.819374
vt -0.585215 0.688626
vt -0.476160 0.761399
vt -2.069045 0.688626
vt -1.551117 -0.290778
vt -1.507188 0.780067
vt -1.546838 0.839237
vt -1.411416 0.761475
vt -1.389215 0.831625
vt -1.375509 0.882323
vt -1.748129 0.874372
vt -1.640835 0.896612
vt -0.476160 -2.114371
vt -0.401407 0.761144
vt -0.498629 -2.268922
vt -0.572878 -2.388676
vt -0.474634 0.662693
vt -0.342958 0.746250
vt -0.342918 0.699765
vt -0.488948 0.605733
vt -0.648329 -1.859570
vt -0.582385 -1.879734
vt -1.859570 0.854834
vt -0.701765 -1.748129
vt -0.387375 -2.264973
vt -0.261432 -2.257530
vt -0.296598 0.753755
vt -2.268922 -0.612802
vt -2.388676 -0.516898
vt -2.408119 -0.404691
vt -0.424109 -0.714684
vt -0.574224 -0.635600
vt -2.269580 0.012733
vt -2.427721 0.011151
vt -0.164025 0.760835
vt -0.197062 0.790541
vt -0.157156 0.803946
vt -0.000143 0.779553
vt -0.778478 0.056308
vt -0.781019 0.231926
vt -0.768723 0.122830
vt -0.724009 0.286529
vt -0.539544 0.561774
vt -0.370996 0.684450
vt -0.482784 0.656963
vt -0.604356 0.554354
vt -0.763829 -0.150343
vt -0.813953 -0.053640
vt -0.802745 -0.169798
vt -0.732203 -0.262375
vt -0.767702 0.130164
vt -0.814515 0.044023
vt -0.778131 -0.019371
vt -0.781587 0.216125
vt -0.246825 0.780483
vt -0.000206 0.780472
vt -0.159258 0.802324
vt -2.269995 0.156098
vt -0.216986 0.746855
vt -0.620085 0.468899
vt -0.678028 0.444598
vt -0.684571 0.370584
vt -0.741263 0.340440
vt -0.378514 0.724854
vt -0.394764 0.707293
vt -1.851127 -0.433348
vt -2.207163 -0.619115
vt -2.155361 -0.519092
vt -2.092204 -0.403689
vt -1.909426 -0.281784
vt -2.299800 -0.275118
vt -2.101091 -0.270170
vt -2.267199 -0.130910
vt -2.105969 -0.129982
vt -1.664656 -0.591299
vt -1.773166 -0.356444
vt -1.641872 0.019349
vt -2.108295 0.014704
vt -2.266838 0.292540
vt -1.866450 0.380621
vt -1.751401 0.324185
vt -1.771817 -0.137511
vt -0.617669 0.524709
vt -0.524018 0.617974
vt -0.625993 0.455391
vt -0.775979 0.018626
vt -0.711888 0.118634
vt -0.727345 -0.100865
vt -0.780253 -0.215569
vt -0.038425 -0.890652
vt -0.219940 -0.891118
vt -0.171420 0.791522
vt -0.040337 0.808840
vt -0.219940 0.741516
vt -0.297876 -0.848464
vt -0.171420 -0.848464
vt -0.297876 0.753185
vt -0.446415 0.631906
vt -0.423079 0.701882
vt -0.524018 -0.848464
vt -0.446415 -0.891119
vt -0.738042 0.234726
vt 0.417341 -0.848464
vt 0.524709 -0.848464
vt 0.455391 -0.891120
vt -0.695007 0.417341
vt -0.111714 0.709385
vt -0.215764 -0.848479
vt -0.215569 -0.890660
vt -1.239021 -0.887075
vt -1.206958 -0.849892
vt -0.548297 -0.769948
vt -0.765853 -1.616045
vt -0.749479 -1.571572
vt 0.234726 -0.891088
vt 0.178815 -0.848464
vt -0.791374 0.178815
vt 0.020148 -0.849083
vt 0.018626 -0.890969
vt -0.617669 -0.848464
vt -0.643291 0.326719
vt -0.504883 0.514875
vt -0.580157 0.297987
vt -0.643796 0.080892
vt -0.658201 -0.211392
vt -0.312708 0.649413
vt -0.698858 -1.542601
vt -1.616045 -0.856167
vt -1.416221 -0.886995
vt -1.571572 -0.886594
vt -0.624195 -1.717424
vt -1.350318 0.901454
vt -1.836598 0.194668
vt -1.971992 -0.033603
vt -0.798619 -1.375509
vt -1.446340 0.902028
vt -1.509549 0.897914
vt -0.758452 -1.581363
vt -1.392504 -0.873139
vt -1.415168 0.632831
vt -1.623444 -0.801463
vt -1.738501 -0.847734
vt -1.689657 -0.891805
vt -0.719191 -1.738501
vt -1.581363 0.887682
vt -0.793914 -1.392504
vt -0.817997 -1.206958
vt -1.779495 -0.886222
vt -2.425463 -0.136495
vt -0.663732 -1.849334
vt -0.878398 -0.589609
vt -0.863736 -0.622739
vt -0.419634 0.726486
vt -0.486042 0.665803
vt 0.309573 0.749332
vt 0.484077 0.730591
vt 0.336719 0.727537
vt -0.781440 0.309573
vt -0.747713 0.336719
vt -0.795237 0.200666
vt 0.195989 0.746110
vt 0.200666 0.726549
vt 0.133613 0.731461
vt 0.047606 0.734281
vt -0.832801 -0.152618
vt -0.827825 0.047606
vt -0.821493 -0.051109
vt -0.799660 -0.179652
vt -0.767189 -0.342319
vt -0.834871 -0.336707
vt -0.342958 0.726957
vt -0.221911 0.746579
vt -0.287896 0.731688
vt -0.221911 0.808029
vt -0.287896 0.773680
vt -0.510333 0.749167
vt -0.419634 0.749303
vt -0.486042 0.728386
vt -0.604809 0.746624
vt -0.553103 0.731020
vt -0.604809 0.580490
vt -0.553103 0.611232
vt -0.669886 0.484077
vt 0.580490 0.746624
vt 0.414330 0.749295
vt -0.729909 0.414330
vt -0.539964 -0.468134
vt -0.701173 -0.306269
vt -0.570281 -0.507678
vt -0.698102 0.177293
vt -0.664972 0.389817
vt -0.732659 0.237098
vt -0.766630 0.046120
vt -0.720819 0.397410
vt -0.881806 0.508855
vt -0.886993 0.537685
vt -0.719759 -0.064238
vt -0.719791 -0.491243
vt -0.883769 -0.293882
vt -0.883782 -0.067374
vt -0.715888 0.370294
vt -0.883768 0.396037
vt -0.878940 -0.528591
vt -0.883595 -0.443886
vt -0.846488 -0.528591
vt -0.686454 -0.491243
vt -0.686372 -0.493557
vt -0.686082 -0.635164
vt -0.847745 -0.817980
vt -0.838434 -0.740231
vt -0.718750 0.006250
vt -0.716245 0.587778
vt -0.687714 0.587778
vt -0.852344 0.537685
vt -0.854300 0.636374
vt -0.680958 0.642014
vt -0.847745 0.693005
vt -0.665926 0.672904
vt -0.690794 0.642014
vt -0.817980 0.693005
vt -0.680670 -0.665926
vt -0.115779 0.742234
vt -0.000005 0.724253
vt -0.077660 0.731007
vt -0.115779 0.826355
vt -0.077660 0.820403
vt -0.157156 0.726099
vt -0.259511 -0.664015
vt -0.411561 -0.583003
vt -0.383558 -0.658751
vt -0.049399 -0.931489
vt 0.000001 -0.903475
vt -0.030000 -0.901790
vt -0.031244 -0.875042
vt -0.826603 0.068009
vt -0.823984 0.042273
vt -0.825306 -0.011392
vt -0.539964 0.480634
vt -0.411561 0.595503
vt -0.513928 0.576532
vt -0.072432 -0.928905
vt -0.223464 -0.725735
vt -0.637343 0.338509
vt -0.793728 0.207667
vt -0.780303 0.277632
vt -0.692301 0.435717
vt -0.698757 0.437711
vt -0.453384 0.695048
vt -0.527205 0.628913
vt -0.390571 0.732244
vt -0.032170 0.728173
vt -0.117827 0.762647
vt -0.252265 0.679969
vt -0.698102 -0.164793
vt -0.249598 0.729801
vt -0.354689 0.687494
vt -0.833530 -0.453407
vt -0.730550 -0.366661
vt -0.030000 -0.739215
vt -0.092551 -0.706517
vt -0.030000 0.749214
vt -0.000042 0.756094
vt -0.030000 -0.711873
vt -0.079696 -0.931356
vt -0.042949 -0.928736
vt -0.045284 -0.874744
vt -0.062758 -0.931356
vt -0.091819 -0.874744
vt -0.031008 -0.875033
vt -0.757607 -0.120683
vt -0.637343 -0.326009
vt 0.044190 -0.937330
vt 0.037867 -0.932478
vt -0.005324 -0.932458
vt -0.309360 0.766473
vt -0.246825 -0.713301
vt -0.171517 -0.728603
vt -0.028618 -0.936920
vt -0.027445 -0.931796
vt -0.066951 0.077733
vt -0.049399 0.088912
vt -0.093393 0.037867
vt -0.080094 -0.936828
vt -0.043491 -0.932782
vt -0.067230 -0.936828
vt -0.025106 -0.933190
vt -0.535861 0.640847
vt -0.027718 -0.937157
vt -0.834405 -0.739372
vt -0.845344 -0.807514
vt -0.687548 -0.681317
vt -0.685758 -0.643297
vt -0.679331 -0.598144
vt -0.000190 -0.904140
vt -0.000000 -0.934151
vt -2.971850 0.006250
vt -2.971850 0.127364
vt -2.971850 0.357737
vt -2.971850 0.461324
vt -0.455074 -2.971850
vt -0.000248 -0.937244
vt 0.000000 0.101826
vt -0.239246 -2.971850
vt -0.121114 -2.971850
vt -0.000000 -2.971850
vt -0.659037 0.514520
vt -0.717254 0.427969
vt 0.640847 -0.729591
vt 0.554354 -0.714154
vt -0.807514 -0.687180
vt -0.710343 -0.584203
vt -0.302271 0.778658
vt -0.198362 0.800333
vt -0.159258 -0.713177
vt -0.077993 -0.714949
vt -0.198362 -0.718993
vt -0.855402 -0.536442
vt -0.719667 -0.493557
vt -0.851992 -0.622739
vt -0.683186 -0.584203
vt -0.731966 0.393371
vt -0.845344 -0.687180
vt -0.687548 -0.653157
vt -0.839945 -0.639148
vt -0.711999 -0.445420
vt -0.690687 -0.508901
vt -0.677287 -0.611987
vt -0.833786 -0.640192
vt -0.691021 -0.558296
vt -0.772365 -0.363624
vt -0.839669 -0.685093
vt -0.677497 -0.495091
vt -0.646531 -0.492194
vt -0.647027 -0.572983
vt -0.011392 -0.718160
vt 0.042273 -0.718635
vt 0.155729 -0.725130
vt 0.207667 -0.714681
vt -0.680175 0.450594
vt -0.562324 0.537052
vt -0.644908 0.436039
vt -0.799836 -0.131748
vt -0.790526 -0.179694
vt -0.811342 0.029177
vt -0.819263 0.026620
vt -0.769369 -0.120438
vt -0.803044 -0.127574
vt -0.564322 0.589694
vt -0.499970 0.637273
vt -0.713762 0.382737
vt -0.000005 0.818298
vt -0.671435 -0.492200
vt -0.671450 0.369266
vt -0.646531 -0.478081
vt -0.811942 -0.016981
vt -0.636280 0.514073
vt -0.813827 0.133613
vt -0.646531 0.369266
vt -0.698001 -0.343498
vt -0.678668 -0.518468
vt -0.663994 -0.442734
vt -0.672156 -0.620030
vt -0.646531 -0.620525
vt -0.646525 -0.656733
vt -0.675014 -0.657744
vt -0.668765 -0.630835
vt -0.675014 -0.666970
vt -0.646525 -0.668388
vt -0.646531 -0.622091
vt -0.646416 -0.568936
vt -0.810710 -0.074150
vt -0.697229 -0.436258
vt -0.674068 -0.405555
vt -0.653909 -0.494574
vt -0.646431 -0.618047
vt -0.646993 -0.651454
vt -0.648088 -0.551476
vt -0.646827 0.640957
vt -0.646530 0.560883
vt -0.676276 0.593917
vt -0.671702 0.560804
vt -0.676364 0.371903
vt -0.730438 -0.268485
vt -0.737744 0.245181
vt -0.000004 0.821350
vt -0.077993 0.816919
vt -0.816505 0.155729
vt -0.679304 -0.611679
vt -0.679667 -0.492199
vt -0.678378 -0.626678
vt -0.030000 -0.901790
vt 0.043552 -0.874740
vt 0.069854 -0.928905
vt -0.092656 -0.874740
vt -0.747068 -0.354169
vt -0.678328 0.369273
vt -0.679924 0.369273
vt -0.686326 -0.064238
vt -0.681445 0.370294
vt -0.679165 0.605414
vt -0.686226 0.397410
vt -0.646993 0.681095
vt -0.680670 0.672904
vt -0.778480 0.731373
vt -0.705705 0.753532
vt 0.097500 0.756428
vt -0.011329 0.762485
vt -0.011413 0.756428
vt -0.232564 0.757882
vt -0.840108 -0.579415
vt -0.842652 -0.453328
vt -0.840438 -0.453351
vt -0.836937 -0.453383
vt -0.579482 0.765497
vt -0.686418 0.751553
vt -0.865595 0.636374
vt -0.878062 0.602727
vt -0.742326 0.735477
vt -0.798903 0.712925
vt -0.840160 -0.232913
vt -0.232469 0.762539
vt -0.843828 -0.742326
vt -0.327347 -1.672545
vt -0.268316 -1.713914
vt -0.453196 0.764953
vt -0.100998 0.751755
vt -0.846146 -0.579450
vt -0.453232 0.761299
vt -0.579450 0.757835
vt -0.846358 -0.686418
vt -0.639148 0.750479
vt -0.849601 -0.763354
vt -0.763354 0.732793
vt -0.011574 0.750802
vt -0.843599 -0.232792
vt -0.232673 0.753570
vt -0.232792 0.749846
vt -0.011794 0.745885
vt -0.841329 -0.011794
vt -0.232913 0.746870
vt -0.152618 0.738512
vt -0.453328 0.753189
vt -0.510333 0.665807
vt -0.120657 0.768047
vt -0.238343 0.739794
vt -0.453355 0.630239
vt -0.513928 -2.979896
vt -0.453355 -2.976381
vt -0.545387 -2.976381
vt -0.545387 0.551637
vt -0.623989 0.459605
vt -0.453276 0.757323
vt -0.896247 -0.067374
vt -0.765760 -0.711845
vt -0.739372 -0.717223
vt -0.843731 -0.765760
vt -0.847371 -0.674003
vt -0.754953 -0.723129
vt -0.674003 -0.742432
vt -0.756492 -0.727446
vt -0.813978 -0.703276
vt -0.809918 -0.691196
vt -0.833715 -0.670432
vt -0.560386 -0.752961
vt -0.773516 0.320163
vt -0.453384 -0.723695
vt -0.390571 -0.724230
vt -0.309360 -0.720812
vt -0.589242 0.593723
vt -0.541099 -0.742514
vt 0.393371 -0.724701
vt -0.822618 0.153390
vt -0.685093 -0.733009
vt -0.844234 -0.541099
vt -0.896233 0.396039
vt -0.908443 0.418321
vt -0.267709 0.399904
vt -0.271915 0.372908
vt -0.302745 0.340766
vt -0.846549 0.508855
vt -0.846556 0.396037
vt -2.971850 -0.232996
vt -2.971850 -0.114864
vt -0.298813 -1.678807
vt -0.339939 0.339477
vt -2.979292 -0.120683
vt -2.976381 0.006250
vt -2.976381 -0.232093
vt -2.971850 -0.448824
vt -2.971850 -0.541204
vt -0.687227 -0.343910
vt -0.623989 -0.447105
vt -2.979906 -0.306269
vt -2.976381 -0.343910
vt -0.733543 -0.232093
vt -0.771293 0.006250
vt -2.979906 0.046120
vt -2.976381 0.126907
vt -0.761797 0.126907
vt -0.687227 0.356410
vt -2.979906 0.389817
vt -2.976381 0.459605
vt -2.976381 0.356410
vt -2.971850 -0.345237
vt -2.976381 0.551637
vt -2.971850 0.553704
vt -0.545387 -2.976381
vt -0.547454 -2.971850
vt -0.455074 -2.971850
vt -0.453355 -2.976381
vt -0.351487 -2.971850
vt -0.350160 -2.976381
vt -0.239246 -2.971850
vt -0.238343 -2.976381
vt -0.121114 -2.971850
vt -0.354689 -2.979386
vt -0.318945 0.712942
vt -0.238343 -2.976381
vt -0.120657 -2.976381
vt -0.000000 -2.976381
vt -0.000030 -0.742004
vt -0.118453 -0.754022
vt -0.000000 -0.765043
vt -0.000000 -2.971850
vt -2.979292 0.237098
vt -0.238343 -0.727294
vt -2.976381 -0.539137
vt -2.976381 -0.447105
vt -1.976404 0.819374
vt -0.455074 0.632605
vt -0.368181 0.689018
vt -0.232396 0.767258
vt -0.350160 -0.680977
vt -0.383558 -2.979896
vt -0.453355 -0.617740
vt -0.545387 -0.539137
vt -2.979896 -0.507678
vt -0.547454 -2.971850
vt -0.000000 0.777543
vt -0.118453 -2.978168
vt -0.000000 -2.976381
vt 0.000000 -0.934386
vt -0.156878 -2.329998
vt -0.092551 -2.979997
vt -0.030000 -2.979997
vt -0.259511 -2.979997
vt -1.617497 0.883825
vt -1.892497 0.887567
vt -1.892497 0.883825
vt -1.617497 0.887575
vt -2.092800 0.883065
vt -2.209052 0.787113
vt -2.112899 0.835322
vt -2.088658 0.856253
vt -2.014117 0.883670
vt -2.171022 0.784625
vt 0.741406 0.879623
vt 0.714028 0.865739
vt 0.743904 0.845619
vt 0.645832 0.883972
vt 0.660875 0.906165
vt 0.523564 0.911790
vt -0.316754 -1.702895
vt -0.030000 -1.617497
vt -0.295302 -1.731178
vt -0.030000 -1.892497
vt -0.317942 -1.757301
vt -0.339288 -1.897895
vt -0.030000 -1.617497
vt -0.309030 -1.704942
vt -0.300231 -1.746882
vt -0.030000 -1.892497
vt -0.332752 -1.757055
vt -0.347737 -1.892497
vt -0.344026 -1.709130
vt -0.582790 -1.617497
vt -0.581551 -1.642275
vt -0.352883 -1.736663
vt -0.490904 -1.766330
vt -0.487789 -1.789106
vt -0.195539 -0.874242
vt -0.095391 -0.901790
vt -0.170243 -0.874075
vt -0.096152 -0.875033
vt -1.617497 -0.871325
vt -1.892497 -0.875067
vt -1.617497 -0.875075
vt -1.979300 -0.899930
vt -2.017011 -0.870418
vt -2.079097 -0.851072
vt -2.054579 -0.887752
vt -0.095391 -0.901790
vt -0.320539 -0.874575
vt -1.892497 -0.871325
vt -2.101643 -0.867811
vt -2.079097 -0.851072
vt -2.118930 -0.817158
vt -2.207089 -0.747640
vt 0.095396 -0.901790
vt 0.151353 -0.875067
vt 0.096263 -0.875042
vt 0.168054 -0.876707
vt -0.338750 0.920272
vt -0.345118 0.920270
vt -0.323125 0.883811
vt -0.332885 0.920240
vt -0.324105 0.920181
vt -0.313343 0.920095
vt 0.395378 0.883832
vt 0.382454 0.919991
vt 0.402932 0.920030
vt 0.413721 0.919930
vt 0.424806 0.883811
vt -0.304909 0.919930
vt 0.377927 0.919665
vt 0.373494 0.883826
vt 0.401707 0.883818
vt 0.398598 0.920282
vt 0.408753 0.920247
vt 0.413783 0.920270
vt -0.352977 0.883818
vt -0.315982 0.883834
vt -0.343520 0.883826
vt -0.328570 0.920057
vt -0.315077 0.920049
vt -0.347840 0.919665
vt -0.299676 0.919991
vt 0.395378 0.883832
vt 0.368334 0.883834
vt 0.382454 0.919991
vt -0.329003 0.920162
vt -0.317942 0.883828
vt -0.350482 0.883817
vt -0.317942 0.920069
vt -1.731178 0.883821
vt -1.757301 0.883828
vt -1.750666 0.920084
vt -0.306444 0.920084
vt -1.731924 0.920096
vt -1.742958 0.920097
vt -1.753540 0.920210
vt -1.745174 0.883817
vt -0.339302 0.920210
vt -1.702895 0.883824
vt -1.731178 0.883821
vt -1.708681 0.919971
vt -1.731924 0.920096
vt -0.344922 0.883818
vt -0.316754 0.883824
vt -0.333824 0.919972
vt -0.306208 0.919971
vt -1.742958 0.920097
vt -1.745174 0.883817
vt -1.722272 0.920082
vt -1.709602 0.883818
vt -0.381772 0.408421
vt -0.352491 0.398598
vt -0.348816 0.408753
vt -0.302745 0.340766
vt -0.315077 0.369365
vt -0.328570 0.367717
vt -0.345118 0.413783
vt -0.351141 0.448305
vt -0.332885 0.421348
vt -0.324105 0.422544
vt -0.338750 0.418819
vt -0.284161 0.438403
vt -0.313343 0.420045
vt -0.304909 0.413721
vt -0.324105 0.920181
vt -0.313343 0.920095
vt -0.284161 0.950055
vt -0.315764 0.451756
vt -0.351141 0.949708
vt -0.315764 0.950003
vt 0.377927 0.919665
vt 0.398598 0.920282
vt 0.408421 0.949886
vt 0.387214 0.950042
vt 0.357567 0.950148
vt -0.347840 0.377927
vt -0.381959 0.387214
vt -0.299676 0.382454
vt -0.271915 0.372908
vt 0.372908 0.950075
vt 0.399904 0.950075
vt 0.382454 0.919991
vt -0.267709 0.399904
vt -0.298806 0.402932
vt 0.438403 0.950055
vt 0.402932 0.920030
vt -0.339939 0.950075
vt -0.302745 0.949928
vt -0.328570 0.920057
vt -0.369687 0.357567
vt -0.339939 0.339477
vt -0.297092 -1.731924
vt -0.268316 -1.713914
vt -0.306208 -1.708681
vt -0.284526 0.949930
vt -0.317942 0.920069
vt -0.346656 0.949851
vt -0.298813 -1.678807
vt -0.327347 -1.672545
vt -0.333824 -1.703019
vt -0.327347 0.950075
vt -0.364276 0.950455
vt -0.333824 0.919972
vt -1.722272 0.920082
vt -1.685861 0.950455
vt -1.723953 0.950026
vt -0.349708 -1.742958
vt -0.352028 -1.722272
vt -0.382630 -1.723953
vt -1.773495 0.949930
vt -1.713914 0.949915
vt -1.731924 0.920096
vt -0.339302 -1.753540
vt -0.346656 -1.786331
vt -0.329003 -1.757358
vt -0.317942 -1.756656
vt -0.284526 -1.773495
vt -0.306444 -1.750666
vt -0.378850 -1.751385
vt -0.364276 -1.685861
vt -0.329003 0.920162
vt -0.330613 -0.907378
vt -0.345187 -0.907557
vt -0.332752 -0.871330
vt -1.748752 -0.907557
vt -1.736663 -0.871322
vt -1.757055 -0.871330
vt -1.715578 -0.907347
vt -1.733470 -0.907737
vt -1.743747 -0.907678
vt -1.709130 -0.871324
vt -0.309030 -0.871322
vt -0.344026 -0.871324
vt -0.325534 -0.907484
vt -0.349227 -0.907347
vt -0.367966 -0.937825
vt -0.327347 -0.937575
vt -0.325534 -0.907484
vt -0.367966 -1.689403
vt -0.325534 -1.701733
vt -0.349227 -1.715578
vt -1.737882 -0.937460
vt -1.689403 -0.937825
vt -1.715578 -0.907347
vt -0.282682 -1.773730
vt -0.314566 -1.755574
vt -0.309156 -1.752474
vt -0.301184 -1.743747
vt -1.773730 -0.937679
vt -1.743747 -0.907575
vt -1.732219 -0.907668
vt -1.709265 -0.937433
vt -0.303287 -1.712613
vt -0.269686 -1.709265
vt -0.297108 -1.732219
vt -0.298813 -1.678807
vt -1.746882 -0.871306
vt -1.752474 -0.907575
vt -0.352468 -1.733470
vt -0.383382 -1.737882
vt -1.704942 -0.871322
vt -1.712613 -0.907411
vt -0.300231 -0.871306
vt -0.309156 -0.907575
vt -0.314566 -0.907578
vt -0.330613 -0.907378
vt -0.332752 -0.871330
vt -0.298813 -0.937575
vt -0.347780 -1.785788
vt -0.345187 -1.748752
vt -0.282682 -0.937679
vt -0.347780 -0.937392
vt -0.330613 -1.757638
vt -0.348816 -1.743747
vt -2.982856 0.756094
vt -2.967497 0.781250
vt -2.971850 0.780467
vt -2.976381 0.777543
vt -1.711265 -0.858094
vt -1.701262 -0.868467
vt -1.743933 -0.868467
vt -1.740137 -0.858093
vt -0.343732 -0.858093
vt -0.353697 -0.868427
vt -0.311063 -0.868467
vt -0.314860 -0.858094
vt -1.748729 -0.858094
vt -1.758693 -0.868427
vt -1.716079 -0.868427
vt -1.719857 -0.858093
vt -0.306268 -0.858093
vt -0.296265 -0.868467
vt -0.338918 -0.868427
vt -0.335140 -0.858094
vt 0.305130 -0.862384
vt 0.335141 -0.858094
vt 0.307208 -0.768750
vt 0.337059 -0.768750
vt -1.740137 -0.858093
vt -1.742056 -0.768750
vt -1.712204 -0.768750
vt -1.711265 -0.858094
vt 0.314860 -0.858094
vt 0.312942 -0.768750
vt 0.342793 -0.768750
vt 0.343732 -0.858093
vt -1.748729 -0.858094
vt -1.718467 -0.862384
vt -1.747790 -0.768750
vt -1.717938 -0.768750
vt 0.003160 0.872923
vt 0.006124 0.745720
vt -0.006251 0.745892
vt -0.006250 0.868750
vt -0.161222 0.869230
vt -0.079520 0.881239
vt -0.029714 0.869266
vt 0.421466 0.881265
vt 0.446427 0.868741
vt 0.344019 0.868762
vt 0.232746 0.881274
vt 0.215727 0.868691
vt 0.334656 0.868717
vt 0.091832 0.874163
vt -0.192474 0.585115
vt 0.080099 0.611527
vt -0.012618 0.376594
vt 0.027547 0.367975
vt 0.359911 0.508733
vt 0.518007 0.332758
vt 0.334379 0.414342
vt 0.345083 0.390693
vt 0.612499 0.000894
vt 0.607268 0.099147
vt 0.611973 -1.345547
vt 0.225000 -1.349940
vt 0.219179 -0.680911
vt 0.176481 -0.650702
vt 0.338642 -0.253125
vt 0.027547 -0.307024
vt 0.040166 -0.346119
vt 0.012618 -0.376594
vt -0.419197 0.451272
vt -0.347317 0.399066
vt -0.027547 0.307024
vt -0.329310 0.374920
vt -0.302684 0.390939
vt -0.320692 0.415086
vt 0.150260 0.869062
vt 0.218677 0.881234
vt 0.277012 0.869084
vt 0.224976 0.652641
vt 0.612500 0.620287
vt -0.225000 0.643750
vt -0.612500 0.620287
vt 0.612500 0.605553
vt -0.612521 0.563859
vt -0.000000 0.543750
vt 0.389285 0.869121
vt 0.439219 0.881238
vt 0.484023 0.869158
vt -0.327257 -0.289460
vt -0.000000 -0.255440
vt -0.296782 -0.317007
vt -0.162500 -0.668750
vt -0.305401 -0.357173
vt 0.221743 -0.709751
vt 0.425000 -0.779912
vt 0.225000 -0.801351
vt 0.425000 -0.832138
vt -0.281943 0.756108
vt -0.286761 0.875081
vt -0.393842 0.756102
vt -0.396623 0.869158
vt 0.486291 0.756102
vt 0.391843 0.756100
vt 0.279630 0.756101
vt -0.465978 -0.571668
vt -0.461863 -0.220762
vt -0.429650 -0.605425
vt 0.479289 -0.214812
vt 0.575000 -0.568750
vt 0.461675 -0.573400
vt 0.305401 -0.302079
vt 0.296782 -0.342244
vt 0.293339 -0.255440
vt 0.344495 -0.289460
vt 0.374970 -0.317007
vt 0.427918 -0.609728
vt 0.366351 -0.357173
vt 0.327257 -0.369791
vt 0.184022 -0.671668
vt -0.425000 -0.771768
vt -0.344495 -0.369791
vt -0.216501 -0.691968
vt -0.374970 -0.342244
vt 0.297244 -0.209739
vt 0.172674 0.756479
vt 0.323176 0.756829
vt 0.429225 0.756806
vt 0.438558 0.868741
vt 0.455446 0.756806
vt 0.359911 0.749743
vt -0.000000 0.267936
vt 0.297469 0.224415
vt 0.328303 -0.221253
vt -0.575000 -0.568750
vt -0.301522 0.229624
vt 0.119934 0.752411
vt 0.234932 0.743737
vt -0.559738 0.279630
vt -0.487861 0.391843
vt -0.569370 0.234932
vt -0.297565 -0.212296
vt -0.433339 0.267936
vt -0.484042 0.224790
vt 0.295710 0.350744
vt 0.308329 0.311650
vt -0.300290 0.366242
vt 0.323257 0.381220
vt 0.612500 0.543750
vt 0.371461 0.366242
vt 0.480084 0.229624
vt 0.359992 0.306540
vt -0.366351 -0.302079
vt -0.025408 0.625307
vt -0.225000 -0.779912
vt -0.374970 0.329507
vt -0.359992 0.377711
vt -0.344495 0.301960
vt -0.305401 0.314578
vt -0.612500 0.267936
vt 0.242980 0.748928
vt 0.226165 0.868780
vt 0.451272 0.743719
vt -0.393842 0.486291
vt -0.281943 0.558686
vt -0.025408 0.756129
vt -0.157250 0.756117
vt -0.006250 0.868750
vt -1.587500 0.868750
vt -0.006250 0.756250
vt -0.192474 0.743731
vt -0.157250 0.605735
vt 0.080099 0.743688
vt 0.107578 0.756145
vt 0.332758 0.743760
vt 0.455446 0.429225
vt 0.535899 0.323176
vt 0.602875 0.172674
vt 0.620725 0.003392
vt 0.003392 0.749525
vt 0.001299 0.872326
vt -1.500000 0.543750
vt -1.490211 0.605553
vt -1.509372 0.591417
vt -1.484776 0.620287
vt 0.006861 0.877175
vt -0.338642 -0.253125
vt -0.338642 -0.000000
vt -0.332449 -0.160131
vt -0.304902 -0.129656
vt 0.102690 0.874038
vt 0.000000 -0.000000
vt 0.264737 0.138275
vt 0.304902 0.129656
vt 0.040166 0.328881
vt 0.279665 0.207844
vt 0.252118 0.177369
vt 0.319831 0.199225
vt -0.264737 -0.138275
vt -0.146142 -0.253125
vt 0.003160 0.872923
vt 0.006255 0.756252
vt -0.181991 -0.652596
vt -0.222005 -0.686566
vt -0.612500 -1.300000
vt 0.099147 0.743865
vt 0.612500 -0.838750
vt -0.252118 0.160131
vt -0.279665 0.129656
vt -0.264737 0.199225
vt 0.012620 0.298406
vt -0.319831 0.138275
vt -0.304902 0.207844
vt 0.618823 0.683911
vt 0.625011 0.591417
vt 0.332449 0.160131
vt -0.319830 -0.199226
vt 0.326547 0.373565
vt 0.242980 0.573461
vt 0.302683 0.399066
vt 0.304903 -0.207844
vt 0.264737 -0.199226
vt 0.279665 -0.129656
vt 0.252118 -0.160131
vt -0.027547 -0.367975
vt -0.040166 -0.328881
vt -0.012620 -0.298406
vt -0.332449 0.177369
vt -0.279664 -0.207844
vt 0.618823 -1.449276
vt -0.040166 0.346119
vt 0.332449 -0.177369
vt 0.319831 -0.138275
vt -0.225001 -1.298943
vt -0.617915 -1.381235
vt -0.225012 -1.407037
vt -0.612663 0.671376
vt -0.225012 0.717243
vt -0.612663 -1.454619
vt -0.252118 -0.177369
vt -0.614359 0.119934
vt -0.616039 0.006124
vt -0.616786 -0.006251
vt -0.612500 -0.838750
vt 0.224976 -1.471875
vt -0.425000 -0.832138
vt -0.225000 -0.832138
vt -1.654073 -0.740354
vt -1.596981 -0.867029
vt -1.536611 -0.832138
vt -1.504372 -0.779912
vt -1.499999 -0.691968
vt -1.685138 -0.767736
vt -1.842500 -0.768750
vt -1.650000 -0.675340
vt -1.650000 -0.718750
vt -1.840625 -0.868750
vt 0.184022 -1.500000
vt 0.193750 -1.650000
vt 0.162500 -1.650000
vt -1.500000 -0.671668
vt -1.499311 -0.709751
vt -1.650000 -0.677123
vt -1.649145 -0.723096
vt -1.682811 -0.767411
vt -1.594074 -0.866851
vt -1.842500 -0.868750
vt -1.509939 -0.801351
vt -1.840625 -0.768750
vt 0.234375 -1.840625
vt 0.312942 -1.747790
vt 0.307208 -1.717938
vt 0.417500 -1.842500
vt 0.225000 -1.682811
vt -0.225000 0.681250
vt 0.225000 0.681250
vt -0.225000 0.643750
vt 0.224976 0.652641
vt -1.300000 0.743750
vt -1.381235 0.730916
vt -1.300000 0.756250
vt -0.838750 0.743750
vt -0.006250 0.756250
vt -0.006251 0.745892
vt -1.453615 0.691687
vt -1.381235 0.730916
vt -1.454619 0.671376
vt -1.509755 0.587176
vt -1.484776 0.620287
vt -1.499415 0.563859
vt -0.625014 0.587176
vt -0.624615 0.691687
vt -0.612500 0.620287
vt -0.612663 0.671376
vt -0.838750 0.743750
vt 0.003392 0.749525
vt -0.006250 0.756250
vt -1.300000 0.756250
vt -1.345547 0.739754
vt 0.624867 -1.396153
vt 0.611973 -1.345547
vt 0.625000 -1.300000
vt -1.501721 -0.771768
vt -1.652064 -0.735685
vt -1.650000 -0.609728
vt -1.840625 -0.768750
vt -1.682811 -0.767411
vt -1.842500 -0.868750
vt -1.536611 -0.832138
vt -1.594712 -0.867152
vt -1.500000 -0.605425
vt -0.162500 -1.500000
vt 0.162500 -1.650000
vt -0.199172 -1.650000
vt -0.216501 -1.499999
vt -1.652617 -0.736901
vt -1.536611 -0.832138
vt -1.504372 -0.779912
vt -1.597691 -0.867309
vt -1.685138 -0.767736
vt -1.500000 -0.609728
vt -1.650000 -0.605425
vt -1.650000 -0.605425
vt -1.500000 -0.609728
vt -1.500000 -0.573400
vt 0.465978 -1.650000
vt 0.429650 -1.650000
vt 0.461675 -1.500000
vt 0.297469 -1.500000
vt 0.480084 -1.500000
vt 0.315390 -1.650000
vt 0.466474 -1.650000
vt -1.650000 -0.195448
vt -1.500000 -0.183753
vt -1.500000 -0.214812
vt -1.500000 0.229624
vt -1.650000 0.209160
vt -1.650000 -0.219979
vt 0.479289 -1.500000
vt 0.328303 -1.500000
vt 0.468133 -1.650000
vt 0.297565 -1.650000
vt 0.297244 -1.500000
vt -1.650000 0.211742
vt -1.650000 -0.212296
vt -1.500000 0.224415
vt -1.500000 -0.209739
vt -1.650000 0.372601
vt -1.500000 0.350744
vt -1.500000 0.381220
vt -1.650000 0.323366
vt -1.500000 0.311650
vt 0.344495 -1.650000
vt 0.359992 -1.500000
vt 0.308329 -1.500000
vt 0.297197 -1.650000
vt -1.650000 0.301960
vt -1.650000 0.339033
vt -1.500000 0.306540
vt -1.500000 0.366242
vt 0.348495 -1.650000
vt 0.323257 -1.500000
vt 0.371461 -1.500000
vt 0.308329 -1.650000
vt -0.344495 -1.650000
vt -0.374970 -1.650000
vt -0.359992 -1.500000
vt -0.359992 -1.650000
vt -0.344495 -1.500000
vt -0.374970 -1.500000
vt -1.650000 0.354744
vt -1.650000 0.306540
vt -1.500000 0.329507
vt -1.500000 0.377711
vt -0.359992 -1.650000
vt -0.300290 -1.650000
vt -0.344495 -1.500000
vt -0.305401 -1.500000
vt -1.650000 0.318009
vt -1.650000 0.369673
vt -1.500000 0.366242
vt -1.500000 0.314578
vt -0.344495 -1.650000
vt -0.359992 -1.500000
vt -0.300290 -1.500000
vt -0.305401 -1.650000
vt -1.650000 -0.326533
vt -1.650000 -0.372502
vt -1.500000 -0.342244
vt 0.332783 -1.650000
vt 0.327257 -1.500000
vt 0.296782 -1.500000
vt 0.332783 -1.650000
vt 0.374970 -1.650000
vt 0.366351 -1.500000
vt 0.327257 -1.500000
vt -1.650000 -0.342244
vt -1.500000 -0.317007
vt -1.500000 -0.357173
vt -1.650000 -0.302079
vt 0.366351 -1.650000
vt 0.344495 -1.500000
vt 0.374970 -1.500000
vt 0.327257 -1.650000
vt 0.327257 -1.650000
vt 0.305401 -1.500000
vt 0.344495 -1.500000
vt -1.650000 -0.289460
vt -1.650000 -0.326533
vt -1.500000 -0.302079
vt -1.500000 -0.342244
vt -0.348495 -1.650000
vt -0.344495 -1.500000
vt -0.374970 -1.500000
vt -1.650000 -0.338245
vt -1.650000 -0.368720
vt -1.500000 -0.342244
vt -0.348495 -1.650000
vt -0.308329 -1.650000
vt -0.344495 -1.500000
vt -0.305401 -1.500000
vt -1.650000 -0.360101
vt -1.650000 -0.321007
vt -1.500000 -0.357173
vt -1.500000 -0.317007
vt -1.650000 -0.321007
vt -1.650000 -0.290532
vt -1.500000 -0.317007
vt -0.323257 -1.650000
vt -0.327257 -1.500000
vt -0.296782 -1.500000
vt -0.323257 -1.650000
vt -0.363423 -1.650000
vt -0.327257 -1.500000
vt -0.366351 -1.500000
vt -1.650000 -0.299150
vt -1.650000 -0.338245
vt -1.500000 -0.302079
vt -1.500000 -0.342244
vt -0.484042 -1.500000
vt -0.301522 -1.500000
vt -0.468133 -1.650000
vt -0.294910 -1.650000
vt -0.328303 -1.650000
vt -1.650000 -0.216846
vt -1.650000 -0.183753
vt -1.500000 -0.212296
vt -1.650000 0.217685
vt -1.500000 0.229624
vt -0.486396 -1.650000
vt -0.453303 -1.650000
vt -0.461863 -1.500000
vt -0.487311 -1.500000
vt -0.305342 -1.650000
vt -0.297565 -1.500000
vt -1.500000 0.224790
vt -1.650000 0.207942
vt -1.650000 -0.206714
vt -1.500000 -0.202706
vt -0.180098 0.805812
vt -0.177369 0.743750
vt -0.207844 0.743750
vt 0.302173 0.805812
vt 0.331715 0.805812
vt 0.304903 0.743750
vt -0.140275 0.805812
vt -0.138275 0.743750
vt -0.177369 0.743750
vt -0.180098 0.805812
vt 0.282396 0.805812
vt 0.279665 0.743750
vt 0.319831 0.743750
vt 0.321827 0.805812
vt 0.282396 0.805812
vt 0.252852 0.805812
vt 0.279665 0.743750
vt -0.157402 0.805812
vt -0.160131 0.743750
vt -0.129656 0.743750
vt -0.197225 0.805812
vt -0.199226 0.743750
vt -0.160131 0.743750
vt -0.157402 0.805812
vt 0.302173 0.805812
vt 0.304903 0.743750
vt 0.264737 0.743750
vt 0.262741 0.805812
vt -0.348847 0.805812
vt -0.346119 0.743750
vt -0.376594 0.743750
vt 0.009888 0.805812
vt 0.039432 0.805812
vt 0.012618 0.743750
vt -0.309024 0.805812
vt -0.307024 0.743750
vt -0.346119 0.743750
vt -0.348847 0.805812
vt 0.029543 0.805812
vt -0.009890 0.805812
vt 0.027547 0.743750
vt -0.012620 0.743750
vt -0.009890 0.805812
vt -0.039432 0.805812
vt -0.012620 0.743750
vt -0.326152 0.805812
vt -0.328881 0.743750
vt -0.298406 0.743750
vt -0.326152 0.805812
vt -0.365975 0.805812
vt -0.328881 0.743750
vt -0.367975 0.743750
vt 0.009888 0.805812
vt 0.012618 0.743750
vt -0.027547 0.743750
vt -0.029543 0.805812
vt -0.282394 0.805812
vt -0.252852 0.805812
vt -0.279664 0.743750
vt -0.180098 0.805812
vt -0.177369 0.743750
vt -0.207844 0.743750
vt -0.180098 0.805812
vt -0.140275 0.805812
vt -0.177369 0.743750
vt -0.138275 0.743750
vt -0.262740 0.805812
vt -0.302172 0.805812
vt -0.264737 0.743750
vt -0.304902 0.743750
vt -0.302172 0.805812
vt -0.331715 0.805812
vt -0.304902 0.743750
vt -0.157402 0.805812
vt -0.160131 0.743750
vt -0.129656 0.743750
vt -0.157402 0.805812
vt -0.197225 0.805812
vt -0.160131 0.743750
vt -0.199226 0.743750
vt -0.321827 0.805812
vt -0.282394 0.805812
vt -0.319830 0.743750
vt -0.279664 0.743750
vt -0.282396 0.805812
vt -0.252852 0.805812
vt -0.279665 0.743750
vt 0.157402 0.805812
vt 0.160131 0.743750
vt 0.129656 0.743750
vt 0.157402 0.805812
vt 0.197225 0.805812
vt 0.160131 0.743750
vt 0.199225 0.743750
vt -0.302172 0.805812
vt -0.304902 0.743750
vt -0.264737 0.743750
vt -0.262740 0.805812
vt -0.302172 0.805812
vt -0.331715 0.805812
vt -0.304902 0.743750
vt 0.180098 0.805812
vt 0.177369 0.743750
vt 0.207844 0.743750
vt 0.140275 0.805812
vt 0.138275 0.743750
vt 0.177369 0.743750
vt 0.180098 0.805812
vt -0.282396 0.805812
vt -0.279665 0.743750
vt -0.319831 0.743750
vt -0.321827 0.805812
vt 0.326152 0.805812
vt 0.328881 0.743750
vt 0.298406 0.743750
vt 0.009890 0.805812
vt 0.039432 0.805812
vt 0.012620 0.743750
vt 0.365975 0.805812
vt 0.367975 0.743750
vt 0.328881 0.743750
vt 0.326152 0.805812
vt -0.009888 0.805812
vt -0.012618 0.743750
vt 0.027547 0.743750
vt 0.029543 0.805812
vt 0.348847 0.805812
vt 0.346119 0.743750
vt 0.376594 0.743750
vt -0.009888 0.805812
vt -0.039432 0.805812
vt -0.012618 0.743750
vt 0.348847 0.805812
vt 0.309024 0.805812
vt 0.346119 0.743750
vt 0.307024 0.743750
vt 0.009890 0.805812
vt 0.012620 0.743750
vt -0.027547 0.743750
vt -0.029543 0.805812
vt 0.157402 0.805812
vt 0.160131 0.743750
vt 0.129656 0.743750
vt 0.302172 0.805812
vt 0.331715 0.805812
vt 0.304902 0.743750
vt 0.197225 0.805812
vt 0.199225 0.743750
vt 0.160131 0.743750
vt 0.157402 0.805812
vt 0.321827 0.805812
vt 0.282395 0.805812
vt 0.319831 0.743750
vt 0.279665 0.743750
vt 0.282395 0.805812
vt 0.252852 0.805812
vt 0.279665 0.743750
vt 0.180098 0.805812
vt 0.177369 0.743750
vt 0.207844 0.743750
vt 0.140275 0.805812
vt 0.138275 0.743750
vt 0.177369 0.743750
vt 0.180098 0.805812
vt 0.262740 0.805812
vt 0.302172 0.805812
vt 0.264737 0.743750
vt 0.304902 0.743750
vt 0.219179 0.743750
vt 0.215767 0.868498
vt 0.179082 0.868866
vt 0.176481 0.743750
vt -0.712500 0.868750
vt -0.680911 0.743750
vt -1.349940 0.739565
vt -0.677884 0.868498
vt -1.654657 0.756521
vt -1.494855 0.681250
vt -1.471875 0.652641
vt -1.688814 0.780688
vt -1.843750 0.781250
vt -1.825000 0.868750
vt -1.650000 0.681250
vt 0.176481 0.743750
vt 0.179082 0.868866
vt -0.190552 0.867936
vt -0.181991 0.743750
vt -1.494855 0.681250
vt -1.407037 0.717243
vt -1.650000 0.681250
vt -1.298943 0.743751
vt -0.712500 0.868750
vt -1.651301 0.744246
vt -1.677832 0.779200
vt -0.654292 0.867936
vt -0.688582 0.868750
vt -0.686566 0.743750
vt -0.190552 0.867936
vt -0.222005 0.743750
vt -0.181991 0.743750
vt -1.473205 0.643750
vt -1.825000 0.868750
vt -1.843750 0.781250
vt -0.237500 -1.843750
vt -0.309763 -1.743771
vt -0.310323 -1.712702
vt -0.413462 -1.844231
vt -0.225000 -1.677832
vt -0.180098 0.805812
vt -0.232819 0.855264
vt -0.143217 0.855264
vt -0.168750 0.881250
vt 0.194282 0.855264
vt 0.104682 0.855264
vt 0.168750 0.881250
vt 0.157402 0.805812
vt 0.326152 0.805812
vt 0.273431 0.855264
vt 0.363033 0.855264
vt 0.337500 0.881250
vt 0.323453 0.781250
vt 0.338015 0.875954
vt 0.306852 0.870593
vt 0.304917 0.781250
vt 0.320937 0.781250
vt 0.311823 0.876546
vt 0.344961 0.875954
vt 0.346438 0.781250
vt -1.752313 0.781250
vt -1.725688 0.781250
vt -1.750203 0.876546
vt -1.718844 0.870593
vt -1.704749 0.880447
vt -0.310323 0.781250
vt -0.306268 0.870593
vt -0.340097 0.869665
vt -0.344339 0.781250
vt -1.743771 0.781250
vt -1.750630 0.877465
vt -1.719857 0.870593
vt -1.712702 0.781250
vt -0.334380 0.781250
vt -0.336153 0.870593
vt -0.311464 0.877465
vt -0.309763 0.781250
vt -0.353696 0.880927
vt -1.720617 0.781250
vt -1.713869 0.869665
vt -1.748145 0.870593
vt -1.749336 0.781250
vt 0.399066 0.743750
vt 0.406155 0.870593
vt 0.381384 0.877797
vt 0.419876 0.879341
vt 0.414342 0.743750
vt 0.376271 0.870593
vt 0.366358 0.880874
vt 0.405913 0.876546
vt 0.390693 0.743750
vt 0.345083 0.743750
vt 0.326547 0.743750
vt 0.335141 0.870593
vt -0.347317 0.743750
vt -0.320692 0.743750
vt -0.343148 0.870593
vt -0.313848 0.870593
vt 0.415086 0.743750
vt 0.390939 0.743750
vt 0.413151 0.870593
vt 0.383850 0.870593
vt -0.329310 0.743750
vt -0.336916 0.879166
vt -0.306852 0.870593
vt -0.302684 0.743750
vt 0.399066 0.743750
vt 0.406155 0.870593
vt 0.373150 0.879166
vt 0.374920 0.743750
vt -1.063748 0.881250
vt -0.690593 0.881243
vt -0.712500 0.868750
vt 0.241406 -1.844844
vt 0.237500 -1.063748
vt 0.225000 -1.825000
vt 0.215767 -0.677884
vt 0.225000 -0.712500
vt 0.234557 -0.690593
vt -0.677884 0.868498
vt -0.641921 0.881140
vt -1.825000 0.868750
vt -0.225000 -1.825000
vt -0.237500 -1.063748
vt -0.241818 -1.844545
vt -0.712500 0.868750
vt -0.712500 0.881250
vt -1.063748 0.881250
vt -1.825000 0.868750
vt -0.688582 0.868750
vt -0.654474 0.880959
vt 0.270033 0.855264
vt 0.292284 0.881250
vt 0.337284 0.881250
vt 0.358755 0.855264
vt -0.381005 0.855264
vt -0.370226 0.881250
vt -0.337284 0.881250
vt -0.314532 0.855264
vt -0.022250 0.855264
vt -0.088721 0.855264
vt -0.045000 0.881250
vt 0.311968 0.855264
vt 0.292500 0.881250
vt 0.259557 0.881250
vt -0.340097 -1.713869
vt -0.306268 -1.719857
vt -0.338893 -1.701352
vt -0.306268 0.870593
vt -0.296265 0.880967
vt -0.338893 0.880874
vt 0.270035 0.855264
vt 0.203562 0.855264
vt 0.247284 0.881250
vt 0.214341 0.881250
vt 0.536231 0.456201
vt -0.000000 0.006250
vt 0.449951 0.542481
vt 0.449951 -0.529981
vt -0.000000 0.006250
vt 0.536231 -0.443701
vt -0.536231 -0.443701
vt -0.000000 0.006250
vt -0.449951 -0.529981
vt -0.449951 0.542481
vt -0.000000 0.006250
vt -0.536231 0.456201
vt 0.789012 -1.156537
vt 0.787011 -1.239488
vt 0.794455 -1.239491
vt -1.167153 0.006251
vt -1.137284 -0.014812
vt -1.142219 -0.000259
vt 0.794863 -0.014812
vt 0.787359 -0.018750
vt 0.787357 -0.000259
vt 0.725386 0.286347
vt 0.769635 0.116040
vt 0.754237 0.204800
vt 0.560416 0.542249
vt 0.666418 0.405061
vt 0.627275 0.464642
vt 0.000329 0.778448
vt 0.154165 0.763202
vt 0.000116 0.782565
vt 0.306926 0.717858
vt 0.468008 0.623644
vt 0.391194 0.675024
vt 0.315253 -2.146751
vt 0.443069 -1.985530
vt 0.365825 -2.006681
vt 0.374724 -0.667196
vt 0.448772 -0.708737
vt 0.443069 -0.808898
vt -1.961287 -0.526642
vt -1.852072 -0.557883
vt -1.860472 -0.679602
vt 0.239487 -2.186664
vt 0.374724 -2.184749
vt 0.315253 -2.146751
vt 0.338240 0.702828
vt 0.174239 0.759742
vt 0.255943 0.736961
vt 0.405818 0.668077
vt 0.515741 0.584793
vt 0.338240 0.702828
vt 0.753211 0.208249
vt 0.770211 0.114123
vt 0.730174 0.270326
vt 0.239487 -2.186664
vt 0.114422 -2.251831
vt 0.228750 -2.254820
vt -0.026810 -1.617486
vt -0.027500 -1.617498
vt -0.027500 0.307503
vt -0.027500 -2.979997
vt -0.027500 -2.329719
vt 0.000000 -2.979997
vt -0.027500 -0.875075
vt -0.027500 -0.871325
vt 0.587534 -0.871322
vt 0.526521 -1.740366
vt 0.363137 -1.899357
vt 0.406087 -1.957898
vt 0.222502 -0.874282
vt 0.430002 -0.862575
vt 0.454993 -0.862118
vt 0.222502 -0.874282
vt 0.359988 -0.861708
vt 0.430002 -0.862575
vt 0.049573 -2.981899
vt 0.000164 -2.338031
vt -0.027500 -2.979997
vt 0.358149 -2.979997
vt 0.204482 -2.979997
vt 0.366500 -2.339171
vt -2.979997 0.252520
vt -2.979997 0.401866
vt -2.281210 0.340149
vt -2.979997 -0.240020
vt -2.979997 -0.077348
vt -2.243721 -0.230772
vt -2.979997 -0.389366
vt -2.979997 -0.240020
vt -2.301723 -0.388641
vt 0.358149 -2.979997
vt 0.492435 -2.979997
vt 0.351723 -2.337331
vt -2.979997 -0.517304
vt -2.979997 -0.389366
vt -2.343978 -0.525643
vt 0.204482 -2.979997
vt 0.358149 -2.979997
vt 0.272903 -2.337932
vt 0.114222 -2.323958
vt 0.049573 -2.981899
vt 0.204482 -2.979997
vt 0.081935 -2.339961
vt 0.039751 -2.979997
vt 0.000000 -2.979997
vt 0.137339 -2.330811
vt 0.204482 -2.979997
vt 0.039751 -2.979997
vt -2.979997 0.746780
vt -2.331303 0.746780
vt -2.979997 0.725720
vt 0.587468 -1.606763
vt 0.344026 -1.709131
vt 0.309034 -1.704939
vt 0.680698 0.369273
vt 0.680898 0.369662
vt 0.686363 -0.288753
vt 0.761710 -0.844824
vt 0.747890 -0.828934
vt 0.761173 -0.810208
vt -2.979997 -0.713220
vt -2.329719 -0.713220
vt -2.979997 -0.734280
vt -2.032802 -0.890646
vt -2.086738 -0.846637
vt -2.020572 -0.869503
vt 0.408524 0.920081
vt 0.385666 0.919925
vt 0.393996 0.883823
vt -0.176878 0.727353
vt -0.070927 0.727648
vt -0.000051 0.733546
vt 0.054786 -0.084231
vt 0.077785 -0.065719
vt 0.001279 -0.104039
vt 0.077785 -0.065719
vt 0.100759 -0.003213
vt 0.092754 -0.041954
vt 0.050416 -0.936993
vt 0.026145 -0.934986
vt 0.000000 -0.935430
vt 0.050416 0.094783
vt 0.066874 0.075407
vt 0.026145 0.099201
vt 0.094783 -0.936993
vt 0.027725 -0.937157
vt 0.075407 -0.932673
vt 0.104612 0.027725
vt 0.100759 -0.003213
vt 0.092580 0.039873
vt 0.027725 -0.937157
vt -0.041954 -0.935428
vt -0.003213 -0.932663
vt -0.079638 -0.936828
vt -0.065719 -0.929729
vt -0.041954 -0.935428
vt 0.547454 -0.541204
vt 0.485887 -0.598770
vt 0.601485 -0.482747
vt -2.976381 0.126907
vt -2.976381 0.244593
vt -2.979906 0.205248
vt 0.455073 -2.971851
vt 0.547454 -2.971851
vt 0.505747 -2.976791
vt 0.749718 0.199043
vt 0.733543 0.244593
vt 0.761797 0.126907
vt -2.973769 0.199043
vt -2.971851 0.357737
vt -2.976381 0.244593
vt 0.852167 -0.786912
vt 0.847203 -0.740495
vt 0.847486 -0.681001
vt 0.782565 0.756788
vt 0.779786 0.763990
vt 0.794015 0.766217
vt 0.107189 -0.937440
vt 0.100543 -0.932101
vt 0.099418 -0.898291
vt 0.320915 -0.886782
vt 0.200836 -0.890343
vt 0.281880 -0.890715
vt -0.787304 0.081410
vt -0.787290 0.064583
vt -0.791990 0.068074
vt -0.496839 -1.485595
vt -0.479748 -1.474900
vt -0.487057 -1.473234
vt -0.794824 -1.161307
vt -0.787327 -1.160102
vt -0.791990 -1.171385
vt -0.794821 0.007695
vt -0.787333 0.008638
vt -0.787327 0.019455
vt -0.794821 -1.162549
vt -0.794856 -1.142257
vt -0.787333 -1.156609
vt -0.794856 0.024439
vt -0.787359 0.037348
vt -0.787333 0.008638
vt -0.794856 0.024439
vt -0.794857 0.063056
vt -0.787359 0.037348
vt -0.794857 0.063056
vt -0.787347 0.075514
vt -0.787359 0.037348
vt -0.794857 -1.141505
vt -0.794829 -1.162211
vt -0.787347 -1.148444
vt -0.794829 -1.162211
vt -0.787304 -1.170992
vt -0.787347 -1.148444
vt -0.580056 0.523247
vt -0.626041 0.464761
vt -0.518219 0.581567
vt -0.320373 -0.850038
vt -0.320434 -0.872048
vt -0.295381 -0.866244
vt -0.195375 -0.850038
vt -0.195434 -0.872048
vt -0.170381 -0.866244
vt -0.420224 -2.032211
vt -0.270903 -2.121177
vt -0.403160 -2.135180
vt -1.978287 -0.593994
vt -1.827902 -0.729097
vt -1.906215 -0.524689
vt -1.628840 -0.714771
vt -1.694553 -0.712641
vt -1.703109 -0.751677
vt 0.295003 -0.900075
vt 0.295003 -0.877575
vt 0.495003 -0.877575
vt -0.675159 -1.665449
vt -0.693984 -1.582961
vt -0.586817 -1.787435
vt -0.582891 0.884198
vt -0.030000 0.887575
vt -0.030000 0.883825
vt -0.030000 -0.875075
vt -0.571985 -0.872238
vt -0.030000 -0.871325
vt -0.030000 -1.617497
vt -0.635042 -1.497560
vt -0.571985 -1.617497
vt -0.411561 -2.979997
vt -0.259511 -2.979997
vt -0.399965 -2.346723
vt -0.539964 -2.979997
vt -0.411561 -2.979997
vt -0.482820 -2.333079
vt -2.308107 -0.411341
vt -2.979997 -0.326009
vt -2.979997 -0.468134
vt -2.979997 0.006250
vt -2.979997 -0.164793
vt -2.184148 -0.100007
vt -2.979997 0.338509
vt -2.979997 0.177293
vt -2.281183 0.334455
vt -0.411561 -2.979997
vt -0.539964 -2.979997
vt -0.445011 -2.342067
vt -2.979997 0.480634
vt -2.979997 0.338509
vt -2.322788 0.495500
vt -0.252265 -2.982283
vt -0.411561 -2.979997
vt -0.307901 -2.343831
vt -0.226839 -2.341392
vt -0.032170 -2.980012
vt -0.252265 -2.982283
vt -0.067372 -2.326977
vt -0.030000 -2.339674
vt -0.032170 -2.980012
vt -2.980012 0.728173
vt -2.339674 0.724374
vt -2.979997 0.749214
vt -2.979997 -0.739215
vt -2.337705 -0.739215
vt -2.979997 -0.711873
vt -0.772365 -0.363624
vt -0.698001 -0.343498
vt -0.747068 -0.354169
vt 0.715169 -0.883888
vt 0.750483 -0.827974
vt 0.714216 -0.849935
vt 0.807117 -0.747637
vt 0.780782 -0.745757
vt 0.774083 -0.771503
vt 0.641742 -0.870700
vt 0.619522 -0.878439
vt 0.715169 -0.883888
vt -0.223464 -2.979941
vt -0.000030 -2.982265
vt -0.030000 -2.979997
vt -1.709602 0.883818
vt -1.703019 0.919972
vt -1.722272 0.920082
vt -0.309030 -0.871322
vt -0.325534 -0.907484
vt -0.303287 -0.907411
vt -0.029984 0.575664
vt -0.030000 0.523564
vt -0.000023 0.649652
vt -0.072432 0.069854
vt -0.093393 0.037867
vt -0.049399 0.088912
vt -0.000248 -0.108556
vt -0.025106 -0.097745
vt -0.000000 -0.101446
vt -0.104613 -0.027718
vt -0.100643 -0.005324
vt -0.090773 -0.043491
vt -0.066951 -0.934986
vt -0.028618 -0.936920
vt -0.049399 -0.931489
vt -0.011329 0.762485
vt -0.232469 0.762539
vt 0.052117 0.767141
vt -0.854300 0.636374
vt -0.848974 0.712925
vt -0.847745 0.693005
vt -0.099369 -0.904140
vt -0.108556 -0.937244
vt -0.101446 -0.934151
vt -0.000000 -0.937575
vt -0.000248 -0.937244
vt -0.000190 -0.904140
vt 0.782210 -0.746608
vt 0.780472 -0.705392
vt 0.778803 -0.741333
vt -1.672545 -0.937575
vt -0.108556 -0.937244
vt -0.108836 -0.937575
vt -1.719857 -0.858093
vt -1.710658 -0.768750
vt -1.739377 -0.768750
vt -0.343732 -0.858093
vt -0.314860 -0.858094
vt -0.334380 -0.768750
vt -0.314860 -0.858094
vt -0.305661 -0.768750
vt -0.334380 -0.768750
vt -1.711265 -0.858094
vt -1.740137 -0.858093
vt -1.720617 -0.768750
vt -1.740137 -0.858093
vt -1.749336 -0.768750
vt -1.720617 -0.768750
vt -0.306268 -0.858093
vt -0.335140 -0.858094
vt -0.315620 -0.768750
vt -0.335140 -0.858094
vt -0.344339 -0.768750
vt -0.315620 -0.768750
vt -1.748729 -0.858094
vt -1.719857 -0.858093
vt -1.739377 -0.768750
vt -1.740137 -0.858093
vt -1.720559 -0.868667
vt -1.756434 -0.868467
vt 0.343732 -1.740137
vt 0.335141 -1.711265
vt 0.354240 -1.720559
vt 0.335141 -0.858094
vt 0.322705 -0.868427
vt 0.354240 -0.868667
vt 0.335141 -1.711265
vt 0.305130 -1.718467
vt 0.322705 -1.698186
vt 0.305130 -1.718467
vt 0.314860 -1.748729
vt 0.298563 -1.747914
vt 0.314860 -0.858094
vt 0.342916 -0.868467
vt 0.298563 -0.868467
vt 0.314860 -1.748729
vt 0.343732 -1.740137
vt 0.342916 -1.756434
vt -0.232500 -1.842500
vt -0.225000 -1.685138
vt -0.315620 -1.749336
vt -0.625000 0.756250
vt -0.625000 0.868750
vt -0.616786 0.745892
vt -0.616039 0.745720
vt -0.620843 0.872923
vt -0.624967 0.756252
vt 0.006124 0.745720
vt 0.006255 0.756252
vt 0.119934 0.752411
vt -1.345547 0.739754
vt -1.396153 0.736234
vt -1.449276 0.683911
vt -1.650000 0.209160
vt -1.650000 0.232551
vt -1.500000 0.229624
vt 0.315390 -1.650000
vt 0.293593 -1.650000
vt 0.297469 -1.500000
vt -1.650000 0.339033
vt -1.650000 0.381220
vt -1.500000 0.366242
vt -1.650000 0.232472
vt -1.650000 0.207942
vt -1.500000 0.224790
vt 0.612499 0.743749
vt 0.620725 0.749525
vt 0.338642 0.743750
vt -0.006250 0.756250
vt -1.300000 0.756250
vt -0.006250 0.868750
vt -1.381235 0.730916
vt -1.453615 0.691687
vt -1.587500 0.868750
vt 0.237500 -1.843750
vt 0.225000 -1.688814
vt 0.320937 -1.752313
vt -0.157402 0.805812
vt -0.104682 0.855264
vt -0.194282 0.855264
vt -0.326152 0.805812
vt -0.273431 0.855264
vt -0.363033 0.855264
vt -0.157402 0.805812
vt -0.104682 0.855264
vt -0.194282 0.855264
vt 0.180098 0.805812
vt 0.232819 0.855265
vt 0.143217 0.855264
vt 0.348847 0.805812
vt 0.401568 0.855264
vt 0.311968 0.855264
vt 0.323453 0.781250
vt 0.346438 0.781250
vt 0.338015 0.875954
vt -1.728451 0.781250
vt -1.743012 0.875954
vt -1.710036 0.875954
vt 0.302683 0.743750
vt 0.334379 0.743750
vt 0.306852 0.870593
vt 0.334379 0.743750
vt 0.346516 0.876546
vt 0.311834 0.879341
vt 0.414342 0.743750
vt 0.390693 0.743750
vt 0.405913 0.876546
vt 0.326547 0.743750
vt 0.304189 0.877797
vt 0.335141 0.870593
vt 0.373565 0.743750
vt 0.399066 0.743750
vt 0.381384 0.877797
vt 0.180098 0.805812
vt 0.232819 0.855265
vt 0.143217 0.855264
vt 0.256429 0.881250
vt 0.344019 0.868762
vt 0.226165 0.868780
vt 0.617473 0.006250
vt 0.617500 -0.006250
vt 0.621461 0.001299
vt -0.104682 0.855264
vt -0.123750 0.881250
vt -0.168750 0.881250
vt 0.270033 0.855264
vt 0.247284 0.881250
vt 0.292284 0.881250
vt -0.194282 0.855264
vt -0.213750 0.881250
vt -0.246692 0.881250
vt -0.273431 0.855264
vt -0.292500 0.881250
vt -0.337500 0.881250
vt -0.311968 0.855264
vt -0.401568 0.855264
vt -0.337500 0.881250
vt 0.066473 0.855264
vt 0.045000 0.881250
vt 0.077942 0.881250
vt 0.066473 0.855264
vt -0.022248 0.855264
vt 0.045000 0.881250
vt -0.088721 0.855264
vt -0.077942 0.881250
vt -0.028392 0.881250
vt -0.232819 0.855264
vt -0.246692 0.881250
vt -0.213750 0.881250
vt -0.225812 0.855264
vt -0.314534 0.855264
vt -0.247284 0.881250
vt -0.194282 0.855264
vt -0.213750 0.881250
vt -0.246692 0.881250
vt -0.270034 0.855265
vt -0.203562 0.855264
vt -0.247284 0.881250
vt -0.225811 0.855264
vt -0.247284 0.881250
vt -0.214341 0.881250
vt -0.225811 0.855264
vt -0.314532 0.855264
vt -0.247284 0.881250
vt 0.273431 0.855264
vt 0.259557 0.881250
vt 0.292500 0.881250
vt 0.066472 0.855264
vt -0.022250 0.855264
vt 0.045000 0.881250
vt -0.022250 0.855264
vt -0.045000 0.881250
vt -0.000000 0.881250
vt 0.306852 -1.718844
vt 0.338015 -1.710036
vt 0.303574 -1.704749
vt 0.344961 -1.743012
vt 0.355000 -1.729997
vt 0.338015 -1.710036
vt 0.311823 -1.750203
vt 0.325000 -1.759997
vt 0.344961 -1.743012
vt -1.719857 0.870593
vt -1.750630 0.877465
vt -1.716060 0.880967
vt -0.336153 -1.748145
vt -0.340097 -1.713869
vt -0.353696 -1.743915
vt -1.713869 0.869665
vt -1.701352 0.880874
vt -1.743915 0.880927
vt 0.346516 0.405913
vt 0.340000 0.420984
vt 0.311834 0.419876
vt 0.335141 0.870593
vt 0.304189 0.877797
vt 0.338894 0.880874
vt -0.343148 0.406155
vt -0.313848 0.413151
vt -0.338918 0.423699
vt -0.313848 0.870593
vt -0.296355 0.880874
vt -0.338918 0.880927
vt -0.313848 0.413151
vt -0.306852 0.383850
vt -0.296355 0.408897
vt 0.383850 0.870593
vt 0.366268 0.880967
vt 0.408897 0.880874
vt -0.306852 0.383850
vt -0.336916 0.373150
vt -0.311063 0.366268
vt -0.336916 0.373150
vt -0.343148 0.406155
vt -0.355041 0.388556
vt 0.406155 0.870593
vt 0.423699 0.880927
vt 0.388556 0.881167
vt 0.232819 0.855265
vt 0.213750 0.881250
vt 0.168750 0.881250
vt 0.232819 0.855265
vt 0.246692 0.881250
vt 0.213750 0.881250
vt 0.225812 0.855265
vt 0.314534 0.855265
vt 0.247284 0.881250
vt 0.194282 0.855264
vt 0.104682 0.855264
vt 0.188142 0.881250
vt 0.358756 0.855264
vt 0.270035 0.855264
vt 0.354265 0.881250
vt 0.270035 0.855264
vt 0.247284 0.881250
vt 0.292284 0.881250
vn 0.000000 -1.000000 0.000000
vn 0.000000 -1.000000 0.000000
vn 0.000000 -1.000000 0.000000
vn 0.000000 -1.000000 0.000000
vn 0.000000 -1.000000 0.000000
vn 0.000000 -1.000000 0.000000
vn 0.000000 -1.000000 0.000000
vn 0.000000 -1.000000 0.000000
vn 0.000000 -1.000000 0.000000
vn 0.000000 -1.000000 0.000000
vn 0.000000 -1.000000 0.000000
vn 0.000000 -1.000000 0.000000
vn 0.000000 -1.000000 0.000000
vn 0.000000 -1.000000 0.000000
vn 0.000000 -1.000000 0.000000
vn 0.000000 -1.000000 0.000000
vn 0.000000 -1.000000 0.000000
vn 0.000000 -1.000000 0.000000
vn 0.000000 -1.000000 0.000000
vn 0.000000 -1.000000 0.000000
vn 0.000000 -1.000000 0.000000
vn 0.000000 -1.000000 0.000000
vn 0.000000 -1.000000 0.000000
vn 0.000000 -1.000000 0.000000
vn 0.000000 -1.000000 0.000000
vn 0.000000 -1.000000 0.000000
vn 0.000000 -1.000000 0.000000
vn 0.000000 -1.000000 0.000000
vn 0.000000 -1.000000 0.000000
vn 0.000000 -0.707106 -0.707108
vn -0.157346 -0.707107 -0.689378
vn 0.440874 -0.707106 -0.552839
vn 0.306802 -0.707107 -0.637081
vn 0.157346 -0.707107 -0.689378
vn 0.689378 -0.707107 -0.157346
vn 0.637081 -0.707107 -0.306802
vn 0.552839 -0.707106 -0.440874
vn 0.637081 -0.707107 0.306802
vn 0.689378 -0.707107 0.157346
vn 0.707108 -0.707106 0.000000
vn 0.306802 -0.707107 0.637081
vn 0.440874 -0.707106 0.552839
vn 0.552839 -0.707106 0.440874
vn -0.157346 -0.707107 0.689378
vn -0.000000 -0.707106 0.707108
vn 0.157346 -0.707107 0.689378
vn -0.552839 -0.707106 0.440874
vn -0.440874 -0.707106 0.552839
vn -0.306802 -0.707107 0.637081
vn -0.707108 -0.707106 -0.000000
vn -0.689378 -0.707107 0.157346
vn -0.637081 -0.707107 0.306802
vn -0.552839 -0.707106 -0.440874
vn -0.637081 -0.707107 -0.306802
vn -0.689378 -0.707107 -0.157346
vn -0.306802 -0.707107 -0.637081
vn -0.440874 -0.707106 -0.552839
vn 0.000000 -0.707106 -0.707108
vn 0.157346 -0.707107 -0.689378
vn 0.306802 -0.707107 -0.637081
vn 0.440874 -0.707106 -0.552839
vn 0.552839 -0.707106 -0.440874
vn 0.637081 -0.707107 -0.306802
vn 0.689378 -0.707107 -0.157346
vn 0.707108 -0.707106 0.000000
vn 0.689378 -0.707107 0.157346
vn 0.637081 -0.707107 0.306802
vn 0.552839 -0.707106 0.440874
vn 0.440874 -0.707106 0.552839
vn 0.306802 -0.707107 0.637081
vn 0.157346 -0.707107 0.689378
vn -0.000000 -0.707106 0.707108
vn -0.157346 -0.707107 0.689378
vn -0.306802 -0.707107 0.637081
vn -0.440875 -0.707106 0.552839
vn -0.552839 -0.707106 0.440874
vn -0.637081 -0.707107 0.306802
vn -0.689378 -0.707107 0.157346
vn -0.707108 -0.707106 -0.000000
vn -0.689378 -0.707107 -0.157346
vn -0.637081 -0.707107 -0.306802
vn -0.552839 -0.707106 -0.440874
vn -0.440874 -0.707106 -0.552839
vn -0.306802 -0.707107 -0.637081
vn -0.157346 -0.707107 -0.689378
vn -0.000000 0.000000 -1.000000
vn 0.222521 0.000000 -0.974928
vn 0.433884 0.000000 -0.900969
vn 0.623490 0.000000 -0.781831
vn 0.781831 0.000000 -0.623490
vn 0.900969 0.000000 -0.433884
vn 0.974928 0.000000 -0.222521
vn 1.000000 0.000000 -0.000000
vn 0.974928 0.000000 0.222521
vn 0.900969 0.000000 0.433884
vn 0.781831 0.000000 0.623490
vn 0.623490 0.000000 0.781831
vn 0.433884 0.000000 0.900969
vn 0.222521 0.000000 0.974928
vn -0.000000 -0.000000 1.000000
vn -0.222521 -0.000000 0.974928
vn -0.433884 0.000000 0.900969
vn -0.623490 0.000000 0.781831
vn -0.781831 0.000000 0.623490
vn -0.900969 0.000000 0.433884
vn -0.974928 0.000000 0.222521
vn -1.000000 0.000000 -0.000000
vn -0.974928 0.000000 -0.222521
vn -0.900969 0.000000 -0.433884
vn -0.781831 0.000000 -0.623490
vn -0.623490 0.000000 -0.781831
vn -0.433884 0.000000 -0.900969
vn -0.222521 0.000000 -0.974928
vn 0.222521 0.000000 0.974928
vn 0.433884 0.000000 0.900969
vn 0.623490 0.000000 0.781831
vn 0.781831 0.000000 0.623490
vn 0.900969 0.000000 0.433884
vn 0.974928 0.000000 0.222521
vn 1.000000 0.000000 -0.000000
vn 0.974928 0.000000 -0.222521
vn 0.900969 0.000000 -0.433884
vn 0.781831 0.000000 -0.623490
vn 0.623490 0.000000 -0.781831
vn 0.433884 0.000000 -0.900969
vn 0.222521 0.000000 -0.974928
vn -0.000000 -0.000000 -1.000000
vn -0.222521 -0.000000 -0.974928
vn -0.433884 0.000000 -0.900969
vn -0.623490 0.000000 -0.781831
vn -0.781831 0.000000 -0.623490
vn -0.900969 0.000000 -0.433884
vn -0.974928 0.000000 -0.222521
vn -1.000000 0.000000 -0.000000
vn -0.974928 0.000000 0.222521
vn -0.900969 0.000000 0.433884
vn -0.781831 0.000000 0.623490
vn -0.623490 0.000000 0.781831
vn -0.433884 0.000000 0.900969
vn -0.222521 0.000000 0.974928
vn -0.000000 0.000000 1.000000
vn 0.000000 -1.000000 0.000000
vn 0.000000 -1.000000 0.000000
vn 0.000000 -1.000000 0.000000
vn 0.000000 -1.000000 0.000000
vn 0.000000 -1.000000 0.000000
vn 0.000000 -1.000000 0.000000
vn 0.000000 -1.000000 0.000000
vn 0.000000 -1.000000 0.000000
vn 0.000000 -1.000000 0.000000
vn 0.000000 -1.000000 0.000000
vn 0.000000 -1.000000 0.000000
vn 0.000000 -1.000000 0.000000
vn 0.000000 -1.000000 0.000000
vn 0.000000 -1.000000 0.000000
vn 0.000000 -1.000000 0.000000
vn 0.000000 -1.000000 0.000000
vn 0.000000 -1.000000 0.000000
vn 0.000000 -1.000000 0.000000
vn 0.000000 -1.000000 0.000000
vn 0.000000 -1.000000 0.000000
vn 0.000000 -1.000000 0.000000
vn 0.000000 -1.000000 0.000000
vn 0.000000 -1.000000 0.000000
vn 0.000000 -1.000000 0.000000
vn 0.000000 -1.000000 0.000000
vn 0.000000 -1.000000 0.000000
vn 0.000000 -1.000000 0.000000
vn 0.000000 -1.000000 0.000000
vn 0.000000 -1.000000 0.000000
vn 0.000000 -1.000000 0.000000
vn 0.000000 -1.000000 0.000000
vn 0.000000 -1.000000 0.000000
vn 0.000000 -1.000000 0.000000
vn 0.000000 -1.000000 0.000000
vn 0.000000 -1.000000 0.000000
vn 0.000000 -1.000000 0.000000
vn 0.000000 -1.000000 0.000000
vn 0.000000 -1.000000 0.000000
vn 0.000000 -1.000000 0.000000
vn 0.000000 -1.000000 0.000000
vn 0.000000 -1.000000 0.000000
vn 0.000000 -1.000000 0.000000
vn 0.000000 -1.000000 0.000000
vn 0.000000 -1.000000 0.000000
vn 0.000000 -1.000000 0.000000
vn 0.000000 -1.000000 0.000000
vn 0.000000 -1.000000 0.000000
vn 0.000000 -1.000000 0.000000
vn 0.000000 -1.000000 0.000000
vn 0.000000 -1.000000 0.000000
vn 0.000000 -1.000000 0.000000
vn 0.000000 -1.000000 0.000000
vn 0.000000 -1.000000 0.000000
vn 0.000000 -1.000000 0.000000
vn 0.000000 -1.000000 0.000000
vn 0.000000 -1.000000 0.000000
vn 0.000000 -1.000000 0.000000
vn 0.000000 -1.000000 0.000000
vn 0.000000 -1.000000 0.000000
vn 0.000000 -1.000000 0.000000
vn 0.000000 -1.000000 0.000000
vn 0.000000 -1.000000 0.000000
vn 0.000000 -1.000000 0.000000
vn 0.000000 -1.000000 0.000000
vn 0.000000 1.000000 0.000000
vn 0.000000 1.000000 0.000000
vn 0.000000 1.000000 0.000000
vn 0.000000 1.000000 0.000000
vn 0.000000 1.000000 0.000000
vn 0.000000 1.000000 0.000000
vn 0.000000 1.000000 0.000000
vn 0.000000 1.000000 0.000000
vn 0.000000 1.000000 0.000000
vn 0.000000 1.000000 0.000000
vn 0.000000 1.000000 0.000000
vn 0.000000 1.000000 0.000000
vn 0.000000 1.000000 0.000000
vn 0.000000 1.000000 0.000000
vn 0.000000 1.000000 0.000000
vn 0.000000 1.000000 0.000000
vn -0.241845 -0.707106 0.664463
vn -0.122788 -0.707106 0.696365
vn -0.000000 -0.707105 0.707108
vn -0.664463 -0.707106 0.241845
vn -0.612373 -0.707106 0.353554
vn -0.541675 -0.707107 0.454520
vn -0.454520 -0.707107 0.541675
vn -0.353554 -0.707106 0.612373
vn -0.241845 -0.707106 -0.664463
vn -0.353554 -0.707106 -0.612373
vn -0.454520 -0.707107 -0.541675
vn -0.541675 -0.707107 -0.454520
vn 0.664463 -0.707106 -0.241845
vn 0.612373 -0.707106 -0.353554
vn 0.541675 -0.707107 -0.454520
vn 0.454520 -0.707107 -0.541675
vn -0.612373 -0.707106 -0.353554
vn -0.664463 -0.707106 -0.241845
vn -0.696365 -0.707106 -0.122788
vn -0.707108 -0.707105 -0.000000
vn -0.696365 -0.707106 0.122788
vn 0.353554 -0.707106 -0.612373
vn 0.241845 -0.707106 -0.664463
vn 0.122788 -0.707106 -0.696365
vn 0.000000 -0.707105 -0.707108
vn -0.122788 -0.707106 -0.696365
vn 0.664463 -0.707106 0.241845
vn 0.696365 -0.707106 0.122788
vn 0.707108 -0.707105 0.000000
vn 0.696365 -0.707106 -0.122788
vn 0.122788 -0.707106 0.696365
vn 0.241845 -0.707106 0.664463
vn 0.353554 -0.707106 0.612373
vn 0.454520 -0.707107 0.541675
vn 0.541675 -0.707107 0.454520
vn 0.612373 -0.707106 0.353554
vn 0.000000 -0.707105 -0.707108
vn 0.122788 -0.707106 -0.696365
vn 0.241845 -0.707106 -0.664463
vn 0.353554 -0.707106 -0.612373
vn 0.454520 -0.707107 -0.541675
vn 0.541675 -0.707107 -0.454520
vn 0.612373 -0.707106 -0.353554
vn 0.664463 -0.707106 -0.241845
vn 0.696365 -0.707106 -0.122788
vn 0.707108 -0.707105 0.000000
vn 0.696365 -0.707106 0.122788
vn 0.664463 -0.707106 0.241845
vn 0.612373 -0.707106 0.353554
vn 0.541675 -0.707107 0.454520
vn 0.454520 -0.707107 0.541675
vn 0.353554 -0.707106 0.612373
vn 0.241845 -0.707106 0.664463
vn 0.122788 -0.707106 0.696365
vn -0.000000 -0.707105 0.707108
vn -0.122788 -0.707106 0.696365
vn -0.241845 -0.707106 0.664463
vn -0.353554 -0.707106 0.612373
vn -0.454520 -0.707107 0.541675
vn -0.541675 -0.707107 0.454520
vn -0.612373 -0.707106 0.353554
vn -0.664463 -0.707106 0.241845
vn -0.696365 -0.707106 0.122788
vn -0.707108 -0.707105 -0.000000
vn -0.696365 -0.707106 -0.122788
vn -0.664463 -0.707106 -0.241845
vn -0.612373 -0.707106 -0.353554
vn -0.541675 -0.707107 -0.454520
vn -0.454520 -0.707107 -0.541675
vn -0.353554 -0.707106 -0.612373
vn -0.241845 -0.707106 -0.664463
vn -0.122788 -0.707106 -0.696365
vn 0.061746 0.705756 0.705759
vn 0.000000 0.707105 0.707108
vn -0.120010 0.707103 0.696852
vn 0.000000 0.707105 0.707108
vn 0.061746 0.705756 0.705759
vn -0.183361 0.705756 0.684315
vn -0.122788 0.707106 0.696365
vn 0.120010 0.707103 -0.696852
vn -0.183362 0.705756 -0.684314
vn -0.122788 0.707106 -0.696365
vn -0.000000 0.707105 -0.707108
vn 0.183361 0.705756 -0.684315
vn 0.122788 0.707106 -0.696365
vn -0.000000 0.707105 -0.707108
vn -0.119772 0.707102 -0.696894
vn -0.403539 0.914051 -0.040832
vn -0.010487 0.999916 0.007551
vn -0.244827 0.969552 -0.005273
vn -0.696417 0.717592 0.007995
vn -0.959028 0.283127 0.010220
vn -0.933960 0.356773 -0.020764
vn -0.403248 0.914176 -0.040898
vn -0.010667 0.999940 -0.002442
vn -0.010418 0.999946 0.000015
vn -0.244409 0.969656 -0.005614
vn -0.696417 0.717592 0.007995
vn -0.959028 0.283127 0.010220
vn -0.933960 0.356773 -0.020764
vn -0.403246 0.914177 -0.040898
vn -0.010666 0.999940 -0.002458
vn -0.010417 0.999946 -0.000001
vn -0.244406 0.969657 -0.005616
vn -0.696417 0.717593 0.007995
vn -0.959028 0.283127 0.010220
vn -0.933960 0.356773 -0.020764
vn -0.403248 0.914176 -0.040897
vn -0.010670 0.999940 -0.002480
vn -0.010421 0.999946 -0.000019
vn -0.244409 0.969656 -0.005615
vn -0.696417 0.717592 0.007995
vn -0.959028 0.283126 0.010220
vn -0.933960 0.356773 -0.020764
vn -0.403251 0.914175 -0.040897
vn -0.010671 0.999940 -0.002473
vn -0.010421 0.999946 -0.000011
vn -0.244411 0.969655 -0.005613
vn -0.696417 0.717593 0.007995
vn -0.958032 0.286648 0.002687
vn -0.933960 0.356773 -0.020764
vn -0.996721 0.071724 -0.037451
vn -0.403271 0.914166 -0.040893
vn -0.010677 0.999940 -0.002356
vn -0.010428 0.999946 0.000069
vn -0.244435 0.969650 -0.005595
vn -0.696417 0.717592 0.007995
vn -0.959028 0.283127 0.010220
vn -0.933960 0.356773 -0.020764
vn -0.999978 0.006568 0.000000
vn -0.999977 0.006738 -0.000310
vn -0.999978 0.006568 0.000000
vn -0.999977 0.006738 -0.000310
vn -0.999978 0.006568 0.000000
vn -0.999977 0.006738 -0.000310
vn -0.999978 0.006568 0.000000
vn -0.999977 0.006738 -0.000310
vn -0.999978 0.006568 0.000000
vn -0.991192 0.131640 -0.014477
vn -0.999977 0.006738 -0.000310
vn -0.995499 0.000637 0.094768
vn -0.990661 -0.033441 0.132183
vn -0.743032 -0.009742 0.669185
vn -0.909862 0.009544 0.414801
vn -0.207076 0.089597 0.974213
vn -0.173246 0.017596 0.984721
vn -0.687215 -0.067773 0.723286
vn -0.067845 0.040446 0.996876
vn -0.321032 0.038268 0.946295
vn -0.429086 -0.016328 0.903116
vn -0.634708 -0.017538 0.772553
vn -0.014066 0.127594 0.991727
vn -0.010787 0.999931 0.004605
vn -0.416066 0.017236 0.909171
vn -0.178289 0.016990 0.983832
vn -0.467473 -0.029365 0.883520
vn -0.688315 0.011095 0.725327
vn -0.809592 0.022685 0.586555
vn -0.990782 -0.059028 0.121926
vn -0.941776 -0.016555 0.335834
vn -0.957251 -0.025108 0.288168
vn -0.799552 -0.009264 0.600526
vn -0.037503 0.003472 0.999290
vn -0.037193 0.000185 0.999308
vn -0.979141 0.202505 -0.016574
vn -0.999234 0.039063 0.002437
vn -0.999457 0.032945 0.000502
vn -0.999531 0.030618 0.000964
vn -0.998303 0.034171 -0.047154
vn -0.999479 0.032247 -0.000967
vn -0.999137 0.041486 -0.001993
vn -0.999027 0.044107 -0.000544
vn -0.999019 0.044086 -0.004088
vn -0.990074 0.006949 0.140377
vn -0.989312 -0.136171 0.052149
vn -0.996929 -0.058323 0.052268
vn -0.997369 0.028693 0.066578
vn -0.998407 -0.054977 0.012725
vn -0.950503 -0.005700 -0.310662
vn -0.961407 -0.044893 -0.271442
vn -0.999948 0.003826 0.009490
vn -0.996978 0.076792 0.011730
vn -0.997569 0.068132 0.014617
vn -0.998758 0.049810 0.000713
vn -0.999048 0.043441 0.004101
vn -0.999134 0.041586 0.001115
vn -0.999254 0.038574 0.002109
vn -0.999400 0.034413 -0.003866
vn -0.999073 0.042988 -0.002454
vn -0.998961 0.045449 -0.003270
vn -0.998681 0.051317 -0.001616
vn -0.998466 0.054869 -0.007442
vn -0.997564 0.066986 -0.019466
vn -0.984697 -0.086168 0.151479
vn -0.994141 -0.033617 0.102729
vn -0.999960 0.008992 -0.000358
vn -0.999978 0.006604 0.000361
vn -1.000000 -0.000400 -0.000079
vn -0.999985 0.002843 0.004694
vn -0.006714 0.003647 0.999971
vn -0.004885 -0.000310 0.999988
vn -0.799383 -0.471763 0.372057
vn -0.740945 -0.359516 0.567228
vn -0.664406 -0.559709 0.495268
vn 0.003074 0.003126 0.999990
vn -0.004950 -0.000916 0.999987
vn -0.003408 -0.002525 0.999991
vn -0.912942 -0.001883 0.408085
vn -0.910443 -0.005386 0.413599
vn -0.007849 -0.000115 0.999969
vn -0.006106 0.000004 0.999981
vn -0.922352 -0.000020 0.386350
vn -0.910221 0.003487 0.414108
vn -0.006450 0.000389 0.999979
vn -0.007827 0.000000 0.999969
vn -0.989905 0.085210 0.113256
vn -0.994645 0.097024 -0.035612
vn -0.006528 -0.002243 0.999976
vn 0.027268 -0.021024 0.999407
vn -0.390895 -0.911185 -0.130169
vn -0.388035 -0.919350 0.065001
vn -0.196060 -0.978700 -0.060876
vn -0.148040 -0.988958 -0.006791
vn -0.087527 -0.996126 -0.008504
vn -0.085467 -0.996341 -0.000348
vn -0.992046 0.091283 0.086668
vn -0.968159 0.249883 -0.015091
vn -0.929501 0.367924 0.025672
vn -0.969059 0.244261 -0.035515
vn -0.967008 -0.164338 0.194648
vn -0.997037 -0.034362 -0.068818
vn -0.924069 -0.371783 -0.088734
vn -0.964699 -0.253272 -0.072181
vn -0.860666 -0.506358 -0.053441
vn -0.896507 -0.441922 0.031296
vn -0.794272 -0.605993 -0.043648
vn -0.597172 -0.797735 -0.083698
vn -0.667302 -0.744203 0.029494
vn -0.523270 -0.851211 -0.040357
vn -0.595972 -0.038382 -0.802087
vn -0.128400 -0.038771 -0.990964
vn -0.259998 0.000023 -0.965609
vn -0.943893 0.032012 -0.328696
vn -0.897439 -0.039530 -0.439363
vn -0.752751 -0.031690 -0.657542
vn -0.341515 -0.019933 -0.939665
vn -0.944651 0.328051 -0.004134
vn -0.991883 -0.009861 -0.126774
vn -0.960139 -0.122844 -0.251082
vn -0.926643 -0.275256 -0.256060
vn -0.716850 -0.694384 -0.062908
vn -0.775771 -0.578656 -0.251668
vn -0.036858 -0.963968 -0.263453
vn -0.268499 -0.963116 -0.017756
vn -0.493216 -0.838373 -0.232098
vn -0.959436 0.006281 -0.281857
vn -0.999994 0.003067 -0.001721
vn -0.999527 0.003652 -0.030533
vn -1.000000 0.000393 0.000166
vn -0.985757 0.003655 -0.168133
vn -0.999989 0.002465 -0.004096
vn -0.999996 0.002191 0.001655
vn -0.971358 0.030707 -0.235628
vn -0.997435 0.071030 -0.008861
vn -0.974919 0.220769 0.028185
vn -1.000000 0.000055 0.000041
vn -0.117060 -0.001756 -0.993123
vn -0.154145 -0.014201 -0.987946
vn -0.144596 -0.017157 -0.989342
vn -0.054265 -0.018204 -0.998361
vn -0.269506 0.003571 -0.962992
vn -0.287921 0.074269 -0.954770
vn -0.940335 0.340212 0.005002
vn -0.984465 0.174780 0.016734
vn -0.999783 0.020723 0.001990
vn -0.999094 0.035091 -0.024088
vn -0.999947 0.004231 0.009411
vn -0.999985 0.005337 -0.000986
vn -0.999735 0.022520 -0.004854
vn -0.999991 -0.000657 -0.004095
vn -0.999955 0.009442 -0.000140
vn -0.999991 0.003815 -0.001801
vn -1.000000 -0.000258 -0.000020
vn -0.999995 0.002853 0.001339
vn -0.999999 0.001188 -0.000865
vn -1.000000 -0.000506 -0.000223
vn -0.985628 0.162915 -0.044689
vn -0.997041 0.076246 0.009766
vn -0.939518 0.338652 0.051198
vn -0.394499 -0.918039 -0.039694
vn -0.531327 -0.830372 0.167849
vn -0.531169 -0.812549 0.240050
vn -0.862906 -0.502731 0.051515
vn -0.964438 -0.255531 0.067547
vn -0.985619 -0.166607 -0.028241
vn -0.874644 -0.460103 0.152654
vn -0.933370 -0.350431 -0.077581
vn -0.820325 -0.571817 0.009570
vn -0.842858 -0.427937 -0.326281
vn -0.987215 0.078994 -0.138441
vn -0.996721 -0.045805 0.066700
vn -0.974436 0.216163 0.061215
vn -0.944426 0.327529 -0.027994
vn -0.955202 0.290833 0.054828
vn -0.073134 -0.959110 0.273420
vn -0.127091 -0.991078 0.040157
vn -0.084495 -0.994813 -0.056636
vn -0.259586 -0.964639 -0.045684
vn -0.960800 0.266044 -0.077997
vn -0.999262 0.038370 -0.001734
vn -0.969357 0.102477 0.223263
vn -0.784102 0.004217 0.620617
vn -0.998933 0.039185 -0.024452
vn -0.999795 0.020230 -0.000488
vn -0.999364 0.035671 -0.000144
vn -0.994867 -0.001120 0.101188
vn -0.999197 0.039347 0.007560
vn -0.990552 0.050743 0.127404
vn -0.950100 -0.000945 0.311944
vn -0.909648 0.056562 0.411512
vn -0.595766 0.032953 0.802482
vn -0.790674 0.113194 0.601682
vn -0.972998 0.210891 -0.093808
vn -0.480010 0.255674 -0.839179
vn -0.661369 0.314135 -0.681110
vn -0.709720 0.169169 -0.683871
vn -0.504065 0.027934 -0.863214
vn -0.733415 0.046673 -0.678177
vn -0.365215 0.071730 -0.928155
vn -0.984974 0.028071 -0.170404
vn -0.869936 0.048223 -0.490802
vn -0.909538 0.377682 -0.173486
vn -0.929219 0.332710 -0.160799
vn -0.930799 0.254877 -0.262015
vn -0.867689 0.207499 -0.451729
vn -0.974812 0.116203 -0.190366
vn -0.897066 0.394669 -0.198771
vn -0.778418 0.417524 -0.468763
vn -0.812379 0.446975 -0.374505
vn -0.843568 0.382457 -0.376987
vn -0.577556 0.007659 -0.816315
vn -0.999831 0.005670 -0.017509
vn -0.999831 -0.001865 0.018297
vn -0.998524 0.001400 0.054285
vn -0.977876 0.001061 0.209182
vn -0.953195 0.000361 0.302357
vn -0.953654 -0.005531 0.300855
vn -0.434438 -0.896648 0.085358
vn -0.322101 -0.912500 0.252179
vn -0.207494 -0.973274 0.098406
vn -0.499275 -0.825665 0.262681
vn -0.667796 -0.736165 0.110046
vn -0.740935 -0.671568 0.003297
vn -0.870213 -0.387973 -0.303655
vn -0.925331 -0.270214 0.265984
vn -0.961108 -0.095718 0.259055
vn -0.544705 -0.681549 0.488659
vn -0.339940 -0.323195 0.883168
vn -0.061772 -0.058222 0.996391
vn -0.000334 0.001468 0.999999
vn -0.003474 0.000009 0.999994
vn -0.003711 -0.000276 0.999993
vn -0.291116 -0.300908 0.908133
vn -0.003358 -0.001453 0.999993
vn 0.006922 0.005162 0.999963
vn -0.003499 0.000100 0.999994
vn -0.003492 -0.000013 0.999994
vn -0.493624 -0.471043 0.731063
vn -0.224023 -0.121089 0.967032
vn -0.002201 0.000000 0.999998
vn -0.003332 0.000316 0.999994
vn -0.003008 0.000445 0.999995
vn -0.004080 0.000723 0.999991
vn -0.259605 -0.102770 0.960231
vn -0.003497 -0.000118 0.999994
vn -0.003502 -0.000247 0.999994
vn -0.204849 -0.080402 0.975486
vn -0.004980 0.000415 0.999988
vn -0.003484 -0.000010 0.999994
vn -0.003491 -0.000023 0.999994
vn -0.579742 -0.248991 0.775824
vn -0.786767 -0.339087 0.515769
vn -0.315306 -0.216042 0.924071
vn -0.604568 -0.419365 0.677223
vn -0.674810 -0.428927 0.600544
vn -0.106197 0.001728 0.994344
vn -0.504210 -0.000030 0.863581
vn -0.303860 0.001848 0.952715
vn -0.645504 -0.014087 0.763627
vn -0.208431 -0.007711 0.978007
vn -0.488737 -0.003544 0.872424
vn -0.766322 0.009111 0.642393
vn -0.206639 -0.012264 0.978340
vn -0.607616 0.000542 0.794230
vn -0.155863 -0.003238 0.987773
vn -0.399030 0.054544 0.915314
vn -0.070359 -0.116203 -0.990730
vn -0.017873 -0.074498 -0.997061
vn -0.064194 -0.782256 -0.619640
vn -0.083457 -0.866734 -0.491738
vn -0.022447 -0.619787 -0.784449
vn -0.024820 -0.353851 -0.934972
vn -0.009970 -0.152619 -0.988235
vn -0.040535 -0.098060 -0.994355
vn -0.168249 -0.922628 -0.347060
vn 0.054927 -0.925050 -0.375853
vn -0.215916 0.033784 -0.975827
vn -0.214134 -0.000001 -0.976804
vn -0.222741 0.000583 -0.974877
vn -0.807156 -0.033937 -0.589362
vn -0.970921 -0.031134 -0.237368
vn -0.925877 -0.006666 -0.377766
vn -0.907616 -0.068443 -0.414183
vn -0.763431 -0.137369 -0.631112
vn -0.260217 -0.086230 -0.961692
vn -0.218805 -0.100898 -0.970538
vn -0.193324 -0.206914 -0.959069
vn -0.081214 -0.187735 -0.978856
vn -0.031998 -0.232536 -0.972061
vn -0.060754 -0.491736 -0.868622
vn -0.296551 -0.779801 -0.551332
vn -0.460477 -0.809912 -0.363322
vn -0.599716 -0.712810 -0.363651
vn -0.699934 -0.617955 -0.358083
vn -0.800051 -0.485263 -0.352759
vn -0.782636 -0.311012 -0.539215
vn -0.910962 -0.214507 -0.352328
vn -0.923621 -0.081128 -0.374624
vn -0.922624 0.000229 -0.385701
vn -0.929567 0.010370 -0.368507
vn -0.758888 -0.000619 -0.651221
vn -0.461484 -0.000682 -0.887149
vn -0.489468 0.200661 -0.848620
vn -0.116482 -0.734953 -0.668039
vn -0.432769 -0.629121 -0.645692
vn -0.544060 -0.507212 -0.668382
vn -0.639434 -0.389573 -0.662840
vn -0.750214 0.001436 -0.661193
vn -0.130926 -0.472485 -0.871560
vn -0.227583 -0.424319 -0.876447
vn -0.345463 -0.380861 -0.857671
vn -0.385908 -0.291036 -0.875427
vn -0.449945 -0.184929 -0.873699
vn -0.461186 -0.090540 -0.882672
vn -0.999784 0.020185 -0.004931
vn -0.007118 -0.002488 0.999972
vn -0.003980 -0.078730 0.996888
vn -0.031006 -0.953599 0.299479
vn -0.067743 -0.949778 0.305505
vn -0.097583 -0.930195 0.353857
vn -0.043389 -0.886157 0.461349
vn -0.053380 -0.748169 0.661357
vn -0.029225 -0.542682 0.839429
vn -0.008305 -0.235570 0.971822
vn -0.016065 -0.072032 0.997273
vn -0.191376 -0.336842 0.921907
vn -0.154879 -0.110107 0.981778
vn -0.071661 -0.454879 0.887665
vn -0.159237 -0.748936 0.643225
vn -0.369093 -0.850181 0.375450
vn -0.917402 -0.002806 0.397952
vn -0.921733 -0.000075 0.387826
vn -0.209490 0.008095 0.977777
vn -0.466712 0.006965 0.884382
vn -0.472559 -0.004801 0.881286
vn -0.482013 -0.098859 0.870569
vn -0.079037 -0.017010 0.996727
vn -0.258082 -0.051204 0.964765
vn -0.202504 -0.032645 0.978737
vn -0.938664 -0.013579 0.344566
vn -0.091601 0.014953 0.995684
vn -0.989784 -0.030763 0.139218
vn -0.928137 -0.026801 0.371273
vn -0.822345 -0.446709 0.352419
vn -0.838608 -0.247692 0.485165
vn -0.926462 -0.163920 0.338818
vn -0.762883 -0.558001 0.326564
vn -0.656216 -0.677309 0.332616
vn -0.536288 -0.762626 0.361658
vn -0.253348 -0.889372 0.380568
vn -0.064529 -0.181054 0.981354
vn -0.026037 -0.172326 0.984696
vn -0.578342 -0.550682 0.601889
vn -0.752900 -0.002944 0.658129
vn -0.457150 -0.051970 0.887870
vn -0.152157 -0.002649 0.988353
vn -0.153489 -0.001505 0.988149
vn -0.764884 -0.076094 0.639657
vn -0.370818 -0.541091 0.754795
vn -0.185315 -0.463961 0.866255
vn -0.363835 -0.675884 0.640941
vn -0.005990 0.000013 0.999982
vn -0.006116 0.000110 0.999981
vn -0.006892 0.000874 0.999976
vn -0.006706 0.000082 0.999978
vn -0.006067 -0.000033 0.999982
vn -0.006083 0.000032 0.999981
vn -0.005999 0.000000 0.999982
vn -0.001382 -0.948579 -0.316536
vn 0.138205 -0.928532 -0.344569
vn -0.405001 -0.024765 -0.913981
vn -0.017656 -0.072825 -0.997188
vn -0.957178 0.008628 -0.289372
vn -0.999942 0.009486 -0.005160
vn -0.255341 -0.006731 -0.966828
vn -0.693508 0.007164 -0.720414
vn -0.924173 -0.010047 -0.381843
vn -0.016607 -0.067204 -0.997601
vn -0.408789 -0.024385 -0.912303
vn -0.018490 -0.028675 -0.999418
vn -0.837182 0.007080 -0.546879
vn -0.259399 -0.003471 -0.965764
vn -0.693504 0.007164 -0.720417
vn -0.759513 -0.025033 -0.650011
vn -0.018327 -0.027812 -0.999445
vn -0.008720 -0.000001 0.999962
vn -0.008867 -0.000060 0.999961
vn -0.008498 -0.000867 0.999964
vn -0.009473 0.000119 0.999955
vn -0.008721 -0.000005 0.999962
vn -0.008868 0.000011 0.999961
vn -0.005235 0.999986 0.000000
vn -0.005235 0.999986 0.000000
vn -0.005235 0.999986 0.000000
vn -0.005235 0.999986 0.000000
vn -0.009253 0.000994 -0.999957
vn -0.008923 0.000117 -0.999960
vn -0.008727 -0.000011 -0.999962
vn -0.009021 -0.001865 -0.999958
vn -0.009061 -0.001966 -0.999957
vn -0.008720 -0.000000 0.999962
vn -0.008867 -0.000060 0.999961
vn -0.008496 -0.000869 0.999964
vn -0.009474 0.000119 0.999955
vn -0.008721 -0.000004 0.999962
vn -0.008868 0.000011 0.999961
vn -0.005237 0.999986 -0.000001
vn -0.005238 0.999986 -0.000001
vn -0.005238 0.999986 0.000000
vn -0.005238 0.999986 -0.000001
vn -0.008760 0.000543 -0.999961
vn -0.008726 0.000018 -0.999962
vn -0.008737 0.000165 -0.999962
vn -0.008727 -0.000011 -0.999962
vn -0.008725 -0.000001 -0.999962
vn -0.008720 -0.000000 0.999962
vn -0.008866 -0.000060 0.999961
vn -0.008493 -0.000870 0.999964
vn -0.009472 0.000119 0.999955
vn -0.008721 -0.000004 0.999962
vn -0.008867 0.000012 0.999961
vn -0.005236 0.999986 -0.000004
vn -0.005238 0.999986 -0.000002
vn -0.005239 0.999986 0.000000
vn -0.005237 0.999986 -0.000003
vn -0.008760 0.000546 -0.999961
vn -0.008726 0.000018 -0.999962
vn -0.008737 0.000165 -0.999962
vn -0.008727 -0.000012 -0.999962
vn -0.008725 -0.000001 -0.999962
vn -0.008720 -0.000001 0.999962
vn -0.008868 -0.000060 0.999961
vn -0.008499 -0.000868 0.999964
vn -0.009477 0.000120 0.999955
vn -0.008721 -0.000005 0.999962
vn -0.008868 0.000011 0.999961
vn -0.005239 0.999986 0.000002
vn -0.005238 0.999986 0.000001
vn -0.005238 0.999986 0.000001
vn -0.005237 0.999986 0.000000
vn -0.008760 0.000546 -0.999961
vn -0.008726 0.000018 -0.999962
vn -0.008737 0.000165 -0.999962
vn -0.008725 -0.000002 -0.999962
vn -0.008726 -0.000012 -0.999962
vn -0.008720 -0.000000 0.999962
vn -0.008868 -0.000060 0.999961
vn -0.008502 -0.000863 0.999963
vn -0.009475 0.000120 0.999955
vn -0.008721 -0.000004 0.999962
vn -0.008868 0.000011 0.999961
vn -0.005235 0.999986 -0.000001
vn -0.005235 0.999986 -0.000000
vn -0.005235 0.999986 -0.000001
vn -0.005236 0.999986 0.000000
vn -0.008760 0.000546 -0.999961
vn -0.008726 0.000018 -0.999962
vn -0.008737 0.000165 -0.999962
vn -0.008725 -0.000002 -0.999962
vn -0.008726 -0.000012 -0.999962
vn -0.008720 0.000000 0.999962
vn -0.009255 0.002327 0.999954
vn -0.008510 -0.000856 0.999963
vn -0.012965 0.003647 0.999909
vn -0.008925 0.002822 0.999956
vn -0.008628 0.000400 0.999963
vn -0.005229 0.999986 0.000162
vn -0.025724 0.937573 -0.346835
vn -0.017378 0.978727 -0.204431
vn -0.004903 0.999988 -0.000085
vn -0.006192 0.999853 -0.015987
vn -0.005234 0.999986 0.000007
vn -0.712471 -0.701701 -0.000856
vn -0.697173 -0.706695 -0.120547
vn -0.704031 -0.702128 -0.106566
vn -0.698646 -0.700651 0.144855
vn -0.659392 -0.683376 0.313368
vn -0.642571 -0.655344 0.397022
vn -0.562404 -0.543573 0.623081
vn -0.564338 -0.536474 0.627470
vn -0.436073 -0.334350 0.835494
vn -0.411716 -0.343398 0.844137
vn -0.391116 -0.256770 0.883797
vn -0.703868 -0.707672 0.061402
vn -0.389783 -0.305882 -0.868623
vn -0.620847 -0.617866 -0.482484
vn -0.247363 -0.089361 -0.964793
vn -0.301306 0.011801 -0.953454
vn -0.696224 0.047463 -0.716254
vn -0.255949 0.097351 -0.961776
vn -0.166764 0.033481 -0.985428
vn -0.649381 -0.652313 -0.390887
vn -0.490719 -0.436745 -0.753955
vn -0.251040 -0.109211 -0.961796
vn -0.212231 0.112664 -0.970703
vn -0.231204 0.093111 -0.968440
vn -0.318129 0.013032 -0.947958
vn -0.125799 0.000000 0.992056
vn -0.076663 0.014340 0.996954
vn -0.003491 0.000001 0.999994
vn -0.003491 0.000001 0.999994
vn -0.551154 0.013079 0.834301
vn -0.364308 0.002861 0.931274
vn -0.891193 -0.026081 0.452874
vn -0.947297 0.009467 0.320218
vn -0.937581 -0.048516 0.344366
vn -0.999844 -0.010121 0.014508
vn -0.999044 -0.035967 0.024839
vn -0.997794 -0.030638 0.058901
vn -0.999312 -0.014261 0.034236
vn -0.999134 -0.027750 0.031015
vn -0.125794 0.000000 0.992056
vn -0.076617 0.012764 0.996979
vn 0.001070 -0.117245 0.993102
vn -0.551133 0.013078 0.834315
vn -0.364282 0.002865 0.931284
vn -0.891735 -0.024972 0.451868
vn -0.948083 0.009251 0.317890
vn -0.998884 -0.026981 0.038765
vn 0.001145 -0.119169 0.992873
vn -0.998857 -0.036047 0.031387
vn -0.125798 0.000000 0.992056
vn -0.076663 0.014340 0.996954
vn -0.003491 -0.000000 0.999994
vn -0.003491 -0.000000 0.999994
vn -0.890266 -0.033545 0.454205
vn -0.997769 -0.027684 0.060752
vn -0.999931 -0.010928 0.004401
vn -1.000000 0.000000 0.000000
vn -0.551387 0.013089 0.834147
vn -0.360386 0.003420 0.932797
vn -0.935306 0.007300 0.353764
vn -0.125789 0.000000 0.992057
vn -0.076649 0.014339 0.996955
vn -0.003491 0.000003 0.999994
vn -0.003491 0.000003 0.999994
vn -0.890267 -0.033545 0.454203
vn -0.997770 -0.027686 0.060740
vn -0.999931 -0.010928 0.004401
vn -1.000000 0.000000 0.000000
vn -0.551365 0.013089 0.834162
vn -0.360348 0.003425 0.932812
vn -0.935318 0.007297 0.353733
vn -0.990634 0.052047 0.126236
vn -0.986213 -0.155883 0.055534
vn -0.974151 -0.223720 0.031302
vn -0.982839 0.112855 0.145915
vn -0.722859 -0.690062 -0.035914
vn -0.672063 -0.736414 -0.077628
vn -0.641976 -0.760921 -0.094165
vn -0.752948 -0.658029 -0.008139
vn -0.585115 -0.802388 -0.117530
vn -0.715393 -0.694992 0.072104
vn -0.619541 -0.610728 0.493133
vn -0.546189 -0.528451 0.649936
vn -0.541831 -0.556330 0.630013
vn -0.694080 -0.664990 0.275757
vn -0.018491 -0.999828 -0.001152
vn -0.018467 -0.999829 -0.000434
vn -0.018276 -0.999833 -0.000091
vn -0.018755 -0.999824 0.000004
vn -0.018270 -0.999833 -0.000383
vn -0.018422 -0.999830 0.000111
vn -0.017483 0.999846 -0.001784
vn -0.017634 0.999845 -0.000019
vn -0.017417 0.999848 -0.000027
vn -0.017636 0.999844 -0.000042
vn -0.017329 0.999850 0.000295
vn -0.018304 0.999832 0.001169
vn -0.017418 0.999848 -0.000016
vn -0.018003 0.999838 -0.000349
vn -0.019866 -0.999800 -0.002456
vn -0.018960 -0.999820 0.000077
vn -0.019384 -0.999799 0.005105
vn -0.017857 -0.999839 0.002020
vn -0.019132 -0.999817 0.000706
vn -0.016423 -0.999862 -0.002571
vn -0.017453 0.999848 0.000104
vn -0.018721 0.999824 -0.001078
vn -0.017259 0.999851 -0.000271
vn -0.017403 0.999849 0.000285
vn -0.017629 0.999844 0.000538
vn -0.016786 0.999859 0.000426
vn -0.015253 0.999883 -0.000911
vn -0.698237 0.027324 0.715345
vn -0.163016 0.093181 0.982213
vn -0.319794 0.071639 0.944775
vn -0.373671 0.001536 0.927560
vn -0.334888 0.062232 0.940201
vn -0.388567 0.002195 0.921418
vn -0.205845 0.087148 0.974696
vn -0.444242 0.094914 0.890865
vn -0.168395 0.543810 -0.822140
vn -0.199893 0.600418 -0.774300
vn -0.129590 0.602568 -0.787476
vn -0.186479 0.506477 -0.841847
vn -0.199777 0.479344 -0.854587
vn -0.046017 0.556865 -0.829327
vn -0.188953 0.425863 -0.884837
vn -0.302101 0.621263 -0.723027
vn -0.314127 0.626462 -0.713351
vn -0.009397 0.030905 -0.999478
vn -0.009534 0.354679 -0.934939
vn -0.066610 0.627650 -0.775641
vn -0.047162 0.652409 -0.756398
vn -0.085806 0.473533 -0.876587
vn -0.025218 0.095509 -0.995109
vn -0.017439 0.191599 -0.981318
vn -0.011540 0.051921 -0.998585
vn -0.012284 0.073456 -0.997223
vn -0.008190 0.108227 -0.994092
vn -0.067396 0.219776 -0.973219
vn -0.960395 -0.003721 0.278618
vn -0.730386 -0.004783 0.683018
vn -0.951935 -0.000062 0.306302
vn -0.699690 0.004502 0.714433
vn -0.073171 0.012832 0.997237
vn -0.293166 0.016828 0.955913
vn -0.385463 0.000316 0.922723
vn -0.002374 -0.024855 0.999688
vn -0.999768 0.008989 0.019567
vn -0.997513 0.000377 -0.070483
vn -0.999937 0.005371 0.009845
vn -0.997288 0.000044 -0.073603
vn -0.002334 -0.025733 0.999666
vn -0.773774 0.384036 0.503776
vn -0.603041 0.345893 0.718818
vn -0.590337 0.405151 0.698108
vn -0.323038 0.322981 0.889567
vn -0.386173 0.418338 0.822109
vn -0.461471 0.520962 0.718083
vn -0.887408 0.332623 0.319170
vn -0.807849 0.505282 0.303430
vn -0.875820 0.443081 0.191359
vn -0.863132 0.413197 0.290294
vn -0.678350 0.516942 0.522123
vn -0.775705 0.498041 0.387603
vn -0.450720 0.585625 0.673717
vn -0.385544 0.523763 0.759624
vn -0.623530 0.591405 0.511322
vn -0.063182 0.031864 0.997493
vn -0.434445 0.196398 0.879025
vn -0.245318 0.107938 0.963415
vn -0.100158 0.059813 0.993172
vn -0.041724 0.023626 0.998850
vn -0.409185 0.253882 0.876420
vn -0.000895 0.006065 0.999981
vn -0.420921 0.602879 -0.677763
vn -0.417051 0.621320 -0.663347
vn -0.412406 0.641693 -0.646646
vn -0.416286 0.624800 -0.660554
vn -0.657240 0.590004 0.468968
vn -0.576857 0.625770 0.525021
vn -0.716935 0.556437 0.419979
vn -0.631533 0.602505 0.488011
vn -0.003756 -0.999993 -0.000014
vn -0.002365 -0.999996 -0.001262
vn -0.003469 -0.999994 -0.000031
vn -0.003429 -0.999994 -0.000093
vn -0.003573 -0.999992 -0.001671
vn -0.003536 -0.999994 -0.000689
vn -0.003530 -0.999994 0.000014
vn -0.003577 -0.999992 -0.001783
vn -0.004021 0.999959 0.008079
vn -0.003489 0.999994 -0.000253
vn -0.000252 0.999924 0.012312
vn -0.002990 0.999995 0.001171
vn -0.007722 0.999955 0.005585
vn -0.010099 0.999946 0.002437
vn -0.003211 0.999916 0.012520
vn -0.011533 0.999933 0.000176
vn -0.003445 0.999993 0.001694
vn -0.002498 -0.999994 0.002324
vn -0.003307 -0.999947 0.009741
vn -0.003493 -0.999994 0.000642
vn -0.007450 -0.999964 0.004158
vn -0.003855 -0.999993 0.000083
vn -0.003494 -0.999994 0.000627
vn -0.011077 -0.999937 0.001738
vn 0.000284 -0.999896 0.014416
vn -0.003475 0.999994 -0.000035
vn -0.003482 0.999994 0.000192
vn -0.003488 0.999994 -0.000154
vn -0.003050 0.999995 -0.000139
vn -0.003490 0.999994 -0.000221
vn -0.002750 0.999996 -0.000323
vn -0.004761 0.999989 0.000005
vn -0.003522 0.999994 -0.000058
vn -0.003485 0.999994 0.000010
vn -0.003471 0.999994 0.000020
vn -0.003491 0.999994 -0.000317
vn -0.003468 0.999994 0.000025
vn -0.003572 0.999994 -0.000153
vn -0.003710 0.999993 -0.000389
vn -0.003489 0.999994 -0.000066
vn -0.003490 0.999994 -0.000272
vn -0.003588 -0.999994 0.000204
vn -0.003490 -0.999994 0.000007
vn -0.003567 -0.999994 -0.000180
vn -0.003646 -0.999993 -0.000004
vn -0.003916 -0.999992 0.000122
vn -0.002545 -0.999793 0.020183
vn -0.003541 -0.999994 0.000036
vn -0.002567 -0.999802 0.019751
vn -0.155483 0.625806 0.764324
vn -0.219248 0.443201 0.869197
vn -0.220490 0.449342 0.865723
vn -0.195739 0.569029 0.798681
vn -0.107749 0.628727 0.770125
vn -0.094607 0.636577 0.765389
vn -0.004383 0.643935 0.765067
vn -0.019850 0.036256 0.999145
vn -0.025846 0.019272 0.999480
vn -0.022651 0.064455 0.997664
vn -0.014639 0.061179 0.998019
vn -0.003938 0.051072 0.998687
vn -0.016415 0.172715 0.984835
vn -0.107306 0.241308 0.964498
vn -0.044140 0.182171 0.982276
vn -0.097445 0.474327 0.874939
vn 0.047162 0.365458 0.929633
vn -0.152960 0.428290 0.890601
vn -0.052047 0.628339 0.776197
vn -0.016248 0.526035 0.850307
vn -0.174572 0.076774 0.981647
vn -0.003486 0.999994 0.000054
vn -0.003493 0.999994 0.000400
vn -0.003492 0.999994 -0.000034
vn -0.003491 0.999994 0.000000
vn -0.003478 0.999994 0.000045
vn -0.003490 0.999994 -0.000022
vn -0.003437 0.999994 0.000557
vn -0.003532 0.999994 -0.000598
vn -0.003538 0.999993 -0.000914
vn -0.003502 0.999994 0.000169
vn -0.003525 0.999994 -0.000077
vn -0.003492 0.999994 0.000204
vn -0.003482 0.999994 0.000169
vn -0.003493 0.999994 0.000000
vn -0.003700 0.999993 0.000167
vn -0.003507 0.999994 0.000201
vn -0.003505 0.999994 -0.000186
vn -0.003496 0.999994 0.000091
vn -0.003486 0.999994 0.000077
vn -0.005182 0.999965 0.006551
vn -0.006568 0.999978 0.000987
vn -0.005935 0.999982 -0.000320
vn -0.005301 0.999986 -0.000131
vn -0.005307 0.999986 -0.000142
vn -0.005145 0.999987 -0.000095
vn -0.004977 0.999988 -0.000148
vn -0.004183 0.999991 -0.000388
vn -0.005798 0.999983 0.001101
vn -0.005970 0.999975 -0.003878
vn -0.005273 0.999986 -0.000138
vn -0.005207 0.999986 -0.000010
vn 0.020389 0.059165 -0.998040
vn 0.038998 0.052037 -0.997883
vn 0.031408 0.177029 -0.983704
vn 0.045559 -0.013907 -0.998865
vn 0.029811 0.000755 -0.999555
vn 0.032795 0.010824 -0.999403
vn 0.030116 0.011617 -0.999479
vn 0.049810 0.033271 -0.998204
vn 0.021877 0.001592 -0.999759
vn 0.067986 0.116290 -0.990886
vn 0.035061 -0.011675 -0.999317
vn 0.025249 0.057441 -0.998030
vn -0.062568 0.348200 0.935330
vn 0.098172 0.555857 0.825461
vn -0.136975 0.873881 -0.466444
vn 0.059752 0.797361 -0.600537
vn 0.077585 0.541819 -0.836907
vn 0.209209 0.977176 0.036863
vn 0.074823 0.989717 -0.121906
vn 0.032731 0.999270 0.019704
vn 0.031350 0.892630 0.449699
vn 0.108788 0.983445 0.144919
vn 0.032111 0.052778 0.998090
vn 0.056292 -0.025014 0.998101
vn 0.027603 0.054013 0.998159
vn -0.070123 -0.024042 0.997249
vn 0.075085 0.104794 0.991655
vn 0.077924 0.029260 0.996530
vn 0.023920 0.015584 0.999592
vn 0.029015 0.021113 0.999356
vn 0.087669 0.019681 0.995955
vn 0.035621 -0.010238 0.999313
vn 0.018985 0.120603 0.992519
vn 0.025911 0.073290 0.996974
vn 0.120242 -0.039839 -0.991945
vn 0.045567 -0.084324 -0.995396
vn 0.113739 0.064048 -0.991444
vn 0.163274 0.029717 -0.986133
vn 0.091879 0.355127 -0.930292
vn 0.154916 0.142528 -0.977592
vn 0.124715 0.150227 -0.980754
vn 0.068414 0.141735 -0.987538
vn 0.000000 -1.000000 0.000000
vn 0.000000 -1.000000 0.000000
vn 0.170718 0.983014 0.067363
vn 0.122027 0.992365 0.017929
vn 0.058060 0.260202 -0.963807
vn 0.004012 0.141276 -0.989962
vn -0.043665 0.978634 0.200920
vn 0.061509 -0.009026 0.998066
vn 0.184137 0.151926 0.971088
vn 0.111486 0.829329 0.547525
vn 0.034657 0.245511 0.968774
vn 0.023388 0.379958 0.924708
vn 0.050362 0.233498 0.971052
vn 0.100835 0.137647 0.985335
vn 0.089671 0.251227 0.963766
vn 0.056510 -0.085863 0.994703
vn 0.140492 -0.015961 0.989953
vn 0.172116 -0.015201 0.984959
vn 0.161157 0.087791 0.983016
vn 0.172772 0.133538 0.975868
vn 0.146265 0.083546 0.985711
vn 0.193027 0.096326 0.976454
vn 0.174208 0.037380 0.983999
vn 0.204764 0.024979 0.978493
vn -0.021032 -0.999773 -0.003367
vn 0.009627 -0.999928 -0.007185
vn 0.001778 -0.999998 -0.000606
vn 0.001385 -0.999998 0.001720
vn 0.006540 -0.999917 0.011106
vn 0.004112 -0.999966 0.007104
vn 0.009185 -0.999951 0.003780
vn 0.002046 -0.999997 0.000936
vn 0.002242 -0.999997 0.000214
vn 0.002145 -0.999998 -0.000327
vn 0.005216 -0.999929 -0.010717
vn 0.001331 -0.999998 -0.001341
vn 0.005388 -0.999983 -0.002305
vn 0.000000 -1.000000 0.000000
vn 0.457009 0.376659 -0.805773
vn 0.529480 0.085803 -0.843972
vn 0.158044 -0.020278 -0.987224
vn 0.156411 -0.179397 -0.971263
vn 0.298999 -0.037846 -0.953502
vn 0.152389 0.006053 -0.988302
vn 0.169698 -0.008293 -0.985461
vn 0.412537 0.025113 -0.910595
vn 0.321880 0.144529 -0.935684
vn 0.299640 0.401326 -0.865536
vn 0.222818 0.503650 -0.834679
vn -0.133947 0.189392 -0.972722
vn 0.045685 0.539815 -0.840543
vn 0.087695 0.725793 -0.682301
vn 0.233894 0.742017 -0.628255
vn 0.377964 0.603157 -0.702385
vn 0.391764 0.422929 -0.817100
vn 0.364206 0.249618 -0.897243
vn 0.646157 0.320870 -0.692476
vn 0.664983 0.257743 -0.700975
vn 0.273778 0.013919 -0.961692
vn 0.628192 0.021196 -0.777770
vn 0.117378 -0.019886 -0.992888
vn 0.000000 -1.000000 0.000000
vn 0.507299 0.855766 0.101547
vn 0.263881 0.925479 0.271763
vn 0.410776 0.891507 -0.190993
vn 0.577170 0.813898 0.066666
vn 0.647899 0.761726 0.001191
vn 0.637002 0.770434 0.025695
vn 0.404405 0.914580 0.000333
vn 0.392478 0.919441 0.024265
vn -0.185768 0.957107 -0.222345
vn 0.288272 0.951618 -0.106409
vn 0.628663 0.769179 -0.114658
vn 0.445812 0.809242 -0.382595
vn 0.306719 0.650524 -0.694796
vn 0.274958 0.410009 -0.869650
vn 0.179393 0.228288 -0.956923
vn 0.093435 0.044392 -0.994635
vn 0.244496 0.014856 -0.969537
vn 0.512740 0.782057 0.354237
vn 0.083575 -0.166441 0.982503
vn 0.171365 -0.052360 0.983815
vn 0.085007 0.015537 0.996259
vn 0.378121 0.266508 0.886565
vn 0.242245 0.371177 0.896407
vn -0.036106 0.809306 0.586277
vn 0.253127 0.964007 0.081346
vn 0.663455 0.734305 0.143607
vn 0.365796 0.628007 0.686878
vn 0.401918 0.388656 0.829101
vn 0.215608 0.444728 0.869327
vn 0.490731 0.056745 0.869462
vn 0.503837 0.078153 0.860256
vn 0.441318 0.148866 0.884917
vn 0.445061 0.289857 0.847292
vn 0.633971 0.307974 0.709389
vn 0.621095 0.324896 0.713220
vn 0.305087 0.371542 0.876857
vn 0.325133 0.329248 0.886501
vn 0.270363 0.461853 0.844746
vn 0.142839 0.545007 0.826175
vn 0.313956 0.716056 0.623455
vn 0.063340 0.581545 0.811044
vn 0.035311 0.686212 0.726544
vn 0.182052 -0.033381 0.982722
vn 0.359766 -0.049538 0.931727
vn -0.255731 0.525891 -0.811197
vn -0.018303 -0.999832 0.000000
vn -0.014566 -0.999584 -0.024893
vn 0.000011 -1.000000 0.000043
vn -0.028799 -0.996387 -0.079892
vn 0.000476 -0.999007 -0.044548
vn -0.021233 -0.994218 -0.105261
vn 0.193181 -0.889492 0.414108
vn 0.300246 -0.033306 -0.953280
vn 0.232235 -0.019348 -0.972467
vn 0.454514 -0.029833 -0.890240
vn 0.874185 0.123400 -0.469652
vn 0.530434 0.132131 -0.837366
vn 0.649788 0.632407 -0.421708
vn 0.445354 0.801690 -0.398689
vn 0.184443 0.907857 -0.376531
vn 0.041684 0.971338 -0.234019
vn 0.013287 -0.027597 0.999531
vn -0.000392 -0.008081 0.999967
vn 0.016039 -0.007158 0.999846
vn 0.000373 -0.000373 1.000000
vn -0.002576 -0.000347 0.999997
vn -0.001965 0.001644 0.999997
vn 0.023196 -0.011321 0.999667
vn -0.001265 -0.002738 0.999995
vn -0.000848 -0.000608 0.999999
vn -0.007214 -0.000026 0.999974
vn 0.777141 0.627142 0.052383
vn 0.773873 0.633340 0.000810
vn 0.729638 0.683831 -0.001889
vn 0.774066 0.605693 -0.184275
vn 0.750516 0.570144 -0.334157
vn 0.629494 0.531149 -0.567114
vn 0.291939 0.226254 -0.929290
vn 0.019219 -0.011356 -0.999751
vn 0.234081 0.010411 0.972161
vn 0.440980 0.070581 0.894737
vn 0.448423 0.237916 0.861576
vn 0.511558 0.457580 0.727275
vn 0.808456 0.437538 0.393650
vn 0.828062 0.497911 0.257678
vn 0.844414 0.517585 0.138101
vn 0.600026 -0.041463 0.798905
vn 0.490278 0.010782 0.871499
vn 0.114234 0.851690 0.511443
vn 0.142883 0.782433 0.606121
vn 0.266992 0.772065 0.576742
vn 0.214721 0.803496 0.555237
vn 0.405660 0.588487 0.699373
vn 0.576880 0.672171 0.464108
vn 0.543189 0.467025 0.697734
vn 0.728023 0.433561 0.531044
vn 0.318394 -0.033853 0.947354
vn -0.001992 0.004958 -0.999986
vn -0.000052 -0.000663 -1.000000
vn -0.001975 -0.000374 -0.999998
vn -0.000004 0.000022 -1.000000
vn 0.000355 -0.000603 -1.000000
vn -0.047144 -0.192054 -0.980251
vn -0.098209 -0.431358 -0.896820
vn -0.066033 0.245958 -0.967029
vn -0.006585 0.084357 -0.996414
vn -0.027383 0.252192 -0.967290
vn -0.058898 0.396786 -0.916020
vn -0.057507 -0.006817 -0.998322
vn -0.001035 -0.036300 -0.999340
vn -0.028369 0.100385 -0.994544
vn -0.009064 -0.000908 -0.999959
vn 0.003906 -0.018114 -0.999828
vn -0.120715 0.272720 -0.954490
vn 0.077528 -0.089753 -0.992942
vn 0.144389 -0.364218 -0.920053
vn 0.073123 -0.362488 -0.929116
vn 0.299530 -0.335494 -0.893155
vn 0.361324 -0.407843 -0.838516
vn 0.271998 -0.133287 -0.953022
vn 0.153510 -0.089595 -0.984077
vn 0.506623 -0.427333 -0.748813
vn 0.477053 -0.382739 -0.791158
vn 0.455020 -0.226587 -0.861171
vn 0.486707 -0.751190 -0.445904
vn 0.679260 -0.438691 -0.588350
vn 0.624801 -0.215215 -0.750538
vn 0.860062 -0.212573 -0.463795
vn 0.755065 -0.428018 -0.496666
vn 0.975766 -0.120000 -0.182978
vn 0.886724 -0.368778 -0.278789
vn 0.954517 -0.083784 -0.286144
vn 0.891767 -0.229072 -0.390228
vn 0.998246 -0.055443 0.020750
vn 0.949422 -0.303507 -0.080503
vn 0.972056 -0.015770 0.234218
vn 0.955435 -0.274754 0.107958
vn 0.858256 -0.231132 0.458230
vn 0.902422 0.008376 0.430771
vn 0.951733 -0.000156 0.306926
vn 0.673377 -0.455925 0.581976
vn 0.799975 -0.283602 0.528782
vn 0.590991 -0.338407 0.732263
vn 0.656178 -0.311832 0.687161
vn 0.306130 -0.398116 0.864747
vn 0.413780 -0.423027 0.806123
vn 0.440715 -0.089193 0.893205
vn 0.478548 -0.481544 0.734239
vn 0.151874 -0.141657 0.978196
vn 0.286986 -0.126720 0.949516
vn 0.071105 -0.367023 0.927490
vn 0.077723 -0.088721 0.993019
vn 0.146998 -0.868352 0.473664
vn 0.289352 -0.849080 0.441971
vn 0.417259 -0.835187 0.358271
vn 0.402797 -0.887622 0.223341
vn 0.040641 -0.999099 0.012201
vn 0.550133 -0.834041 -0.041593
vn 0.508750 -0.835193 -0.208866
vn 0.476920 -0.821432 -0.312724
vn 0.254909 -0.937409 -0.237247
vn 0.276138 -0.833243 -0.479014
vn 0.133387 -0.833508 -0.536164
vn 0.023046 -0.948910 -0.314703
vn 0.055698 -0.704306 -0.707708
vn 0.091672 -0.782204 -0.616241
vn 0.215584 -0.734485 -0.643471
vn 0.260564 -0.902137 -0.343881
vn 0.563031 -0.772561 -0.293506
vn 0.639983 -0.743890 -0.192482
vn 0.605760 -0.788953 -0.102999
vn 0.667907 -0.744112 0.014023
vn 0.634162 -0.767156 0.096494
vn 0.421912 -0.891135 0.166938
vn 0.534601 -0.749632 0.390197
vn 0.550013 -0.591999 0.589087
vn 0.121327 -0.672972 0.729650
vn 0.034623 -0.901378 0.431646
vn 0.030700 0.031379 0.999036
vn -0.033535 0.120457 0.992152
vn 0.005836 0.022051 0.999740
vn 0.964689 0.039334 -0.260437
vn 0.990599 0.135652 -0.017680
vn 0.996980 0.040635 -0.066174
vn 0.984457 0.002923 -0.175604
vn 0.999931 0.000546 0.011751
vn 0.983382 -0.002587 -0.181529
vn 0.999959 -0.001112 -0.009035
vn 0.988953 -0.000140 0.148233
vn 0.988996 0.003847 0.147894
vn 0.805383 -0.004856 -0.592734
vn 0.867117 -0.002903 -0.498096
vn 0.934822 -0.003610 -0.355099
vn 0.931696 0.002859 -0.363229
vn 0.841199 -0.000332 -0.540725
vn 0.729162 -0.009169 -0.684279
vn 0.720438 -0.005023 -0.693501
vn 0.611540 -0.010766 -0.791140
vn 0.571420 -0.016182 -0.820498
vn 0.415227 -0.013867 -0.909612
vn 0.262032 0.953418 -0.149441
vn 0.401411 0.915867 0.007583
vn 0.329982 0.931732 -0.151612
vn 0.481584 0.875167 0.046473
vn 0.595743 0.803174 -0.001281
vn 0.704500 0.709693 0.003912
vn 0.657693 0.698868 0.281109
vn 0.773403 0.633405 0.025422
vn 0.830162 0.556116 0.039568
vn 0.803978 0.476689 -0.355510
vn 0.924854 0.352064 -0.143865
vn 0.907445 0.415541 0.062198
vn 0.972226 0.233550 0.015171
vn 0.987780 0.088892 0.128022
vn 0.942557 0.049668 0.330333
vn 0.999419 0.030441 -0.015331
vn 0.999803 0.010202 0.017006
vn 0.892446 0.035522 -0.449754
vn 0.789228 0.012451 -0.613974
vn 0.868472 0.232240 -0.437973
vn 0.553866 0.688203 -0.468625
vn 0.739945 0.548131 -0.389915
vn 0.317890 0.863413 -0.391745
vn 0.822983 0.010422 -0.567970
vn 0.860189 0.097962 -0.500479
vn 0.508219 0.021822 -0.860951
vn 0.995142 0.005736 0.098278
vn 0.897688 0.362088 -0.251094
vn 0.442628 0.402641 -0.801225
vn 0.415179 0.472891 -0.777175
vn 0.519026 0.109386 -0.847730
vn 0.992879 0.004581 0.119039
vn 0.976882 0.002493 -0.213764
vn 0.996657 0.032629 -0.074905
vn 0.929185 0.029448 0.368440
vn 0.999020 0.024637 0.036770
vn 0.997796 0.060995 -0.026130
vn 0.991441 0.117036 -0.057864
vn 0.997287 0.068377 -0.027260
vn 0.858805 0.170625 -0.483054
vn 0.938098 0.164836 -0.304633
vn 0.055897 0.603612 0.795316
vn 0.047132 -0.502861 0.863081
vn 0.047428 -0.490644 0.870068
vn 0.079205 0.947163 0.310818
vn 0.031930 -0.233410 0.971854
vn 0.032198 0.286009 0.957686
vn 0.265421 0.089682 0.959952
vn -0.001893 0.006622 0.999976
vn 0.003705 -0.023215 0.999724
vn 0.076272 -0.169666 0.982546
vn 0.075239 -0.018605 0.996992
vn 0.029022 -0.024162 0.999287
vn 0.009434 0.020905 0.999737
vn 0.004294 0.001209 0.999990
vn 0.020862 0.000303 0.999782
vn 0.046494 -0.115724 0.992193
vn 0.020361 -0.005305 0.999779
vn 0.016870 -0.011352 0.999793
vn 0.022263 0.008017 0.999720
vn 0.005090 0.020725 0.999772
vn 0.032624 0.014946 0.999356
vn 0.966572 0.251907 0.047765
vn 0.995398 0.095824 -0.000742
vn 0.882986 0.469398 0.001404
vn 0.995038 0.099496 0.000593
vn 0.920688 0.390291 0.002623
vn 0.964157 0.265332 0.000485
vn 0.967856 0.243819 -0.061697
vn 0.881970 0.469169 -0.044828
vn 0.994902 0.100721 -0.005010
vn 0.028512 -0.031346 -0.999102
vn 0.004771 -0.029929 -0.999541
vn 0.999011 0.042522 0.013015
vn 0.782808 0.405626 0.471889
vn 0.985960 0.157867 0.054414
vn 0.994659 0.080188 0.064984
vn 0.946485 0.205423 0.248935
vn 0.998775 0.038498 -0.031074
vn 0.993149 -0.003455 -0.116804
vn 0.898696 0.006606 0.438522
vn 0.997275 0.007900 -0.073351
vn 0.884515 -0.007891 0.466446
vn 0.990319 -0.003589 0.138763
vn 0.512449 -0.000937 0.858717
vn 0.663307 -0.008838 0.748295
vn 0.966009 0.046994 0.254200
vn 0.841194 0.090363 0.533130
vn 0.947621 0.134295 0.289793
vn 0.803372 0.213861 0.555749
vn 0.057978 0.883840 0.464183
vn 0.498607 -0.039505 0.865927
vn 0.830013 -0.006070 0.557711
vn 0.995326 0.000622 -0.096573
vn 0.981027 0.005677 0.193787
vn 0.980447 0.050214 0.190269
vn 0.988148 0.104113 0.112804
vn 0.921943 0.382470 0.061134
vn 0.954009 0.295844 0.048404
vn 0.972186 0.158427 -0.172497
vn 0.880325 0.434895 -0.189457
vn 0.849494 0.525260 0.049616
vn 0.764068 0.610040 0.209886
vn 0.705376 0.706267 0.060255
vn 0.572552 0.810850 0.121273
vn 0.630481 0.748569 -0.205279
vn 0.514024 0.854306 0.077082
vn 0.372842 0.926483 0.051173
vn 0.434941 0.875976 -0.208548
vn 0.105532 0.992706 0.058293
vn 0.058227 0.997758 0.032992
vn 0.240985 0.964690 0.106302
vn 0.323714 0.822859 0.467025
vn 0.419081 0.746549 0.516756
vn 0.801553 0.312832 0.509558
vn 0.832424 0.202090 0.515975
vn 0.833264 0.035803 0.551714
vn 0.861186 0.149437 0.485826
vn 0.027873 0.270001 -0.962457
vn 0.045450 0.938736 -0.341626
vn 0.035983 0.414263 -0.909446
vn 0.084430 0.613665 -0.785040
vn 0.056975 0.810229 -0.583337
vn 0.023775 0.125123 -0.991856
vn 0.003486 0.002022 -0.999992
vn 0.000825 -0.017976 -0.999838
vn 0.004638 -0.020050 -0.999788
vn 0.007330 -0.016123 -0.999843
vn 0.019915 -0.002501 -0.999799
vn 0.019134 -0.010391 -0.999763
vn 0.020143 0.002040 -0.999795
vn -0.012196 0.011836 -0.999856
vn 0.009308 0.018043 -0.999794
vn 0.017428 0.012744 -0.999767
vn 0.018237 0.005806 -0.999817
vn 0.016552 -0.523743 -0.851716
vn 0.047324 -0.574990 -0.816790
vn 0.004048 -0.175531 -0.984466
vn 0.077460 -0.300251 -0.950710
vn 0.074950 -0.059728 -0.995397
vn 0.128396 -0.025764 -0.991388
vn 0.476453 0.002506 -0.879197
vn 0.295586 -0.023542 -0.955026
vn 0.816469 0.032630 -0.576467
vn 0.787425 0.021302 -0.616042
vn 0.630378 -0.015131 -0.776141
vn 0.938244 0.026805 -0.344935
vn 0.861788 -0.011347 -0.507141
vn 0.979496 -0.002008 -0.201453
vn 0.986122 0.123044 -0.111457
vn 0.994871 0.085041 -0.054774
vn 0.990274 0.123022 0.064988
vn 0.948157 0.117137 0.295427
vn 0.968834 0.024497 0.246497
vn 0.984035 0.003538 0.177939
vn 0.749428 0.014617 0.661925
vn 0.612753 -0.074450 0.786759
vn 0.318054 -0.016816 0.947924
vn 0.172386 -0.020885 0.984808
vn 0.531247 -0.014759 0.847088
vn 0.280230 -0.113211 0.953234
vn 0.152417 -0.186149 0.970627
vn 0.101969 -0.590490 0.800577
vn 0.128031 -0.404219 0.905657
vn 0.192235 -0.506470 0.840556
vn 0.107887 0.831204 0.545399
vn 0.994309 0.009539 0.106109
vn 0.890148 -0.013302 0.455477
vn 0.114053 -0.077059 0.990482
vn 0.085841 -0.106976 0.990549
vn 0.036503 -0.113248 0.992896
vn 0.211224 -0.528755 0.822072
vn 0.080327 -0.560135 0.824498
vn 0.358394 -0.459296 0.812774
vn 0.463059 -0.374733 0.803213
vn 0.372769 -0.383080 0.845158
vn 0.517204 -0.321361 0.793239
vn 0.488957 -0.343537 0.801813
vn 0.580282 -0.194466 0.790858
vn 0.490409 0.027327 0.871064
vn 0.603395 -0.131286 0.786561
vn 0.641833 -0.002421 0.766840
vn 0.966169 -0.009009 0.257752
vn 0.992798 -0.017544 0.118510
vn 0.951357 0.002553 0.308081
vn 0.952469 0.046502 0.301067
vn 0.940573 0.151559 0.303895
vn 0.840779 0.454291 0.294465
vn 0.749490 0.575341 0.327487
vn 0.529343 0.790631 0.307733
vn 0.406445 0.862381 0.301831
vn 0.255503 0.946156 0.198764
vn 0.116323 0.989588 0.084760
vn 0.040384 0.127630 0.990999
vn 0.083996 0.107153 0.990688
vn 0.127752 -0.035217 0.991181
vn 0.129545 -0.004025 0.991565
vn 0.135906 0.011820 0.990651
vn 0.121030 0.067939 0.990321
vn 0.082002 0.340229 0.936760
vn 0.164097 0.298658 0.940146
vn 0.249077 0.233375 0.939945
vn 0.313103 0.175388 0.933384
vn 0.358682 0.083313 0.929734
vn 0.344204 -0.000255 0.938895
vn 0.344538 -0.031051 0.938259
vn 0.333826 -0.077974 0.939404
vn 0.311302 -0.147225 0.938838
vn 0.255103 -0.237730 0.937234
vn 0.181315 -0.313833 0.932005
vn 0.085182 -0.347431 0.933829
vn 0.125273 0.609187 0.783069
vn 0.301295 0.540923 0.785254
vn 0.457926 0.418091 0.784540
vn 0.572015 0.241800 0.783793
vn 0.606593 0.064581 0.792385
vn 0.606809 0.004842 0.794833
vn 0.228526 0.812845 0.535778
vn 0.331847 0.767611 0.548316
vn 0.476228 0.680741 0.556596
vn 0.566747 0.618542 0.544245
vn 0.669286 0.493124 0.555774
vn 0.726122 0.404857 0.555731
vn 0.837002 0.262896 0.479911
vn 0.814298 0.149864 0.560767
vn 0.835860 0.032255 0.547994
vn 0.999988 0.000988 -0.004845
vn 0.998767 0.047996 0.012661
vn 0.999528 -0.015543 -0.026491
vn 0.622477 -0.017123 -0.782450
vn 0.998873 0.010650 -0.046255
vn 0.078554 0.377254 -0.922772
vn 0.126760 0.868527 -0.479159
vn 0.542068 0.782194 -0.307140
vn 0.622864 0.628363 -0.466046
vn 0.951512 0.003484 -0.307592
vn 0.982983 0.039185 -0.179467
vn 0.964693 0.002000 -0.263370
vn 0.871452 -0.019251 -0.490103
vn 0.611371 -0.000617 -0.791344
vn 0.616487 -0.083478 -0.782927
vn 0.612590 -0.159643 -0.774111
vn 0.576210 -0.235439 -0.782656
vn 0.516123 -0.311667 -0.797797
vn 0.417590 -0.336380 -0.844077
vn 0.656096 -0.382344 -0.650654
vn 0.394216 -0.445630 -0.803746
vn 0.326455 -0.477593 -0.815679
vn 0.263511 -0.523097 -0.810513
vn 0.162864 -0.418071 -0.893695
vn 0.097941 -0.368907 -0.924292
vn 0.081748 -0.553635 -0.828737
vn 0.051285 -0.334462 -0.941013
vn 0.064357 -0.121698 -0.990479
vn 0.114643 -0.084903 -0.989772
vn 0.609809 0.066334 -0.789768
vn 0.842186 0.029130 -0.538400
vn 0.830867 0.132329 -0.540509
vn 0.841120 0.242079 -0.483648
vn 0.577854 0.233256 -0.782098
vn 0.732882 0.389156 -0.558070
vn 0.718756 0.510484 -0.472013
vn 0.474810 0.411700 -0.777855
vn 0.486812 0.675523 -0.553790
vn 0.310928 0.530634 -0.788512
vn 0.349653 0.755571 -0.553945
vn 0.257910 0.847373 -0.464157
vn 0.167472 0.595722 -0.785537
vn 0.067039 0.121653 -0.990306
vn 0.093194 0.098797 -0.990734
vn 0.127710 0.046063 -0.990741
vn 0.125404 0.006609 -0.992084
vn 0.126004 -0.007343 -0.992003
vn 0.125011 -0.032067 -0.991637
vn 0.123770 -0.315322 -0.940879
vn 0.197050 -0.273380 -0.941507
vn 0.251272 -0.234296 -0.939131
vn 0.320552 -0.131270 -0.938091
vn 0.348326 -0.063320 -0.935232
vn 0.343295 -0.021816 -0.938974
vn 0.346883 0.001398 -0.937907
vn 0.335770 0.015487 -0.941817
vn 0.352718 0.079820 -0.932319
vn 0.298272 0.168285 -0.939528
vn 0.257204 0.221846 -0.940548
vn 0.212876 0.282242 -0.935427
vn 0.120161 0.324788 -0.938123
vn 0.284812 -0.557669 -0.779671
vn 0.141723 -0.217592 -0.965696
vn 0.297211 -0.170157 -0.939528
vn 0.103489 -0.514438 -0.851260
vn 0.998482 0.054963 -0.003451
vn 0.928810 -0.005414 -0.370517
vn 0.611288 -0.105564 -0.784336
vn 0.457976 -0.303633 -0.835503
vn 0.710379 -0.554267 0.433762
vn 0.648643 -0.489029 0.583192
vn 0.756891 -0.078128 -0.648854
vn 0.981915 -0.030247 -0.186892
vn 0.985885 -0.112391 -0.124095
vn 0.997843 -0.062386 -0.020439
vn 0.932996 -0.043316 0.357271
vn 0.745235 -0.082857 0.661634
vn 0.786929 -0.049306 0.615070
vn 0.509606 -0.524637 0.681951
vn 0.480178 -0.610205 0.630141
vn 0.309025 -0.484550 0.818361
vn 0.332870 -0.615500 0.714393
vn 0.292421 -0.575638 0.763630
vn 0.314106 -0.558571 0.767682
vn 0.207505 -0.621380 0.755532
vn 0.286929 -0.307765 0.907167
vn 0.476334 -0.212310 0.853247
vn 0.428452 -0.065526 0.901185
vn 0.918123 -0.003707 0.396279
vn 0.740526 -0.030434 -0.671338
vn 0.431854 -0.066799 -0.899467
vn 0.308423 -0.456928 -0.834321
vn 0.380488 -0.593089 -0.709559
vn 0.492299 -0.617949 -0.613010
vn 0.532463 -0.537592 -0.653818
vn 0.802088 -0.154860 -0.576778
vn 0.937978 -0.125027 -0.323365
vn 0.534817 -0.444577 -0.718556
vn 0.695557 -0.437660 -0.569784
vn 0.955209 -0.270325 -0.120414
vn 0.883496 -0.394892 -0.251982
vn 0.821613 -0.477417 -0.311489
vn 0.868091 -0.058024 -0.493003
vn 0.921669 -0.306702 -0.237614
vn 0.992204 -0.123514 -0.016616
vn 0.979082 -0.187358 -0.079343
vn 0.719926 -0.504591 -0.476544
vn 0.745778 -0.340264 -0.572743
vn 0.854814 -0.361242 -0.372555
vn 0.943409 -0.262290 -0.202939
vn 0.971945 -0.219387 -0.084803
vn 0.987956 -0.148899 -0.042090
vn 0.903276 -0.229743 -0.362367
vn 0.996981 -0.077642 0.001014
vn 0.985834 -0.147999 -0.078917
vn 0.994670 -0.103029 0.004206
vn 0.871630 -0.428523 0.237970
vn 0.806999 -0.494987 0.322087
vn 0.775565 -0.444289 0.448449
vn 0.678379 -0.316832 0.662887
vn 0.979005 -0.172733 0.108225
vn 0.965975 -0.210857 0.149772
vn 0.933549 -0.316471 0.168321
vn 0.850796 -0.352825 0.389437
vn 0.672148 -0.224891 0.705437
vn 0.984989 -0.162495 0.058238
vn 0.993284 -0.113726 0.021297
vn 0.977681 -0.191296 0.086869
vn 0.993550 -0.097972 0.057090
vn 0.997008 -0.075973 0.014244
vn 0.942990 -0.302418 0.138973
vn 0.930478 -0.269316 0.248353
vn 0.971827 -0.111958 0.207406
vn 0.885419 -0.174466 0.430806
vn 0.982581 -0.076500 0.169361
vn 0.936327 -0.084321 0.340855
vn 0.784265 -0.307134 0.539070
vn 0.871892 -0.181077 0.454989
vn 0.737892 -0.079804 0.670185
vn 0.845682 -0.031850 0.532736
vn 0.395818 -0.500953 0.769658
vn 0.518891 -0.388625 0.761395
vn 0.620820 -0.238027 0.746945
vn 0.643560 -0.412803 0.644534
vn 0.649832 -0.534594 0.540302
vn 0.700363 -0.555741 0.447932
vn 0.806817 -0.415719 0.419791
vn 0.887269 -0.297894 0.352155
vn 0.562374 -0.616529 0.551024
vn 0.502539 -0.543829 0.672090
vn 0.601520 -0.609215 0.516750
vn 0.950296 -0.188542 0.247767
vn 0.906709 -0.312229 0.283535
vn 0.833437 -0.441060 0.332939
vn 0.693197 -0.534984 0.482981
vn 0.631564 -0.260481 -0.730258
vn 0.765564 -0.151953 -0.625158
vn 0.867183 -0.139118 -0.478162
vn 0.942987 -0.080228 -0.323016
vn 0.473443 -0.570490 -0.671114
vn 0.468423 -0.465460 -0.750951
vn 0.658545 -0.329624 -0.676511
vn 0.655982 -0.429967 -0.620336
vn 0.771785 -0.279407 -0.571210
vn 0.349357 -0.633627 -0.690266
vn 0.422232 -0.638804 -0.643156
vn 0.541782 -0.594710 -0.593964
vn 0.608898 -0.601044 -0.517676
vn 0.683832 -0.558583 -0.469424
vn 0.677593 -0.487839 -0.550346
vn 0.799995 -0.349973 -0.487366
vn 0.818483 -0.409626 -0.402856
vn 0.893682 -0.219216 -0.391506
vn 0.902536 -0.287260 -0.320795
vn 0.956128 -0.174385 -0.235390
vn 0.965235 -0.221301 -0.139096
vn 0.844606 -0.432943 -0.314963
vn 0.755340 -0.536763 -0.375961
vn 0.986219 -0.078638 -0.145560
vn 0.994384 -0.105676 0.005678
vn 0.253968 -0.619645 -0.742658
vn -0.119534 0.005231 -0.992816
vn -0.535930 -0.032622 -0.843632
vn -0.222337 -0.002045 -0.974968
vn -0.503645 0.086127 -0.859607
vn -0.150025 -0.020289 -0.988474
vn -0.614472 -0.024010 -0.788573
vn -0.373378 0.003356 -0.927673
vn -0.017375 0.999849 0.000018
vn -0.017453 0.999848 0.000033
vn -0.017276 0.999851 0.000000
vn -0.017433 0.999848 0.000029
vn -0.003504 0.999994 0.000131
vn -0.003458 0.999994 0.000270
vn -0.003480 0.999994 0.000213
vn -0.009198 0.999854 0.014367
vn -0.003465 0.999994 -0.000115
vn -0.003494 0.999994 -0.000041
vn -0.003460 0.999994 0.000260
vn -0.004256 0.999989 0.001813
vn -0.003561 0.999994 -0.000160
vn -0.022215 0.998625 0.047486
vn -0.003408 0.999994 -0.000902
vn -0.716784 0.002537 -0.697291
vn -0.716467 0.000070 -0.697621
vn -0.715469 0.003761 -0.698634
vn -0.718310 0.001024 -0.695723
vn -0.716300 0.000047 -0.697792
vn -0.105687 0.000000 0.994399
vn -0.007210 0.110318 0.993870
vn -0.519934 0.023172 0.853892
vn -0.798532 0.064468 0.598490
vn -0.464822 -0.023889 0.885082
vn -0.175218 -0.017667 0.984371
vn -0.007266 0.111986 0.993683
vn 0.999527 -0.012568 0.028062
vn -0.999385 0.000169 -0.035060
vn -0.999384 0.000044 -0.035085
vn 0.998131 0.020874 0.057434
vn 0.961148 0.094432 0.259380
vn -0.999390 -0.000030 -0.034922
vn -0.999316 -0.001559 -0.036958
vn 0.013585 -0.999007 -0.042429
vn 0.993457 -0.111173 -0.026133
vn -0.949189 -0.309971 -0.054381
vn -0.598038 -0.799470 -0.056559
vn -0.176041 -0.982942 -0.053249
vn 0.990662 -0.049170 0.127166
vn 0.900962 0.432563 -0.034022
vn -0.728103 0.683654 -0.049828
vn -0.923742 0.380654 -0.042471
vn -0.991663 0.122938 -0.038617
vn 0.352626 0.934583 -0.047003
vn -0.287054 0.956718 -0.047856
vn 0.998391 -0.049128 0.028312
vn 0.022065 -0.999214 -0.032917
vn -0.276695 -0.960244 -0.037044
vn 0.974531 0.224188 0.005461
vn 0.642830 0.765897 -0.013063
vn 0.131872 0.990800 -0.030420
vn -0.994390 0.099383 -0.036204
vn -0.914368 0.402332 -0.045382
vn -0.711453 0.700832 -0.051671
vn -0.324039 0.945015 -0.044107
vn -0.835389 -0.548546 -0.034966
vn -0.994976 -0.092592 -0.038079
vn 0.591367 -0.805990 -0.025786
vn 0.590663 -0.806511 -0.025643
vn 0.596252 -0.802351 -0.026779
vn 0.596835 -0.801913 -0.026898
vn 0.008528 0.007412 0.999936
vn -0.001669 0.000111 0.999999
vn 0.015175 0.012172 0.999811
vn 0.005102 0.004959 0.999975
vn -0.727254 -0.003113 -0.686362
vn -0.703534 -0.003401 -0.710653
vn -0.685216 0.006930 -0.728307
vn -0.595734 0.008191 -0.803140
vn -0.765177 0.007867 -0.643772
vn -0.965602 0.007763 -0.259910
vn -0.966453 0.007019 -0.256748
vn -0.972943 0.000990 -0.231043
vn -0.972207 0.001709 -0.234117
vn -1.000000 -0.000001 0.000056
vn -1.000000 -0.000052 -0.000059
vn -0.999995 0.000382 -0.003196
vn -1.000000 0.000000 0.000000
vn -1.000000 0.000000 0.000000
vn -1.000000 -0.000001 0.000084
vn -0.999999 -0.000368 -0.001411
vn -0.999994 0.000560 -0.003540
vn -0.999994 -0.000005 -0.003455
vn -0.999987 0.000441 -0.005036
vn -0.999993 0.000059 -0.003684
vn -0.999988 0.000395 -0.004871
vn -1.000000 0.000160 -0.000809
vn -0.999999 -0.000586 -0.000955
vn -0.999999 -0.000979 -0.001032
vn -0.999999 -0.000612 -0.000960
vn -0.999961 -0.008564 -0.002303
vn -0.999974 -0.006023 -0.004067
vn -0.999977 -0.003302 -0.005956
vn -0.999975 -0.005675 -0.004309
vn 0.000002 0.000090 -1.000000
vn -0.000005 -0.000003 -1.000000
vn 0.000008 0.000001 -1.000000
vn -0.000020 -0.000045 -1.000000
vn 0.000084 -0.000128 -1.000000
vn 0.000080 -0.000204 -1.000000
vn -0.000010 -0.000009 1.000000
vn -0.000001 -0.000007 1.000000
vn -0.000014 0.000013 1.000000
vn 0.000073 0.000306 1.000000
vn 0.000050 0.000138 1.000000
vn 0.000026 -0.000070 1.000000
vn -0.999998 -0.000376 0.001813
vn -0.999999 -0.000184 0.001126
vn -1.000000 0.000029 0.000362
vn -0.999999 -0.000314 0.001592
vn -0.089790 0.995961 0.000000
vn -0.903854 -0.422040 -0.070217
vn -0.905531 0.420776 -0.054423
vn -0.370482 0.928058 -0.038100
vn -0.385343 -0.921253 -0.052940
vn -0.078792 -0.996488 -0.028357
vn -0.116984 -0.992476 -0.036131
vn -0.055280 -0.998471 0.000000
vn -0.066326 0.992892 -0.098823
vn -0.295291 0.934757 -0.197567
vn -0.521628 0.850988 -0.061021
vn -0.773653 0.632308 -0.040577
vn -0.998346 0.050436 -0.027586
vn -0.370711 -0.919416 -0.131330
vn -0.077601 0.996435 -0.033100
vn -0.181195 -0.836952 -0.516410
vn -0.106354 -0.798782 -0.592145
vn -0.690390 0.643388 -0.330778
vn -0.537475 0.762326 -0.360528
vn -0.852810 -0.463707 -0.240191
vn -0.661837 -0.748518 -0.041147
vn -0.133552 -0.930648 -0.340672
vn -0.699328 -0.505991 -0.504890
vn -1.000000 0.000000 0.000000
vn -1.000000 0.000000 0.000000
vn -1.000000 0.000000 0.000000
vn -1.000000 0.000000 0.000000
vn -0.003342 -0.999994 0.000084
vn -0.003561 -0.999994 -0.000120
vn -0.003669 -0.999993 -0.000205
vn 0.012921 -0.999819 -0.013981
vn -0.005001 -0.999953 0.008314
vn -0.022282 -0.998597 0.048047
vn -0.001624 -0.999982 0.005811
vn -0.003556 -0.999994 -0.000101
vn -0.003474 -0.999994 0.000043
vn -0.003501 -0.999994 0.000000
vn -1.000000 0.000000 0.000000
vn -1.000000 0.000000 0.000000
vn -1.000000 0.000000 0.000000
vn -1.000000 0.000000 0.000000
vn -1.000000 0.000000 0.000000
vn -1.000000 0.000000 0.000000
vn -0.999987 0.002737 0.004186
vn -0.999998 0.001147 0.001539
vn -0.999989 0.002573 0.003913
vn -0.999999 0.000906 0.001139
vn 0.748665 -0.657291 0.086423
vn 0.792659 -0.595738 0.129564
vn 0.715189 -0.696648 0.056437
vn 0.635635 -0.771949 -0.007895
vn 0.758041 0.647161 0.080973
vn 0.759060 0.646109 0.079824
vn 0.761160 0.643923 0.077445
vn 0.759657 0.645490 0.079149
vn -0.151790 0.987249 0.047942
vn -0.381630 0.923172 0.045952
vn 0.104431 0.993062 -0.054056
vn -0.269541 0.962740 -0.021913
vn -0.606428 0.793139 -0.056342
vn -0.237507 -0.966805 0.094224
vn -0.866982 -0.488646 0.097808
vn -0.981161 0.166939 0.097238
vn -0.974248 0.192379 0.117604
vn -0.884226 -0.464436 -0.049430
vn -0.995253 0.062025 0.074999
vn -0.369988 -0.928977 0.010512
vn -0.001539 -0.999536 -0.030411
vn -0.070093 0.244433 -0.967130
vn -0.091039 0.283068 -0.954769
vn -0.021987 0.154806 -0.987700
vn -0.046055 0.199801 -0.978754
vn 0.912476 -0.406393 0.047258
vn -0.756335 0.649437 0.078671
vn 0.008241 0.995646 0.092853
vn 0.954573 0.286997 0.080141
vn -0.988733 0.142794 -0.044906
vn 0.241834 0.969938 -0.027136
vn -0.201922 0.978897 -0.031426
vn -0.663474 0.747552 0.031116
vn -0.939089 0.342160 -0.032215
vn 0.813782 -0.578290 -0.057792
vn 0.992245 -0.114644 0.048018
vn 0.573539 0.814045 0.091562
vn 0.916891 -0.395095 0.056661
vn 0.950151 0.308579 -0.044638
vn 0.758952 0.648976 0.053124
vn -0.953804 -0.299676 -0.021265
vn -0.936279 -0.350322 0.025636
vn -0.893133 -0.436362 0.109092
vn -0.924041 -0.378663 0.052568
vn -0.118793 -0.991662 0.049944
vn -0.093698 -0.995246 0.026585
vn -0.090501 -0.995616 0.023614
vn -0.063025 -0.998010 -0.001869
vn -0.718158 -0.058808 0.693391
vn 0.181096 0.689542 0.701239
vn -0.154025 0.681388 0.715533
vn -0.448681 0.545046 0.708245
vn -0.681193 0.211102 0.701008
vn -0.358046 -0.563388 0.744578
vn 0.297949 -0.593028 0.748027
vn 0.371922 0.626418 0.685036
vn -0.015308 0.715705 0.698234
vn 0.579391 0.422540 0.696969
vn -0.615308 -0.359940 0.701312
vn -0.073686 -0.712252 0.698045
vn 0.346043 -0.629006 0.696136
vn 0.670032 -0.223495 0.707889
vn 0.646646 -0.209496 0.733458
vn 0.697706 0.142373 0.702095
vn 0.540242 0.415319 0.731880
vn -0.606690 0.390644 0.692333
vn 0.604833 -0.306494 0.735009
vn 0.643794 0.204634 0.737329
vn 0.314368 0.608632 0.728520
vn -0.182538 0.656567 0.731846
vn -0.594042 0.360352 0.719208
vn -0.610036 -0.326719 0.721880
vn -0.690487 0.018129 0.723118
vn -0.255721 -0.626658 0.736143
vn 0.227561 -0.645275 0.729271
vn -0.544776 0.452898 0.705763
vn 0.719183 -0.062483 0.692005
vn 0.575794 0.420020 0.701459
vn 0.163206 0.700562 0.694678
vn -0.464385 -0.543012 0.699632
vn 0.011180 -0.718627 0.695306
vn 0.494380 -0.516661 0.699035
vn -0.219083 0.677088 0.702534
vn -0.710698 -0.050655 0.701672
vn -0.929600 0.348894 -0.118816
vn -0.488734 0.868855 -0.078933
vn 0.160367 0.985208 -0.060392
vn 0.361345 0.746369 -0.558894
vn 0.702358 0.048992 -0.710136
vn 0.443525 -0.511514 -0.735961
vn -0.154235 -0.669973 -0.726187
vn -0.549872 -0.466711 -0.692691
vn -0.831635 0.216864 -0.511228
vn -0.715161 0.560116 -0.418108
vn -0.010677 0.903305 -0.428867
vn -0.430573 0.816339 -0.384965
vn -0.670994 -0.221868 -0.707490
vn 0.508139 0.471373 -0.720834
vn 0.698638 -0.193049 -0.688939
vn 0.353845 -0.615204 -0.704498
vn 0.035551 -0.705199 -0.708117
vn -0.342274 -0.617782 -0.707951
vn -0.480958 0.526389 -0.701138
vn 0.087065 0.695158 -0.713565
vn 0.998245 -0.028562 -0.051871
vn 0.961136 0.266662 -0.071481
vn 0.895091 0.444341 0.037064
vn 0.998148 0.058791 0.015655
vn 0.917188 -0.382893 0.110270
vn 0.330780 -0.943170 -0.031856
vn 0.305914 -0.950395 -0.056265
vn 0.267913 -0.958971 -0.092722
vn 0.299491 -0.952050 -0.062497
vn -0.805875 -0.590900 -0.037452
vn -0.677140 -0.734559 -0.043637
vn -0.585022 -0.810820 0.017909
vn -0.809433 -0.587062 0.013299
vn -0.958735 -0.278875 0.055274
vn -0.105046 0.393211 0.913428
vn -0.093948 0.373867 0.922712
vn -0.088494 0.364314 0.927062
vn -0.099634 0.383793 0.918028
vn 0.723728 -0.630406 0.280725
vn 0.723685 -0.630460 0.280713
vn 0.723686 -0.630459 0.280713
vn 0.723749 -0.630379 0.280730
vn -0.999436 -0.023543 0.023961
vn -0.998184 -0.039672 0.045328
vn -0.996501 0.014788 -0.082264
vn -0.999775 -0.019071 -0.009298
vn -0.994661 -0.067106 0.078401
vn -0.993697 0.109455 -0.024206
vn -0.995058 0.098414 -0.013166
vn -0.998195 0.043009 0.041927
vn -0.994591 -0.018261 0.102254
vn 0.969764 -0.033095 0.241789
vn 0.707459 0.007621 0.706713
vn 0.527742 0.149219 0.836195
vn 0.320603 0.946475 -0.037407
vn 0.598379 0.801122 0.012090
vn 0.137365 0.990464 -0.010538
vn 0.777561 0.628569 0.017346
vn 0.948380 0.317066 0.006617
vn 0.957132 0.288676 0.023759
vn 0.009223 0.999954 -0.002556
vn 0.008956 0.999960 0.000010
vn 0.320867 0.946389 -0.037308
vn 0.600480 0.799580 0.009821
vn 0.137845 0.990402 -0.010126
vn 0.781986 0.622993 0.019424
vn 0.946070 0.323836 0.009027
vn 0.963196 0.267055 0.030590
vn 0.009355 0.999944 0.005023
vn 0.009028 0.999926 0.008171
vn 0.320585 0.946481 -0.037412
vn 0.600480 0.799580 0.009821
vn 0.137344 0.990467 -0.010558
vn 0.781986 0.622994 0.019424
vn 0.946070 0.323836 0.009027
vn 0.963196 0.267055 0.030590
vn 0.009225 0.999954 -0.002613
vn 0.008957 0.999960 -0.000011
vn 0.320586 0.946480 -0.037412
vn 0.600479 0.799580 0.009821
vn 0.137343 0.990467 -0.010558
vn 0.781985 0.622995 0.019423
vn 0.946070 0.323837 0.009027
vn 0.963195 0.267057 0.030590
vn 0.009223 0.999954 -0.002581
vn 0.008954 0.999960 0.000024
vn 0.320587 0.946480 -0.037412
vn 0.600477 0.799582 0.009821
vn 0.137343 0.990467 -0.010558
vn 0.781986 0.622993 0.019424
vn 0.946070 0.323837 0.009027
vn 0.963196 0.267055 0.030590
vn 0.009226 0.999954 -0.002623
vn 0.008957 0.999960 -0.000017
vn 0.320588 0.946480 -0.037412
vn 0.598379 0.801122 0.012090
vn 0.137345 0.990467 -0.010556
vn 0.777561 0.628568 0.017346
vn 0.946865 0.321597 -0.004581
vn 0.957117 0.288725 0.023759
vn 0.009225 0.999954 -0.002618
vn 0.008956 0.999960 -0.000009
vn 0.995863 -0.090867 0.000624
vn 0.830541 0.002785 0.556950
vn 0.990215 -0.118888 0.073069
vn 0.893834 0.008729 0.448312
vn 0.987180 -0.158098 0.021931
vn 0.999993 0.003725 0.000000
vn 0.999981 0.005357 0.002929
vn 0.999953 0.003323 0.009062
vn 0.999981 0.005357 0.002929
vn 0.999993 0.003725 0.000000
vn 0.999993 0.003725 0.000000
vn 0.999981 0.005357 0.002929
vn 0.999313 -0.036907 0.003336
vn 0.999993 0.003725 0.000000
vn 0.997317 -0.071800 -0.014239
vn 0.705258 -0.038655 0.707896
vn 0.907086 -0.052856 0.417613
vn 0.999999 0.001559 -0.000011
vn 0.999999 0.001496 0.000044
vn 0.999999 0.001545 0.000005
vn 0.999998 0.001740 -0.000084
vn 0.999999 0.001500 0.000029
vn 0.994311 -0.082943 -0.066832
vn 0.963847 -0.208576 -0.165814
vn 0.877670 -0.375863 -0.297360
vn 0.998093 0.020158 0.058352
vn 0.998440 -0.054090 0.013822
vn 0.999174 0.040374 0.004695
vn 0.997953 0.057326 -0.028359
vn 0.999231 0.039045 0.003477
vn 0.999339 0.036332 0.001076
vn 0.999478 0.032288 0.000768
vn 0.998183 0.035852 -0.048435
vn 0.999396 0.034737 -0.000743
vn 0.999114 0.041999 -0.002670
vn 0.999024 0.044170 -0.000541
vn 0.999631 0.026912 -0.003694
vn 0.995800 0.087429 -0.027183
vn 0.997296 0.071992 -0.014782
vn 0.980517 0.192788 -0.037672
vn 0.926531 -0.359161 0.112003
vn 0.951675 -0.247505 0.181813
vn 0.956544 -0.124926 0.263469
vn 0.998978 0.038565 0.023566
vn 0.993195 -0.052383 0.104021
vn 0.962926 0.003651 -0.269741
vn 0.963231 -0.045711 -0.264758
vn 0.164874 -0.004896 -0.986302
vn 0.838729 0.003497 0.544538
vn 0.939683 -0.005573 0.342002
vn 0.005078 -0.000407 0.999987
vn 0.005237 0.000000 0.999986
vn 0.983320 0.135709 0.121099
vn 0.997247 0.073129 0.012281
vn 0.997353 0.071576 0.012799
vn 0.999009 0.044440 -0.002575
vn 0.999083 0.042519 0.005014
vn 0.999100 0.042354 0.002109
vn 0.999225 0.039340 0.001116
vn 0.999302 0.037202 -0.003366
vn 0.999136 0.041548 -0.000660
vn 0.999013 0.044181 -0.004621
vn 0.998688 0.051201 -0.001266
vn 0.998412 0.055987 -0.006235
vn 0.991947 0.119384 -0.042281
vn 0.942563 0.261685 0.207596
vn 0.997221 0.071998 -0.019147
vn 0.999992 0.004062 -0.000217
vn 0.999990 0.004438 -0.001049
vn 0.999994 0.003474 0.000304
vn 1.000000 0.000857 0.000051
vn 1.000000 0.000744 -0.000002
vn 0.999321 0.011661 0.034952
vn 0.993627 -0.048832 0.101589
vn 0.998377 0.022254 0.052431
vn 0.999840 0.013850 -0.011353
vn 0.999999 0.000674 0.000877
vn 1.000000 0.000031 -0.000001
vn 1.000000 -0.000012 -0.000005
vn 0.999953 0.009649 -0.001306
vn 0.042037 -0.412057 0.910188
vn 0.013916 -0.397313 0.917577
vn 0.234440 -0.229872 0.944562
vn 0.076690 -0.302473 0.950068
vn 0.334292 -0.137333 0.932410
vn 0.014562 -0.999832 0.011116
vn 0.280132 -0.959935 0.007185
vn 0.441407 -0.896973 0.024478
vn 0.315961 -0.857514 -0.406003
vn 0.005665 -0.999984 0.000675
vn 0.096935 -0.989255 0.109447
vn 0.012976 -0.999872 0.009341
vn 0.413133 0.079094 0.907229
vn 0.136846 0.313262 0.939755
vn 0.045884 0.237178 0.970382
vn 0.013754 0.285784 0.958195
vn 0.332145 0.197921 0.922229
vn 0.256201 0.058075 0.964877
vn 0.386104 0.029569 0.921981
vn 0.247905 0.196628 0.948620
vn 0.048787 0.356350 0.933078
vn 0.165157 0.124420 0.978388
vn 0.020131 0.306773 0.951570
vn 0.930876 0.004540 0.365307
vn 0.443980 -0.004610 0.896025
vn 0.466796 -0.011208 0.884294
vn 0.427029 -0.903344 0.040201
vn 0.620805 -0.783821 0.015002
vn 0.731023 -0.681705 -0.029732
vn 0.833838 -0.550735 0.037493
vn 0.928174 -0.372136 0.002697
vn 0.927377 -0.371780 -0.041839
vn 0.874842 -0.477671 -0.080504
vn 0.959164 -0.110668 -0.260301
vn 0.997445 0.041857 0.057898
vn 0.986012 -0.161274 -0.042094
vn 0.996144 -0.085872 0.017990
vn 0.964679 -0.257483 -0.055644
vn 0.969743 0.241679 0.034501
vn 0.944305 0.327666 -0.030370
vn 0.328186 -0.882628 0.336542
vn 0.232661 -0.972472 -0.012894
vn 0.160466 -0.978062 -0.132835
vn 0.077447 -0.996925 -0.011975
vn 0.068725 -0.996860 -0.039319
vn 0.110832 -0.968265 -0.224008
vn 0.254247 -0.886886 0.385736
vn 0.440230 -0.889040 -0.125719
vn 0.540113 -0.838754 -0.069068
vn 0.659692 -0.746910 -0.083256
vn 0.710695 -0.654712 -0.257418
vn 0.805217 -0.586066 -0.090293
vn 0.872731 -0.390086 -0.293552
vn 0.960412 -0.163888 -0.225277
vn 0.973016 -0.053033 -0.224562
vn 0.966343 -0.047402 -0.252851
vn 0.904349 0.002168 -0.426789
vn 0.955321 0.003542 -0.295551
vn 0.931195 0.363814 -0.022692
vn 0.952765 0.303445 0.012646
vn 1.000000 -0.000096 -0.000227
vn 0.999936 0.002423 -0.011073
vn 0.999971 0.006330 -0.004185
vn 0.994257 0.006843 -0.106796
vn 0.999985 0.001926 0.005132
vn 0.974798 0.003512 -0.223061
vn 0.992803 0.118532 -0.017120
vn 0.971629 0.005992 -0.236436
vn 0.414763 -0.013830 -0.909825
vn 0.766415 0.004552 -0.642330
vn 0.510610 0.016780 -0.859649
vn 0.864608 -0.122675 -0.487241
vn 0.127969 -0.049722 -0.990531
vn 0.157043 -0.062266 -0.985627
vn 0.806801 -0.005291 -0.590800
vn 0.378238 -0.026793 -0.925321
vn 0.570506 -0.030243 -0.820736
vn 0.844325 -0.049422 -0.533548
vn 0.088575 -0.010393 -0.996015
vn 0.997951 0.054159 -0.034065
vn 0.982608 0.185669 0.002869
vn 0.956220 0.292347 0.013300
vn 1.000000 -0.000695 0.000059
vn 0.999999 0.000338 0.001483
vn 0.999816 0.012563 -0.014530
vn 1.000000 -0.000987 -0.000019
vn 0.999971 0.007618 -0.000499
vn 0.999998 0.001646 -0.000883
vn 0.999997 -0.000077 0.002371
vn 0.999960 0.008851 0.000843
vn 0.999976 -0.005200 0.004468
vn 1.000000 -0.000066 -0.000025
vn 1.000000 -0.000153 0.000007
vn 0.999997 -0.000404 0.002210
vn 0.927748 0.373126 0.007782
vn 0.946507 0.322241 0.016894
vn 0.989484 0.142575 0.024379
vn 0.998843 0.047112 -0.009635
vn 0.972440 0.232690 -0.014695
vn 0.084091 -0.995429 0.045264
vn 0.163586 -0.986026 0.031491
vn 0.486151 -0.873780 -0.012870
vn 0.263729 -0.960898 0.084395
vn 0.303420 -0.951022 -0.059106
vn 0.221861 -0.209184 0.952376
vn 0.034248 0.120359 0.992140
vn 0.714189 0.001809 0.699951
vn 0.006605 0.003078 0.999973
vn 0.268358 -0.014851 0.963205
vn 0.005796 0.008357 0.999948
vn 0.151817 -0.001447 0.988408
vn 0.628928 0.015720 0.777305
vn 0.585246 -0.022917 0.810532
vn 0.005492 -0.000789 0.999985
vn 0.139644 -0.014787 0.990091
vn 0.066841 0.004533 0.997753
vn 0.265103 0.018805 0.964037
vn 0.541994 0.051455 0.838806
vn 0.854684 0.121623 0.504702
vn 0.932579 0.275599 0.233114
vn 0.999590 0.028554 -0.002341
vn 0.999697 0.024309 -0.003989
vn 0.998052 0.052661 -0.033461
vn 0.972545 0.101693 -0.209320
vn 0.859516 -0.125927 -0.495354
vn 0.495827 0.023424 -0.868105
vn 0.685959 0.108416 -0.719518
vn 0.699071 0.164401 -0.695897
vn 0.715762 0.384549 -0.582930
vn 0.959488 0.257228 -0.114960
vn 0.985541 0.151826 -0.075211
vn 0.999759 0.021912 0.001174
vn 0.991184 0.045752 0.124341
vn 0.608438 0.037437 0.792718
vn 0.766316 0.002911 0.642457
vn 0.992337 0.019857 0.121952
vn 0.919552 0.011406 0.392803
vn 0.949910 0.295471 -0.101821
vn 0.872937 0.398353 -0.281596
vn 0.813247 0.378198 -0.442261
vn 0.875875 0.058148 -0.479022
vn 0.867134 0.210264 -0.451517
vn 0.936678 0.248762 -0.246480
vn 0.845507 0.445980 -0.293632
vn 0.869385 0.410393 -0.275222
vn 0.914870 0.359770 -0.183247
vn 0.785302 0.454198 -0.420719
vn 0.999951 0.004399 0.008859
vn 0.999897 0.008096 -0.011820
vn 1.000000 -0.000158 0.000369
vn 0.999899 0.002284 0.014031
vn 0.998545 -0.000728 0.053929
vn 0.989562 0.003970 0.144051
vn 0.971583 0.002467 0.236685
vn 0.924596 0.380938 0.002803
vn 0.958786 -0.003003 0.284115
vn 0.964143 0.264876 -0.016411
vn 0.953132 0.145059 -0.265513
vn 0.961215 -0.054906 0.270280
vn 0.989066 -0.142892 0.036477
vn 0.999294 -0.034608 -0.014612
vn 0.982786 0.183122 0.024451
vn 0.985505 -0.169244 -0.011704
vn 0.870925 -0.491089 0.017954
vn 0.945649 -0.325179 0.002400
vn 0.947970 -0.264915 0.176560
vn 0.894537 -0.418609 0.156750
vn 0.672490 -0.740101 -0.002854
vn 0.818870 -0.571137 0.057056
vn 0.741006 -0.650716 0.165769
vn 0.312549 -0.943499 0.110105
vn 0.571507 -0.792670 0.212259
vn 0.006489 -0.999979 0.000512
vn 0.014584 -0.907652 0.419471
vn 0.100704 -0.799368 0.592343
vn 0.253620 -0.919107 0.301527
vn 0.006691 -0.258926 0.965874
vn 0.020541 -0.253618 0.967086
vn 0.164485 -0.066952 0.984105
vn 0.077513 -0.151513 0.985411
vn 0.100308 -0.273943 0.956501
vn 0.394704 -0.007168 0.918780
vn 0.130213 -0.959500 0.249809
vn 0.311285 -0.946474 -0.085367
vn -0.015870 -0.546359 0.837401
vn -0.143628 -0.513246 0.846138
vn 0.293953 -0.921371 0.254296
vn 0.272023 -0.851352 0.448557
vn 0.175733 -0.797421 0.577267
vn 0.032548 -0.001225 0.999469
vn 0.011465 0.120572 0.992638
vn 0.020833 0.103365 0.994425
vn 0.134663 0.007853 0.990860
vn 0.045106 -0.009048 0.998941
vn 0.005588 0.047407 0.998860
vn 0.116402 0.011615 0.993134
vn 0.007094 0.008861 0.999936
vn 0.967166 0.004745 0.254101
vn 0.546581 0.001914 0.837404
vn 0.084790 -0.037263 -0.995702
vn 0.103471 -0.054705 -0.993127
vn 0.026898 -0.070686 -0.997136
vn 0.071444 -0.120874 -0.990094
vn 0.988670 0.141781 -0.049287
vn 0.111421 0.001216 -0.993773
vn 0.197470 -0.046481 -0.979206
vn 0.195277 -0.040622 -0.979906
vn 0.174742 0.011691 -0.984545
vn 0.759012 -0.124182 -0.639124
vn 0.048263 -0.258055 -0.964924
vn 0.073190 -0.432586 -0.898617
vn 0.928188 -0.141984 -0.343958
vn 0.756369 0.017144 -0.653920
vn 0.974963 -0.031421 -0.220137
vn 0.254913 -0.006539 -0.966942
vn 0.214806 0.006355 -0.976636
vn 0.258169 0.119993 -0.958619
vn 0.300336 0.069992 -0.951262
vn 0.330094 0.104325 -0.938166
vn 0.937683 0.160549 -0.308179
vn 0.990972 0.022836 -0.132112
vn 0.893169 0.003939 -0.449703
vn 0.822699 -0.035175 -0.567387
vn 0.878779 -0.294665 -0.375393
vn 0.736276 -0.574660 -0.357301
vn 0.618275 -0.694399 -0.368165
vn 0.361987 -0.862549 -0.353517
vn 0.181778 -0.921306 -0.343733
vn 0.125737 -0.922393 -0.365213
vn 0.137324 -0.689006 -0.711627
vn 0.090182 -0.247343 -0.964722
vn 0.201720 -0.235569 -0.950693
vn 0.218791 -0.202049 -0.954624
vn 0.241385 -0.024863 -0.970111
vn 0.221436 -0.091855 -0.970839
vn 0.140540 -0.623924 -0.768744
vn 0.237024 -0.438400 -0.866963
vn 0.417762 -0.464543 -0.780817
vn 0.411538 -0.274421 -0.869097
vn 0.592835 -0.195151 -0.781321
vn 0.425615 -0.079096 -0.901441
vn 0.107529 -0.766438 -0.633253
vn 0.281054 -0.707008 -0.648959
vn 0.452842 -0.712443 -0.536058
vn 0.587933 -0.483086 -0.648817
vn 0.744187 -0.405712 -0.530644
vn 0.767815 0.001180 -0.640671
vn 0.714824 0.193224 -0.672080
vn 0.460608 -0.000154 -0.887604
vn 0.418868 0.024600 -0.907714
vn 0.998679 0.016259 -0.048742
vn 0.999978 0.006461 -0.001487
vn 0.004546 -0.000340 0.999990
vn 0.048227 0.001327 0.998836
vn 0.940294 0.339502 0.024209
vn 0.999695 0.024127 0.005264
vn 0.096562 -0.995325 0.001790
vn 0.228274 -0.087831 0.969627
vn 0.927078 -0.023736 0.374117
vn 0.937991 -0.169180 0.302575
vn 0.217493 -0.858143 0.465067
vn 0.061459 -0.291805 0.954501
vn 0.444109 -0.647606 0.619172
vn 0.641439 -0.715796 0.276028
vn 0.785203 -0.575573 0.228411
vn 0.788543 -0.470231 0.396337
vn 0.878149 -0.299038 0.373403
vn 0.924749 0.001512 0.380575
vn 0.941619 0.003451 0.336664
vn 0.898388 0.002126 0.439197
vn 0.478501 0.003797 0.878079
vn 0.246390 -0.004998 0.969158
vn 0.181280 0.011652 0.983363
vn 0.045278 -0.047842 0.997828
vn 0.188611 -0.018667 0.981874
vn 0.068940 -0.012448 0.997543
vn 0.153280 -0.134161 0.979033
vn 0.059100 -0.031032 0.997770
vn 0.023816 -0.018768 0.999540
vn 0.107557 -0.151111 0.982648
vn 0.075554 -0.156784 0.984739
vn 0.244194 -0.427158 0.870578
vn 0.519788 -0.402542 0.753512
vn 0.439915 -0.210506 0.873019
vn 0.485793 -0.097355 0.868635
vn 0.781966 -0.095093 0.616024
vn 0.720318 -0.320668 0.615072
vn 0.447954 -0.487900 0.749193
vn 0.782059 0.002281 0.623200
vn 0.485622 0.007873 0.874133
vn 0.778921 0.005704 0.627096
vn 0.242432 -0.887944 0.390873
vn 0.076134 -0.753777 0.652705
vn 0.154227 -0.901807 0.403680
vn 0.109925 -0.951223 0.288256
vn 0.087383 -0.911291 0.402383
vn 0.004249 0.001451 0.999990
vn 0.003072 0.001073 0.999995
vn 0.005587 0.004585 0.999974
vn 0.015724 0.013128 0.999790
vn 0.027222 -0.175192 0.984158
vn 0.035202 0.012077 -0.999307
vn 0.038039 0.027522 -0.998897
vn 0.014081 -0.101532 -0.994733
vn 0.016657 -0.087802 -0.995999
vn 0.607948 -0.028685 -0.793459
vn 0.790974 -0.002854 -0.611843
vn 0.774398 0.012428 -0.632576
vn 0.808966 -0.004957 -0.587835
vn 0.864873 0.034601 -0.500796
vn 0.038708 0.015452 -0.999131
vn 0.040905 0.027268 -0.998791
vn 0.022557 -0.070599 -0.997250
vn 0.024540 -0.060110 -0.997890
vn 0.607950 -0.028685 -0.793457
vn 0.790974 -0.002854 -0.611843
vn 0.774399 0.012428 -0.632576
vn 0.808966 -0.004958 -0.587834
vn 0.864874 0.034601 -0.500795
vn 0.634001 -0.773331 -0.001426
vn 0.634786 -0.772687 -0.001411
vn 0.711860 -0.661021 0.237291
vn 0.704488 -0.703521 0.093566
vn 0.641612 -0.457343 0.615768
vn 0.661288 -0.540076 0.520592
vn 0.655323 -0.450775 0.606097
vn 0.207617 -0.054816 0.976673
vn 0.115071 -0.055524 0.991804
vn 0.081287 -0.058103 0.994996
vn 0.092911 0.013645 0.995581
vn 0.315582 0.040515 0.948033
vn 0.557722 -0.013510 0.829918
vn 0.792309 -0.045638 0.608411
vn 0.949717 -0.004957 0.313070
vn 0.959610 -0.036315 0.278980
vn 0.999870 -0.002200 0.015988
vn 0.999858 0.000000 0.016841
vn 0.995229 0.047101 0.085439
vn 0.983068 0.183005 0.009261
vn 0.989808 -0.044520 0.135271
vn 0.967515 0.251037 -0.029931
vn 0.686911 0.025769 0.726284
vn 0.310874 -0.017358 0.950293
vn 0.072910 -0.013098 0.997252
vn 0.002844 0.018027 0.999833
vn 0.002812 0.018930 0.999817
vn 0.434575 0.010547 0.900574
vn 0.605115 -0.002978 0.796132
vn 0.009235 -0.000009 0.999957
vn 0.008547 -0.000063 0.999963
vn 0.014261 0.000874 0.999898
vn 0.008751 0.000105 0.999962
vn 0.009202 0.000080 0.999958
vn 0.008755 0.000122 0.999962
vn 0.005255 0.999986 0.000000
vn 0.005247 0.999986 0.000012
vn 0.005243 0.999986 0.000018
vn 0.005234 0.999986 0.000030
vn 0.008628 0.000077 -0.999963
vn 0.007564 -0.000366 -0.999971
vn 0.008578 0.000080 -0.999963
vn 0.009648 -0.004068 -0.999945
vn 0.008725 -0.000190 -0.999962
vn 0.009517 -0.003505 -0.999949
vn 0.009237 -0.000006 0.999957
vn 0.008549 -0.000060 0.999963
vn 0.014237 0.000874 0.999898
vn 0.008727 0.000002 0.999962
vn 0.009197 0.000065 0.999958
vn 0.008727 0.000002 0.999962
vn 0.005236 0.999986 0.000000
vn 0.005235 0.999986 -0.000001
vn 0.005235 0.999986 -0.000001
vn 0.005235 0.999986 -0.000001
vn 0.008547 0.000453 -0.999963
vn 0.007592 -0.000350 -0.999971
vn 0.008582 0.000079 -0.999963
vn 0.008738 0.000003 -0.999962
vn 0.008726 -0.000190 -0.999962
vn 0.008732 0.000009 -0.999962
vn 0.009237 -0.000006 0.999957
vn 0.008549 -0.000060 0.999963
vn 0.014237 0.000874 0.999898
vn 0.008726 -0.000001 0.999962
vn 0.009197 0.000065 0.999958
vn 0.008726 -0.000001 0.999962
vn 0.005236 0.999986 -0.000000
vn 0.005236 0.999986 0.000000
vn 0.005236 0.999986 -0.000000
vn 0.005236 0.999986 -0.000000
vn 0.008541 0.000449 -0.999963
vn 0.007517 -0.000415 -0.999972
vn 0.008574 0.000072 -0.999963
vn 0.008738 0.000001 -0.999962
vn 0.008726 -0.000193 -0.999962
vn 0.008731 0.000007 -0.999962
vn 0.009236 -0.000012 0.999957
vn 0.008547 -0.000067 0.999963
vn 0.014250 0.000869 0.999898
vn 0.008727 0.000000 0.999962
vn 0.009197 0.000060 0.999958
vn 0.008727 0.000001 0.999962
vn 0.005235 0.999986 0.000001
vn 0.005235 0.999986 0.000000
vn 0.005237 0.999986 0.000002
vn 0.005236 0.999986 0.000001
vn 0.008540 0.000465 -0.999963
vn 0.007533 -0.000381 -0.999972
vn 0.008574 0.000083 -0.999963
vn 0.008739 -0.000001 -0.999962
vn 0.008725 -0.000190 -0.999962
vn 0.008732 0.000006 -0.999962
vn 0.009256 -0.000005 0.999957
vn 0.008555 -0.000064 0.999963
vn 0.014255 0.000874 0.999898
vn 0.008727 0.000002 0.999962
vn 0.009200 0.000061 0.999958
vn 0.008727 0.000003 0.999962
vn 0.004548 0.999989 -0.001000
vn 0.004128 0.999990 -0.001611
vn 0.005235 0.999986 -0.000001
vn 0.004808 0.999988 -0.000622
vn 0.008543 0.000368 -0.999963
vn 0.007195 -0.000852 -0.999974
vn 0.008554 -0.000014 -0.999963
vn 0.008739 -0.000003 -0.999962
vn 0.008739 -0.000215 -0.999962
vn 0.008735 -0.000003 -0.999962
vn 0.015131 0.010761 0.999828
vn 0.009643 0.009318 0.999910
vn 0.033890 0.014594 0.999319
vn 0.007048 0.001175 0.999974
vn 0.011113 0.008316 0.999904
vn 0.006759 -0.000108 0.999977
vn -0.008940 0.988227 0.152732
vn 0.005340 0.999985 -0.001210
vn 0.000895 0.998967 0.045434
vn 0.011948 0.999929 -0.000042
vn 0.010948 0.999932 0.004102
vn 0.203289 0.696648 -0.688008
vn -0.274496 0.665357 -0.694228
vn 0.145593 0.701578 -0.697561
vn -0.288132 0.661996 -0.691911
vn 0.708848 -0.698019 0.101507
vn 0.713888 -0.700246 -0.004530
vn 0.712954 -0.701156 -0.008740
vn 0.699997 -0.703642 -0.122034
vn 0.708605 -0.703590 0.053297
vn 0.676804 -0.699518 0.229371
vn 0.648267 -0.620507 0.441272
vn 0.593464 -0.609069 0.526151
vn 0.462726 -0.357308 0.811305
vn 0.453885 -0.408832 0.791736
vn 0.386097 -0.241724 0.890224
vn 0.335017 -0.233398 -0.912846
vn 0.502068 -0.469881 -0.726043
vn 0.640962 -0.646809 -0.413286
vn 0.167111 0.044546 -0.984931
vn 0.218359 -0.051204 -0.974524
vn 0.703536 -0.703224 -0.102527
vn 0.670326 -0.685632 -0.283852
vn 0.624977 -0.623562 -0.469653
vn 0.550908 -0.507097 -0.662837
vn 0.391438 -0.291477 -0.872822
vn 0.205593 0.106219 -0.972856
vn 0.199487 0.083350 -0.976349
vn 0.275185 0.079879 -0.958067
vn 0.292953 0.073299 -0.953313
vn 0.238769 -0.076249 -0.968078
vn 0.210131 -0.066897 0.975382
vn 0.051257 0.037673 0.997975
vn 0.008886 -0.021230 0.999735
vn 0.009543 -0.017034 0.999809
vn 0.016356 -0.037453 0.999165
vn 0.997519 0.070399 0.000049
vn 0.999230 0.037620 0.011183
vn 0.982349 0.018184 0.186173
vn 0.631525 -0.063312 0.772766
vn 0.936896 -0.001946 0.349602
vn 0.545356 0.057760 0.836212
vn 0.310872 -0.017358 0.950293
vn 0.072911 -0.013184 0.997251
vn 0.003082 0.011380 0.999930
vn 0.686912 0.025769 0.726283
vn 0.434563 0.010546 0.900580
vn 0.605115 -0.002978 0.796132
vn 0.003055 0.012144 0.999922
vn 0.995230 0.047100 0.085436
vn 0.983072 0.182987 0.009263
vn 0.989808 -0.044520 0.135272
vn 0.967520 0.251015 -0.029930
vn 0.026578 -0.434774 0.900148
vn 0.039972 -0.201384 0.978697
vn 0.033342 -0.345718 0.937746
vn 0.041546 -0.179424 0.982894
vn 0.037845 -0.183310 0.982326
vn 0.668791 -0.255416 0.698198
vn 0.633771 -0.298926 0.713426
vn 0.688803 -0.228795 0.687897
vn 0.654669 -0.273403 0.704741
vn 0.700226 -0.012707 0.713808
vn 0.702165 -0.042379 0.710752
vn 0.575953 -0.114764 0.809387
vn 0.326575 0.084986 0.941343
vn 0.602974 -0.100473 0.791409
vn 0.586748 0.052208 0.808085
vn 0.362338 0.085969 0.928074
vn 0.254211 0.105619 0.961364
vn 0.237843 0.110663 0.964979
vn 0.017218 -0.999852 -0.000004
vn 0.014553 -0.999891 0.002394
vn 0.017007 -0.999855 0.000290
vn 0.017456 -0.999847 -0.000569
vn 0.017932 -0.999838 0.001693
vn 0.017829 -0.999841 0.000517
vn 0.016633 -0.999862 -0.000148
vn 0.018166 0.999835 0.000164
vn 0.019171 0.999816 0.000108
vn 0.009215 0.999942 0.005558
vn 0.010934 0.999931 0.004392
vn 0.021602 0.999751 -0.005657
vn 0.026499 0.999544 -0.014500
vn 0.016045 0.999871 -0.000080
vn 0.017258 -0.999851 -0.000015
vn 0.014829 -0.999888 0.002171
vn 0.016773 -0.999859 0.000672
vn 0.017451 -0.999848 -0.000191
vn 0.015660 -0.999877 0.000035
vn 0.017755 -0.999842 0.000994
vn 0.017474 -0.999845 0.002213
vn 0.017916 0.999840 -0.000055
vn 0.019475 0.999810 -0.000140
vn 0.016593 0.999862 -0.000583
vn 0.009664 0.999942 0.004767
vn 0.017017 0.999855 0.000314
vn 0.019879 0.999795 -0.003741
vn 0.022685 0.999701 -0.009132
vn 0.003396 -0.999994 -0.000019
vn 0.003853 -0.999993 0.000337
vn 0.003475 -0.999994 0.000025
vn 0.003150 -0.999995 -0.000078
vn 0.003470 -0.999994 0.000088
vn 0.004698 -0.999988 0.001290
vn 0.003492 -0.999994 0.000042
vn 0.003575 -0.999994 0.000011
vn 0.003636 0.999993 0.000017
vn 0.003502 0.999994 0.000003
vn 0.003361 0.999994 -0.000324
vn 0.003544 0.999994 0.000011
vn 0.003494 0.999994 0.000006
vn 0.003497 0.999994 -0.000005
vn 0.003461 0.999994 -0.000190
vn 0.003151 0.999995 -0.000646
vn 0.003472 -0.999994 0.000037
vn 0.003379 -0.999994 -0.000065
vn 0.003459 -0.999994 -0.000054
vn 0.003090 -0.999995 -0.000134
vn 0.003460 -0.999994 0.000194
vn 0.003416 -0.999994 -0.000126
vn 0.003497 -0.999994 0.000120
vn 0.003484 -0.999994 -0.000016
vn 0.035036 0.998758 -0.035430
vn 0.004703 0.999989 -0.000167
vn 0.107375 0.977037 -0.184038
vn 0.005052 0.999987 -0.000155
vn 0.004865 0.999985 0.002486
vn 0.004276 0.999991 0.000020
vn 0.005115 0.999987 0.000193
vn 0.005235 0.999986 -0.000165
vn 0.003547 0.999991 0.002209
vn 0.006343 0.999980 0.000708
vn 0.005467 0.999985 -0.000550
vn 0.005080 0.999986 0.001131
vn 0.004263 0.999990 0.001553
vn 0.215644 0.580745 -0.785005
vn 0.167525 0.366710 -0.915128
vn 0.256148 0.541927 -0.800439
vn 0.208738 0.625269 -0.751975
vn 0.157946 0.425272 -0.891177
vn 0.188440 0.493050 -0.849348
vn 0.270206 0.615819 -0.740105
vn 0.135702 0.585550 -0.799197
vn 0.052561 0.522995 -0.850713
vn 0.123222 0.606834 -0.785219
vn 0.062696 0.640629 -0.765286
vn 0.078477 0.653723 -0.752654
vn 0.011295 0.056200 -0.998356
vn 0.000346 0.032027 -0.999487
vn 0.016153 0.069833 -0.997428
vn 0.009841 0.069291 -0.997548
vn 0.057146 0.193098 -0.979514
vn 0.023378 0.195627 -0.980400
vn 0.071459 0.441184 -0.894567
vn 0.239309 0.087954 0.966951
vn 0.469132 0.590406 0.656762
vn 0.297129 0.631207 0.716444
vn 0.245523 0.613272 0.750743
vn 0.190034 0.514172 0.836370
vn 0.145880 0.421128 0.895193
vn 0.218557 0.636261 0.739868
vn 0.578321 0.371834 0.726143
vn 0.481768 0.461894 0.744684
vn 0.547108 0.649148 0.528470
vn 0.738501 0.505022 0.446732
vn 0.623499 0.332654 0.707524
vn 0.459526 0.627088 0.628965
vn 0.522322 0.613717 0.592056
vn 0.727313 0.561450 0.394702
vn 0.658197 0.525694 0.538909
vn 0.591497 0.286901 0.753538
vn 0.408013 0.629883 0.660888
vn 0.000125 0.037314 0.999304
vn 0.000307 0.037330 0.999303
vn 0.001766 0.038227 0.999268
vn 0.016127 0.062547 0.997912
vn 0.006086 0.109563 0.993961
vn 0.062454 0.481581 0.874174
vn 0.206664 0.188899 0.960004
vn 0.101309 0.212160 0.971970
vn 0.237311 0.127747 0.962997
vn 0.435142 0.213261 0.874740
vn 0.343002 0.262801 0.901823
vn 0.234282 0.388177 0.891308
vn 0.331212 0.403929 0.852725
vn 0.092086 0.482461 0.871063
vn 0.042573 0.186583 0.981516
vn 0.153558 0.578563 0.801052
vn 0.206713 0.462267 0.862310
vn 0.080775 0.617177 0.782668
vn 0.066252 0.636754 0.768215
vn 0.397141 0.055403 -0.916084
vn 0.417210 0.046788 -0.907605
vn 0.604934 -0.040686 -0.795235
vn 0.580904 -0.028687 -0.813467
vn 0.735800 0.256636 -0.626687
vn 0.726228 0.247430 -0.641382
vn 0.719881 0.241419 -0.650760
vn 0.729290 0.250356 -0.636756
vn 0.029852 -0.823446 -0.566610
vn 0.067118 -0.665301 -0.743552
vn 0.064375 -0.678901 -0.731402
vn 0.024703 -0.841116 -0.540290
vn 0.024324 0.998675 0.045352
vn 0.007345 0.999971 -0.002165
vn 0.002680 0.999996 0.000027
vn 0.005179 0.999986 0.000675
vn 0.010988 0.999870 -0.011813
vn 0.016268 0.999579 0.024009
vn 0.001649 0.999962 -0.008563
vn 0.005540 0.999982 -0.002237
vn 0.002273 0.999937 -0.010954
vn 0.003716 0.999993 -0.000868
vn 0.006078 0.999974 0.003876
vn 0.017465 0.999847 0.000000
vn 0.017460 0.999848 -0.000004
vn 0.017465 0.999847 -0.000004
vn 0.017462 0.999848 -0.000007
vn 0.017456 0.999848 0.000000
vn 0.017462 -0.999848 -0.000003
vn 0.017461 -0.999848 0.000000
vn 0.017464 -0.999848 -0.000008
vn 0.017465 -0.999847 -0.000011
vn 0.725318 0.016329 0.688220
vn 0.386119 0.007351 0.922420
vn 0.017456 0.000000 0.999848
vn 0.192807 -0.022316 0.980983
vn 0.619696 -0.015358 0.784692
vn 0.901574 -0.006205 0.432581
vn 0.003544 0.999994 0.000003
vn 0.003695 0.999993 0.000019
vn 0.003643 0.999993 0.000016
vn 0.003502 0.999994 -0.000003
vn 0.003405 0.999994 -0.000136
vn 0.003487 0.999994 -0.000005
vn 0.003089 0.999995 -0.000703
vn 0.002565 0.999995 -0.001636
vn 0.920686 0.012711 0.390098
vn 0.910706 0.005159 0.413024
vn 0.883209 -0.044625 0.466852
vn 0.876387 -0.074937 0.475742
vn 0.934329 0.004417 0.356383
vn 0.935194 0.004893 0.354103
vn -0.044251 0.081547 -0.995687
vn -0.049816 0.055080 -0.997238
vn -0.044592 0.038912 -0.998247
vn -0.027890 0.019415 -0.999422
vn -0.034930 0.011802 -0.999320
vn -0.062622 0.010819 -0.997979
vn -0.000598 0.012431 -0.999923
vn -0.042193 -0.013163 -0.999023
vn -0.028224 0.100378 -0.994549
vn -0.031485 0.182273 -0.982744
vn -0.000982 0.171977 -0.985101
vn -0.052573 0.044518 -0.997624
vn -0.028386 -0.001057 -0.999596
vn -0.016432 0.701348 0.712630
vn -0.025563 0.391951 0.919631
vn -0.022584 0.394299 -0.918705
vn -0.038886 0.998773 0.030653
vn -0.135583 0.976762 0.165992
vn -0.067680 0.902766 0.424774
vn -0.025990 0.999662 0.000050
vn -0.046891 0.998845 0.010474
vn -0.055811 0.992637 -0.107503
vn -0.075367 -0.019194 0.996971
vn -0.011712 0.206121 0.978456
vn 0.017044 0.011081 0.999793
vn -0.025678 0.058265 0.997971
vn -0.033263 0.084373 0.995879
vn -0.056554 -0.011133 0.998337
vn -0.040269 0.005292 0.999175
vn -0.036521 0.016302 0.999200
vn -0.026691 0.009893 0.999595
vn -0.069431 0.069883 0.995136
vn -0.019842 0.002979 0.999799
vn -0.231683 0.501992 -0.833263
vn -0.058161 0.155809 -0.986074
vn -0.097948 0.339999 -0.935311
vn -0.144308 0.073055 -0.986832
vn -0.289441 0.168635 -0.942224
vn -0.081503 0.095694 -0.992069
vn -0.270336 0.253766 -0.928720
vn -0.041562 -0.006423 -0.999115
vn -0.055797 -0.012266 -0.998367
vn -0.078986 -0.032407 -0.996349
vn -0.080239 0.975797 0.203424
vn 0.106261 0.991705 -0.072321
vn -0.328021 0.916479 -0.229060
vn -0.053724 0.604052 -0.795132
vn -0.134503 0.852465 -0.505185
vn -0.186653 0.300885 -0.935216
vn -0.005622 0.013393 -0.999895
vn -0.088151 0.993090 -0.077475
vn -0.075485 0.067123 0.994885
vn -0.210275 0.272752 0.938824
vn -0.049779 0.470827 0.880820
vn -0.218653 0.657079 0.721414
vn -0.038933 0.870176 0.491200
vn -0.294827 0.953012 0.069608
vn -0.099416 -0.034981 0.994431
vn -0.340399 0.154868 0.927440
vn -0.142684 0.043635 0.988806
vn -0.306460 0.030487 0.951395
vn -0.074256 -0.001439 0.997238
vn -0.233636 -0.034948 0.971696
vn -0.057513 0.111091 0.992145
vn -0.133549 0.094252 0.986550
vn -0.140439 0.449695 0.882072
vn -0.081916 0.441515 0.893507
vn -0.020006 0.200188 0.979553
vn 0.906480 -0.415248 -0.076564
vn 0.563932 -0.821711 -0.082287
vn 0.899892 0.430336 -0.070744
vn 0.557099 0.827289 -0.072339
vn 0.000000 -1.000000 0.000000
vn -0.000285 -1.000000 -0.000611
vn -0.000730 -0.999999 -0.001361
vn -0.001374 -0.999997 -0.001806
vn -0.001580 -0.999998 -0.001332
vn -0.001760 -0.999998 -0.001071
vn -0.010921 -0.999940 -0.001153
vn -0.002003 -0.999998 -0.000119
vn -0.010570 -0.999936 0.003940
vn -0.001783 -0.999998 0.000817
vn -0.006063 -0.999937 0.009414
vn -0.001710 -0.999997 0.001466
vn -0.018190 -0.998972 0.041513
vn 0.000665 -0.999976 0.006964
vn -0.457732 0.016632 -0.888935
vn -0.496096 -0.005742 -0.868249
vn -0.563830 -0.033139 -0.825226
vn -0.194448 -0.050036 -0.979636
vn -0.271292 -0.064300 -0.960347
vn -0.650098 0.092001 -0.754260
vn -0.447204 0.115889 -0.886892
vn -0.225921 0.079478 -0.970898
vn -0.483187 0.237287 -0.842749
vn -0.545494 0.391722 -0.740939
vn -0.341093 0.311842 -0.886798
vn -0.449693 0.518905 -0.726990
vn -0.122014 0.182390 -0.975626
vn -0.362779 0.486231 -0.794966
vn -0.321412 0.755325 -0.571121
vn -0.098622 0.469846 -0.877222
vn -0.046499 0.710083 -0.702581
vn -0.196146 -0.006231 -0.980555
vn -0.171517 0.013936 -0.985083
vn -0.211348 -0.025737 -0.977072
vn -0.182216 -0.021922 -0.983014
vn -0.092887 -0.030515 -0.995209
vn -0.024852 -0.988354 -0.150129
vn -0.119882 0.057472 -0.991123
vn -0.411872 0.781099 -0.469304
vn -0.315283 0.893332 -0.320241
vn -0.624426 0.781082 -0.001761
vn -0.639310 0.757426 -0.132621
vn -0.362524 0.618354 -0.697291
vn -0.517964 0.441600 -0.732600
vn -0.310298 -0.079760 -0.947288
vn -0.201580 0.970163 0.134719
vn -0.516284 0.854456 0.057930
vn -0.281295 0.953678 0.106634
vn -0.386042 0.922468 0.004893
vn -0.648009 0.761632 0.000467
vn -0.431496 0.902087 -0.007152
vn -0.643220 0.765605 0.010842
vn -0.633066 0.773561 0.028808
vn 0.278291 0.941253 0.191302
vn -0.000091 -1.000000 -0.000175
vn -0.194431 -0.022880 0.980649
vn -0.458589 0.433591 0.775690
vn -0.267054 0.115195 0.956772
vn -0.058563 0.915854 0.397218
vn -0.132795 0.386711 0.912590
vn -0.554753 0.630427 0.542966
vn -0.447750 0.863777 0.231103
vn -0.139075 -0.019974 0.990080
vn -0.297968 -0.020673 0.954352
vn -0.516459 0.132212 0.846044
vn -0.335774 0.212793 0.917592
vn -0.178916 0.361738 0.914951
vn -0.205248 0.290493 0.934605
vn -0.052468 0.488905 0.870758
vn -0.021636 0.556692 0.830437
vn -0.080814 0.827516 0.555595
vn -0.260667 0.612771 0.746033
vn -0.206859 0.712792 0.670176
vn -0.423830 0.635824 0.645055
vn -0.328035 0.382303 0.863850
vn -0.373054 0.350099 0.859221
vn -0.541847 0.370540 0.754388
vn -0.538813 0.104998 0.835856
vn -0.554424 0.001408 0.832233
vn -0.616515 0.033167 0.786644
vn 0.176410 -0.979365 0.098609
vn 0.471608 -0.857149 -0.207079
vn 0.712674 -0.698745 -0.062054
vn 0.852715 -0.298891 -0.428418
vn 0.899544 0.433488 -0.053941
vn 0.229136 0.973185 -0.020168
vn -0.078291 -0.952371 -0.294719
vn -0.009684 -0.971743 -0.235843
vn -0.261321 -0.013411 -0.965159
vn -0.301806 -0.023522 -0.953079
vn -0.705551 0.067887 -0.705400
vn -0.866266 0.334211 -0.371331
vn -0.635557 0.602859 -0.482315
vn -0.125262 0.814857 -0.565966
vn -0.035633 0.539524 -0.841216
vn -0.025206 -0.000719 0.999682
vn -0.017886 0.005558 0.999825
vn -0.000518 0.019100 0.999817
vn 0.003081 0.000043 0.999995
vn 0.001639 -0.000589 0.999998
vn 0.004116 -0.007429 0.999964
vn -0.000090 0.000181 1.000000
vn 0.001025 0.005004 0.999987
vn 0.000513 -0.000016 1.000000
vn 0.002762 -0.000372 0.999996
vn 0.002175 0.002904 0.999993
vn -0.009941 -0.000208 0.999951
vn -0.778303 0.627832 -0.008437
vn -0.635901 0.550716 -0.540686
vn -0.864130 0.499441 -0.061956
vn -0.707773 0.706294 -0.014326
vn -0.499379 0.314315 -0.807358
vn -0.723618 0.684552 -0.088123
vn -0.785304 0.618880 0.016920
vn -0.780248 0.625470 0.000319
vn -0.783543 0.621337 -0.000121
vn -0.030659 -0.016246 -0.999398
vn -0.335737 -0.007070 0.941929
vn -0.176964 0.059254 0.982432
vn -0.353185 0.326060 0.876895
vn -0.667195 0.498740 0.553271
vn -0.853603 0.469472 0.225739
vn -0.142651 0.592490 0.792847
vn -0.363424 0.698802 0.616116
vn -0.290770 0.823964 0.486350
vn -0.673363 0.340891 0.656030
vn -0.683414 0.232358 0.692066
vn -0.683418 0.074763 0.726189
vn -0.823291 0.016925 0.567367
vn -0.486562 -0.030684 0.873107
vn -0.519665 -0.037413 0.853551
vn 0.025751 0.075175 -0.996838
vn 0.361825 0.919632 -0.152839
vn 0.142995 0.987423 -0.067437
vn 0.231244 -0.869504 -0.436451
vn 0.168685 -0.983718 -0.062000
vn 0.981133 -0.030159 -0.190968
vn 0.818121 0.485177 -0.308677
vn 0.563767 0.782066 -0.265592
vn -0.000010 -0.000080 -1.000000
vn 0.292255 0.312636 -0.903795
vn 0.092891 0.022462 -0.995423
vn 0.255070 -0.131243 -0.957974
vn 0.147661 -0.177913 -0.972905
vn 0.083334 -0.382065 -0.920371
vn 0.036633 -0.231436 -0.972160
vn 0.142260 -0.810951 -0.567557
vn 0.347155 -0.352859 -0.868892
vn -0.012233 -0.002681 -0.999922
vn 0.001957 0.001123 -0.999997
vn 0.002395 -0.000456 -0.999997
vn 0.001170 0.000840 -0.999999
vn -0.004557 -0.014688 -0.999882
vn -0.074270 -0.851494 -0.519078
vn -0.078149 -0.088923 0.992968
vn -0.144391 -0.364201 0.920059
vn -0.073124 -0.362466 0.929124
vn -0.296970 -0.340097 0.892268
vn -0.365068 -0.393022 0.843954
vn -0.270247 -0.135917 0.953149
vn -0.152409 -0.090558 0.984160
vn -0.554115 -0.224439 0.801613
vn -0.444524 -0.443514 0.778264
vn -0.757810 -0.278254 0.590169
vn -0.662686 -0.367771 0.652374
vn -0.716312 -0.088677 0.692122
vn -0.615785 -0.216303 0.757642
vn -0.834602 -0.321759 0.447113
vn -0.802757 -0.262506 0.535417
vn -0.927699 -0.326908 0.180290
vn -0.890849 -0.326533 0.315855
vn -0.964761 -0.092466 0.246346
vn -0.897537 -0.136399 0.419313
vn -0.966318 -0.256086 0.025472
vn -0.964106 -0.239010 0.115644
vn -0.934692 -0.173267 -0.310371
vn -0.961411 -0.240569 -0.133475
vn -0.954607 -0.191180 -0.228421
vn -0.968204 -0.244101 -0.054728
vn -0.845421 -0.286112 -0.451004
vn -0.891919 -0.231308 -0.388557
vn -0.679169 -0.315823 -0.662560
vn -0.781872 -0.249950 -0.571140
vn -0.743792 -0.227404 -0.628538
vn -0.813464 -0.271989 -0.514099
vn -0.585020 -0.284483 -0.759488
vn -0.660038 -0.183495 -0.728478
vn -0.298476 -0.373131 -0.878456
vn -0.415656 -0.367685 -0.831888
vn -0.438731 -0.089043 -0.894196
vn -0.529651 -0.265715 -0.805522
vn -0.154461 -0.091530 -0.983750
vn -0.251948 -0.146393 -0.956604
vn -0.342040 -0.088839 -0.935476
vn -0.147075 -0.396939 -0.905985
vn -0.074931 -0.363535 -0.928562
vn -0.076686 -0.090177 -0.992969
vn -0.287016 -0.833954 -0.471321
vn -0.418520 -0.833954 -0.359668
vn -0.507570 -0.835103 -0.212077
vn -0.452446 -0.887395 -0.088441
vn -0.548519 -0.835098 0.041693
vn -0.478849 -0.867683 0.133527
vn -0.469821 -0.835075 0.286213
vn -0.359640 -0.833980 0.418492
vn -0.281678 -0.829336 0.482555
vn -0.117212 -0.945060 0.305159
vn -0.022756 -0.953559 0.300346
vn -0.024832 -0.976006 0.216321
vn -0.043698 -0.799355 -0.599267
vn -0.222351 -0.732945 -0.642925
vn -0.290248 -0.743836 -0.602050
vn -0.366795 -0.788941 -0.492985
vn -0.462094 -0.743826 -0.482900
vn -0.501194 -0.788929 -0.355522
vn -0.588643 -0.743890 -0.316428
vn -0.605680 -0.772547 -0.190586
vn -0.681260 -0.731937 -0.012365
vn -0.626193 -0.772544 0.105160
vn -0.612479 -0.732022 0.298353
vn -0.493044 -0.788878 0.366850
vn -0.482890 -0.743839 0.462082
vn -0.368825 -0.771942 0.517759
vn -0.194289 -0.732415 0.652549
vn -0.103897 -0.717825 0.688427
vn -0.048151 -0.789535 0.611813
vn -0.052288 -0.011791 0.998562
vn -0.037060 0.018683 0.999138
vn -0.028675 0.045309 0.998561
vn -0.002146 0.035914 0.999353
vn -0.964611 0.043017 -0.260146
vn -0.894043 0.042260 -0.445984
vn -0.624231 -0.019866 -0.780987
vn -0.767938 0.025774 -0.640005
vn -0.986586 0.002743 0.163218
vn -0.999603 0.010800 0.026036
vn -0.999873 0.000277 0.015921
vn -0.995770 -0.002074 0.091862
vn -0.986338 -0.002208 -0.164717
vn -0.986067 0.002371 -0.166331
vn -0.994563 0.104111 -0.002309
vn -0.981061 0.029128 -0.191494
vn -0.962933 0.269584 0.009244
vn -0.901571 0.430425 0.043631
vn -0.865938 0.500130 0.004604
vn -0.777634 0.566944 -0.271771
vn -0.749341 0.662052 -0.013200
vn -0.682839 0.724223 0.096082
vn -0.639851 0.763260 0.089584
vn -0.347019 0.927060 -0.141910
vn -0.438618 0.887102 -0.143754
vn -0.520848 0.852832 0.037340
vn -0.197057 0.979002 -0.052180
vn -0.107116 0.989403 0.098023
vn -0.029404 0.972599 -0.230621
vn -0.113051 0.935104 -0.335857
vn -0.242092 0.860670 -0.447927
vn -0.568763 0.734610 -0.369941
vn -0.438117 0.791917 -0.425348
vn -0.759812 0.407614 -0.506495
vn -0.859792 0.206033 -0.467235
vn -0.724904 -0.008734 -0.688794
vn -0.845092 -0.003865 -0.534608
vn -0.934503 0.000707 -0.355955
vn -0.952407 0.143592 -0.268889
vn -0.984777 0.045520 -0.167755
vn -0.382654 -0.013114 -0.923799
vn -0.535327 -0.010850 -0.844575
vn -0.677822 -0.008985 -0.735171
vn -0.822079 -0.006819 -0.569333
vn -0.926441 -0.004623 -0.376411
vn -0.426649 0.084722 -0.900440
vn -0.821013 0.008225 -0.570850
vn -0.694337 0.010929 -0.719567
vn -0.999701 0.005663 -0.023779
vn -0.998099 0.027619 0.055098
vn -0.998773 0.049209 0.005553
vn -0.992875 0.108387 -0.049506
vn -0.543348 0.266720 -0.796011
vn -0.880397 0.431196 -0.197410
vn -0.986646 0.155245 -0.049283
vn -0.995578 0.088304 -0.032059
vn -0.959329 0.007664 -0.282188
vn -0.896068 0.258762 -0.360700
vn -0.949654 0.148404 -0.275925
vn -0.954889 0.089092 -0.283284
vn -0.862283 0.104242 -0.495582
vn -0.775909 0.231985 -0.586642
vn -0.012003 0.516597 0.856145
vn -0.090831 0.936336 0.339152
vn -0.036628 -0.526958 0.849101
vn -0.006665 0.173867 0.984747
vn -0.048102 -0.528426 0.847616
vn -0.086170 -0.231386 0.969038
vn -0.013717 -0.203729 0.978931
vn -0.003204 -0.020137 0.999792
vn 0.005114 0.015011 0.999874
vn -0.081363 -0.013566 0.996592
vn -0.015171 -0.037858 0.999168
vn -0.027240 -0.021823 0.999391
vn -0.102166 -0.070719 0.992250
vn -0.007745 -0.005050 0.999957
vn -0.006237 -0.019474 0.999791
vn 0.000542 0.023859 0.999715
vn -0.011919 0.000338 0.999929
vn -0.019937 0.001945 0.999799
vn -0.019662 0.008917 0.999767
vn -0.007667 0.020607 0.999758
vn -0.988506 0.145709 0.040307
vn -0.972464 0.230669 0.033247
vn -0.928259 0.371873 -0.006691
vn -0.992621 0.121218 -0.003165
vn -0.991015 0.133358 -0.010224
vn -0.999919 -0.012739 0.000600
vn -0.996685 0.080756 -0.009867
vn -0.935617 0.350702 0.040358
vn -0.961175 0.275916 0.003629
vn -0.996422 0.084523 -0.000182
vn -0.927178 0.374621 0.000045
vn -0.995528 0.094470 -0.000075
vn -0.019272 -0.033473 -0.999254
vn -0.003764 -0.009978 -0.999943
vn -0.045202 -0.580282 -0.813160
vn -0.047125 -0.501662 -0.863779
vn -0.018055 -0.061712 -0.997931
vn -0.055501 -0.374524 -0.925555
vn -0.077714 -0.190376 -0.978630
vn -0.065169 -0.015342 -0.997756
vn -0.755480 0.303549 0.580609
vn -0.719728 0.003798 0.694245
vn -0.775234 -0.012593 0.631549
vn -0.973749 0.007143 0.227513
vn -0.982031 -0.003120 0.188696
vn -0.995259 -0.001119 -0.097257
vn -0.992024 0.003079 -0.126015
vn -0.996367 0.009248 -0.084665
vn -0.957738 0.027817 -0.286294
vn -0.998330 0.049346 0.030040
vn -0.999126 0.037806 -0.017812
vn -0.972128 0.170636 0.160784
vn -0.980658 0.168693 0.099258
vn -0.992094 0.118715 0.040696
vn -0.481376 0.187422 0.856242
vn -0.849971 0.064019 0.522925
vn -0.991725 0.031583 0.124432
vn -0.881294 0.382686 0.277258
vn -0.838520 0.363205 0.406161
vn -0.925769 0.115181 0.360117
vn -0.873712 0.101887 0.475654
vn -0.998306 0.005156 -0.057945
vn -0.978687 0.005356 0.205289
vn -0.821269 -0.005677 0.570513
vn -0.802293 0.365030 0.472312
vn -0.770425 0.151324 0.619311
vn -0.763727 0.431547 0.480092
vn -0.670775 0.547647 0.500143
vn -0.558376 0.519476 0.646808
vn -0.549448 0.654124 0.519835
vn -0.497250 0.857344 0.133058
vn -0.157865 0.764446 0.625060
vn -0.253398 0.967295 -0.011422
vn -0.034539 0.964773 0.260806
vn -0.120089 0.992205 0.033296
vn -0.405188 0.911073 0.075950
vn -0.566353 0.820781 0.074582
vn -0.698907 0.712507 0.062150
vn -0.757039 0.642888 -0.116561
vn -0.814951 0.560213 0.148379
vn -0.882174 0.446507 0.149665
vn -0.936351 0.341061 0.083213
vn -0.987825 0.141653 0.064314
vn -0.960575 0.259488 0.099806
vn -0.979356 0.019434 -0.201209
vn -0.988617 0.078481 0.128367
vn -0.064442 0.927983 -0.367007
vn -0.009961 0.704942 -0.709195
vn -0.047864 0.985241 -0.164342
vn -0.017965 0.375887 -0.926491
vn -0.014801 0.103404 -0.994529
vn -0.017467 0.000295 -0.999847
vn -0.019766 -0.001027 -0.999804
vn -0.021346 -0.007304 -0.999745
vn -0.005115 -0.011411 -0.999922
vn -0.018801 0.010089 -0.999772
vn -0.012171 0.016266 -0.999794
vn -0.005880 0.019368 -0.999795
vn -0.006111 0.019942 -0.999782
vn -0.092094 -0.530469 -0.842687
vn -0.153467 -0.555134 -0.817481
vn -0.118189 -0.493175 -0.861864
vn -0.152033 -0.280488 -0.947741
vn -0.145725 -0.089340 -0.985283
vn -0.256616 -0.017139 -0.966361
vn -0.503122 -0.078721 -0.860622
vn -0.289702 -0.266680 -0.919214
vn -0.215708 -0.542202 -0.812088
vn -0.214522 -0.627593 -0.748404
vn -0.165359 -0.107893 0.980314
vn -0.384699 -0.026382 0.922665
vn -0.518915 -0.018266 0.854630
vn -0.887145 0.021164 0.461006
vn -0.830015 0.002038 0.557738
vn -0.750650 -0.034694 0.659789
vn -0.679868 0.005882 0.733311
vn -0.957281 0.077803 0.278494
vn -0.929341 -0.003273 0.369209
vn -0.993249 0.098913 -0.060595
vn -0.984758 0.142902 0.099146
vn -0.850211 -0.000530 -0.526441
vn -0.923738 -0.004283 -0.383000
vn -0.960635 0.120227 -0.250451
vn -0.531712 0.047301 -0.845603
vn -0.425620 -0.064694 -0.902586
vn -0.657313 -0.013300 -0.753500
vn -0.772640 0.005772 -0.634818
vn -0.105330 -0.512528 0.852186
vn -0.162328 -0.348145 0.923279
vn -0.101611 -0.629877 0.770020
vn -0.136025 -0.504958 0.852358
vn -0.266423 -0.547251 0.793433
vn -0.269488 -0.316825 0.909394
vn -0.077560 0.818714 0.568939
vn -0.118506 -0.044017 0.991977
vn -0.126168 -0.024286 0.991712
vn -0.127141 -0.010304 0.991831
vn -0.109502 -0.000755 0.993986
vn -0.125395 0.000991 0.992106
vn -0.128885 0.011770 0.991590
vn -0.127408 0.045234 0.990818
vn -0.104888 0.092790 0.990146
vn -0.051813 0.135257 0.989455
vn -0.100011 0.604880 0.790012
vn -0.319405 0.898654 0.300668
vn -0.453233 0.745432 0.488786
vn -0.798014 0.520113 0.304394
vn -0.813334 0.324832 0.482672
vn -0.931471 0.222911 0.287527
vn -0.952108 0.002108 0.305753
vn -0.950112 0.064546 0.305159
vn -0.959832 0.001950 0.280567
vn -0.999929 -0.001432 0.011792
vn -0.994647 -0.010476 0.102799
vn -0.962004 -0.008443 0.272906
vn -0.837379 -0.004583 0.546604
vn -0.606236 -0.004614 0.795272
vn -0.593238 -0.025956 0.804608
vn -0.623257 -0.229301 0.747644
vn -0.647343 -0.128175 0.751345
vn -0.586756 -0.071355 0.806614
vn -0.508908 -0.307945 0.803855
vn -0.467258 -0.367986 0.803901
vn -0.357358 -0.398433 0.844717
vn -0.488898 -0.494049 0.718954
vn -0.161402 -0.438721 0.884010
vn -0.290092 -0.519824 0.803511
vn -0.196355 -0.473494 0.858632
vn -0.325504 -0.445541 0.833990
vn -0.069112 -0.553282 0.830122
vn -0.081875 -0.100234 0.991589
vn -0.034644 -0.121629 0.991971
vn -0.055842 -0.140534 0.988500
vn -0.184686 0.849082 0.494925
vn -0.271015 0.775788 0.569828
vn -0.516820 0.657800 0.547902
vn -0.639204 0.552143 0.535309
vn -0.695221 0.462764 0.550016
vn -0.805445 0.212601 0.553226
vn -0.828970 0.080020 0.553539
vn -0.846933 0.002411 0.531694
vn -0.838860 0.001725 0.544344
vn -0.265790 0.563919 0.781889
vn -0.424571 0.449334 0.786027
vn -0.552281 0.287932 0.782356
vn -0.605748 0.122922 0.786104
vn -0.611345 0.016944 0.791183
vn -0.087391 -0.335894 0.937837
vn -0.200657 -0.294368 0.934390
vn -0.262630 -0.223963 0.938545
vn -0.318792 -0.144989 0.936670
vn -0.339634 -0.071351 0.937848
vn -0.342624 -0.016140 0.939334
vn -0.338185 0.012518 0.940997
vn -0.333325 0.069904 0.940217
vn -0.297430 0.162276 0.940852
vn -0.232421 0.254227 0.938802
vn -0.148169 0.313726 0.937882
vn -0.055352 0.334230 0.940865
vn -0.999720 -0.018804 -0.014378
vn -0.999286 -0.014463 0.034900
vn -0.061938 0.337355 -0.939338
vn -0.062677 0.612054 -0.788328
vn -0.072155 0.835919 -0.544089
vn -0.819108 0.333276 -0.466893
vn -0.957657 -0.007620 -0.287810
vn -0.843923 -0.006394 -0.536426
vn -0.071681 -0.130005 -0.988919
vn -0.084119 -0.094462 -0.991968
vn -0.121354 -0.066903 -0.990352
vn -0.038953 -0.173355 -0.984089
vn -0.202426 -0.518952 -0.830489
vn -0.340725 -0.569039 -0.748399
vn -0.266473 -0.438636 -0.858248
vn -0.339554 -0.472239 -0.813446
vn -0.402744 -0.465561 -0.788067
vn -0.466810 -0.352691 -0.810986
vn -0.497510 -0.325242 -0.804178
vn -0.536229 -0.255903 -0.804346
vn -0.618863 -0.158065 -0.769431
vn -0.623902 -0.085196 -0.776845
vn -0.638302 -0.010665 -0.769712
vn -0.995997 -0.002374 -0.089356
vn -0.995821 -0.025638 -0.087655
vn -0.961477 0.005948 -0.274820
vn -0.951628 -0.000946 -0.307252
vn -0.950158 0.097413 -0.296158
vn -0.934066 0.201855 -0.294577
vn -0.809157 0.504092 -0.301920
vn -0.632172 0.744975 -0.213005
vn -0.345094 0.888896 -0.301287
vn -0.450932 0.763405 -0.462464
vn -0.135396 -0.017401 -0.990639
vn -0.135023 -0.001172 -0.990842
vn -0.124647 0.000454 -0.992201
vn -0.125963 0.020162 -0.991830
vn -0.118153 0.062051 -0.991055
vn -0.091299 0.094672 -0.991313
vn -0.055845 0.119233 -0.991295
vn -0.016487 0.133737 -0.990880
vn -0.123912 -0.320627 -0.939065
vn -0.245214 -0.252697 -0.935956
vn -0.313184 -0.203881 -0.927550
vn -0.336393 -0.089919 -0.937419
vn -0.378048 -0.022006 -0.925524
vn -0.339338 0.008051 -0.940630
vn -0.349573 0.066692 -0.934532
vn -0.327132 0.166521 -0.930191
vn -0.258182 0.263336 -0.929514
vn -0.160633 0.332041 -0.929487
vn -0.610258 0.004294 -0.792191
vn -0.603308 0.050399 -0.795914
vn -0.585496 0.195082 -0.786853
vn -0.493699 0.360958 -0.791183
vn -0.352010 0.505499 -0.787756
vn -0.175616 0.586997 -0.790313
vn -0.845369 0.006998 -0.534137
vn -0.841727 0.066869 -0.535746
vn -0.818777 0.171767 -0.547814
vn -0.717075 0.426579 -0.551210
vn -0.635217 0.559299 -0.532621
vn -0.556076 0.628831 -0.543462
vn -0.311217 0.774451 -0.550790
vn -0.164391 0.834329 -0.526186
vn -0.985614 -0.054718 -0.159912
vn -0.937612 -0.067269 -0.341113
vn -0.545549 -0.607293 0.577557
vn -0.483644 -0.600033 0.637219
vn -0.634188 -0.240610 0.734788
vn -0.607779 -0.094732 0.788435
vn -0.895684 -0.340774 0.285697
vn -0.938191 -0.196518 0.284918
vn -0.868055 -0.416206 0.270652
vn -0.943547 -0.300708 0.138899
vn -0.984146 -0.169387 0.052577
vn -0.927553 -0.319901 -0.193154
vn -0.969697 -0.207826 -0.128437
vn -0.771674 -0.254125 -0.583044
vn -0.650115 -0.481429 0.587858
vn -0.414412 -0.404739 0.815137
vn -0.300528 -0.627145 0.718590
vn -0.326211 -0.145669 0.934006
vn -0.980732 0.011847 0.194998
vn -0.543577 -0.516623 -0.661532
vn -0.675864 -0.493731 -0.547209
vn -0.318791 -0.571039 -0.756496
vn -0.555425 -0.195371 -0.808290
vn -0.612291 -0.110927 -0.782812
vn -0.739280 -0.062944 -0.670450
vn -0.852490 -0.029224 -0.521926
vn -0.985467 -0.019623 -0.168729
vn -0.999337 -0.030254 0.020275
vn -0.377832 -0.250244 0.891415
vn -0.339527 -0.634253 0.694582
vn -0.260197 -0.618875 0.741142
vn -0.686506 -0.384042 0.617431
vn -0.724045 -0.228611 0.650766
vn -0.776780 -0.066158 0.626288
vn -0.982606 -0.084271 0.165478
vn -0.998525 -0.049186 0.022972
vn -0.907947 -0.343060 -0.240713
vn -0.809135 -0.430620 -0.399833
vn -0.736385 -0.366907 -0.568433
vn -0.733557 -0.026122 -0.679126
vn -0.892425 -0.267259 -0.363525
vn -0.970553 -0.191543 -0.146078
vn -0.842791 -0.097065 -0.529416
vn -0.765367 -0.535761 -0.356615
vn -0.851535 -0.451873 -0.265893
vn -0.891544 -0.396134 -0.219607
vn -0.958169 -0.210882 -0.193496
vn -0.978357 -0.192645 -0.075535
vn -0.932328 -0.332822 -0.141398
vn -0.991639 -0.127603 -0.019240
vn -0.992739 -0.111057 -0.046207
vn -0.971693 -0.220404 -0.085064
vn -0.987348 -0.146234 0.061319
vn -0.963022 -0.239743 0.122934
vn -0.995425 -0.095492 0.003220
vn -0.740282 -0.511854 0.435876
vn -0.836945 -0.454588 0.304751
vn -0.926983 -0.271700 0.258614
vn -0.977112 -0.193578 0.088206
vn -0.991150 -0.118468 0.059890
vn -0.991492 -0.127716 0.025152
vn -0.995602 -0.092627 -0.014031
vn -0.995939 -0.085047 -0.029548
vn -0.987295 -0.094744 -0.127563
vn -0.948637 -0.103511 -0.298954
vn -0.988485 -0.119150 0.093276
vn -0.961976 -0.147856 0.229653
vn -0.913792 -0.085418 0.397100
vn -0.870941 -0.189391 0.453422
vn -0.813258 -0.359889 0.457264
vn -0.895594 -0.381086 0.229532
vn -0.958125 -0.212935 0.191454
vn -0.983398 -0.120076 0.136049
vn -0.394378 -0.436959 0.808414
vn -0.433915 -0.576509 0.692355
vn -0.741836 -0.163731 0.650286
vn -0.841329 -0.055513 0.537664
vn -0.705591 -0.335609 0.624106
vn -0.865089 -0.146325 0.479802
vn -0.745741 -0.407891 0.526778
vn -0.660489 -0.565892 0.493477
vn -0.601097 -0.595159 0.533357
vn -0.809289 -0.479359 0.339509
vn -0.442628 -0.211686 -0.871361
vn -0.870067 -0.062432 -0.488963
vn -0.779561 -0.195240 -0.595118
vn -0.641211 -0.271446 -0.717750
vn -0.467122 -0.366717 -0.804559
vn -0.348187 -0.438397 -0.828598
vn -0.475277 -0.605296 -0.638536
vn -0.609604 -0.590752 -0.528579
vn -0.723164 -0.524824 -0.448993
vn -0.760841 -0.534063 -0.368643
vn -0.879393 -0.182305 -0.439811
vn -0.950462 -0.170896 -0.259646
vn -0.816205 -0.399141 -0.417727
vn -0.691581 -0.514207 -0.507254
vn -0.840898 -0.434178 -0.323080
vn -0.918456 -0.313183 -0.241568
vn -0.902079 -0.272100 -0.334986
vn -0.797904 -0.348026 -0.492167
vn -0.656267 -0.398019 -0.641011
vn -0.497378 -0.529414 -0.687267
vn -0.350554 -0.634511 -0.688845
vn -0.264685 -0.644713 -0.717138
vn -0.730283 -0.552182 0.402220
vn -0.795424 -0.441533 0.415151
vn -0.883929 -0.210949 0.417336
vn -0.942662 -0.080855 0.323806
vn -0.982724 -0.046663 0.179096
vn -0.996217 -0.085057 0.017799
vn -0.999266 -0.036617 0.011274
vn -0.987405 -0.109645 -0.114062
vn 0.204611 0.006507 0.978822
vn 0.085328 -0.005544 0.996338
vn 0.161451 0.002122 0.986879
vn 0.246678 0.010807 0.969037
vn 1.000000 0.000000 0.000000
vn 1.000000 0.000000 0.000000
vn 1.000000 0.000000 0.000000
vn 1.000000 0.000000 0.000000
vn 0.999999 0.001370 -0.001000
vn 1.000000 0.000020 -0.000035
vn 1.000000 0.000292 -0.000049
vn 0.999999 0.000004 -0.001211
vn 1.000000 -0.000001 0.000007
vn 0.999999 0.000497 -0.000875
vn 0.999993 -0.000967 -0.003718
vn 1.000000 -0.000233 -0.000124
vn 1.000000 -0.000092 0.000435
vn 1.000000 -0.000026 0.000305
vn 0.999991 -0.000180 -0.004252
vn 0.999995 -0.001222 -0.003020
vn 0.000004 -0.000007 -1.000000
vn -0.000000 0.000017 -1.000000
vn 0.000012 0.000009 -1.000000
vn -0.000026 0.000097 -1.000000
vn -0.000044 -0.000077 -1.000000
vn -0.000041 -0.000026 -1.000000
vn 0.000052 0.000042 1.000000
vn 0.000029 -0.000035 1.000000
vn 0.000001 0.000037 1.000000
vn -0.000106 0.000372 1.000000
vn -0.000162 -0.000327 1.000000
vn -0.000242 -0.000381 1.000000
vn 0.007842 0.020448 0.999760
vn -0.005665 0.026205 0.999641
vn -0.002172 0.009957 0.999948
vn 0.006046 0.014363 0.999879
vn 0.002268 0.000646 0.999997
vn 0.001072 0.000558 0.999999
vn 0.999999 0.000232 0.001117
vn 0.999985 0.001729 0.005161
vn 0.999180 0.013903 0.038040
vn 0.999284 0.012979 0.035544
vn 1.000000 0.000007 0.000390
vn 1.000000 -0.000001 -0.000031
vn 1.000000 0.000000 0.000000
vn 1.000000 -0.000025 0.000048
vn 1.000000 0.000000 0.000000
vn 0.999999 0.000536 0.001164
vn 0.999991 0.001737 0.003983
vn 1.000000 0.000006 0.000329
vn 1.000000 0.000047 0.000165
vn 0.999999 -0.000122 0.001272
vn 1.000000 0.000165 0.000049
vn 1.000000 -0.000117 -0.000047
vn 1.000000 -0.000068 -0.000031
vn 1.000000 0.000098 0.000026
vn 0.999506 0.013579 -0.028336
vn 0.999817 0.008293 -0.017267
vn 0.998633 -0.022490 0.047190
vn 0.999012 -0.019112 0.040117
vn -0.073083 -0.989949 0.121075
vn -0.879549 -0.470108 0.073431
vn 0.945486 0.316964 0.074762
vn 0.958922 -0.270956 0.083970
vn -0.454835 -0.890557 0.005758
vn 0.964569 0.261472 0.035215
vn -0.995050 0.042424 -0.089866
vn -0.743238 -0.663933 0.082404
vn -0.962475 -0.270485 -0.021909
vn -0.043110 -0.997071 -0.063173
vn 0.291287 -0.956551 -0.012755
vn 0.539958 -0.836421 0.094047
vn 0.692196 -0.715902 0.091376
vn 0.998581 -0.050273 -0.017595
vn 0.872365 -0.488829 -0.005112
vn -0.795714 0.592074 0.127625
vn -0.351417 0.932776 0.080224
vn 0.281394 0.958887 0.036783
vn 0.468379 0.881958 -0.052636
vn -0.406781 0.913388 -0.015834
vn 0.173080 0.984850 -0.010698
vn -0.720851 0.690882 0.055276
vn 0.444355 0.893220 0.068600
vn -0.242885 0.964700 0.101785
vn -0.805945 0.588031 0.068357
vn 0.712094 0.699691 -0.057909
vn 0.499960 0.864867 0.045228
vn 0.184179 0.981181 0.057980
vn -0.268658 0.963084 -0.017117
vn -0.711289 0.702708 0.016399
vn -0.894231 0.446237 -0.034969
vn -0.789505 -0.598831 0.134471
vn -0.854056 -0.516276 0.063618
vn -0.929527 -0.364871 -0.053377
vn -0.874905 -0.482913 0.036565
vn 0.063241 -0.997648 0.026442
vn 0.230313 -0.967387 0.105446
vn -0.199886 -0.974932 -0.097742
vn -0.029150 -0.999427 -0.017196
vn 0.978506 -0.152950 0.138319
vn 0.994248 -0.066193 0.084203
vn 0.998587 -0.013821 0.051315
vn 0.993382 0.111401 -0.027984
vn -0.261736 -0.688220 0.676645
vn 0.551925 0.406729 0.727977
vn -0.277446 0.634268 0.721615
vn 0.118291 0.687777 0.716219
vn -0.616510 0.313874 0.722079
vn -0.522717 -0.446778 0.726055
vn -0.677595 -0.171021 0.715274
vn -0.053719 -0.718577 0.693370
vn 0.174462 -0.670318 0.721275
vn 0.356062 -0.581003 0.731885
vn 0.540735 -0.486225 0.686434
vn 0.706606 -0.024953 0.707167
vn 0.624744 -0.364398 0.690586
vn 0.540057 0.467878 0.699592
vn -0.483418 -0.499636 0.718799
vn 0.185192 0.687877 0.701805
vn -0.284252 0.648364 0.706275
vn -0.648477 0.308003 0.696141
vn -0.707693 -0.081614 0.701791
vn 0.677418 0.109435 0.727413
vn 0.665792 -0.192609 0.720849
vn 0.330982 -0.620670 0.710788
vn -0.118086 -0.692668 0.711524
vn 0.644769 -0.202165 0.737158
vn 0.701147 -0.099486 0.706042
vn 0.624519 0.315762 0.714332
vn 0.398199 0.564366 0.723138
vn 0.073915 0.691413 0.718669
vn -0.182336 0.717999 0.671737
vn -0.492444 0.478032 0.727313
vn -0.700346 0.064232 0.710907
vn -0.428914 -0.520729 0.738156
vn 0.188500 -0.635650 0.748610
vn -0.496265 0.527223 0.689751
vn -0.701690 -0.171003 0.691657
vn -0.340533 -0.624230 0.703118
vn 0.030382 -0.707352 0.706209
vn 0.478855 -0.527266 0.701918
vn 0.232094 0.668015 0.707028
vn 0.644367 0.288401 0.708248
vn 0.948720 -0.305202 -0.082360
vn 0.661882 0.747523 -0.055870
vn 0.971096 0.229717 -0.064828
vn 0.972222 -0.231175 -0.036649
vn 0.520317 0.853802 0.017083
vn 0.688533 0.724839 -0.023049
vn 0.997515 0.068287 0.017348
vn 0.876036 0.482229 0.004029
vn 0.117654 -0.983002 -0.140943
vn 0.277025 -0.959310 -0.054597
vn 0.503223 -0.860321 0.081328
vn 0.336173 -0.941572 -0.020721
vn -0.962072 -0.234260 -0.139787
vn -0.298365 0.953877 -0.033116
vn -0.840008 0.533320 -0.099780
vn 0.574199 -0.376861 -0.726823
vn 0.032218 -0.671802 -0.740030
vn -0.709735 -0.425431 -0.561503
vn -0.904942 0.019359 -0.425094
vn -0.238436 0.877148 -0.416846
vn -0.553867 0.726044 -0.407544
vn -0.809841 0.454108 -0.371407
vn -0.011768 0.841665 -0.539872
vn 0.536240 0.500960 -0.679327
vn 0.687883 0.055459 -0.723700
vn 0.642077 0.367369 -0.672887
vn 0.712472 0.109365 -0.693125
vn 0.515605 -0.486798 -0.705109
vn 0.063695 -0.714424 -0.696808
vn -0.343619 -0.628503 -0.697790
vn -0.689097 -0.216672 -0.691520
vn -0.497957 0.514986 -0.697731
vn 0.258780 0.664302 -0.701238
vn 0.999998 0.000337 -0.001877
vn 0.999998 0.000595 -0.001993
vn 0.999997 0.000971 -0.002163
vn 0.999996 0.001570 -0.002433
vn -0.741208 -0.220563 -0.634005
vn -0.756000 -0.236492 -0.610357
vn -0.781016 -0.264969 -0.565514
vn -0.787921 -0.273243 -0.551833
vn 0.220569 -0.741211 -0.634000
vn 0.236493 -0.755999 -0.610358
vn 0.265068 -0.781096 -0.565357
vn 0.273357 -0.788011 -0.551646
vn 0.741170 0.220560 -0.634051
vn 0.755971 0.236456 -0.610406
vn 0.781145 0.265038 -0.565303
vn 0.788054 0.273296 -0.551615
vn -0.264945 0.781073 -0.565446
vn -0.273188 0.787971 -0.551789
vn -0.220557 0.741173 -0.634048
vn -0.236459 0.755980 -0.610394
vn 0.233344 -0.972394 0.000319
vn 0.198032 -0.980130 -0.011299
vn 0.224848 -0.974391 -0.002486
vn 0.188627 -0.981944 -0.014375
vn -0.958317 -0.285165 0.017573
vn -0.977952 -0.208682 -0.007806
vn -0.964082 -0.265378 0.010956
vn -0.981946 -0.188616 -0.014378
vn -0.285178 0.958314 0.017577
vn -0.208693 0.977950 -0.007802
vn -0.265390 0.964079 0.010960
vn -0.188627 0.981944 -0.014374
vn 0.959226 0.282515 0.008448
vn 0.981789 0.188596 -0.022846
vn 0.951155 0.308236 0.017177
vn 0.976785 0.213725 -0.014559
vn -0.915173 0.398755 -0.058767
vn -0.997555 0.059721 -0.036283
vn -0.902868 0.425658 -0.060367
vn -0.996184 0.078744 -0.037648
vn -0.999299 0.011509 0.035633
vn -0.006608 0.022331 -0.999729
vn 0.976387 0.216011 -0.002899
vn 0.000000 0.850930 -0.525280
vn -0.007210 0.863015 -0.505128
vn -0.003354 0.966185 -0.257830
vn 0.004825 0.955967 -0.293433
vn -0.007263 0.982274 -0.187309
vn -0.004275 0.999194 -0.039915
vn 0.019935 0.960193 -0.278627
vn 0.032604 0.850477 -0.525000
vn 0.000316 1.000000 -0.000299
vn 0.000956 0.999999 -0.000599
vn -0.001442 0.998017 -0.062932
vn 0.114131 0.988915 -0.094981
vn 0.000000 1.000000 -0.000000
vn 0.018670 0.999803 -0.006747
vn -0.000000 1.000000 -0.000000
vn 0.005698 0.999960 -0.006897
vn -0.000000 1.000000 -0.000000
vn 0.000000 1.000000 -0.000000
vn -0.000000 1.000000 -0.000000
vn 0.005677 0.999984 0.000603
vn 0.000009 1.000000 0.000070
vn 0.000000 1.000000 -0.000000
vn -0.000000 1.000000 -0.000000
vn -0.000000 1.000000 -0.000000
vn -0.000000 1.000000 -0.000000
vn 0.001147 0.999999 0.000951
vn -0.007741 0.999968 0.002033
vn -0.000000 1.000000 -0.000000
vn 0.000007 1.000000 0.000003
vn -0.000000 1.000000 -0.000000
vn 0.000000 1.000000 -0.000000
vn 0.000000 1.000000 0.000000
vn -0.000040 1.000000 -0.000732
vn 0.000000 1.000000 0.000001
vn -0.000000 1.000000 0.000000
vn 0.000296 0.999896 -0.014421
vn 0.000000 1.000000 0.000000
vn -0.000000 1.000000 0.000000
vn 0.000000 1.000000 -0.000000
vn -0.000000 1.000000 0.000000
vn 0.000000 1.000000 0.000000
vn 0.000000 1.000000 0.000000
vn -0.000000 1.000000 0.000000
vn 0.000000 1.000000 -0.000000
vn 0.000000 1.000000 -0.000000
vn -0.000000 1.000000 -0.000000
vn -0.000000 1.000000 0.000000
vn -0.000000 1.000000 -0.000000
vn 0.000000 1.000000 -0.000000
vn 0.000000 1.000000 -0.000000
vn 0.000000 1.000000 0.000000
vn 0.000302 0.999996 -0.002735
vn 0.000334 0.999999 -0.001022
vn 0.000000 1.000000 0.000000
vn -0.000000 1.000000 0.000000
vn 0.001068 0.988150 -0.153488
vn -0.003609 0.854957 -0.518686
vn -0.006939 -0.005809 -0.999959
vn -0.000766 0.000358 -1.000000
vn 0.003087 0.923975 -0.382440
vn 0.008091 0.757551 -0.652726
vn 0.005189 0.403643 -0.914902
vn -0.995100 0.092439 0.035077
vn -0.745463 0.143625 -0.650889
vn -0.807674 0.424144 -0.409590
vn -0.502387 0.174538 -0.846843
vn -0.693138 0.536342 -0.481558
vn -0.552042 0.728647 -0.405367
vn -0.357003 0.365645 -0.859565
vn -0.411914 0.777230 -0.475648
vn -0.204054 0.892601 -0.402027
vn -0.171603 0.478145 -0.861354
vn -0.045003 0.870698 -0.489755
vn 0.182541 0.923558 -0.337224
vn 0.048380 0.508761 -0.859547
vn 0.423944 0.609190 -0.670193
vn 0.300793 0.674215 -0.674506
vn 0.816837 0.460214 -0.347822
vn 0.635510 0.608775 -0.474889
vn 0.576310 0.077004 -0.813595
vn 0.848165 0.252753 -0.465544
vn 0.003002 0.007482 -0.999968
vn 0.969716 0.244234 0.000841
vn 0.830381 0.141637 -0.538894
vn 0.970228 0.242193 0.000000
vn -0.001893 0.250247 -0.968180
vn 0.018780 0.706397 -0.707567
vn 0.759108 0.631188 -0.159238
vn 0.418638 0.873757 -0.247571
vn 0.238920 0.863893 -0.443404
vn -0.007941 0.114104 -0.993437
vn -0.013495 0.515082 -0.857035
vn 0.012316 0.860434 -0.509413
vn 0.013164 0.297773 -0.954546
vn -0.000000 0.000000 -1.000000
vn -0.000001 -0.000000 -1.000000
vn -0.000001 -0.000002 -1.000000
vn -0.000001 -0.000001 -1.000000
vn 0.000000 0.000000 -1.000000
vn 0.000000 0.000000 -1.000000
vn 0.000000 0.000000 -1.000000
vn -0.000000 -0.000000 -1.000000
vn -0.000000 -0.000000 -1.000000
vn 0.000000 0.000000 -1.000000
vn -0.000000 -0.000000 -1.000000
vn 0.000000 0.000000 -1.000000
vn -0.000000 -0.000000 -1.000000
vn -0.000000 0.000000 -1.000000
vn -0.000000 0.000000 -1.000000
vn 0.000000 0.000000 -1.000000
vn -0.000000 0.000000 -1.000000
vn 0.000000 -0.000000 -1.000000
vn -0.000000 -0.000000 -1.000000
vn 0.000000 0.000000 -1.000000
vn 0.000033 -0.000089 -1.000000
vn 0.000044 -0.000020 -1.000000
vn -0.000000 0.000000 -1.000000
vn 0.000002 0.000000 -1.000000
vn -0.000031 -0.000081 -1.000000
vn -0.000316 -0.000187 -1.000000
vn -0.000032 -0.000156 -1.000000
vn 0.000194 0.000043 -1.000000
vn 0.000020 0.000039 -1.000000
vn -0.000000 -0.000000 -1.000000
vn -0.000000 -0.000000 -1.000000
vn -0.005656 0.000243 -0.999984
vn 0.000161 -0.000172 -1.000000
vn -0.000026 -0.000037 -1.000000
vn 0.000019 0.000042 -1.000000
vn 0.000044 -0.000147 -1.000000
vn 0.000022 -0.000096 -1.000000
vn 0.000058 -0.000006 -1.000000
vn 0.000516 0.011549 -0.999933
vn 0.011362 0.037538 -0.999231
vn 0.223854 0.012382 -0.974544
vn 0.395701 0.273104 -0.876832
vn 0.003248 0.003959 -0.999987
vn 0.011285 -0.003152 -0.999931
vn 0.000000 -0.000000 -1.000000
vn -0.002646 0.000753 -0.999996
vn 0.000000 -0.000000 -1.000000
vn -0.000000 -0.000000 -1.000000
vn -0.000216 0.080014 -0.996794
vn -0.000000 0.000000 -1.000000
vn 0.000017 0.000016 -1.000000
vn 0.000026 0.000039 -1.000000
vn -0.000001 0.000001 -1.000000
vn 0.000000 -0.000000 -1.000000
vn 0.000000 0.000000 -1.000000
vn 0.000013 0.000032 -1.000000
vn -0.997079 0.067769 0.035225
vn 0.990967 0.132231 0.022363
vn 0.885385 0.311878 0.344710
vn 0.845866 0.532738 0.026490
vn 0.698547 0.711619 0.075033
vn 0.550579 0.834764 0.005648
vn 0.359620 0.933033 -0.011071
vn -0.046705 0.998102 0.040128
vn -0.259702 0.965154 0.032143
vn -0.631364 0.774663 0.035735
vn -0.779965 0.625228 0.027286
vn -0.902978 0.428912 0.025777
vn -0.969616 0.243700 0.021327
vn 1.000000 0.000000 0.000000
vn -0.831250 0.304002 0.465411
vn -0.625078 0.615259 0.480347
vn -0.463342 0.885971 0.019238
vn 0.157675 0.987367 0.015657
vn 0.542206 0.659169 0.521066
vn 0.752416 0.340089 0.564101
vn -0.133479 0.858239 0.495589
vn 0.998864 -0.040540 -0.025051
vn 0.999077 -0.038305 -0.019451
vn 0.999855 -0.014029 -0.009699
vn 1.000000 -0.000546 0.000543
vn 0.998712 -0.013674 -0.048871
vn 0.999336 -0.027253 -0.024197
vn 0.999470 -0.014068 -0.029356
vn 0.984891 -0.012816 -0.172699
vn 0.969474 -0.002990 -0.245176
vn 0.869397 0.045903 -0.491977
vn -0.998034 -0.059456 0.019828
vn -0.998802 -0.048833 0.003032
vn -0.999799 -0.018857 -0.006815
vn -0.999919 -0.010293 -0.007517
vn -0.999814 -0.011335 -0.015585
vn -0.912609 -0.015613 -0.408534
vn -0.664031 -0.015878 -0.747537
vn -0.258773 0.018340 -0.965764
vn -0.572797 0.020142 -0.819450
vn -0.971591 0.010135 -0.236450
vn 0.004712 -0.002798 0.999985
vn 0.008636 -0.005126 0.999950
vn 0.000000 -0.000000 1.000000
vn 0.000000 0.000000 1.000000
vn 0.012989 -0.007711 0.999886
vn 0.000000 0.866025 0.500001
vn -0.013790 0.785346 0.618904
vn -0.000767 0.862013 0.506886
vn -0.014677 0.779534 0.626188
vn -0.782556 -0.002402 -0.622576
vn -0.783519 -0.002435 -0.621363
vn -0.707522 -0.000012 -0.706691
vn -0.705316 0.071229 -0.705305
vn -0.698357 0.156878 -0.698346
vn -0.704832 0.080246 -0.704821
vn -0.785483 0.599123 -0.155136
vn -0.746511 0.635456 -0.197276
vn -0.520936 0.761697 -0.385283
vn -0.760433 0.440837 -0.476869
vn -0.682349 0.590682 -0.430691
vn -0.803217 0.339600 -0.489403
vn 0.708665 0.000045 -0.705545
vn 0.753828 0.021566 -0.656717
vn 0.840026 -0.004467 -0.542528
vn 0.841022 -0.004505 -0.540983
vn 0.468175 0.179470 -0.865218
vn 0.518373 0.156255 -0.840758
vn -0.998801 -0.048859 0.003072
vn -0.999914 -0.009858 -0.008677
vn -1.000000 -0.000028 0.000027
vn -0.999904 -0.004352 -0.013177
vn -0.998034 -0.059456 0.019828
vn -0.999728 -0.021595 -0.008834
vn -0.999555 -0.010742 -0.027832
vn -0.999637 -0.008326 -0.025623
vn -0.999941 -0.002544 -0.010591
vn 0.207307 -0.007708 -0.978246
vn 0.394359 -0.056119 -0.917241
vn 0.104163 0.018218 -0.994393
vn 0.018202 0.039439 -0.999056
vn 0.999960 -0.002538 -0.008538
vn 1.000000 -0.000043 0.000043
vn 1.000000 0.000001 0.000070
vn 0.999671 0.002136 -0.025575
vn 1.000000 0.000152 0.000134
vn 0.999928 0.001085 -0.011930
vn 0.999310 0.010516 -0.035623
vn 0.732506 -0.011067 -0.680670
vn 0.722417 -0.006616 -0.691426
vn 0.680672 0.011067 -0.732504
vn 0.691429 0.006616 -0.722415
vn 0.016067 -0.033442 -0.999311
vn 0.028483 -0.047062 -0.998486
vn 0.003676 -0.019845 -0.999796
vn 0.017641 -0.035169 -0.999226
vn -0.920681 -0.010745 0.390168
vn -0.998087 -0.056142 -0.025881
vn -0.986282 -0.010697 0.164721
vn -0.998911 -0.041939 -0.020462
vn -0.939976 0.020342 0.340633
vn -0.757498 0.033882 0.651958
vn -0.042603 -0.031229 0.998604
vn 0.347575 -0.015243 0.937528
vn 0.155910 0.000528 0.987771
vn 0.087034 0.041599 0.995336
vn 0.001073 0.009498 0.999954
vn 0.999770 -0.020218 0.007164
vn 0.999998 0.002145 -0.000517
vn 0.999991 -0.003982 0.001588
vn 0.999602 -0.026617 0.009362
vn 0.950619 -0.046579 0.306845
vn 0.976370 -0.035533 -0.213163
vn 0.741390 -0.035277 -0.670146
vn 0.989930 0.034859 -0.137199
vn 0.953776 0.036778 -0.298261
vn 0.163822 -0.024212 0.986193
vn 0.098348 -0.040523 0.994327
vn 0.411983 0.040526 0.910290
vn 0.351214 0.024214 0.935982
vn -0.978763 -0.081679 0.188017
vn -0.954606 -0.056013 0.292558
vn -0.733334 0.055074 0.677634
vn -0.813107 0.024296 0.581607
vn -0.218581 -0.036778 -0.975125
vn -0.296340 -0.049861 -0.953780
vn 0.115258 0.019393 -0.993146
vn 0.209666 0.035278 -0.977136
vn 0.963262 -0.044032 0.264930
vn 0.925905 -0.034859 -0.376145
vn 0.669844 -0.046578 0.741039
vn 0.963262 0.044032 -0.264930
vn 0.925905 0.034859 0.376145
vn 0.669844 0.046578 -0.741039
vn -0.307148 0.011299 0.951595
vn -0.279339 0.020391 0.959976
vn -0.188418 0.049418 0.980845
vn -0.209096 0.042908 0.976953
vn -0.998191 -0.018402 0.057228
vn -0.994646 -0.031636 0.098383
vn -0.998191 0.018402 -0.057228
vn -0.994646 0.031636 -0.098383
vn -0.188418 -0.049418 -0.980845
vn -0.209096 -0.042908 -0.976953
vn -0.307148 -0.011299 -0.951595
vn -0.279339 -0.020391 -0.959976
vn 0.691692 0.020391 0.721904
vn 0.670529 0.011299 0.741797
vn 0.755226 0.049418 0.653599
vn 0.741517 0.042908 0.669561
vn -0.366133 -0.013152 0.930470
vn -0.307043 -0.028501 0.951269
vn -0.539809 0.034852 0.841065
vn -0.582163 0.047332 0.811693
vn -0.989343 -0.024159 0.143587
vn -0.977134 -0.035278 0.209676
vn -0.989343 0.024159 -0.143587
vn -0.977134 0.035278 -0.209676
vn -0.619023 -0.024158 -0.785001
vn -0.670154 -0.035278 -0.741383
vn -0.370317 0.024159 -0.928591
vn -0.306976 0.035278 -0.951063
vn 0.976681 -0.046578 -0.209580
vn 0.738973 -0.035534 -0.672797
vn 0.306976 -0.035278 -0.951063
vn 0.788707 0.034859 -0.613780
vn 0.676865 0.036777 -0.735188
vn 0.683047 -0.008346 0.730327
vn 0.670519 -0.012580 0.741786
vn 0.741793 0.012580 0.670511
vn 0.730334 0.008346 0.683039
vn -0.290955 -0.008346 0.956700
vn -0.307143 -0.012580 0.951580
vn -0.209780 0.012580 0.977668
vn -0.226360 0.008346 0.974008
vn -0.974005 -0.008346 0.226371
vn -0.977665 -0.012580 0.209791
vn -0.951577 0.012580 0.307154
vn -0.956697 0.008346 0.290966
vn -0.670519 -0.012580 -0.741786
vn -0.683047 -0.008346 -0.730326
vn -0.741793 0.012580 -0.670510
vn -0.730334 0.008346 -0.683039
vn 0.290955 -0.008346 -0.956700
vn 0.307143 -0.012580 -0.951580
vn 0.209780 0.012580 -0.977668
vn 0.226360 0.008346 -0.974008
vn 0.974006 -0.008346 -0.226370
vn 0.977665 -0.012580 -0.209790
vn 0.956697 0.008346 -0.290965
vn 0.951577 0.012580 -0.307153
vn -0.049833 -0.025885 -0.998422
vn 0.026446 -0.048333 -0.998481
vn -0.192595 0.007416 -0.981250
vn -0.432852 0.052547 -0.899932
vn 0.018868 -0.039926 -0.999024
vn -0.998089 -0.034525 0.051245
vn -0.999021 -0.043325 -0.008946
vn -0.998986 -0.044067 -0.009205
vn -0.984486 -0.011056 0.175115
vn -0.914972 0.035247 0.401975
vn -0.051439 -0.027612 0.998294
vn 0.280431 -0.015220 0.959753
vn 0.578571 -0.018261 0.815428
vn -0.041251 -0.016961 0.999005
vn 0.425991 0.015046 0.904602
vn 0.183105 0.007230 0.983067
vn 0.999659 -0.025873 0.003540
vn 0.999951 0.006302 -0.007646
vn 0.999986 -0.002747 -0.004501
vn 0.999348 -0.035440 0.006867
vn -0.693810 0.719820 -0.022071
vn -0.724542 0.689213 0.004889
vn -0.712079 0.702071 -0.006244
vn -0.741698 0.670414 0.020705
vn -0.970289 -0.240938 -0.022072
vn -0.959150 -0.282856 0.004888
vn -0.964054 -0.265634 -0.006244
vn -0.951448 -0.307113 0.020705
vn -0.276498 -0.960761 -0.022072
vn -0.234627 -0.972073 0.004889
vn -0.251993 -0.967709 -0.006243
vn -0.209768 -0.977532 0.020706
vn 0.693801 -0.719829 -0.022073
vn 0.724532 -0.689223 0.004887
vn 0.712071 -0.702080 -0.006244
vn 0.741689 -0.670425 0.020704
vn 0.970289 0.240938 -0.022071
vn 0.959150 0.282855 0.004889
vn 0.964054 0.265635 -0.006243
vn 0.951448 0.307112 0.020706
vn 0.251959 0.967718 -0.006245
vn 0.209735 0.977539 0.020704
vn 0.276465 0.960771 -0.022073
vn 0.234594 0.972081 0.004887
vn -0.693800 0.719829 -0.022073
vn -0.724532 0.689224 0.004888
vn -0.712070 0.702081 -0.006244
vn -0.741688 0.670425 0.020704
vn -0.970290 -0.240938 -0.022071
vn -0.959150 -0.282854 0.004889
vn -0.964054 -0.265634 -0.006243
vn -0.951448 -0.307112 0.020706
vn -0.276465 -0.960771 -0.022073
vn -0.251959 -0.967718 -0.006245
vn -0.209735 -0.977539 0.020704
vn -0.234594 -0.972081 0.004887
vn 0.693810 -0.719820 -0.022071
vn 0.724542 -0.689213 0.004889
vn 0.712079 -0.702071 -0.006244
vn 0.741698 -0.670414 0.020705
vn 0.970290 0.240938 -0.022072
vn 0.959150 0.282855 0.004888
vn 0.964054 0.265634 -0.006244
vn 0.951448 0.307113 0.020705
vn 0.251993 0.967709 -0.006243
vn 0.209768 0.977532 0.020706
vn 0.276499 0.960761 -0.022072
vn 0.234627 0.972073 0.004889
vn -0.693810 0.719819 -0.022071
vn -0.724543 0.689213 0.004889
vn -0.712080 0.702071 -0.006244
vn -0.741698 0.670414 0.020705
vn -0.970289 -0.240938 -0.022072
vn -0.959150 -0.282856 0.004888
vn -0.964054 -0.265635 -0.006244
vn -0.951448 -0.307113 0.020705
vn -0.276498 -0.960761 -0.022072
vn -0.234626 -0.972073 0.004889
vn -0.251993 -0.967709 -0.006243
vn -0.209768 -0.977532 0.020706
vn 0.693800 -0.719829 -0.022073
vn 0.724532 -0.689224 0.004888
vn 0.712070 -0.702080 -0.006244
vn 0.741688 -0.670425 0.020704
vn 0.970290 0.240938 -0.022071
vn 0.959150 0.282855 0.004889
vn 0.964054 0.265634 -0.006243
vn 0.951448 0.307112 0.020706
vn 0.251959 0.967718 -0.006245
vn 0.209735 0.977539 0.020704
vn 0.276465 0.960771 -0.022073
vn 0.234594 0.972081 0.004887
vn -0.693801 0.719829 -0.022073
vn -0.724532 0.689223 0.004887
vn -0.712071 0.702080 -0.006244
vn -0.741689 0.670425 0.020704
vn -0.970290 -0.240935 -0.022071
vn -0.959151 -0.282851 0.004888
vn -0.964055 -0.265631 -0.006244
vn -0.951450 -0.307107 0.020704
vn -0.276498 -0.960761 -0.022071
vn -0.234627 -0.972073 0.004889
vn -0.251993 -0.967709 -0.006243
vn -0.209769 -0.977532 0.020705
vn 0.693803 -0.719827 -0.022072
vn 0.724534 -0.689221 0.004888
vn 0.712073 -0.702078 -0.006244
vn 0.741691 -0.670422 0.020705
vn 0.970289 0.240938 -0.022072
vn 0.959150 0.282856 0.004888
vn 0.964054 0.265634 -0.006244
vn 0.951448 0.307113 0.020705
vn 0.251993 0.967709 -0.006243
vn 0.209768 0.977532 0.020706
vn 0.276498 0.960761 -0.022072
vn 0.234627 0.972073 0.004889
vn -0.693810 0.719820 -0.022071
vn -0.724542 0.689213 0.004889
vn -0.712079 0.702071 -0.006244
vn -0.741698 0.670414 0.020705
vn -0.970290 -0.240938 -0.022072
vn -0.959150 -0.282855 0.004888
vn -0.964054 -0.265634 -0.006244
vn -0.951448 -0.307113 0.020705
vn -0.276499 -0.960761 -0.022072
vn -0.234627 -0.972073 0.004889
vn -0.251993 -0.967709 -0.006243
vn -0.209768 -0.977532 0.020706
vn 0.693800 -0.719829 -0.022073
vn 0.724532 -0.689224 0.004888
vn 0.712070 -0.702081 -0.006244
vn 0.741688 -0.670425 0.020704
vn 0.970290 0.240938 -0.022071
vn 0.959150 0.282854 0.004889
vn 0.964054 0.265634 -0.006243
vn 0.951448 0.307112 0.020706
vn 0.251959 0.967718 -0.006245
vn 0.209735 0.977539 0.020704
vn 0.276465 0.960771 -0.022073
vn 0.234594 0.972081 0.004887
vn -0.741688 0.670425 0.020704
vn -0.724532 0.689224 0.004888
vn -0.693800 0.719829 -0.022073
vn -0.712070 0.702080 -0.006244
vn -0.959151 -0.282851 0.004888
vn -0.951450 -0.307107 0.020704
vn -0.970290 -0.240935 -0.022071
vn -0.964055 -0.265630 -0.006244
vn -0.234627 -0.972073 0.004889
vn -0.209769 -0.977532 0.020705
vn -0.276498 -0.960761 -0.022071
vn -0.251993 -0.967709 -0.006243
vn 0.741691 -0.670422 0.020705
vn 0.724535 -0.689221 0.004888
vn 0.693803 -0.719827 -0.022072
vn 0.712073 -0.702078 -0.006244
vn 0.951448 0.307113 0.020705
vn 0.959150 0.282856 0.004888
vn 0.970289 0.240938 -0.022072
vn 0.964054 0.265635 -0.006244
vn 0.209768 0.977532 0.020706
vn 0.234626 0.972073 0.004889
vn 0.251993 0.967709 -0.006243
vn 0.276498 0.960761 -0.022072
vn -0.579628 -0.814850 0.007119
vn -0.577550 -0.816315 0.008131
vn -0.584490 -0.811387 0.004741
vn -0.586817 -0.809712 0.003598
vn -1.000000 -0.000079 0.000197
vn -1.000000 -0.000251 0.000623
vn -0.999997 -0.000479 0.002324
vn -1.000000 0.000000 -0.000000
vn -0.998061 -0.052669 0.033166
vn -0.965989 -0.257795 -0.020164
vn -0.993412 -0.113673 0.014535
vn -1.000000 0.000000 -0.000000
vn -0.999743 -0.012301 -0.019024
vn -0.989021 -0.080242 -0.124093
vn -0.994936 -0.054577 -0.084403
vn 0.007536 -0.999950 -0.006631
vn 0.005283 -0.999898 -0.013288
vn 0.008117 -0.999955 -0.004914
vn 0.005902 -0.999917 -0.011458
vn 1.000000 0.000039 0.000250
vn 1.000000 0.000114 0.000066
vn 0.999999 -0.000300 0.001370
vn 1.000000 0.000020 -0.000293
vn 1.000000 0.000046 0.000033
vn 0.907565 -0.419349 0.021722
vn 0.646807 -0.761887 0.034183
vn 0.730468 -0.682905 -0.007533
vn 0.899268 -0.436953 -0.019728
vn 0.996142 -0.087657 0.004069
vn 1.000000 0.000020 -0.000013
vn 0.994808 -0.052899 -0.086937
vn 0.999810 -0.010123 -0.016637
vn 0.989234 -0.076071 -0.125017
vn -0.019572 -0.010876 -0.999749
vn -0.006915 -0.003843 -0.999969
vn 0.000000 -0.000000 -1.000000
vn -0.014639 -0.008135 -0.999860
vn 0.000000 0.000000 -1.000000
vn -0.762444 0.189326 0.618736
vn -0.859931 0.213534 0.463596
vn -0.823749 0.204549 0.528770
vn -0.933469 0.231794 0.273690
vn -0.762441 0.189323 0.618741
vn -0.859932 0.213531 0.463596
vn -0.823748 0.204546 0.528772
vn -0.933472 0.231792 0.273682
vn -0.762444 0.189326 0.618736
vn -0.859932 0.213534 0.463596
vn -0.823749 0.204549 0.528770
vn -0.933469 0.231794 0.273691
vn 0.678097 -0.733799 0.041522
vn 0.607761 -0.793828 0.021542
vn 0.347097 -0.936827 -0.043355
vn 0.280777 -0.958012 -0.058116
vn -0.679759 0.726435 0.101092
vn -0.597032 0.798890 0.072991
vn -0.320865 0.947054 -0.011617
vn -0.212594 0.976240 -0.041948
vn 0.854740 0.514266 0.070360
vn 0.893121 0.446999 0.050274
vn 0.986078 0.162754 0.034083
vn 0.974525 0.224235 0.004465
vn 0.981835 0.171156 0.081885
vn 0.136403 -0.990108 0.032865
vn 0.226174 -0.972026 0.063335
vn -0.081601 -0.995837 -0.040626
vn -0.171957 -0.982551 -0.070879
vn -0.998874 -0.017995 0.043892
vn -0.999235 0.019575 0.033850
vn -0.991233 0.132083 0.003422
vn -0.986234 0.165261 -0.005654
vn -0.220030 0.973292 0.065491
vn -0.169800 0.984016 0.053671
vn 0.125610 0.987597 -0.094208
vn 0.062512 0.997567 -0.030862
vn 0.142377 0.977079 -0.158256
vn 0.960143 0.279504 -0.001860
vn 0.944706 0.327603 0.014374
vn 0.992044 0.112655 -0.056192
vn 0.986472 0.158580 -0.041531
vn 0.993087 -0.114411 -0.026242
vn 0.888570 -0.427958 0.165212
vn 0.967513 -0.246952 -0.054163
vn 0.934399 -0.355337 0.025203
vn 0.988458 -0.129259 -0.079008
vn -0.678341 0.734122 0.030300
vn -0.724246 0.689204 0.021595
vn -0.935826 0.341963 0.085391
vn -0.908503 0.321164 0.267351
vn -0.831345 0.216206 0.511978
vn 0.515317 -0.856441 0.030929
vn 0.477095 -0.878561 0.022605
vn 0.276074 -0.960953 -0.018785
vn 0.232145 -0.972296 -0.027361
vn -0.834770 -0.550124 0.022858
vn -0.801154 -0.597485 0.034110
vn -0.956997 -0.288123 -0.033778
vn -0.971681 -0.231990 -0.044900
vn -0.515271 0.856469 0.030933
vn -0.489706 0.871519 0.025347
vn -0.360722 0.932672 -0.001795
vn -0.336990 0.941485 -0.006617
vn 0.840648 0.540188 0.038817
vn 0.800511 0.596990 0.052771
vn 0.983702 0.174809 -0.042098
vn 0.968464 0.247690 -0.026979
vn -0.688303 -0.436782 0.579190
vn -0.753288 -0.044170 0.656206
vn -0.622986 -0.002615 0.782229
vn -0.622099 -0.002641 0.782934
vn -0.691464 -0.529956 0.490942
vn -0.707664 -0.000112 0.706549
vn -0.696134 -0.211924 0.685919
vn 0.785467 -0.277660 0.553124
vn 0.705239 -0.072756 0.705227
vn 0.619785 -0.002709 0.784767
vn 0.727284 -0.092131 0.680125
vn 0.801153 -0.310757 0.511454
vn 0.618856 -0.002737 0.785500
vn 0.706372 -0.000024 0.707841
vn -0.265987 0.924309 0.273687
vn -0.257884 0.933667 0.248520
vn -0.263733 0.927010 0.266642
vn -0.251866 0.940010 0.230098
vn 0.667469 0.692517 0.273689
vn 0.679627 0.690179 0.248517
vn 0.670935 0.691916 0.266643
vn 0.688131 0.688138 0.230091
vn 0.667482 0.692508 0.273680
vn 0.679637 0.690170 0.248513
vn 0.670947 0.691907 0.266636
vn 0.688139 0.688130 0.230092
vn -0.136103 -0.653588 0.744513
vn -0.247657 -0.766126 0.593057
vn -0.168860 -0.689187 0.704633
vn -0.273111 -0.788041 0.551726
vn 0.667469 0.692517 0.273689
vn 0.679627 0.690179 0.248517
vn 0.670936 0.691915 0.266643
vn 0.688131 0.688138 0.230092
vn 0.000000 1.000000 0.000000
vn 0.000000 1.000000 0.000000
vn 0.000000 1.000000 0.000000
vn 0.000000 1.000000 0.000000
vn 0.000000 1.000000 0.000000
vn 0.000000 1.000000 0.000000
vn 0.000000 1.000000 0.000000
vn 0.000000 1.000000 0.000000
vn 0.000000 1.000000 0.000000
vn 0.000000 1.000000 0.000000
vn 0.000000 1.000000 0.000000
vn 0.000000 1.000000 0.000000
vn -0.447873 -0.096380 0.888887
vn -0.447873 -0.096380 0.888887
vn -0.447873 -0.096380 0.888887
vn 0.787878 0.331706 0.518864
vn 0.787878 0.331706 0.518864
vn 0.787878 0.331706 0.518864
vn -0.344686 0.928646 0.137144
vn -0.344686 0.928646 0.137144
vn -0.344686 0.928646 0.137144
vn -0.385859 -0.111046 0.915850
vn -0.385859 -0.111046 0.915850
vn -0.385859 -0.111046 0.915850
vn -0.170051 -0.133020 0.976416
vn -0.170051 -0.133020 0.976416
vn -0.170051 -0.133020 0.976416
vn -0.067309 -0.621602 0.780436
vn -0.067309 -0.621602 0.780436
vn -0.067309 -0.621602 0.780436
vn -0.091901 -0.170356 0.981088
vn -0.091901 -0.170356 0.981088
vn -0.091901 -0.170356 0.981088
vn -0.394315 0.634565 0.664713
vn -0.394315 0.634565 0.664713
vn -0.394315 0.634565 0.664713
vn -0.574442 0.596087 0.560978
vn -0.574442 0.596087 0.560978
vn -0.574442 0.596087 0.560978
vn -0.870861 0.419985 0.255369
vn -0.870861 0.419985 0.255369
vn -0.870861 0.419985 0.255369
vn -0.338729 0.633893 0.695300
vn -0.338729 0.633893 0.695300
vn -0.338729 0.633893 0.695300
vn -0.076988 -0.243811 -0.966762
vn -0.076988 -0.243811 -0.966762
vn -0.076988 -0.243811 -0.966762
vn -0.098932 -0.143556 -0.984685
vn -0.098932 -0.143556 -0.984685
vn -0.098932 -0.143556 -0.984685
vn -0.478586 -0.121669 -0.869570
vn -0.478586 -0.121669 -0.869570
vn -0.478586 -0.121669 -0.869570
vn -0.189877 0.462122 0.866250
vn -0.189877 0.462122 0.866250
vn -0.189877 0.462122 0.866250
vn 0.000000 -0.000001 -1.000000
vn 0.000000 -0.000001 -1.000000
vn 0.000000 -0.000001 -1.000000
vn -0.026176 0.000000 -0.999657
vn -0.026176 0.000000 -0.999657
vn -0.026176 0.000000 -0.999657
vn -0.017456 0.999848 0.000000
vn -0.017456 0.999848 0.000000
vn -0.017456 0.999848 0.000000
vn -0.195464 0.202971 0.959477
vn -0.195464 0.202971 0.959477
vn -0.195464 0.202971 0.959477
vn -0.730911 -0.038442 0.681390
vn -0.730911 -0.038442 0.681390
vn -0.730911 -0.038442 0.681390
vn -0.979129 0.011448 -0.202918
vn -0.979129 0.011448 -0.202918
vn -0.979129 0.011448 -0.202918
vn -0.027849 0.000072 0.999612
vn -0.027849 0.000072 0.999612
vn -0.027849 0.000072 0.999612
vn -0.394069 -0.001187 -0.919080
vn -0.394069 -0.001187 -0.919080
vn -0.394069 -0.001187 -0.919080
vn -0.893217 0.007072 -0.449570
vn -0.893217 0.007072 -0.449570
vn -0.893217 0.007072 -0.449570
vn -0.972937 0.003761 0.231041
vn -0.972937 0.003761 0.231041
vn -0.972937 0.003761 0.231041
vn -0.893239 0.000522 0.449581
vn -0.893239 0.000522 0.449581
vn -0.893239 0.000522 0.449581
vn -0.595754 -0.000748 0.803167
vn -0.595754 -0.000748 0.803167
vn -0.595754 -0.000748 0.803167
vn -0.765200 -0.001637 0.643791
vn -0.765200 -0.001637 0.643791
vn -0.765200 -0.001637 0.643791
vn -0.394056 0.008507 0.919047
vn -0.394056 0.008507 0.919047
vn -0.394056 0.008507 0.919047
vn -0.179648 0.008752 0.983692
vn -0.179648 0.008752 0.983692
vn -0.179648 0.008752 0.983692
vn -0.027664 -0.003777 -0.999610
vn -0.027664 -0.003777 -0.999610
vn -0.027664 -0.003777 -0.999610
vn -0.171054 0.009630 -0.985215
vn -0.171054 0.009630 -0.985215
vn -0.171054 0.009630 -0.985215
vn -1.000000 0.000000 0.000000
vn -1.000000 0.000000 0.000000
vn -1.000000 0.000000 0.000000
vn 0.000038 -0.000076 -1.000000
vn 0.000038 -0.000076 -1.000000
vn 0.000038 -0.000076 -1.000000
vn -0.287802 0.957652 -0.008563
vn -0.287802 0.957652 -0.008563
vn -0.287802 0.957652 -0.008563
vn -1.000000 -0.000407 -0.000049
vn -1.000000 -0.000407 -0.000049
vn -1.000000 -0.000407 -0.000049
vn -1.000000 0.000000 0.000000
vn -1.000000 0.000000 0.000000
vn -1.000000 0.000000 0.000000
vn -0.999997 0.001215 0.002208
vn -0.999997 0.001215 0.002208
vn -0.999997 0.001215 0.002208
vn 0.991647 -0.069424 -0.108705
vn 0.991647 -0.069424 -0.108705
vn 0.991647 -0.069424 -0.108705
vn 0.936200 -0.115912 -0.331805
vn 0.936200 -0.115912 -0.331805
vn 0.936200 -0.115912 -0.331805
vn -0.289088 0.430242 0.855173
vn -0.289088 0.430242 0.855173
vn -0.289088 0.430242 0.855173
vn -0.583009 0.177063 -0.792937
vn -0.583009 0.177063 -0.792937
vn -0.583009 0.177063 -0.792937
vn -0.141291 -0.930106 0.339027
vn -0.141291 -0.930106 0.339027
vn -0.141291 -0.930106 0.339027
vn -0.136483 -0.324629 -0.935943
vn -0.136483 -0.324629 -0.935943
vn -0.136483 -0.324629 -0.935943
vn -0.769825 -0.622514 0.140878
vn -0.769825 -0.622514 0.140878
vn -0.769825 -0.622514 0.140878
vn -0.417973 -0.079405 -0.904982
vn -0.417973 -0.079405 -0.904982
vn -0.417973 -0.079405 -0.904982
vn -0.922159 0.165611 0.349566
vn -0.922159 0.165611 0.349566
vn -0.922159 0.165611 0.349566
vn -0.831072 0.547245 0.099206
vn -0.831072 0.547245 0.099206
vn -0.831072 0.547245 0.099206
vn 0.580204 0.606870 -0.543206
vn 0.580204 0.606870 -0.543206
vn 0.580204 0.606870 -0.543206
vn 0.892684 -0.396465 0.214316
vn 0.892684 -0.396465 0.214316
vn 0.892684 -0.396465 0.214316
vn 0.625217 0.270608 -0.732035
vn 0.625217 0.270608 -0.732035
vn 0.625217 0.270608 -0.732035
vn 0.443630 -0.889859 0.106507
vn 0.443630 -0.889859 0.106507
vn 0.443630 -0.889859 0.106507
vn 0.897206 0.287630 0.335098
vn 0.897206 0.287630 0.335098
vn 0.897206 0.287630 0.335098
vn -0.232582 0.233725 -0.944075
vn -0.232582 0.233725 -0.944075
vn -0.232582 0.233725 -0.944075
vn -0.999527 0.012860 -0.027926
vn -0.999527 0.012860 -0.027926
vn -0.999527 0.012860 -0.027926
vn -0.999898 0.008898 0.011216
vn -0.999898 0.008898 0.011216
vn -0.999898 0.008898 0.011216
vn 0.290296 -0.937060 0.194030
vn 0.290296 -0.937060 0.194030
vn 0.290296 -0.937060 0.194030
vn 0.605161 0.760604 -0.235079
vn 0.605161 0.760604 -0.235079
vn 0.605161 0.760604 -0.235079
vn 0.268688 0.422549 0.865598
vn 0.268688 0.422549 0.865598
vn 0.268688 0.422549 0.865598
vn -0.086454 -0.008166 -0.996222
vn -0.086454 -0.008166 -0.996222
vn -0.086454 -0.008166 -0.996222
vn 0.619583 -0.739135 -0.264189
vn 0.619583 -0.739135 -0.264189
vn 0.619583 -0.739135 -0.264189
vn -0.377325 0.589007 -0.714630
vn -0.377325 0.589007 -0.714630
vn -0.377325 0.589007 -0.714630
vn 0.490832 0.748402 -0.446069
vn 0.490832 0.748402 -0.446069
vn 0.490832 0.748402 -0.446069
vn -0.319251 0.947490 -0.018461
vn -0.319251 0.947490 -0.018461
vn -0.319251 0.947490 -0.018461
vn 0.461704 0.863566 0.202691
vn 0.461704 0.863566 0.202691
vn 0.461704 0.863566 0.202691
vn -0.500087 0.592562 0.631493
vn -0.500087 0.592562 0.631493
vn -0.500087 0.592562 0.631493
vn 0.400506 0.232525 0.886300
vn 0.400506 0.232525 0.886300
vn 0.400506 0.232525 0.886300
vn 0.177101 -0.154188 0.972040
vn 0.177101 -0.154188 0.972040
vn 0.177101 -0.154188 0.972040
vn 0.790687 -0.161856 -0.590438
vn 0.790687 -0.161856 -0.590438
vn 0.790687 -0.161856 -0.590438
vn 0.790680 -0.161850 -0.590448
vn 0.790680 -0.161850 -0.590448
vn 0.790680 -0.161850 -0.590448
vn 0.367957 0.653034 -0.661932
vn 0.367957 0.653034 -0.661932
vn 0.367957 0.653034 -0.661932
vn 0.836341 0.475458 0.272899
vn 0.836341 0.475458 0.272899
vn 0.836341 0.475458 0.272899
vn 0.912549 0.321700 0.252514
vn 0.912549 0.321700 0.252514
vn 0.912549 0.321700 0.252514
vn -1.000000 0.000000 0.000000
vn -1.000000 0.000000 0.000000
vn -1.000000 0.000000 0.000000
vn 0.386315 0.199615 -0.900508
vn 0.386315 0.199615 -0.900508
vn 0.386315 0.199615 -0.900508
vn 0.017452 0.999848 0.000000
vn 0.017452 0.999848 0.000000
vn 0.017452 0.999848 0.000000
vn 0.000000 1.000000 0.000000
vn 0.000000 1.000000 0.000000
vn 0.000000 1.000000 0.000000
vn 0.005236 -0.009622 0.999940
vn 0.005236 -0.009622 0.999940
vn 0.005236 -0.009622 0.999940
vn 0.470220 0.003782 0.882541
vn 0.470220 0.003782 0.882541
vn 0.470220 0.003782 0.882541
vn 0.666714 0.008194 0.745269
vn 0.666714 0.008194 0.745269
vn 0.666714 0.008194 0.745269
vn 0.824919 0.007512 0.565200
vn 0.824919 0.007512 0.565200
vn 0.824919 0.007512 0.565200
vn 0.992767 0.007137 0.119847
vn 0.992767 0.007137 0.119847
vn 0.992767 0.007137 0.119847
vn 0.935749 0.000857 -0.352665
vn 0.935749 0.000857 -0.352665
vn 0.935749 0.000857 -0.352665
vn 0.666716 0.007959 -0.745269
vn 0.666716 0.007959 -0.745269
vn 0.666716 0.007959 -0.745269
vn 0.824938 -0.003169 -0.565215
vn 0.824938 -0.003169 -0.565215
vn 0.824938 -0.003169 -0.565215
vn 0.468536 0.008072 -0.883407
vn 0.468536 0.008072 -0.883407
vn 0.468536 0.008072 -0.883407
vn 0.213897 0.004700 -0.976845
vn 0.213897 0.004700 -0.976845
vn 0.213897 0.004700 -0.976845
vn 0.049463 -0.006094 -0.998757
vn 0.049463 -0.006094 -0.998757
vn 0.049463 -0.006094 -0.998757
vn 0.994716 -0.003980 -0.102592
vn 0.994716 -0.003980 -0.102592
vn 0.994716 -0.003980 -0.102592
vn 1.000000 0.000000 0.000000
vn 1.000000 0.000000 0.000000
vn 1.000000 0.000000 0.000000
vn 0.079913 -0.614925 0.784526
vn 0.079913 -0.614925 0.784526
vn 0.079913 -0.614925 0.784526
vn 0.999984 0.005582 0.000879
vn 0.999984 0.005582 0.000879
vn 0.999984 0.005582 0.000879
vn 0.999996 -0.002123 0.001836
vn 0.999996 -0.002123 0.001836
vn 0.999996 -0.002123 0.001836
vn 1.000000 -0.000161 0.000428
vn 1.000000 -0.000161 0.000428
vn 1.000000 -0.000161 0.000428
vn 0.066308 -0.295842 0.952933
vn 0.066308 -0.295842 0.952933
vn 0.066308 -0.295842 0.952933
vn 0.722895 -0.684067 -0.097338
vn 0.722895 -0.684067 -0.097338
vn 0.722895 -0.684067 -0.097338
vn -0.436477 -0.891668 0.120065
vn -0.436477 -0.891668 0.120065
vn -0.436477 -0.891668 0.120065
vn -0.062914 -0.005337 0.998005
vn -0.062914 -0.005337 0.998005
vn -0.062914 -0.005337 0.998005
vn 0.382815 -0.346520 0.856374
vn 0.382815 -0.346520 0.856374
vn 0.382815 -0.346520 0.856374
vn 0.023581 0.398097 -0.917040
vn 0.023581 0.398097 -0.917040
vn 0.023581 0.398097 -0.917040
vn 0.416563 0.115378 -0.901756
vn 0.416563 0.115378 -0.901756
vn 0.416563 0.115378 -0.901756
vn 0.511099 -0.847439 0.143611
vn 0.511099 -0.847439 0.143611
vn 0.511099 -0.847439 0.143611
vn -0.851279 0.009464 0.524628
vn -0.851279 0.009464 0.524628
vn -0.851279 0.009464 0.524628
vn 0.436835 0.662973 -0.607981
vn 0.436835 0.662973 -0.607981
vn 0.436835 0.662973 -0.607981
vn 0.999207 -0.038795 0.008993
vn 0.999207 -0.038795 0.008993
vn 0.999207 -0.038795 0.008993
vn 0.588225 0.778979 -0.217216
vn 0.588225 0.778979 -0.217216
vn 0.588225 0.778979 -0.217216
vn 0.983436 -0.181235 -0.002723
vn 0.983436 -0.181235 -0.002723
vn 0.983436 -0.181235 -0.002723
vn -0.725082 0.151789 -0.671727
vn -0.725082 0.151789 -0.671727
vn -0.725082 0.151789 -0.671727
vn 0.942807 -0.326934 -0.065028
vn 0.942807 -0.326934 -0.065028
vn 0.942807 -0.326934 -0.065028
vn 0.284550 -0.956199 0.068666
vn 0.284550 -0.956199 0.068666
vn 0.284550 -0.956199 0.068666
vn -0.326947 -0.942802 -0.065031
vn -0.326947 -0.942802 -0.065031
vn -0.326947 -0.942802 -0.065031
vn -0.956203 -0.284536 0.068663
vn -0.956203 -0.284536 0.068663
vn -0.956203 -0.284536 0.068663
vn -0.942804 0.326943 -0.065026
vn -0.942804 0.326943 -0.065026
vn -0.942804 0.326943 -0.065026
vn -0.284549 0.956199 0.068665
vn -0.284549 0.956199 0.068665
vn -0.284549 0.956199 0.068665
vn 0.326946 0.942803 -0.065030
vn 0.326946 0.942803 -0.065030
vn 0.326946 0.942803 -0.065030
vn 0.956201 0.284545 0.068662
vn 0.956201 0.284545 0.068662
vn 0.956201 0.284545 0.068662
vn -0.887625 0.278113 -0.367117
vn -0.887625 0.278113 -0.367117
vn -0.887625 0.278113 -0.367117
vn -0.536464 -0.159639 -0.828687
vn -0.536464 -0.159639 -0.828687
vn -0.536464 -0.159639 -0.828687
vn -0.550705 -0.772820 -0.315394
vn -0.550705 -0.772820 -0.315394
vn -0.550705 -0.772820 -0.315394
vn 0.232461 -0.457223 -0.858434
vn 0.232461 -0.457223 -0.858434
vn 0.232461 -0.457223 -0.858434
vn 0.538113 0.053756 -0.841157
vn 0.538113 0.053756 -0.841157
vn 0.538113 0.053756 -0.841157
vn 0.184284 0.959273 -0.214089
vn 0.184284 0.959273 -0.214089
vn 0.184284 0.959273 -0.214089
vn -0.159432 0.535773 -0.829174
vn -0.159432 0.535773 -0.829174
vn -0.159432 0.535773 -0.829174
vn -0.006854 -0.006115 0.999958
vn -0.006854 -0.006115 0.999958
vn -0.006854 -0.006115 0.999958
vn 0.000028 1.000000 0.000000
vn 0.000028 1.000000 0.000000
vn 0.000028 1.000000 0.000000
vn -0.044041 -0.998718 -0.024937
vn -0.044041 -0.998718 -0.024937
vn -0.044041 -0.998718 -0.024937
vn -0.761558 0.049229 -0.646224
vn -0.761558 0.049229 -0.646224
vn -0.761558 0.049229 -0.646224
vn 0.897265 0.253750 -0.361285
vn 0.897265 0.253750 -0.361285
vn 0.897265 0.253750 -0.361285
vn -0.718540 0.051662 -0.693564
vn -0.718540 0.051662 -0.693564
vn -0.718540 0.051662 -0.693564
vn 0.680039 0.044262 -0.731839
vn 0.680039 0.044262 -0.731839
vn 0.680039 0.044262 -0.731839
vn -0.810830 0.066079 -0.581539
vn -0.810830 0.066079 -0.581539
vn -0.810830 0.066079 -0.581539
vn 0.757090 0.046924 -0.651623
vn 0.757090 0.046924 -0.651623
vn 0.757090 0.046924 -0.651623
vn 0.569767 -0.614264 -0.545935
vn 0.569767 -0.614264 -0.545935
vn 0.569767 -0.614264 -0.545935
vn -1.000000 0.000000 0.000000
vn -1.000000 0.000000 0.000000
vn -1.000000 0.000000 0.000000
vn -0.996649 0.066270 0.047942
vn -0.996649 0.066270 0.047942
vn -0.996649 0.066270 0.047942
vn 0.003651 -0.003331 -0.999988
vn 0.003651 -0.003331 -0.999988
vn 0.003651 -0.003331 -0.999988
vn 0.762441 -0.189323 0.618741
vn 0.762441 -0.189323 0.618741
vn 0.762441 -0.189323 0.618741
vn 0.762444 -0.189326 0.618736
vn 0.762444 -0.189326 0.618736
vn 0.762444 -0.189326 0.618736
vn 0.762441 -0.189322 0.618741
vn 0.762441 -0.189322 0.618741
vn 0.762441 -0.189322 0.618741
vn 0.762444 -0.189326 0.618736
vn 0.762444 -0.189326 0.618736
vn 0.762444 -0.189326 0.618736
vn 0.762441 -0.189322 0.618741
vn 0.762441 -0.189322 0.618741
vn 0.762441 -0.189322 0.618741
vn -0.651834 -0.753182 0.088479
vn -0.651834 -0.753182 0.088479
vn -0.651834 -0.753182 0.088479
vn -0.977456 -0.205864 -0.046904
vn -0.977456 -0.205864 -0.046904
vn -0.977456 -0.205864 -0.046904
vn 0.433888 -0.900245 0.036053
vn 0.433888 -0.900245 0.036053
vn 0.433888 -0.900245 0.036053
vn -0.375071 -0.926671 -0.024543
vn -0.375071 -0.926671 -0.024543
vn -0.375071 -0.926671 -0.024543
vn -0.909550 -0.411667 0.056994
vn -0.909550 -0.411667 0.056994
vn -0.909550 -0.411667 0.056994
vn 0.155730 0.987294 -0.031612
vn 0.155730 0.987294 -0.031612
vn 0.155730 0.987294 -0.031612
vn 0.727726 0.680990 0.081658
vn 0.727726 0.680990 0.081658
vn 0.727726 0.680990 0.081658
vn 0.762444 -0.189326 0.618736
vn 0.762444 -0.189326 0.618736
vn 0.762444 -0.189326 0.618736
vn 0.352138 0.682965 0.639967
vn 0.352138 0.682965 0.639967
vn 0.352138 0.682965 0.639967
vn 0.702326 0.001522 0.711854
vn 0.702326 0.001522 0.711854
vn 0.702326 0.001522 0.711854
vn 0.940010 -0.251875 0.230086
vn 0.940010 -0.251875 0.230086
vn 0.940010 -0.251875 0.230086
vn 0.253449 0.945919 -0.202488
vn 0.253449 0.945919 -0.202488
vn 0.253449 0.945919 -0.202488
vn 0.688139 0.688130 0.230092
vn 0.688139 0.688130 0.230092
vn 0.688139 0.688130 0.230092
vn 0.940007 -0.251874 0.230102
vn 0.940007 -0.251874 0.230102
vn 0.940007 -0.251874 0.230102
vn -0.933472 0.231792 0.273682
vn -0.933472 0.231792 0.273682
vn -0.933472 0.231792 0.273682
vn -0.692457 0.692462 -0.202484
vn -0.692457 0.692462 -0.202484
vn -0.692457 0.692462 -0.202484
vn -0.266005 0.924304 0.273685
vn -0.266005 0.924304 0.273685
vn -0.266005 0.924304 0.273685
vn 0.628434 0.724817 0.282333
vn 0.628434 0.724817 0.282333
vn 0.628434 0.724817 0.282333
vn -0.692463 0.692454 -0.202490
vn -0.692463 0.692454 -0.202490
vn -0.692463 0.692454 -0.202490
vn -0.265987 0.924309 0.273686
vn -0.265987 0.924309 0.273686
vn -0.265987 0.924309 0.273686
vn 0.688139 0.688130 0.230092
vn 0.688139 0.688130 0.230092
vn 0.688139 0.688130 0.230092
vn -0.667480 -0.692509 0.273682
vn -0.667480 -0.692509 0.273682
vn -0.667480 -0.692509 0.273682
vn -0.692456 0.692463 -0.202484
vn -0.692456 0.692463 -0.202484
vn -0.692456 0.692463 -0.202484
vn -0.266005 0.924304 0.273685
vn -0.266005 0.924304 0.273685
vn -0.266005 0.924304 0.273685
vn -0.692463 0.692454 -0.202490
vn -0.692463 0.692454 -0.202490
vn -0.692463 0.692454 -0.202490
vn -0.265987 0.924309 0.273686
vn -0.265987 0.924309 0.273686
vn -0.265987 0.924309 0.273686
vn 0.253449 0.945919 -0.202488
vn 0.253449 0.945919 -0.202488
vn 0.253449 0.945919 -0.202488
vn 0.019711 -0.569770 0.821568
vn 0.019711 -0.569770 0.821568
vn 0.019711 -0.569770 0.821568
vn -0.381575 -0.080366 0.920838
vn -0.381575 -0.080366 0.920838
vn -0.381575 -0.080366 0.920838
vn -0.062152 0.362947 0.929735
vn -0.062152 0.362947 0.929735
vn -0.062152 0.362947 0.929735
vn -0.740810 0.263093 0.618048
vn -0.740810 0.263093 0.618048
vn -0.740810 0.263093 0.618048
vn 0.520542 0.082923 0.849800
vn 0.520542 0.082923 0.849800
vn 0.520542 0.082923 0.849800
vn 0.913085 -0.317247 0.256183
vn 0.913085 -0.317247 0.256183
vn 0.913085 -0.317247 0.256183
vn -0.051661 -0.317849 0.946733
vn -0.051661 -0.317849 0.946733
vn -0.051661 -0.317849 0.946733
vn 0.265954 0.740628 0.617040
vn 0.265954 0.740628 0.617040
vn 0.265954 0.740628 0.617040
vn 0.125544 -0.525794 0.841296
vn 0.125544 -0.525794 0.841296
vn 0.125544 -0.525794 0.841296
vn -0.323775 -0.931562 0.165412
vn -0.323775 -0.931562 0.165412
vn -0.323775 -0.931562 0.165412
vn -0.525174 -0.125383 0.841707
vn -0.525174 -0.125383 0.841707
vn -0.525174 -0.125383 0.841707
vn -0.931880 0.321876 0.167321
vn -0.931880 0.321876 0.167321
vn -0.931880 0.321876 0.167321
vn 0.071193 0.494170 0.866446
vn 0.071193 0.494170 0.866446
vn 0.071193 0.494170 0.866446
vn 0.350418 0.296899 0.888290
vn 0.350418 0.296899 0.888290
vn 0.350418 0.296899 0.888290
vn 0.863331 -0.393926 0.315407
vn 0.863331 -0.393926 0.315407
vn 0.863331 -0.393926 0.315407
vn 0.940008 -0.251874 0.230098
vn 0.940008 -0.251874 0.230098
vn 0.940008 -0.251874 0.230098
vn 0.692463 -0.692454 -0.202490
vn 0.692463 -0.692454 -0.202490
vn 0.692463 -0.692454 -0.202490
vn 0.265988 -0.924307 0.273690
vn 0.265988 -0.924307 0.273690
vn 0.265988 -0.924307 0.273690
vn -0.963768 0.239314 0.117809
vn -0.963768 0.239314 0.117809
vn -0.963768 0.239314 0.117809
vn -0.274638 0.954303 0.117810
vn -0.274638 0.954303 0.117810
vn -0.274638 0.954303 0.117810
vn 0.253464 0.945915 -0.202485
vn 0.253464 0.945915 -0.202485
vn 0.253464 0.945915 -0.202485
f 25/1/25 2/2/2 26/3/26
f 2/2/2 10/4/10 15/5/15
f 2/2/2 18/6/18 17/7/17
f 1/8/1 2/2/2 3/9/3
f 2/2/2 16/10/16 21/11/21
f 2/2/2 19/12/19 24/13/24
f 2/2/2 24/13/24 23/14/23
f 22/15/22 2/2/2 23/14/23
f 2/2/2 29/16/29 28/17/28
f 3/9/3 2/2/2 28/17/28
f 2/2/2 22/15/22 27/18/27
f 2/2/2 25/1/25 29/16/29
f 2/2/2 27/18/27 26/3/26
f 2/2/2 21/11/21 20/19/20
f 19/12/19 2/2/2 20/19/20
f 2/2/2 13/20/13 18/6/18
f 2/2/2 12/21/12 11/22/11
f 10/4/10 2/2/2 11/22/11
f 2/2/2 4/23/4 9/24/9
f 2/2/2 9/24/9 8/25/8
f 13/20/13 2/2/2 14/26/14
f 2/2/2 15/5/15 14/26/14
f 2/2/2 7/27/7 12/21/12
f 16/10/16 2/2/2 17/7/17
f 7/27/7 2/2/2 8/25/8
f 2/2/2 1/8/1 6/28/6
f 2/2/2 6/28/6 5/29/5
f 4/23/4 2/2/2 5/29/5
f 60/30/60 61/31/61 32/32/32
f 61/31/61 37/33/37 32/32/32
f 61/31/61 62/34/62 37/33/37
f 62/34/62 36/35/36 37/33/37
f 67/36/67 43/37/43 38/38/38
f 68/39/68 42/40/42 43/37/43
f 67/36/67 68/39/68 43/37/43
f 71/41/71 45/42/45 46/43/46
f 78/44/78 79/45/79 50/46/50
f 79/45/79 55/47/55 50/46/50
f 79/48/79 80/49/80 55/50/55
f 80/49/80 54/51/54 55/50/55
f 80/49/80 81/52/81 54/51/54
f 81/52/81 53/53/53 54/51/54
f 81/52/81 82/54/82 53/53/53
f 82/54/82 57/55/57 53/53/53
f 82/54/82 83/56/83 57/55/57
f 83/56/83 56/57/56 57/55/57
f 83/56/83 84/58/84 56/57/56
f 84/58/84 31/59/31 56/57/56
f 84/58/84 85/60/85 31/59/31
f 85/60/85 30/61/30 31/59/31
f 85/62/85 58/63/58 30/64/30
f 58/63/58 34/65/34 30/64/30
f 76/66/76 77/67/77 52/68/52
f 58/69/58 59/70/59 34/71/34
f 59/70/59 33/72/33 34/71/34
f 59/70/59 60/30/60 33/72/33
f 66/73/66 38/38/38 39/74/39
f 65/75/65 66/73/66 39/74/39
f 65/76/65 39/77/39 40/78/40
f 64/79/64 65/76/65 40/78/40
f 64/80/64 40/81/40 35/82/35
f 63/83/63 64/80/64 35/82/35
f 63/83/63 35/82/35 36/35/36
f 62/34/62 63/83/63 36/35/36
f 60/30/60 32/32/32 33/72/33
f 71/84/71 72/85/72 45/86/45
f 72/85/72 44/87/44 45/86/45
f 72/88/72 73/89/73 44/90/44
f 73/89/73 49/91/49 44/90/44
f 73/89/73 74/92/74 49/91/49
f 74/92/74 48/93/48 49/91/49
f 74/92/74 75/94/75 48/93/48
f 70/95/70 71/41/71 46/43/46
f 70/95/70 46/43/46 41/96/41
f 69/97/69 70/95/70 41/96/41
f 69/97/69 41/96/41 42/40/42
f 68/39/68 69/97/69 42/40/42
f 78/98/78 50/99/50 51/100/51
f 77/67/77 51/100/51 52/68/52
f 77/67/77 78/98/78 51/100/51
f 66/73/66 67/36/67 38/38/38
f 75/94/75 47/101/47 48/93/48
f 75/94/75 76/66/76 47/101/47
f 76/66/76 52/68/52 47/101/47
f 100/102/100 99/103/99 114/104/114
f 99/103/99 115/105/115 114/104/114
f 99/103/99 98/106/98 115/105/115
f 98/106/98 116/107/116 115/105/115
f 98/106/98 97/108/97 116/107/116
f 97/109/97 117/110/117 116/111/116
f 97/109/97 96/112/96 117/110/117
f 96/112/96 118/113/118 117/110/117
f 96/112/96 95/114/95 118/113/118
f 95/114/95 119/115/119 118/113/118
f 95/114/95 94/116/94 119/115/119
f 94/116/94 120/117/120 119/115/119
f 94/116/94 93/118/93 120/117/120
f 93/118/93 121/119/121 120/117/120
f 93/118/93 92/120/92 121/119/121
f 92/120/92 122/121/122 121/119/121
f 92/120/92 91/122/91 122/121/122
f 91/122/91 123/123/123 122/121/122
f 91/122/91 90/124/90 123/123/123
f 90/124/90 124/125/124 123/123/123
f 90/124/90 89/126/89 124/125/124
f 89/127/89 125/128/125 124/129/124
f 89/127/89 88/130/88 125/128/125
f 88/130/88 126/131/126 125/128/125
f 88/130/88 87/132/87 126/131/126
f 87/132/87 127/133/127 126/131/126
f 87/132/87 86/134/86 127/133/127
f 86/134/86 128/135/128 127/133/127
f 86/134/86 113/136/113 128/135/128
f 113/136/113 129/137/129 128/135/128
f 113/136/113 112/138/112 129/137/129
f 112/138/112 130/139/130 129/137/129
f 112/138/112 111/140/111 130/139/130
f 111/141/111 131/142/131 130/143/130
f 111/141/111 110/144/110 131/142/131
f 110/144/110 132/145/132 131/142/131
f 110/144/110 109/146/109 132/145/132
f 109/146/109 133/147/133 132/145/132
f 109/146/109 108/148/108 133/147/133
f 108/148/108 134/149/134 133/147/133
f 108/148/108 107/150/107 134/149/134
f 107/150/107 135/151/135 134/149/134
f 107/150/107 106/152/106 135/151/135
f 106/152/106 136/153/136 135/151/135
f 102/154/102 140/155/140 139/156/139
f 103/157/103 102/154/102 139/156/139
f 103/157/103 139/156/139 138/158/138
f 104/159/104 103/160/103 138/161/138
f 100/102/100 114/104/114 141/162/141
f 101/163/101 100/102/100 141/162/141
f 101/163/101 141/162/141 140/155/140
f 102/154/102 101/163/101 140/155/140
f 104/159/104 138/161/138 137/164/137
f 105/165/105 104/159/104 137/164/137
f 105/165/105 137/164/137 136/153/136
f 106/152/106 105/165/105 136/153/136
f 149/166/149 199/167/199 198/168/198
f 148/169/148 149/166/149 198/168/198
f 148/169/148 198/168/198 197/170/197
f 147/171/147 148/169/148 197/170/197
f 163/172/163 190/173/190 189/174/189
f 162/175/162 163/172/163 189/174/189
f 162/175/162 189/174/189 188/176/188
f 161/177/161 162/175/162 188/176/188
f 147/171/147 197/170/197 196/178/196
f 146/179/146 147/171/147 196/178/196
f 156/180/156 178/181/178 195/182/195
f 156/180/156 195/182/195 194/183/194
f 155/184/155 156/180/156 194/183/194
f 155/184/155 194/183/194 193/185/193
f 154/186/154 155/184/155 193/185/193
f 154/186/154 193/185/193 192/187/192
f 153/188/153 154/186/154 192/187/192
f 153/188/153 192/187/192 191/189/191
f 185/190/185 153/188/153 191/189/191
f 163/172/163 173/191/173 190/173/190
f 159/192/159 181/193/181 180/194/180
f 158/195/158 159/192/159 180/194/180
f 158/195/158 180/194/180 179/196/179
f 157/197/157 158/195/158 179/196/179
f 157/197/157 179/196/179 178/181/178
f 156/180/156 157/197/157 178/181/178
f 167/198/167 170/199/170 177/200/177
f 167/198/167 177/200/177 176/201/176
f 166/202/166 167/198/167 176/201/176
f 166/202/166 176/201/176 175/203/175
f 165/204/165 166/202/166 175/203/175
f 165/204/165 175/203/175 174/205/174
f 164/206/164 165/204/165 174/205/174
f 164/206/164 174/205/174 173/191/173
f 163/172/163 164/206/164 173/191/173
f 169/207/169 142/208/142 172/209/172
f 169/207/169 172/209/172 171/210/171
f 168/211/168 169/207/169 171/210/171
f 168/211/168 171/210/171 170/199/170
f 167/198/167 168/211/168 170/199/170
f 161/177/161 188/176/188 187/212/187
f 160/213/160 161/177/161 187/212/187
f 160/213/160 187/212/187 186/214/186
f 181/193/181 160/213/160 186/214/186
f 152/215/152 153/188/153 185/190/185
f 152/215/152 185/190/185 184/216/184
f 151/217/151 152/215/152 184/216/184
f 151/217/151 184/216/184 183/218/183
f 150/219/150 151/217/151 183/218/183
f 150/219/150 183/218/183 182/220/182
f 149/166/149 150/219/150 182/220/182
f 159/192/159 160/213/160 181/193/181
f 149/166/149 182/220/182 199/167/199
f 172/209/172 142/208/142 200/221/200
f 142/208/142 201/222/201 200/221/200
f 142/208/142 143/223/143 201/222/201
f 143/223/143 202/224/202 201/222/201
f 143/223/143 144/225/144 202/224/202
f 144/225/144 203/226/203 202/224/202
f 144/225/144 145/227/145 203/226/203
f 146/179/146 196/178/196 205/228/205
f 146/179/146 205/228/205 204/229/204
f 145/227/145 146/179/146 204/229/204
f 145/227/145 204/229/204 203/226/203
f 206/230/206 212/231/212 211/232/211
f 210/233/210 206/230/206 211/232/211
f 206/230/206 209/234/209 208/235/208
f 207/236/207 206/230/206 208/235/208
f 206/230/206 210/233/210 213/237/213
f 206/230/206 207/236/207 212/231/212
f 214/238/214 217/239/217 216/240/216
f 215/241/215 214/238/214 216/240/216
f 214/238/214 220/242/220 219/243/219
f 218/244/218 214/238/214 219/243/219
f 214/238/214 218/244/218 221/245/221
f 214/238/214 215/241/215 220/242/220
f 288/246/288 233/247/233 238/248/238
f 287/249/287 288/246/288 238/248/238
f 287/249/287 238/248/238 239/250/239
f 286/251/286 287/249/287 239/250/239
f 286/251/286 239/250/239 240/252/240
f 285/253/285 286/254/286 240/255/240
f 285/253/285 240/255/240 241/256/241
f 284/257/284 285/253/285 241/256/241
f 284/257/284 241/256/241 242/258/242
f 283/259/283 284/260/284 242/261/242
f 283/259/283 242/261/242 225/262/225
f 282/263/282 283/259/283 225/262/225
f 282/263/282 225/262/225 226/264/226
f 281/265/281 282/263/282 226/264/226
f 281/265/281 226/264/226 227/266/227
f 280/267/280 281/265/281 227/266/227
f 292/268/292 293/269/293 247/270/247
f 293/271/293 246/272/246 247/273/247
f 293/271/293 258/274/258 246/272/246
f 258/274/258 245/275/245 246/272/246
f 290/276/290 291/277/291 231/278/231
f 291/277/291 230/279/230 231/278/231
f 291/277/291 292/268/292 230/279/230
f 292/268/292 247/270/247 230/279/230
f 290/276/290 231/278/231 232/280/232
f 289/281/289 290/276/290 232/280/232
f 289/281/289 232/280/232 233/247/233
f 288/246/288 289/281/289 233/247/233
f 278/282/278 279/283/279 229/284/229
f 279/283/279 228/285/228 229/284/229
f 279/283/279 280/267/280 228/285/228
f 280/267/280 227/266/227 228/285/228
f 272/286/272 273/287/273 254/288/254
f 273/287/273 253/289/253 254/288/254
f 273/287/273 274/290/274 253/289/253
f 274/290/274 252/291/252 253/289/253
f 274/290/274 275/292/275 252/291/252
f 275/293/275 224/294/224 252/295/252
f 275/293/275 276/296/276 224/294/224
f 276/296/276 223/297/223 224/294/224
f 276/296/276 277/298/277 223/297/223
f 277/299/277 222/300/222 223/301/223
f 277/299/277 278/282/278 222/300/222
f 278/282/278 229/284/229 222/300/222
f 262/302/262 263/303/263 236/304/236
f 263/303/263 235/305/235 236/304/236
f 263/303/263 264/306/264 235/305/235
f 264/306/264 234/307/234 235/305/235
f 264/306/264 265/308/265 234/307/234
f 265/308/265 251/309/251 234/307/234
f 265/308/265 266/310/266 251/309/251
f 266/311/266 250/312/250 251/313/251
f 266/311/266 267/314/267 250/312/250
f 267/314/267 249/315/249 250/312/250
f 267/314/267 268/316/268 249/315/249
f 268/317/268 248/318/248 249/319/249
f 268/317/268 269/320/269 248/318/248
f 269/320/269 257/321/257 248/318/248
f 269/320/269 270/322/270 257/321/257
f 270/322/270 256/323/256 257/321/257
f 270/322/270 271/324/271 256/323/256
f 271/324/271 255/325/255 256/323/256
f 271/324/271 272/286/272 255/325/255
f 272/286/272 254/288/254 255/325/255
f 260/326/260 261/327/261 243/328/243
f 261/327/261 237/329/237 243/328/243
f 261/327/261 262/302/262 237/329/237
f 262/302/262 236/304/236 237/329/237
f 258/274/258 259/330/259 245/275/245
f 259/331/259 244/332/244 245/333/245
f 259/331/259 260/326/260 244/332/244
f 260/326/260 243/328/243 244/332/244
f 297/334/297 294/335/294 295/336/295
f 300/337/300 297/334/297 295/336/295
f 300/337/300 295/336/295 296/338/296
f 299/339/299 300/340/300 296/341/296
f 297/334/297 298/342/298 294/335/294
f 306/343/306 307/344/307 304/345/304
f 306/343/306 304/345/304 301/346/301
f 305/347/305 306/348/306 301/349/301
f 308/350/308 302/351/302 303/352/303
f 307/344/307 303/353/303 304/345/304
f 307/344/307 308/354/308 303/353/303
f 322/355/322 326/356/326 325/357/325
f 319/358/319 315/359/315 321/360/321
f 322/355/322 325/357/325 323/361/323
f 325/357/325 324/362/324 323/361/323
f 369/363/369 373/364/373 366/365/366
f 344/366/344 347/367/347 345/368/345
f 365/369/365 363/370/363 364/371/364
f 366/365/366 364/372/364 367/373/367
f 369/363/369 370/374/370 371/375/371
f 370/374/370 372/376/372 371/375/371
f 372/376/372 368/377/368 371/375/371
f 362/378/362 361/379/361 363/370/363
f 362/378/362 354/380/354 353/381/353
f 362/378/362 358/382/358 357/383/357
f 356/384/356 362/378/362 357/383/357
f 343/385/343 341/386/341 360/387/360
f 362/378/362 343/385/343 360/387/360
f 327/388/327 326/389/326 328/390/328
f 326/389/326 322/391/322 328/390/328
f 329/392/329 332/393/332 330/394/330
f 332/393/332 331/395/331 330/394/330
f 329/392/329 333/396/333 332/393/332
f 334/397/334 333/398/333 335/399/335
f 333/398/333 329/400/329 335/399/335
f 336/401/336 339/402/339 337/403/337
f 339/402/339 338/404/338 337/403/337
f 336/401/336 340/405/340 339/402/339
f 341/386/341 340/406/340 342/407/342
f 340/406/340 336/408/336 342/407/342
f 350/409/350 361/379/361 349/410/349
f 347/367/347 346/411/346 345/368/345
f 344/366/344 348/412/348 347/367/347
f 349/410/349 348/413/348 350/409/350
f 348/413/348 344/414/344 350/409/350
f 370/374/370 369/363/369 367/373/367
f 369/363/369 366/365/366 367/373/367
f 320/415/320 319/358/319 321/360/321
f 311/416/311 310/417/310 374/418/374
f 309/419/309 312/420/312 311/416/311
f 313/421/313 312/422/312 314/423/314
f 312/422/312 309/424/309 314/423/314
f 315/425/315 318/426/318 316/427/316
f 318/426/318 317/428/317 316/427/316
f 315/425/315 319/429/319 318/426/318
f 309/419/309 311/416/311 374/418/374
f 352/430/352 313/421/313 314/423/314
f 360/387/360 341/386/341 342/407/342
f 361/379/361 351/431/351 349/410/349
f 361/379/361 362/378/362 351/431/351
f 353/381/353 313/421/313 352/430/352
f 366/432/366 365/369/365 364/371/364
f 362/378/362 352/430/352 351/431/351
f 362/378/362 353/381/353 352/430/352
f 365/369/365 362/378/362 363/370/363
f 335/399/335 358/382/358 334/397/334
f 321/360/321 354/380/354 320/415/320
f 354/380/354 355/433/355 320/415/320
f 328/390/328 356/384/356 327/388/327
f 356/384/356 357/383/357 327/388/327
f 354/380/354 362/378/362 355/433/355
f 362/378/362 356/384/356 355/433/355
f 358/382/358 362/378/362 359/434/359
f 358/382/358 359/434/359 334/397/334
f 362/378/362 360/387/360 359/434/359
f 375/435/375 376/436/376 384/437/384
f 379/438/379 383/439/383 382/440/382
f 381/441/381 379/438/379 382/440/382
f 379/442/379 375/435/375 383/443/383
f 380/444/380 381/441/381 382/440/382
f 375/435/375 377/445/377 376/436/376
f 376/436/376 385/446/385 384/437/384
f 375/447/375 379/438/379 378/448/378
f 375/435/375 378/449/378 377/445/377
f 680/450/680 701/451/701 671/452/671
f 716/453/716 607/454/607 707/455/707
f 715/456/715 716/453/716 707/455/707
f 606/457/606 678/458/678 604/459/604
f 669/460/669 671/452/671 670/461/670
f 711/462/711 702/463/702 677/464/677
f 710/465/710 711/462/711 677/464/677
f 712/466/712 681/467/681 701/451/701
f 680/450/680 712/466/712 701/451/701
f 716/453/716 432/468/432 607/454/607
f 672/469/672 680/450/680 671/452/671
f 680/470/680 674/471/674 679/472/679
f 680/470/680 679/472/679 711/462/711
f 712/473/712 680/470/680 711/462/711
f 709/474/709 696/475/696 687/476/687
f 709/474/709 687/476/687 706/477/706
f 712/466/712 700/478/700 681/467/681
f 653/479/653 492/480/492 629/481/629
f 590/482/590 598/483/598 602/484/602
f 542/485/542 684/486/684 617/487/617
f 592/488/592 593/489/593 591/490/591
f 592/488/592 594/491/594 593/489/593
f 595/492/595 597/493/597 596/494/596
f 595/492/595 598/483/598 597/493/597
f 592/488/592 601/495/601 600/496/600
f 592/488/592 595/492/595 601/495/601
f 595/492/595 596/494/596 601/495/601
f 707/455/707 609/497/609 686/498/686
f 697/499/697 694/500/694 577/501/577
f 697/499/697 709/502/709 694/500/694
f 669/460/669 672/469/672 671/452/671
f 689/503/689 690/504/690 687/476/687
f 690/504/690 706/477/706 687/476/687
f 704/505/704 589/506/589 425/507/425
f 623/508/623 640/509/640 624/510/624
f 712/466/712 578/511/578 700/478/700
f 578/511/578 699/512/699 700/478/700
f 578/511/578 704/513/704 699/512/699
f 550/514/550 654/515/654 493/516/493
f 474/517/474 626/518/626 627/519/627
f 669/460/669 670/461/670 526/520/526
f 631/521/631 659/522/659 461/523/461
f 659/522/659 653/479/653 461/523/461
f 659/522/659 652/524/652 653/479/653
f 652/524/652 562/525/562 653/479/653
f 652/526/652 552/527/552 562/528/562
f 623/508/623 641/529/641 640/509/640
f 641/529/641 660/530/660 640/509/640
f 704/531/704 425/532/425 699/533/699
f 708/534/708 706/477/706 690/504/690
f 678/458/678 427/535/427 604/459/604
f 716/453/716 713/536/713 432/468/432
f 706/477/706 686/498/686 709/474/709
f 706/477/706 707/455/707 686/498/686
f 711/462/711 679/472/679 702/463/702
f 679/472/679 703/537/703 702/463/702
f 679/472/679 675/538/675 703/537/703
f 578/539/578 712/473/712 710/465/710
f 712/473/712 711/462/711 710/465/710
f 665/540/665 467/541/467 636/542/636
f 665/540/665 466/543/466 467/541/467
f 462/544/462 463/545/463 490/546/490
f 461/523/461 630/547/630 463/545/463
f 461/523/461 629/481/629 630/547/630
f 461/523/461 653/479/653 629/481/629
f 694/500/694 705/548/705 682/549/682
f 564/550/564 563/551/563 420/552/420
f 563/551/563 487/553/487 420/552/420
f 514/554/514 575/555/575 520/556/520
f 520/557/520 575/558/575 518/559/518
f 575/555/575 576/560/576 518/561/518
f 557/562/557 544/563/544 555/564/555
f 557/562/557 438/565/438 544/563/544
f 535/566/535 534/567/534 563/551/563
f 417/568/417 563/551/563 564/550/564
f 417/568/417 416/569/416 563/551/563
f 417/568/417 564/550/564 402/570/402
f 564/550/564 537/571/537 402/570/402
f 542/485/542 685/572/685 684/486/684
f 685/572/685 616/573/616 684/486/684
f 694/500/694 682/549/682 568/574/568
f 563/551/563 479/575/479 487/553/487
f 686/498/686 608/576/608 705/577/705
f 709/502/709 705/548/705 694/500/694
f 709/474/709 686/498/686 705/577/705
f 580/578/580 584/579/584 579/580/579
f 589/506/589 704/505/704 584/579/584
f 560/581/560 546/582/546 561/583/561
f 546/582/546 556/584/556 561/583/561
f 546/582/546 547/585/547 556/584/556
f 547/585/547 552/527/552 556/584/556
f 547/585/547 549/586/549 552/527/552
f 549/587/549 548/588/548 552/589/552
f 548/590/548 562/528/562 552/527/552
f 554/591/554 544/563/544 530/592/530
f 558/593/558 554/591/554 553/594/553
f 558/593/558 561/583/561 554/591/554
f 424/595/424 590/482/590 602/484/602
f 580/578/580 581/596/581 588/597/588
f 581/596/581 582/598/582 588/597/588
f 707/455/707 706/477/706 708/534/708
f 697/499/697 696/599/696 709/502/709
f 696/599/696 695/600/695 603/601/603
f 695/600/695 424/602/424 603/601/603
f 695/600/695 698/603/698 424/602/424
f 698/603/698 423/604/423 424/602/424
f 698/603/698 605/605/605 423/604/423
f 670/461/670 527/606/527 526/520/526
f 569/607/569 681/467/681 572/608/572
f 608/576/608 686/498/686 609/497/609
f 609/497/609 707/455/707 607/454/607
f 602/484/602 598/483/598 595/492/595
f 603/609/603 424/595/424 602/484/602
f 619/610/619 640/509/640 639/611/639
f 576/560/576 577/501/577 516/612/516
f 598/483/598 599/613/599 597/493/597
f 598/483/598 590/482/590 599/613/599
f 590/482/590 421/614/421 599/613/599
f 594/491/594 592/488/592 600/496/600
f 582/598/582 581/596/581 583/615/583
f 585/616/585 428/617/428 580/578/580
f 428/617/428 584/579/584 580/578/580
f 580/578/580 587/618/587 585/616/585
f 426/619/426 581/596/581 586/620/586
f 426/619/426 583/615/583 581/596/581
f 580/578/580 588/597/588 587/618/587
f 698/603/698 606/621/606 605/605/605
f 606/457/606 604/459/604 605/622/605
f 674/471/674 675/538/675 679/472/679
f 645/623/645 646/624/646 658/625/658
f 642/626/642 656/627/656 661/628/661
f 548/588/548 547/629/547 550/514/550
f 548/588/548 549/587/549 547/629/547
f 656/627/656 662/630/662 661/628/661
f 656/627/656 663/631/663 662/630/662
f 656/627/656 657/632/657 663/631/663
f 657/632/657 658/633/658 663/631/663
f 627/519/627 655/634/655 620/635/620
f 627/519/627 626/518/626 655/634/655
f 626/518/626 642/636/642 655/634/655
f 642/636/642 643/637/643 656/638/656
f 643/637/643 644/639/644 656/638/656
f 644/639/644 657/640/657 656/638/656
f 644/639/644 645/641/645 657/640/657
f 645/623/645 658/625/658 657/642/657
f 642/626/642 661/628/661 660/530/660
f 646/624/646 647/643/647 658/625/658
f 453/644/453 647/643/647 646/624/646
f 453/644/453 471/645/471 647/643/647
f 647/643/647 648/646/648 635/647/635
f 648/646/648 649/648/649 635/647/635
f 649/648/649 466/649/466 635/647/635
f 649/648/649 401/650/401 466/649/466
f 648/646/648 471/645/471 470/651/470
f 400/652/400 469/653/469 632/654/632
f 469/653/469 477/655/477 632/654/632
f 477/655/477 650/656/650 632/654/632
f 551/657/551 563/551/563 534/567/534
f 479/575/479 551/657/551 481/658/481
f 563/551/563 551/657/551 479/575/479
f 551/657/551 651/659/651 481/658/481
f 647/660/647 635/661/635 665/540/665
f 396/662/396 415/663/415 416/569/416
f 697/499/697 577/501/577 576/560/576
f 698/603/698 514/554/514 574/664/574
f 698/603/698 695/600/695 514/554/514
f 695/600/695 575/555/575 514/554/514
f 574/665/574 573/666/573 699/512/699
f 573/666/573 700/478/700 699/512/699
f 573/666/573 572/608/572 700/478/700
f 653/479/653 562/525/562 492/480/492
f 562/525/562 548/588/548 628/667/628
f 548/588/548 493/516/493 628/667/628
f 548/588/548 550/514/550 493/516/493
f 658/633/658 664/668/664 663/631/663
f 658/633/658 647/660/647 664/668/664
f 647/660/647 665/540/665 664/668/664
f 651/659/651 484/669/484 481/658/481
f 635/661/635 466/543/466 665/540/665
f 660/530/660 639/611/639 640/509/640
f 660/530/660 661/628/661 639/611/639
f 661/628/661 638/670/638 639/611/639
f 661/628/661 662/630/662 638/670/638
f 461/671/461 632/654/632 631/672/631
f 632/654/632 659/673/659 631/672/631
f 632/654/632 650/656/650 659/673/659
f 651/659/651 652/526/652 659/673/659
f 651/659/651 552/527/552 652/526/652
f 651/659/651 551/657/551 552/527/552
f 622/674/622 620/675/620 641/529/641
f 620/675/620 660/530/660 641/529/641
f 620/675/620 655/676/655 660/530/660
f 655/676/655 642/626/642 660/530/660
f 441/677/441 642/636/642 626/518/626
f 431/678/431 614/679/614 611/680/611
f 713/536/713 431/678/431 432/468/432
f 713/536/713 436/681/436 431/678/431
f 436/681/436 614/679/614 431/678/431
f 688/682/688 718/683/718 714/684/714
f 688/682/688 717/685/717 718/683/718
f 717/685/717 719/686/719 718/683/718
f 439/687/439 692/688/692 616/573/616
f 440/689/440 439/687/439 667/690/667
f 721/691/721 621/692/621 720/693/720
f 721/691/721 620/635/620 621/692/621
f 620/635/620 622/694/622 621/692/621
f 626/518/626 443/695/443 475/696/475
f 626/518/626 474/517/474 443/695/443
f 475/696/475 441/677/441 626/518/626
f 649/648/649 648/646/648 470/651/470
f 628/667/628 493/516/493 492/480/492
f 427/535/427 422/697/422 604/459/604
f 662/630/662 663/631/663 638/670/638
f 663/631/663 637/698/637 638/670/638
f 663/631/663 636/542/636 637/698/637
f 663/631/663 664/668/664 636/542/636
f 664/668/664 665/540/665 636/542/636
f 439/687/439 435/699/435 667/690/667
f 439/687/439 616/573/616 435/699/435
f 436/681/436 713/536/713 667/690/667
f 714/684/714 715/456/715 688/682/688
f 688/682/688 715/456/715 708/534/708
f 715/456/715 707/455/707 708/534/708
f 638/670/638 618/700/618 639/611/639
f 618/700/618 619/610/619 639/611/639
f 645/623/645 472/701/472 473/702/473
f 654/515/654 547/629/547 546/703/546
f 435/699/435 436/681/436 667/690/667
f 640/509/640 625/704/625 624/510/624
f 622/674/622 641/529/641 623/508/623
f 620/635/620 721/691/721 627/519/627
f 721/691/721 474/517/474 627/519/627
f 546/703/546 545/705/545 654/515/654
f 441/677/441 643/637/643 642/636/642
f 441/677/441 476/706/476 643/637/643
f 476/706/476 458/707/458 643/637/643
f 458/707/458 644/639/644 643/637/643
f 458/707/458 472/708/472 644/639/644
f 472/708/472 645/641/645 644/639/644
f 646/624/646 473/702/473 455/709/455
f 646/624/646 645/623/645 473/702/473
f 415/663/415 396/662/396 397/710/397
f 455/709/455 453/644/453 646/624/646
f 488/711/488 629/481/629 492/480/492
f 488/711/488 490/546/490 629/481/629
f 490/546/490 630/547/630 629/481/629
f 490/546/490 463/545/463 630/547/630
f 469/653/469 400/652/400 633/712/633
f 400/652/400 634/713/634 633/712/633
f 465/714/465 633/712/633 634/713/634
f 465/714/465 464/715/464 633/712/633
f 464/715/464 401/650/401 633/712/633
f 636/542/636 467/541/467 489/716/489
f 491/717/491 637/698/637 636/542/636
f 471/645/471 648/646/648 647/643/647
f 401/650/401 470/651/470 633/712/633
f 401/650/401 649/648/649 470/651/470
f 565/718/565 693/719/693 420/552/420
f 482/720/482 500/721/500 499/722/499
f 482/720/482 501/723/501 500/721/500
f 482/720/482 483/724/483 501/723/501
f 703/537/703 668/725/668 676/726/676
f 703/537/703 675/538/675 668/725/668
f 702/463/702 676/726/676 677/464/677
f 606/621/606 698/603/698 425/532/425
f 698/603/698 699/533/699 425/532/425
f 698/603/698 574/664/574 699/533/699
f 579/580/579 584/579/584 704/505/704
f 691/727/691 693/719/693 566/728/566
f 693/719/693 565/718/565 566/728/566
f 480/729/480 482/720/482 499/722/499
f 451/730/451 470/651/470 471/645/471
f 419/731/419 507/732/507 506/733/506
f 419/731/419 504/734/504 507/732/507
f 419/731/419 418/735/418 504/734/504
f 497/736/497 508/737/508 496/738/496
f 494/739/494 468/740/468 449/741/449
f 494/739/494 495/742/495 468/740/468
f 495/742/495 486/743/486 468/740/468
f 495/742/495 485/744/485 486/743/486
f 517/745/517 519/746/519 518/561/518
f 519/746/519 520/556/520 518/561/518
f 478/747/478 499/722/499 503/748/503
f 533/749/533 691/727/691 615/750/615
f 573/751/573 519/746/519 513/752/513
f 573/751/573 574/664/574 519/746/519
f 574/664/574 514/554/514 519/746/519
f 522/753/522 515/754/515 516/612/516
f 516/612/516 515/754/515 518/561/518
f 515/754/515 517/745/517 518/561/518
f 537/571/537 541/755/541 539/756/539
f 537/571/537 540/757/540 541/755/541
f 568/574/568 682/549/682 567/758/567
f 682/549/682 683/759/683 567/758/567
f 688/682/688 690/504/690 689/503/689
f 688/682/688 708/534/708 690/504/690
f 430/760/430 683/759/683 429/761/429
f 691/727/691 434/762/434 615/750/615
f 691/727/691 433/763/433 434/762/434
f 483/724/483 666/764/666 501/723/501
f 483/724/483 485/744/485 666/764/666
f 418/735/418 478/747/478 502/765/502
f 478/747/478 503/748/503 502/765/502
f 418/735/418 502/765/502 504/734/504
f 498/766/498 505/767/505 506/733/506
f 505/767/505 419/731/419 506/733/506
f 519/746/519 514/554/514 520/556/520
f 516/612/516 521/768/521 522/753/522
f 478/747/478 480/729/480 499/722/499
f 472/701/472 459/769/459 457/770/457
f 450/771/450 447/772/447 448/773/448
f 693/719/693 564/550/564 420/552/420
f 693/719/693 537/571/537 564/550/564
f 567/758/567 691/727/691 566/728/566
f 683/759/683 691/727/691 567/758/567
f 683/759/683 430/760/430 691/727/691
f 430/760/430 433/763/433 691/727/691
f 430/760/430 613/774/613 433/763/433
f 682/549/682 705/548/705 683/759/683
f 694/500/694 568/574/568 577/501/577
f 695/600/695 696/599/696 575/555/575
f 696/599/696 576/560/576 575/555/575
f 496/738/496 505/767/505 498/766/498
f 472/708/472 458/707/458 459/775/459
f 442/776/442 460/777/460 441/677/441
f 460/777/460 458/707/458 441/677/441
f 441/677/441 475/696/475 442/776/442
f 475/696/475 443/695/443 442/776/442
f 443/695/443 444/778/444 442/776/442
f 445/779/445 446/780/446 444/778/444
f 447/772/447 452/781/452 448/773/448
f 449/741/449 448/773/448 494/739/494
f 449/741/449 450/771/450 448/773/448
f 443/695/443 445/779/445 444/778/444
f 415/663/415 397/710/397 395/782/395
f 693/719/693 691/727/691 537/571/537
f 683/759/683 705/548/705 429/761/429
f 430/760/430 610/783/610 613/774/613
f 610/784/610 612/785/612 613/786/613
f 610/784/610 614/679/614 612/785/612
f 610/784/610 611/680/611 614/679/614
f 615/787/615 616/573/616 685/572/685
f 681/467/681 700/478/700 572/608/572
f 701/451/701 570/788/570 571/789/571
f 701/451/701 681/467/681 570/788/570
f 681/467/681 569/607/569 570/788/570
f 685/572/685 533/790/533 615/787/615
f 533/749/533 540/757/540 691/727/691
f 556/584/556 557/562/557 555/564/555
f 691/727/691 540/757/540 537/571/537
f 696/599/696 697/499/697 576/560/576
f 447/772/447 451/730/451 452/781/452
f 451/730/451 454/791/454 452/781/452
f 451/730/451 453/644/453 454/791/454
f 453/644/453 456/792/456 454/791/454
f 453/644/453 455/709/455 456/792/456
f 455/709/455 457/770/457 456/792/456
f 455/709/455 472/701/472 457/770/457
f 460/777/460 459/775/459 458/707/458
f 495/742/495 666/764/666 485/744/485
f 496/738/496 498/766/498 497/736/497
f 398/793/398 539/756/539 532/794/532
f 391/795/391 531/796/531 535/566/535
f 673/797/673 680/450/680 672/469/672
f 617/487/617 684/486/684 692/688/692
f 684/486/684 616/573/616 692/688/692
f 543/798/543 542/485/542 617/487/617
f 542/485/542 533/790/533 685/572/685
f 537/571/537 538/799/538 402/570/402
f 538/799/538 536/800/536 402/570/402
f 538/799/538 386/801/386 536/800/536
f 437/802/437 398/793/398 532/794/532
f 391/795/391 535/566/535 409/803/409
f 398/793/398 399/804/399 539/756/539
f 399/804/399 538/799/538 539/756/539
f 399/804/399 403/805/403 538/799/538
f 534/567/534 414/806/414 557/562/557
f 534/567/534 413/807/413 414/806/414
f 406/808/406 387/809/387 405/810/405
f 387/809/387 536/800/536 405/810/405
f 387/809/387 388/811/388 536/800/536
f 388/811/388 535/566/535 536/800/536
f 388/811/388 389/812/389 535/566/535
f 551/657/551 534/567/534 557/562/557
f 561/583/561 556/584/556 555/564/555
f 671/452/671 527/606/527 670/461/670
f 671/452/671 701/451/701 527/606/527
f 701/451/701 571/789/571 527/606/527
f 673/813/673 674/471/674 680/470/680
f 702/463/702 703/537/703 676/726/676
f 544/563/544 554/591/554 555/564/555
f 554/591/554 561/583/561 555/564/555
f 552/527/552 557/562/557 556/584/556
f 552/527/552 551/657/551 557/562/557
f 569/607/569 573/666/573 512/814/512
f 557/562/557 414/806/414 438/565/438
f 415/663/415 402/570/402 416/569/416
f 402/570/402 563/551/563 416/569/416
f 402/570/402 535/566/535 563/551/563
f 546/582/546 560/581/560 559/815/559
f 560/581/560 561/583/561 558/593/558
f 412/816/412 531/796/531 411/817/411
f 531/796/531 392/818/392 411/817/411
f 531/796/531 391/795/391 392/818/392
f 410/819/410 391/795/391 409/803/409
f 527/606/527 529/820/529 528/821/528
f 543/822/543 532/794/532 541/755/541
f 532/794/532 539/756/539 541/755/541
f 536/800/536 386/801/386 405/810/405
f 540/757/540 533/749/533 541/755/541
f 542/823/542 541/755/541 533/749/533
f 521/768/521 523/824/523 522/753/522
f 521/768/521 524/825/524 523/824/523
f 524/825/524 525/826/525 523/824/523
f 525/826/525 510/827/510 523/824/523
f 526/520/526 527/606/527 528/821/528
f 389/812/389 390/828/390 535/566/535
f 527/606/527 571/789/571 529/820/529
f 571/789/571 569/607/569 529/820/529
f 529/820/529 569/607/569 511/829/511
f 403/805/403 404/830/404 538/799/538
f 535/566/535 390/828/390 409/803/409
f 508/737/508 509/831/509 496/738/496
f 508/737/508 525/826/525 509/831/509
f 508/737/508 510/827/510 525/826/525
f 569/607/569 512/814/512 511/829/511
f 573/666/573 513/832/513 512/814/512
f 542/823/542 543/822/543 541/755/541
f 389/812/389 388/811/388 407/833/407
f 393/834/393 531/796/531 412/816/412
f 536/800/536 535/566/535 402/570/402
f 537/571/537 539/756/539 538/799/538
f 531/796/531 534/567/534 535/566/535
f 408/835/408 389/812/389 407/833/407
f 394/836/394 413/807/413 534/567/534
f 394/836/394 534/567/534 531/796/531
f 393/834/393 394/836/394 531/796/531
f 722/837/722 726/838/726 729/839/729
f 726/838/726 723/840/723 729/839/729
f 724/841/724 728/842/728 725/843/725
f 722/837/722 727/844/727 726/838/726
f 724/841/724 727/845/727 728/842/728
f 727/845/727 722/846/722 728/842/728
f 734/847/734 730/848/730 735/849/735
f 733/850/733 731/851/731 736/852/736
f 730/853/730 734/854/734 733/850/733
f 730/853/730 733/850/733 736/852/736
f 732/855/732 734/847/734 735/849/735
f 738/856/738 739/857/739 740/858/740
f 738/856/738 740/858/740 742/859/742
f 738/856/738 742/859/742 741/860/741
f 737/861/737 738/856/738 741/860/741
f 745/862/745 746/863/746 744/864/744
f 746/863/746 743/865/743 744/864/744
f 748/866/748 747/867/747 751/868/751
f 750/869/750 748/866/748 751/868/751
f 748/866/748 750/869/750 749/870/749
f 753/871/753 755/872/755 757/873/757
f 753/871/753 754/874/754 755/872/755
f 752/875/752 753/871/753 756/876/756
f 753/871/753 757/873/757 756/876/756
f 760/877/760 761/878/761 759/879/759
f 761/878/761 758/880/758 759/879/759
f 764/881/764 766/882/766 765/883/765
f 766/882/766 764/881/764 763/884/763
f 764/881/764 762/885/762 763/884/763
f 768/886/768 769/887/769 770/888/770
f 767/889/767 768/886/768 771/890/771
f 768/886/768 770/888/770 772/891/772
f 768/886/768 772/891/772 771/890/771
f 776/892/776 773/893/773 774/894/774
f 775/895/775 776/892/776 774/894/774
f 779/896/779 777/897/777 778/898/778
f 781/899/781 779/896/779 778/898/778
f 779/896/779 781/899/781 780/900/780
f 783/901/783 784/902/784 785/903/785
f 782/904/782 783/901/783 786/905/786
f 783/901/783 787/906/787 786/905/786
f 783/901/783 785/903/785 787/906/787
f 788/907/788 789/908/789 790/909/790
f 789/908/789 791/910/791 790/909/790
f 794/911/794 792/912/792 793/913/793
f 795/914/795 794/911/794 793/913/793
f 794/911/794 795/914/795 796/915/796
f 798/916/798 800/917/800 802/918/802
f 798/916/798 799/919/799 800/917/800
f 797/920/797 798/916/798 801/921/801
f 798/916/798 802/918/802 801/921/801
f 803/922/803 804/923/804 805/924/805
f 804/923/804 806/925/806 805/924/805
f 810/926/810 809/927/809 808/928/808
f 809/927/809 807/929/807 808/928/808
f 809/927/809 810/926/810 811/930/811
f 813/931/813 816/932/816 817/933/817
f 812/934/812 813/931/813 817/933/817
f 813/931/813 814/935/814 815/936/815
f 813/931/813 815/936/815 816/932/816
f 820/937/820 822/938/822 819/939/819
f 822/938/822 820/937/820 823/940/823
f 820/937/820 818/941/818 823/940/823
f 820/937/820 821/942/821 818/941/818
f 830/943/830 831/944/831 829/945/829
f 828/946/828 829/945/829 827/947/827
f 824/948/824 826/949/826 835/950/835
f 830/951/830 833/952/833 832/953/832
f 830/951/830 832/953/832 831/954/831
f 848/955/848 847/956/847 840/957/840
f 824/948/824 825/958/825 826/949/826
f 828/959/828 830/960/830 829/961/829
f 842/962/842 841/963/841 846/964/846
f 842/962/842 846/964/846 847/965/847
f 837/966/837 836/967/836 844/968/844
f 837/966/837 844/968/844 843/969/843
f 825/970/825 837/971/837 843/972/843
f 825/970/825 843/972/843 826/973/826
f 847/965/847 846/964/846 841/963/841
f 848/974/848 840/975/840 839/976/839
f 842/962/842 847/965/847 845/977/845
f 838/978/838 842/962/842 845/977/845
f 836/967/836 838/978/838 845/977/845
f 836/967/836 845/977/845 844/968/844
f 833/952/833 834/979/834 832/953/832
f 841/963/841 840/975/840 847/965/847
f 827/980/827 824/948/824 835/950/835
f 828/946/828 827/947/827 835/981/835
f 853/982/853 855/983/855 854/984/854
f 857/985/857 855/986/855 860/987/860
f 857/985/857 860/987/860 861/988/861
f 858/989/858 857/985/857 861/988/861
f 849/990/849 850/991/850 851/992/851
f 850/991/850 853/982/853 854/984/854
f 853/982/853 850/991/850 849/990/849
f 850/991/850 852/993/852 851/992/851
f 858/989/858 861/988/861 862/994/862
f 859/995/859 858/989/858 862/994/862
f 855/986/855 853/996/853 856/997/856
f 860/987/860 855/986/855 856/997/856
f 863/998/863 864/999/864 865/1000/865
f 864/999/864 871/1001/871 865/1000/865
f 866/1002/866 868/1003/868 867/1004/867
f 864/999/864 866/1002/866 867/1004/867
f 868/1005/868 866/1006/866 869/1007/869
f 866/1002/866 864/999/864 863/998/863
f 870/1008/870 868/1005/868 869/1007/869
f 870/1008/870 872/1009/872 868/1005/868
f 878/1010/878 880/1011/880 879/1012/879
f 878/1010/878 877/1013/877 883/1014/883
f 881/1015/881 877/1016/877 882/1017/882
f 874/1018/874 881/1015/881 882/1017/882
f 881/1015/881 874/1018/874 873/1019/873
f 877/1013/877 878/1010/878 879/1012/879
f 874/1018/874 876/1020/876 875/1021/875
f 873/1019/873 874/1018/874 875/1021/875
f 877/1013/877 881/1022/881 883/1014/883
f 888/1023/888 892/1024/892 894/1025/894
f 889/1026/889 888/1023/888 894/1025/894
f 892/1027/892 888/1028/888 893/1029/893
f 885/1030/885 892/1027/892 893/1029/893
f 892/1027/892 885/1030/885 884/1031/884
f 889/1026/889 891/1032/891 890/1033/890
f 888/1023/888 889/1026/889 890/1033/890
f 885/1030/885 887/1034/887 886/1035/886
f 884/1031/884 885/1030/885 886/1035/886
f 895/1036/895 898/1037/898 896/1038/896
f 895/1036/895 896/1038/896 897/1039/897
f 901/1040/901 903/1041/903 902/1042/902
f 900/1043/900 901/1040/901 902/1042/902
f 899/1044/899 900/1043/900 902/1042/902
f 899/1045/899 902/1046/902 904/1047/904
f 908/1048/908 899/1045/899 904/1047/904
f 908/1049/908 904/1050/904 905/1051/905
f 906/1052/906 908/1053/908 905/1054/905
f 907/1055/907 908/1053/908 906/1052/906
f 910/1056/910 909/1057/909 914/1058/914
f 910/1056/910 914/1058/914 911/1059/911
f 913/1060/913 910/1056/910 911/1059/911
f 910/1056/910 913/1060/913 912/1061/912
f 918/1062/918 919/1063/919 916/1064/916
f 918/1062/918 916/1064/916 917/1065/917
f 915/1066/915 918/1062/918 922/1067/922
f 918/1062/918 920/1068/920 922/1067/922
f 918/1062/918 921/1069/921 920/1068/920
f 918/1062/918 917/1065/917 921/1069/921
f 928/1070/928 924/1071/924 926/1072/926
f 924/1071/924 928/1070/928 927/1073/927
f 924/1071/924 925/1074/925 926/1072/926
f 924/1071/924 923/1075/923 925/1074/925
f 929/1076/929 931/1077/931 933/1078/933
f 931/1077/931 930/1079/930 935/1080/935
f 931/1077/931 935/1080/935 934/1081/934
f 931/1077/931 932/1082/932 930/1079/930
f 933/1078/933 931/1077/931 934/1081/934
f 942/1083/942 940/1084/940 938/1085/938
f 943/1086/943 941/1087/941 936/1088/936
f 940/1084/940 943/1089/943 938/1085/938
f 943/1089/943 936/1090/936 938/1085/938
f 937/1091/937 942/1083/942 938/1085/938
f 936/1090/936 941/1092/941 939/1093/939
f 955/1094/955 949/1095/949 946/1096/946
f 950/1097/950 957/1098/957 963/1099/963
f 957/1098/957 959/1100/959 963/1099/963
f 963/1099/963 959/1100/959 961/1101/961
f 963/1099/963 961/1101/961 962/1102/962
f 960/1103/960 961/1101/961 959/1100/959
f 960/1103/960 959/1100/959 958/1104/958
f 957/1098/957 950/1097/950 944/1105/944
f 955/1094/955 946/1096/946 956/1106/956
f 959/1100/959 954/1107/954 958/1104/958
f 960/1103/960 958/1104/958 953/1108/953
f 945/1109/945 944/1105/944 951/1110/951
f 952/1111/952 951/1110/951 950/1097/950
f 945/1109/945 951/1110/951 952/1111/952
f 957/1098/957 949/1095/949 954/1107/954
f 957/1098/957 954/1107/954 959/1100/959
f 944/1105/944 945/1109/945 946/1096/946
f 946/1096/946 945/1109/945 947/1112/947
f 949/1095/949 957/1098/957 946/1096/946
f 947/1112/947 948/1113/948 946/1096/946
f 957/1098/957 944/1105/944 946/1096/946
f 967/1114/967 965/1115/965 970/1116/970
f 965/1117/965 967/1118/967 966/1119/966
f 974/1120/974 975/1121/975 973/1122/973
f 969/1123/969 967/1114/967 970/1116/970
f 968/1124/968 969/1123/969 970/1116/970
f 964/1125/964 965/1117/965 966/1119/966
f 966/1119/966 974/1120/974 964/1125/964
f 968/1124/968 976/1126/976 971/1127/971
f 974/1120/974 972/1128/972 964/1125/964
f 974/1120/974 973/1122/973 972/1128/972
f 969/1123/969 968/1124/968 971/1127/971
f 982/1129/982 990/1130/990 989/1131/989
f 981/1132/981 982/1129/982 980/1133/980
f 987/1134/987 977/1135/977 979/1136/979
f 978/1137/978 979/1136/979 977/1135/977
f 982/1138/982 991/1139/991 987/1134/987
f 994/1140/994 992/1141/992 996/1142/996
f 980/1133/980 979/1143/979 997/1144/997
f 980/1133/980 997/1144/997 981/1132/981
f 998/1145/998 996/1142/996 992/1141/992
f 998/1145/998 995/1146/995 996/1142/996
f 995/1146/995 994/1140/994 996/1142/996
f 997/1144/997 978/1147/978 993/1148/993
f 994/1140/994 997/1144/997 993/1148/993
f 979/1143/979 978/1147/978 997/1144/997
f 984/1149/984 986/1150/986 988/1151/988
f 994/1140/994 995/1146/995 997/1144/997
f 982/1152/982 989/1153/989 991/1154/991
f 988/1151/988 987/1134/987 991/1139/991
f 987/1155/987 979/1143/979 980/1133/980
f 990/1130/990 982/1129/982 981/1132/981
f 988/1151/988 986/1150/986 977/1135/977
f 986/1150/986 983/1156/983 977/1135/977
f 987/1134/987 988/1151/988 977/1135/977
f 984/1149/984 988/1151/988 991/1139/991
f 993/1157/993 978/1137/978 977/1135/977
f 984/1149/984 985/1158/985 986/1150/986
f 1001/1159/1001 1002/1160/1002 1000/1161/1000
f 1002/1160/1002 999/1162/999 1000/1161/1000
f 1006/1163/1006 1005/1164/1005 1003/1165/1003
f 1006/1166/1006 1003/1167/1003 1004/1168/1004
f 1009/1169/1009 1010/1170/1010 1013/1171/1013
f 1011/1172/1011 1009/1169/1009 1012/1173/1012
f 1010/1170/1010 1008/1174/1008 1007/1175/1007
f 1009/1169/1009 1013/1171/1013 1012/1173/1012
f 1010/1170/1010 1007/1175/1007 1013/1171/1013
f 1009/1169/1009 1011/1172/1011 1014/1176/1014
f 1017/1177/1017 1019/1178/1019 1015/1179/1015
f 1018/1180/1018 1017/1177/1017 1015/1179/1015
f 1015/1179/1015 1023/1181/1023 1021/1182/1021
f 1023/1181/1023 1015/1179/1015 1016/1183/1016
f 1017/1177/1017 1022/1184/1022 1020/1185/1020
f 1019/1178/1019 1017/1177/1017 1020/1185/1020
f 1018/1180/1018 1015/1179/1015 1021/1182/1021
f 1027/1186/1027 1028/1187/1028 1030/1188/1030
f 1031/1189/1031 1027/1186/1027 1030/1188/1030
f 1025/1190/1025 1031/1189/1031 1024/1191/1024
f 1025/1190/1025 1024/1191/1024 1029/1192/1029
f 1029/1192/1029 1026/1193/1026 1025/1190/1025
f 1027/1186/1027 1031/1189/1031 1025/1190/1025
f 1035/1194/1035 1034/1195/1034 1033/1196/1033
f 1035/1194/1035 1033/1196/1033 1032/1197/1032
f 1034/1195/1034 1035/1194/1035 1036/1198/1036
f 1037/1199/1037 1035/1194/1035 1032/1197/1032
f 1032/1197/1032 1038/1200/1038 1037/1199/1037
f 1046/1201/1046 1041/1202/1041 1047/1203/1047
f 1040/1204/1040 1041/1202/1041 1046/1201/1046
f 1039/1205/1039 1045/1206/1045 1044/1207/1044
f 1043/1208/1043 1039/1205/1039 1044/1207/1044
f 1039/1205/1039 1043/1208/1043 1041/1202/1041
f 1041/1202/1041 1042/1209/1042 1047/1203/1047
f 1040/1204/1040 1039/1205/1039 1041/1202/1041
f 1051/1210/1051 1052/1211/1052 1054/1212/1054
f 1048/1213/1048 1050/1214/1050 1055/1215/1055
f 1051/1210/1051 1049/1216/1049 1048/1213/1048
f 1049/1216/1049 1051/1210/1051 1054/1212/1054
f 1048/1213/1048 1049/1216/1049 1050/1214/1050
f 1055/1215/1055 1053/1217/1053 1048/1213/1048
f 1061/1218/1061 1072/1219/1072 1075/1220/1075
f 1071/1221/1071 1068/1222/1068 1072/1219/1072
f 1065/1223/1065 1066/1224/1066 1070/1225/1070
f 1072/1226/1072 1061/1227/1061 1062/1228/1062
f 1075/1220/1075 1072/1219/1072 1068/1222/1068
f 1068/1222/1068 1063/1229/1063 1076/1230/1076
f 1075/1220/1075 1074/1231/1074 1061/1218/1061
f 1063/1229/1063 1064/1232/1064 1076/1230/1076
f 1073/1233/1073 1059/1234/1059 1058/1235/1058
f 1056/1236/1056 1071/1221/1071 1061/1218/1061
f 1060/1237/1060 1056/1236/1056 1061/1218/1061
f 1059/1234/1059 1073/1233/1073 1071/1221/1071
f 1056/1236/1056 1059/1234/1059 1071/1221/1071
f 1061/1218/1061 1071/1221/1071 1062/1238/1062
f 1067/1239/1067 1063/1229/1063 1068/1222/1068
f 1074/1231/1074 1060/1237/1060 1061/1218/1061
f 1066/1224/1066 1067/1239/1067 1070/1225/1070
f 1069/1240/1069 1070/1225/1070 1073/1233/1073
f 1070/1225/1070 1068/1222/1068 1071/1221/1071
f 1070/1225/1070 1071/1221/1071 1073/1233/1073
f 1070/1225/1070 1067/1239/1067 1068/1222/1068
f 1072/1219/1072 1062/1238/1062 1071/1221/1071
f 1073/1233/1073 1058/1235/1058 1057/1241/1057
f 1082/1242/1082 1081/1243/1081 1077/1244/1077
f 1084/1245/1084 1077/1244/1077 1086/1246/1086
f 1080/1247/1080 1079/1248/1079 1083/1249/1083
f 1079/1248/1079 1085/1250/1085 1083/1249/1083
f 1082/1242/1082 1077/1244/1077 1084/1245/1084
f 1077/1244/1077 1078/1251/1078 1086/1246/1086
f 1079/1248/1079 1082/1242/1082 1084/1245/1084
f 1079/1248/1079 1084/1245/1084 1085/1250/1085
f 1089/1252/1089 1092/1253/1092 1093/1254/1093
f 1092/1253/1092 1087/1255/1087 1093/1254/1093
f 1093/1254/1093 1087/1255/1087 1094/1256/1094
f 1090/1257/1090 1089/1252/1089 1095/1258/1095
f 1087/1255/1087 1088/1259/1088 1094/1256/1094
f 1092/1253/1092 1091/1260/1091 1087/1255/1087
f 1089/1252/1089 1093/1254/1093 1095/1258/1095
f 1098/1261/1098 1097/1262/1097 1104/1263/1104
f 1097/1262/1097 1096/1264/1096 1104/1263/1104
f 1106/1265/1106 1099/1266/1099 1098/1261/1098
f 1106/1265/1106 1107/1267/1107 1099/1266/1099
f 1099/1266/1099 1107/1267/1107 1100/1268/1100
f 1098/1261/1098 1104/1263/1104 1105/1269/1105
f 1101/1270/1101 1103/1271/1103 1102/1272/1102
f 1101/1270/1101 1102/1272/1102 1100/1268/1100
f 1106/1265/1106 1098/1261/1098 1105/1269/1105
f 1107/1267/1107 1101/1270/1101 1100/1268/1100
f 1353/1273/1353 1350/1274/1350 1777/1275/1777
f 1361/1276/1361 1358/1277/1358 1725/1278/1725
f 1361/1276/1361 1725/1278/1725 1569/1279/1569
f 1361/1276/1361 1569/1279/1569 1570/1280/1570
f 1568/1281/1568 1359/1282/1359 1354/1283/1354
f 1567/1284/1567 1568/1281/1568 1354/1283/1354
f 1567/1284/1567 1354/1283/1354 1355/1285/1355
f 1567/1286/1567 1355/1287/1355 1352/1288/1352
f 1567/1286/1567 1352/1288/1352 1353/1273/1353
f 1777/1275/1777 1567/1286/1567 1353/1273/1353
f 1350/1274/1350 1726/1289/1726 1777/1275/1777
f 1358/1277/1358 1359/1282/1359 1725/1278/1725
f 1545/1290/1545 1546/1291/1546 1542/1292/1542
f 1564/1293/1564 1347/1294/1347 1565/1295/1565
f 1351/1296/1351 1347/1294/1347 1564/1293/1564
f 1350/1274/1350 1351/1296/1351 1564/1293/1564
f 1563/1297/1563 1348/1298/1348 1346/1299/1346
f 1562/1300/1562 1563/1297/1563 1346/1299/1346
f 1561/1301/1561 1562/1300/1562 1346/1299/1346
f 1560/1302/1560 1561/1301/1561 1346/1299/1346
f 1560/1302/1560 1346/1299/1346 1343/1303/1343
f 1574/1304/1574 1575/1305/1575 1576/1306/1576
f 1348/1298/1348 1566/1307/1566 1565/1295/1565
f 1347/1294/1347 1348/1298/1348 1565/1295/1565
f 1575/1305/1575 1573/1308/1573 1723/1309/1723
f 1576/1306/1576 1575/1305/1575 1723/1309/1723
f 1455/1310/1455 1462/1311/1462 1575/1305/1575
f 1455/1310/1455 1575/1305/1575 1574/1304/1574
f 1455/1310/1455 1574/1304/1574 1584/1312/1584
f 1454/1313/1454 1455/1310/1455 1584/1312/1584
f 1574/1304/1574 1722/1314/1722 1584/1312/1584
f 1560/1302/1560 1343/1303/1343 1344/1315/1344
f 1574/1304/1574 1576/1306/1576 1722/1314/1722
f 1573/1308/1573 1570/1280/1570 1572/1316/1572
f 1573/1308/1573 1572/1316/1572 1723/1309/1723
f 1572/1316/1572 1570/1280/1570 1569/1279/1569
f 1570/1280/1570 1463/1317/1463 1363/1318/1363
f 1338/1319/1338 1553/1320/1553 1557/1321/1557
f 1338/1319/1338 1557/1321/1557 1727/1322/1727
f 1337/1323/1337 1338/1324/1338 1727/1325/1727
f 1359/1282/1359 1571/1326/1571 1725/1278/1725
f 1761/1327/1761 1756/1328/1756 1755/1329/1755
f 1740/1330/1740 1734/1331/1734 1733/1332/1733
f 1740/1333/1740 1733/1334/1733 1653/1335/1653
f 1709/1336/1709 1740/1330/1740 1653/1337/1653
f 1749/1338/1749 1711/1339/1711 1751/1340/1751
f 1767/1341/1767 1751/1340/1751 1712/1342/1712
f 1763/1343/1763 1764/1344/1764 1765/1345/1765
f 1762/1346/1762 1592/1347/1592 1757/1348/1757
f 1761/1327/1761 1762/1349/1762 1757/1350/1757
f 1761/1327/1761 1757/1350/1757 1756/1328/1756
f 1747/1351/1747 1746/1352/1746 1750/1353/1750
f 1754/1354/1754 1761/1327/1761 1755/1329/1755
f 1748/1355/1748 1749/1338/1749 1737/1356/1737
f 1747/1351/1747 1748/1355/1748 1737/1356/1737
f 1552/1357/1552 1332/1358/1332 1326/1359/1326
f 1551/1360/1551 1552/1357/1552 1326/1359/1326
f 1529/1361/1529 1508/1362/1508 1510/1363/1510
f 1527/1364/1527 1529/1361/1529 1510/1363/1510
f 1527/1364/1527 1510/1363/1510 1509/1365/1509
f 1544/1366/1544 1323/1367/1323 1324/1368/1324
f 1340/1369/1340 1556/1370/1556 1555/1371/1555
f 1558/1372/1558 1560/1302/1560 1344/1315/1344
f 1340/1369/1340 1555/1371/1555 1559/1373/1559
f 1344/1315/1344 1340/1369/1340 1559/1373/1559
f 1344/1315/1344 1559/1373/1559 1558/1372/1558
f 1313/1374/1313 1540/1375/1540 1541/1376/1541
f 1290/1377/1290 1313/1374/1313 1541/1376/1541
f 1544/1366/1544 1542/1292/1542 1540/1375/1540
f 1337/1323/1337 1727/1325/1727 1556/1370/1556
f 1340/1369/1340 1337/1323/1337 1556/1370/1556
f 1348/1298/1348 1563/1297/1563 1566/1307/1566
f 1332/1358/1332 1552/1357/1552 1554/1378/1554
f 1331/1379/1331 1332/1358/1332 1554/1378/1554
f 1330/1380/1330 1331/1379/1331 1554/1378/1554
f 1330/1380/1330 1554/1378/1554 1553/1320/1553
f 1335/1381/1335 1330/1380/1330 1553/1320/1553
f 1334/1382/1334 1335/1381/1335 1553/1320/1553
f 1338/1319/1338 1334/1382/1334 1553/1320/1553
f 1745/1383/1745 1654/1384/1654 1653/1337/1653
f 1746/1352/1746 1745/1383/1745 1750/1353/1750
f 1272/1385/1272 1456/1386/1456 1604/1387/1604
f 1610/1388/1610 1606/1389/1606 1473/1390/1473
f 1605/1391/1605 1472/1392/1472 1465/1393/1465
f 1605/1391/1605 1465/1393/1465 1392/1394/1392
f 1606/1389/1606 1605/1391/1605 1392/1394/1392
f 1606/1389/1606 1392/1394/1392 1391/1395/1391
f 1606/1389/1606 1391/1395/1391 1390/1396/1390
f 1606/1389/1606 1390/1396/1390 1473/1390/1473
f 1605/1391/1605 1458/1397/1458 1472/1392/1472
f 1472/1392/1472 1458/1397/1458 1459/1398/1459
f 1460/1399/1460 1472/1392/1472 1459/1398/1459
f 1275/1400/1275 1580/1401/1580 1470/1402/1470
f 1602/1403/1602 1413/1404/1413 1414/1405/1414
f 1447/1406/1447 1578/1407/1578 1449/1408/1449
f 1594/1409/1594 1579/1410/1579 1595/1411/1595
f 1578/1407/1578 1594/1409/1594 1595/1411/1595
f 1602/1403/1602 1601/1412/1601 1413/1404/1413
f 1416/1413/1416 1601/1412/1601 1418/1414/1418
f 1417/1415/1417 1416/1413/1416 1418/1414/1418
f 1600/1416/1600 1420/1417/1420 1419/1418/1419
f 1600/1416/1600 1419/1418/1419 1418/1419/1418
f 1610/1388/1610 1473/1390/1473 1279/1420/1279
f 1603/1421/1603 1602/1403/1602 1414/1405/1414
f 1601/1412/1601 1416/1413/1416 1415/1422/1415
f 1601/1412/1601 1415/1422/1415 1413/1404/1413
f 1610/1388/1610 1614/1423/1614 1613/1424/1613
f 1606/1389/1606 1610/1388/1610 1613/1424/1613
f 1606/1389/1606 1613/1424/1613 1612/1425/1612
f 1605/1391/1605 1606/1389/1606 1612/1425/1612
f 1605/1391/1605 1612/1425/1612 1611/1426/1611
f 1605/1391/1605 1611/1426/1611 1458/1397/1458
f 1420/1417/1420 1600/1416/1600 1599/1427/1599
f 1610/1388/1610 1279/1420/1279 1466/1428/1466
f 1610/1388/1610 1466/1428/1466 1471/1429/1471
f 1609/1430/1609 1610/1388/1610 1471/1429/1471
f 1609/1430/1609 1471/1429/1471 1467/1431/1467
f 1608/1432/1608 1609/1430/1609 1467/1431/1467
f 1608/1432/1608 1467/1431/1467 1469/1433/1469
f 1598/1434/1598 1597/1435/1597 1425/1436/1425
f 1598/1434/1598 1425/1436/1425 1394/1437/1394
f 1424/1438/1424 1598/1434/1598 1394/1437/1394
f 1586/1439/1586 1585/1440/1585 1587/1441/1587
f 1443/1442/1443 1596/1443/1596 1594/1409/1594
f 1578/1407/1578 1595/1411/1595 1448/1444/1448
f 1449/1408/1449 1578/1407/1578 1448/1444/1448
f 1570/1280/1570 1363/1318/1363 1360/1445/1360
f 1570/1280/1570 1360/1445/1360 1361/1276/1361
f 1359/1282/1359 1568/1281/1568 1571/1326/1571
f 1590/1446/1590 1588/1447/1588 1757/1348/1757
f 1590/1448/1590 1757/1350/1757 1592/1449/1592
f 1586/1439/1586 1589/1450/1589 1588/1447/1588
f 1443/1442/1443 1594/1409/1594 1445/1451/1445
f 1585/1440/1585 1583/1452/1583 1718/1453/1718
f 1583/1452/1583 1584/1312/1584 1722/1314/1722
f 1461/1454/1461 1457/1455/1457 1582/1456/1582
f 1274/1457/1274 1582/1456/1582 1468/1458/1468
f 1273/1459/1273 1468/1458/1468 1581/1460/1581
f 1581/1460/1581 1580/1401/1580 1464/1461/1464
f 1581/1460/1581 1464/1461/1464 1273/1459/1273
f 1580/1401/1580 1275/1400/1275 1464/1461/1464
f 1458/1397/1458 1623/1462/1623 1453/1463/1453
f 1575/1305/1575 1462/1311/1462 1573/1308/1573
f 1635/1464/1635 1422/1465/1422 1423/1466/1423
f 1599/1427/1599 1635/1464/1635 1423/1466/1423
f 1420/1417/1420 1599/1427/1599 1423/1466/1423
f 1424/1438/1424 1422/1465/1422 1635/1464/1635
f 1424/1438/1424 1635/1464/1635 1598/1434/1598
f 1597/1435/1597 1428/1467/1428 1427/1468/1427
f 1597/1435/1597 1427/1468/1427 1425/1436/1425
f 1462/1311/1462 1463/1317/1463 1570/1280/1570
f 1462/1311/1462 1570/1280/1570 1573/1308/1573
f 1544/1366/1544 1324/1368/1324 1321/1469/1321
f 1596/1443/1596 1443/1442/1443 1400/1470/1400
f 1596/1443/1596 1400/1470/1400 1401/1471/1401
f 1597/1435/1597 1596/1443/1596 1401/1471/1401
f 1597/1435/1597 1401/1471/1401 1428/1467/1428
f 1578/1407/1578 1447/1406/1447 1450/1472/1450
f 1578/1407/1578 1450/1472/1450 1438/1473/1438
f 1594/1409/1594 1578/1407/1578 1438/1473/1438
f 1594/1409/1594 1438/1473/1438 1446/1474/1446
f 1594/1409/1594 1446/1474/1446 1445/1451/1445
f 1478/1475/1478 1479/1476/1479 1283/1477/1283
f 1294/1478/1294 1295/1479/1295 1486/1480/1486
f 1276/1481/1276 1469/1433/1469 1467/1431/1467
f 1466/1428/1466 1276/1481/1276 1467/1431/1467
f 1461/1454/1461 1274/1457/1274 1278/1482/1278
f 1481/1483/1481 1480/1484/1480 1482/1485/1482
f 1481/1483/1481 1482/1485/1482 1475/1486/1475
f 1481/1483/1481 1475/1486/1475 1476/1487/1476
f 1286/1488/1286 1480/1484/1480 1481/1483/1481
f 1481/1483/1481 1476/1487/1476 1285/1489/1285
f 1479/1476/1479 1474/1490/1474 1283/1477/1283
f 1297/1491/1297 1487/1492/1487 1296/1493/1296
f 1478/1475/1478 1283/1477/1283 1284/1494/1284
f 1476/1487/1476 1478/1475/1478 1284/1494/1284
f 1477/1495/1477 1479/1476/1479 1478/1475/1478
f 1477/1495/1477 1478/1475/1478 1476/1487/1476
f 1439/1496/1439 1287/1497/1287 1288/1498/1288
f 1452/1499/1452 1439/1496/1439 1288/1498/1288
f 1452/1499/1452 1288/1498/1288 1451/1500/1451
f 1392/1394/1392 1465/1393/1465 1472/1392/1472
f 1280/1501/1280 1392/1394/1392 1472/1392/1472
f 1283/1477/1283 1474/1490/1474 1297/1491/1297
f 1493/1502/1493 1498/1503/1498 1485/1504/1485
f 1501/1505/1501 1486/1480/1486 1489/1506/1489
f 1500/1507/1500 1501/1505/1501 1489/1506/1489
f 1500/1507/1500 1489/1506/1489 1490/1508/1490
f 1485/1504/1485 1500/1507/1500 1490/1508/1490
f 1296/1493/1296 1487/1492/1487 1488/1509/1488
f 1295/1479/1295 1296/1493/1296 1488/1509/1488
f 1475/1486/1475 1477/1495/1477 1476/1487/1476
f 1297/1491/1297 1474/1490/1474 1487/1492/1487
f 1460/1399/1460 1280/1501/1280 1472/1392/1472
f 1492/1510/1492 1499/1511/1499 1498/1503/1498
f 1493/1502/1493 1492/1510/1492 1498/1503/1498
f 1293/1512/1293 1499/1511/1499 1292/1513/1292
f 1492/1510/1492 1494/1514/1494 1497/1515/1497
f 1496/1516/1496 1492/1517/1492 1497/1518/1497
f 1492/1510/1492 1491/1519/1491 1495/1520/1495
f 1492/1510/1492 1495/1520/1495 1494/1514/1494
f 1491/1519/1491 1492/1510/1492 1493/1502/1493
f 1488/1509/1488 1487/1492/1487 1642/1521/1642
f 1767/1341/1767 1712/1342/1712 1639/1522/1639
f 1734/1331/1734 1711/1339/1711 1750/1353/1750
f 1564/1293/1564 1566/1307/1566 1726/1289/1726
f 1566/1307/1566 1563/1297/1563 1703/1523/1703
f 1772/1524/1772 1566/1307/1566 1703/1523/1703
f 1770/1525/1770 1771/1526/1771 1769/1527/1769
f 1765/1345/1765 1770/1525/1770 1769/1527/1769
f 1765/1345/1765 1769/1527/1769 1768/1528/1768
f 1763/1343/1763 1765/1345/1765 1768/1528/1768
f 1712/1342/1712 1640/1529/1640 1639/1522/1639
f 1712/1342/1712 1751/1340/1751 1711/1339/1711
f 1770/1525/1770 1766/1530/1766 1595/1411/1595
f 1437/1531/1437 1228/1532/1228 1411/1533/1411
f 1439/1496/1439 1480/1484/1480 1286/1488/1286
f 1439/1496/1439 1286/1488/1286 1287/1497/1287
f 1445/1451/1445 1452/1499/1452 1436/1534/1436
f 1445/1451/1445 1436/1534/1436 1435/1535/1435
f 1444/1536/1444 1435/1535/1435 1404/1537/1404
f 1398/1538/1398 1444/1536/1444 1404/1537/1404
f 1442/1539/1442 1228/1532/1228 1437/1531/1437
f 1403/1540/1403 1435/1535/1435 1402/1541/1402
f 1467/1431/1467 1471/1429/1471 1466/1428/1466
f 1275/1400/1275 1470/1402/1470 1469/1433/1469
f 1274/1457/1274 1461/1454/1461 1582/1456/1582
f 1273/1459/1273 1274/1457/1274 1468/1458/1468
f 1276/1481/1276 1466/1428/1466 1282/1542/1282
f 1277/1543/1277 1276/1481/1276 1282/1542/1282
f 1277/1543/1277 1282/1542/1282 1281/1544/1281
f 1276/1481/1276 1275/1400/1275 1469/1433/1469
f 1435/1535/1435 1407/1545/1407 1402/1541/1402
f 1498/1503/1498 1499/1511/1499 1485/1504/1485
f 1448/1444/1448 1480/1484/1480 1439/1496/1439
f 1460/1399/1460 1461/1454/1461 1278/1482/1278
f 1460/1399/1460 1278/1482/1278 1277/1543/1277
f 1281/1544/1281 1460/1399/1460 1277/1543/1277
f 1280/1501/1280 1460/1399/1460 1281/1544/1281
f 1778/1546/1778 1724/1547/1724 1779/1548/1779
f 1776/1549/1776 1777/1275/1777 1775/1550/1775
f 1774/1551/1774 1776/1549/1776 1775/1550/1775
f 1744/1552/1744 1746/1352/1746 1739/1553/1739
f 1526/1554/1526 1527/1364/1527 1509/1365/1509
f 1537/1555/1537 1310/1556/1310 1309/1557/1309
f 1494/1514/1494 1495/1520/1495 1506/1558/1506
f 1504/1559/1504 1494/1514/1494 1506/1558/1506
f 1504/1559/1504 1506/1558/1506 1507/1560/1507
f 1528/1561/1528 1504/1559/1504 1507/1560/1507
f 1528/1561/1528 1507/1560/1507 1508/1362/1508
f 1529/1361/1529 1528/1561/1528 1508/1362/1508
f 1302/1562/1302 1524/1563/1524 1523/1564/1523
f 1303/1565/1303 1302/1562/1302 1523/1564/1523
f 1301/1566/1301 1303/1565/1303 1523/1564/1523
f 1537/1555/1537 1317/1567/1317 1310/1556/1310
f 1526/1554/1526 1509/1365/1509 1513/1568/1513
f 1307/1569/1307 1526/1554/1526 1513/1568/1513
f 1307/1569/1307 1513/1568/1513 1514/1570/1514
f 1305/1571/1305 1514/1570/1514 1515/1572/1515
f 1305/1573/1305 1515/1574/1515 1516/1575/1516
f 1305/1573/1305 1516/1575/1516 1518/1576/1518
f 1525/1577/1525 1305/1573/1305 1518/1576/1518
f 1525/1577/1525 1518/1576/1518 1519/1578/1519
f 1524/1563/1524 1525/1577/1525 1519/1578/1519
f 1317/1567/1317 1322/1579/1322 1311/1580/1311
f 1544/1366/1544 1321/1469/1321 1314/1581/1314
f 1543/1582/1543 1544/1366/1544 1314/1581/1314
f 1535/1583/1535 1543/1582/1543 1314/1581/1314
f 1323/1367/1323 1544/1366/1544 1312/1584/1312
f 1320/1585/1320 1323/1367/1323 1312/1584/1312
f 1544/1366/1544 1545/1290/1545 1542/1292/1542
f 1325/1586/1325 1320/1585/1320 1312/1584/1312
f 1322/1579/1322 1325/1586/1325 1312/1584/1312
f 1322/1579/1322 1312/1584/1312 1311/1580/1311
f 1524/1563/1524 1519/1578/1519 1523/1564/1523
f 1317/1567/1317 1311/1580/1311 1310/1556/1310
f 1502/1587/1502 1300/1588/1300 1522/1589/1522
f 1298/1590/1298 1503/1591/1503 1504/1592/1504
f 1528/1561/1528 1298/1593/1298 1504/1559/1504
f 1312/1584/1312 1544/1366/1544 1540/1375/1540
f 1313/1374/1313 1312/1584/1312 1540/1375/1540
f 1309/1557/1309 1536/1594/1536 1539/1595/1539
f 1309/1557/1309 1539/1595/1539 1538/1596/1538
f 1537/1555/1537 1309/1557/1309 1538/1596/1538
f 1308/1597/1308 1496/1516/1496 1497/1518/1497
f 1492/1517/1492 1292/1598/1292 1499/1599/1499
f 1301/1566/1301 1523/1564/1523 1300/1588/1300
f 1515/1574/1515 1517/1600/1517 1516/1575/1516
f 1508/1362/1508 1511/1601/1511 1510/1363/1510
f 1648/1602/1648 1508/1362/1508 1507/1560/1507
f 1648/1602/1648 1507/1560/1507 1506/1558/1506
f 1505/1603/1505 1648/1602/1648 1506/1558/1506
f 1505/1603/1505 1506/1558/1506 1495/1520/1495
f 1491/1519/1491 1505/1603/1505 1495/1520/1495
f 1492/1510/1492 1496/1604/1496 1292/1513/1292
f 1503/1591/1503 1308/1597/1308 1497/1518/1497
f 1504/1592/1504 1503/1591/1503 1497/1518/1497
f 1504/1559/1504 1497/1515/1497 1494/1514/1494
f 1488/1509/1488 1642/1521/1642 1490/1508/1490
f 1294/1605/1294 1486/1606/1486 1501/1607/1501
f 1293/1512/1293 1294/1478/1294 1501/1505/1501
f 1499/1599/1499 1293/1608/1293 1501/1607/1501
f 1499/1511/1499 1501/1505/1501 1500/1507/1500
f 1499/1511/1499 1500/1507/1500 1485/1504/1485
f 1526/1609/1526 1245/1610/1245 1243/1611/1243
f 1300/1588/1300 1523/1564/1523 1521/1612/1521
f 1300/1588/1300 1521/1612/1521 1522/1589/1522
f 1488/1509/1488 1490/1508/1490 1489/1506/1489
f 1295/1479/1295 1488/1509/1488 1489/1506/1489
f 1486/1480/1486 1295/1479/1295 1489/1506/1489
f 1529/1361/1529 1527/1364/1527 1241/1613/1241
f 1528/1561/1528 1529/1361/1529 1241/1613/1241
f 1528/1614/1528 1241/1615/1241 1299/1616/1299
f 1298/1593/1298 1528/1561/1528 1299/1617/1299
f 1609/1430/1609 1608/1432/1608 1616/1618/1616
f 1307/1569/1307 1246/1619/1246 1245/1620/1245
f 1526/1554/1526 1307/1569/1307 1245/1620/1245
f 1514/1621/1514 1306/1622/1306 1307/1623/1307
f 1305/1571/1305 1306/1624/1306 1514/1570/1514
f 1525/1625/1525 1251/1626/1251 1304/1627/1304
f 1305/1573/1305 1525/1577/1525 1304/1628/1304
f 1524/1563/1524 1302/1562/1302 1251/1629/1251
f 1525/1577/1525 1524/1563/1524 1251/1629/1251
f 1496/1516/1496 1291/1630/1291 1292/1598/1292
f 1689/1631/1689 1654/1632/1654 1655/1633/1655
f 1683/1634/1683 1693/1635/1693 1692/1636/1692
f 1684/1637/1684 1683/1634/1683 1692/1636/1692
f 1692/1636/1692 1667/1638/1667 1651/1639/1651
f 1691/1640/1691 1692/1636/1692 1651/1639/1651
f 1691/1640/1691 1651/1639/1651 1641/1641/1641
f 1690/1642/1690 1691/1640/1691 1641/1641/1641
f 1690/1642/1690 1641/1641/1641 1652/1643/1652
f 1689/1631/1689 1690/1642/1690 1652/1643/1652
f 1689/1631/1689 1652/1643/1652 1653/1335/1653
f 1689/1631/1689 1653/1335/1653 1654/1632/1654
f 1683/1634/1683 1694/1644/1694 1693/1635/1693
f 1688/1645/1688 1689/1631/1689 1655/1633/1655
f 1688/1645/1688 1655/1633/1655 1656/1646/1656
f 1688/1645/1688 1656/1646/1656 1658/1647/1658
f 1687/1648/1687 1688/1645/1688 1658/1647/1658
f 1685/1649/1685 1541/1376/1541 1540/1375/1540
f 1684/1637/1684 1685/1649/1685 1540/1375/1540
f 1683/1634/1683 1684/1637/1684 1540/1375/1540
f 1664/1650/1664 1686/1651/1686 1661/1652/1661
f 1664/1650/1664 1661/1652/1661 1663/1653/1663
f 1643/1654/1643 1532/1655/1532 1533/1656/1533
f 1702/1657/1702 1663/1653/1663 1662/1658/1662
f 1700/1659/1700 1551/1360/1551 1550/1660/1550
f 1702/1657/1702 1700/1659/1700 1550/1660/1550
f 1687/1648/1687 1658/1647/1658 1659/1661/1659
f 1686/1651/1686 1687/1648/1687 1659/1661/1659
f 1686/1651/1686 1659/1661/1659 1661/1652/1661
f 1554/1378/1554 1700/1659/1700 1701/1662/1701
f 1702/1657/1702 1662/1658/1662 1699/1663/1699
f 1643/1654/1643 1530/1664/1530 1532/1655/1532
f 1547/1665/1547 1664/1650/1664 1663/1653/1663
f 1698/1666/1698 1643/1654/1643 1533/1656/1533
f 1698/1666/1698 1533/1656/1533 1679/1667/1679
f 1698/1666/1698 1679/1667/1679 1676/1668/1676
f 1697/1669/1697 1698/1666/1698 1676/1668/1676
f 1696/1670/1696 1697/1669/1697 1676/1668/1676
f 1696/1670/1696 1676/1668/1676 1674/1671/1674
f 1695/1672/1695 1696/1670/1696 1674/1671/1674
f 1695/1672/1695 1674/1671/1674 1671/1673/1671
f 1694/1644/1694 1695/1672/1695 1671/1673/1671
f 1683/1634/1683 1540/1375/1540 1542/1292/1542
f 1665/1674/1665 1688/1645/1688 1687/1648/1687
f 1665/1674/1665 1687/1648/1687 1686/1651/1686
f 1549/1675/1549 1665/1674/1665 1686/1651/1686
f 1549/1675/1549 1686/1651/1686 1664/1650/1664
f 1666/1676/1666 1290/1377/1290 1541/1376/1541
f 1685/1649/1685 1666/1676/1666 1541/1376/1541
f 1674/1671/1674 1646/1677/1646 1673/1678/1673
f 1671/1673/1671 1674/1671/1674 1673/1678/1673
f 1671/1673/1671 1673/1678/1673 1672/1679/1672
f 1665/1674/1665 1666/1676/1666 1688/1645/1688
f 1682/1680/1682 1683/1634/1683 1542/1292/1542
f 1682/1680/1682 1542/1292/1542 1546/1291/1546
f 1682/1680/1682 1546/1291/1546 1545/1290/1545
f 1681/1681/1681 1682/1680/1682 1545/1290/1545
f 1681/1681/1681 1545/1290/1545 1544/1366/1544
f 1680/1682/1680 1681/1681/1681 1544/1366/1544
f 1535/1583/1535 1680/1682/1680 1544/1366/1544
f 1535/1583/1535 1544/1366/1544 1543/1582/1543
f 1644/1683/1644 1534/1684/1534 1531/1685/1531
f 1683/1634/1683 1682/1680/1682 1694/1644/1694
f 1535/1583/1535 1530/1664/1530 1643/1654/1643
f 1535/1583/1535 1643/1654/1643 1698/1666/1698
f 1680/1682/1680 1535/1583/1535 1698/1666/1698
f 1681/1681/1681 1680/1682/1680 1698/1666/1698
f 1681/1681/1681 1698/1666/1698 1697/1669/1697
f 1681/1681/1681 1697/1669/1697 1696/1670/1696
f 1682/1680/1682 1681/1681/1681 1696/1670/1696
f 1682/1680/1682 1696/1670/1696 1695/1672/1695
f 1682/1680/1682 1695/1672/1695 1694/1644/1694
f 1702/1657/1702 1547/1665/1547 1663/1653/1663
f 1646/1686/1646 1675/1687/1675 1645/1688/1645
f 1672/1689/1672 1673/1690/1673 1512/1691/1512
f 1670/1692/1670 1672/1689/1672 1512/1691/1512
f 1684/1637/1684 1692/1636/1692 1691/1640/1691
f 1685/1649/1685 1684/1637/1684 1691/1640/1691
f 1685/1649/1685 1691/1640/1691 1690/1642/1690
f 1685/1649/1685 1690/1642/1690 1689/1631/1689
f 1666/1676/1666 1685/1649/1685 1689/1631/1689
f 1666/1676/1666 1689/1631/1689 1688/1645/1688
f 1709/1693/1709 1652/1643/1652 1641/1641/1641
f 1566/1307/1566 1564/1293/1564 1565/1295/1565
f 1567/1286/1567 1777/1275/1777 1776/1549/1776
f 1724/1547/1724 1725/1278/1725 1571/1326/1571
f 1733/1332/1733 1734/1331/1734 1750/1353/1750
f 1733/1332/1733 1750/1353/1750 1745/1383/1745
f 1653/1337/1653 1733/1332/1733 1745/1383/1745
f 1745/1383/1745 1746/1352/1746 1744/1552/1744
f 1736/1694/1736 1745/1383/1745 1744/1552/1744
f 1738/1695/1738 1737/1356/1737 1741/1696/1741
f 1739/1553/1739 1738/1695/1738 1741/1696/1741
f 1746/1352/1746 1738/1695/1738 1739/1553/1739
f 1709/1336/1709 1641/1697/1641 1650/1698/1650
f 1740/1330/1740 1709/1336/1709 1650/1698/1650
f 1734/1331/1734 1740/1330/1740 1710/1699/1710
f 1711/1339/1711 1734/1331/1734 1710/1699/1710
f 1640/1529/1640 1711/1339/1711 1710/1699/1710
f 1591/1700/1591 1715/1701/1715 1593/1702/1593
f 1714/1703/1714 1591/1700/1591 1592/1347/1592
f 1713/1704/1713 1770/1525/1770 1595/1411/1595
f 1735/1705/1735 1736/1694/1736 1744/1552/1744
f 1112/1706/1112 1145/1707/1145 1194/1708/1194
f 1194/1708/1194 1111/1709/1111 1112/1706/1112
f 1156/1710/1156 1127/1711/1127 1153/1712/1153
f 1112/1706/1112 1113/1713/1113 1145/1707/1145
f 1138/1714/1138 1167/1715/1167 1173/1716/1173
f 1135/1717/1135 1138/1714/1138 1172/1718/1172
f 1118/1719/1118 1111/1709/1111 1143/1720/1143
f 1116/1721/1116 1117/1722/1117 1147/1723/1147
f 1115/1724/1115 1116/1721/1116 1147/1723/1147
f 1163/1725/1163 1164/1726/1164 1132/1727/1132
f 1656/1646/1656 1732/1728/1732 1658/1647/1658
f 1196/1729/1196 1145/1707/1145 1113/1713/1113
f 1196/1729/1196 1113/1713/1113 1114/1730/1114
f 1162/1731/1162 1140/1732/1140 1141/1733/1141
f 1164/1726/1164 1162/1731/1162 1141/1733/1141
f 1164/1726/1164 1141/1733/1141 1132/1727/1132
f 1111/1709/1111 1190/1734/1190 1142/1735/1142
f 1144/1736/1144 1115/1724/1115 1205/1737/1205
f 1747/1351/1747 1737/1356/1737 1738/1695/1738
f 1746/1352/1746 1747/1351/1747 1738/1695/1738
f 1692/1636/1692 1693/1635/1693 1667/1638/1667
f 1716/1738/1716 1585/1440/1585 1718/1453/1718
f 1717/1739/1717 1716/1738/1716 1718/1453/1718
f 1716/1738/1716 1586/1439/1586 1587/1441/1587
f 1708/1740/1708 1588/1447/1588 1589/1450/1589
f 1708/1740/1708 1589/1450/1589 1586/1439/1586
f 1715/1741/1715 1713/1704/1713 1579/1410/1579
f 1715/1741/1715 1579/1410/1579 1593/1742/1593
f 1694/1644/1694 1671/1673/1671 1667/1638/1667
f 1693/1635/1693 1694/1644/1694 1667/1638/1667
f 1716/1738/1716 1587/1441/1587 1585/1440/1585
f 1579/1410/1579 1713/1704/1713 1595/1411/1595
f 1595/1411/1595 1766/1530/1766 1767/1341/1767
f 1639/1522/1639 1595/1411/1595 1767/1341/1767
f 1711/1339/1711 1640/1529/1640 1712/1342/1712
f 1710/1699/1710 1740/1330/1740 1650/1698/1650
f 1725/1278/1725 1572/1316/1572 1569/1279/1569
f 1709/1336/1709 1653/1337/1653 1652/1743/1652
f 1548/1744/1548 1547/1665/1547 1702/1657/1702
f 1700/1659/1700 1702/1657/1702 1699/1663/1699
f 1560/1302/1560 1703/1523/1703 1561/1301/1561
f 1659/1661/1659 1730/1745/1730 1660/1746/1660
f 1700/1659/1700 1699/1663/1699 1729/1747/1729
f 1701/1662/1701 1728/1748/1728 1553/1320/1553
f 1554/1378/1554 1701/1662/1701 1553/1320/1553
f 1556/1370/1556 1559/1373/1559 1555/1371/1555
f 1704/1749/1704 1558/1372/1558 1559/1373/1559
f 1560/1302/1560 1558/1372/1558 1704/1749/1704
f 1703/1523/1703 1563/1297/1563 1562/1300/1562
f 1703/1523/1703 1562/1300/1562 1561/1301/1561
f 1677/1750/1677 1678/1751/1678 1520/1752/1520
f 1726/1289/1726 1350/1274/1350 1564/1293/1564
f 1548/1744/1548 1702/1657/1702 1550/1660/1550
f 1700/1659/1700 1552/1357/1552 1551/1360/1551
f 1554/1378/1554 1552/1357/1552 1700/1659/1700
f 1723/1309/1723 1721/1753/1721 1576/1306/1576
f 1719/1754/1719 1722/1314/1722 1576/1306/1576
f 1721/1753/1721 1719/1754/1719 1576/1306/1576
f 1718/1453/1718 1583/1452/1583 1720/1755/1720
f 1718/1453/1718 1720/1755/1720 1719/1754/1719
f 1626/1756/1626 1634/1757/1634 1633/1758/1633
f 1629/1759/1629 1603/1421/1603 1604/1387/1604
f 1577/1760/1577 1629/1759/1629 1604/1387/1604
f 1577/1760/1577 1604/1387/1604 1456/1386/1456
f 1593/1742/1593 1579/1410/1579 1637/1761/1637
f 1628/1762/1628 1593/1742/1593 1637/1761/1637
f 1627/1763/1627 1628/1762/1628 1637/1761/1637
f 1627/1763/1627 1637/1761/1637 1636/1764/1636
f 1627/1765/1627 1636/1766/1636 1635/1767/1635
f 1626/1768/1626 1627/1763/1627 1635/1464/1635
f 1626/1768/1626 1635/1464/1635 1634/1769/1634
f 1618/1770/1618 1619/1771/1619 1592/1347/1592
f 1625/1772/1625 1626/1756/1626 1633/1758/1633
f 1625/1772/1625 1633/1758/1633 1632/1773/1632
f 1612/1425/1612 1624/1774/1624 1623/1462/1623
f 1611/1426/1611 1612/1425/1612 1623/1462/1623
f 1611/1426/1611 1623/1462/1623 1458/1397/1458
f 1624/1774/1624 1630/1775/1630 1629/1776/1629
f 1623/1462/1623 1624/1774/1624 1629/1776/1629
f 1623/1777/1623 1629/1759/1629 1577/1760/1577
f 1623/1462/1623 1577/1778/1577 1453/1463/1453
f 1634/1769/1634 1635/1464/1635 1599/1427/1599
f 1638/1779/1638 1639/1522/1639 1640/1529/1640
f 1625/1772/1625 1632/1773/1632 1631/1780/1631
f 1624/1774/1624 1625/1772/1625 1631/1780/1631
f 1624/1781/1624 1631/1782/1631 1630/1783/1630
f 1637/1761/1637 1579/1410/1579 1596/1443/1596
f 1637/1761/1637 1596/1443/1596 1597/1435/1597
f 1637/1761/1637 1597/1435/1597 1598/1434/1598
f 1636/1764/1636 1637/1761/1637 1598/1434/1598
f 1636/1764/1636 1598/1434/1598 1635/1464/1635
f 1457/1455/1457 1454/1313/1454 1584/1312/1584
f 1634/1769/1634 1599/1427/1599 1600/1416/1600
f 1633/1784/1633 1634/1769/1634 1600/1416/1600
f 1633/1784/1633 1600/1416/1600 1418/1419/1418
f 1632/1785/1632 1633/1784/1633 1418/1419/1418
f 1632/1786/1632 1418/1414/1418 1601/1412/1601
f 1631/1782/1631 1632/1786/1632 1601/1412/1601
f 1631/1782/1631 1601/1412/1601 1602/1403/1602
f 1619/1771/1619 1588/1447/1588 1590/1446/1590
f 1619/1771/1619 1590/1446/1590 1592/1347/1592
f 1468/1458/1468 1582/1456/1582 1621/1787/1621
f 1614/1423/1614 1626/1756/1626 1625/1772/1625
f 1613/1424/1613 1614/1423/1614 1625/1772/1625
f 1613/1424/1613 1625/1772/1625 1624/1774/1624
f 1612/1425/1612 1613/1424/1613 1624/1774/1624
f 1607/1788/1607 1608/1432/1608 1469/1433/1469
f 1580/1401/1580 1607/1788/1607 1469/1433/1469
f 1580/1401/1580 1469/1433/1469 1470/1402/1470
f 1582/1456/1582 1457/1455/1457 1622/1789/1622
f 1582/1456/1582 1622/1789/1622 1621/1787/1621
f 1614/1423/1614 1615/1790/1615 1626/1756/1626
f 1581/1460/1581 1468/1458/1468 1621/1787/1621
f 1581/1460/1581 1621/1787/1621 1620/1791/1620
f 1580/1401/1580 1581/1460/1581 1620/1791/1620
f 1580/1401/1580 1620/1791/1620 1619/1771/1619
f 1607/1788/1607 1580/1401/1580 1619/1771/1619
f 1607/1788/1607 1619/1771/1619 1618/1770/1618
f 1607/1788/1607 1618/1770/1618 1617/1792/1617
f 1608/1432/1608 1607/1788/1607 1617/1792/1617
f 1608/1432/1608 1617/1792/1617 1616/1618/1616
f 1610/1388/1610 1609/1430/1609 1615/1790/1615
f 1622/1789/1622 1457/1455/1457 1584/1312/1584
f 1622/1789/1622 1584/1312/1584 1583/1452/1583
f 1621/1787/1621 1622/1789/1622 1583/1452/1583
f 1621/1787/1621 1583/1452/1583 1585/1440/1585
f 1620/1791/1620 1621/1787/1621 1585/1440/1585
f 1620/1791/1620 1585/1440/1585 1586/1439/1586
f 1620/1791/1620 1586/1439/1586 1588/1447/1588
f 1619/1771/1619 1620/1791/1620 1588/1447/1588
f 1609/1430/1609 1616/1618/1616 1615/1790/1615
f 1595/1411/1595 1480/1484/1480 1448/1444/1448
f 1610/1388/1610 1615/1790/1615 1614/1423/1614
f 1617/1792/1617 1618/1770/1618 1592/1347/1592
f 1617/1792/1617 1592/1347/1592 1591/1700/1591
f 1617/1792/1617 1591/1700/1591 1593/1702/1593
f 1616/1618/1616 1617/1792/1617 1593/1702/1593
f 1616/1618/1616 1593/1702/1593 1628/1793/1628
f 1616/1618/1616 1628/1793/1628 1627/1765/1627
f 1615/1790/1615 1616/1618/1616 1627/1765/1627
f 1615/1790/1615 1627/1765/1627 1626/1756/1626
f 1536/1594/1536 1309/1557/1309 1484/1794/1484
f 1647/1795/1647 1648/1602/1648 1505/1603/1505
f 1671/1796/1671 1672/1689/1672 1670/1692/1670
f 1667/1797/1667 1671/1796/1671 1670/1692/1670
f 1667/1638/1667 1670/1798/1670 1669/1799/1669
f 1667/1797/1667 1669/1800/1669 1668/1801/1668
f 1651/1802/1651 1667/1797/1667 1668/1801/1668
f 1651/1802/1651 1668/1801/1668 1650/1698/1650
f 1641/1697/1641 1651/1802/1651 1650/1698/1650
f 1483/1803/1483 1290/1377/1290 1666/1676/1666
f 1483/1803/1483 1666/1676/1666 1665/1674/1665
f 1648/1602/1648 1511/1601/1511 1508/1362/1508
f 1536/1594/1536 1484/1794/1484 1665/1674/1665
f 1539/1595/1539 1536/1594/1536 1665/1674/1665
f 1538/1596/1538 1539/1595/1539 1665/1674/1665
f 1645/1688/1645 1520/1752/1520 1516/1575/1516
f 1519/1578/1519 1520/1752/1520 1678/1751/1678
f 1644/1683/1644 1521/1612/1521 1523/1564/1523
f 1664/1650/1664 1547/1665/1547 1549/1675/1549
f 1662/1658/1662 1663/1653/1663 1661/1652/1661
f 1659/1661/1659 1660/1746/1660 1661/1652/1661
f 1650/1698/1650 1668/1801/1668 1647/1795/1647
f 1675/1687/1675 1677/1750/1677 1520/1752/1520
f 1675/1687/1675 1520/1752/1520 1645/1688/1645
f 1538/1596/1538 1665/1674/1665 1549/1675/1549
f 1665/1674/1665 1484/1794/1484 1483/1803/1483
f 1538/1596/1538 1549/1675/1549 1537/1555/1537
f 1669/1800/1669 1670/1692/1670 1511/1601/1511
f 1668/1801/1668 1669/1800/1669 1511/1601/1511
f 1668/1801/1668 1511/1601/1511 1648/1602/1648
f 1668/1801/1668 1648/1602/1648 1647/1795/1647
f 1649/1804/1649 1710/1699/1710 1650/1698/1650
f 1650/1698/1650 1647/1795/1647 1649/1804/1649
f 1679/1805/1679 1533/1806/1533 1644/1683/1644
f 1679/1805/1679 1644/1683/1644 1678/1751/1678
f 1676/1807/1676 1679/1805/1679 1678/1751/1678
f 1676/1668/1676 1678/1808/1678 1677/1809/1677
f 1676/1807/1676 1677/1750/1677 1675/1687/1675
f 1674/1671/1674 1676/1668/1676 1675/1810/1675
f 1674/1671/1674 1675/1810/1675 1646/1677/1646
f 1490/1508/1490 1649/1804/1649 1485/1504/1485
f 1519/1578/1519 1678/1751/1678 1523/1564/1523
f 1515/1574/1515 1646/1686/1646 1645/1688/1645
f 1645/1688/1645 1516/1575/1516 1517/1600/1517
f 1515/1574/1515 1645/1688/1645 1517/1600/1517
f 1520/1752/1520 1519/1578/1519 1518/1576/1518
f 1520/1752/1520 1518/1576/1518 1516/1575/1516
f 1630/1783/1630 1631/1782/1631 1602/1403/1602
f 1630/1783/1630 1602/1403/1602 1603/1421/1603
f 1629/1759/1629 1630/1783/1630 1603/1421/1603
f 1678/1751/1678 1644/1683/1644 1523/1564/1523
f 1515/1572/1515 1514/1570/1514 1646/1811/1646
f 1531/1685/1531 1522/1589/1522 1521/1612/1521
f 1531/1685/1531 1521/1612/1521 1644/1683/1644
f 1644/1683/1644 1533/1806/1533 1534/1684/1534
f 1638/1779/1638 1474/1490/1474 1479/1476/1479
f 1638/1779/1638 1479/1476/1479 1477/1495/1477
f 1595/1411/1595 1638/1779/1638 1477/1495/1477
f 1595/1411/1595 1477/1495/1477 1475/1486/1475
f 1482/1485/1482 1595/1411/1595 1475/1486/1475
f 1595/1411/1595 1482/1485/1482 1480/1484/1480
f 1639/1522/1639 1638/1779/1638 1595/1411/1595
f 1642/1521/1642 1710/1699/1710 1649/1804/1649
f 1490/1508/1490 1642/1521/1642 1649/1804/1649
f 1642/1521/1642 1638/1779/1638 1640/1529/1640
f 1710/1699/1710 1642/1521/1642 1640/1529/1640
f 1638/1779/1638 1642/1521/1642 1487/1492/1487
f 1647/1795/1647 1505/1603/1505 1491/1519/1491
f 1647/1795/1647 1491/1519/1491 1493/1502/1493
f 1649/1804/1649 1647/1795/1647 1493/1502/1493
f 1485/1504/1485 1649/1804/1649 1493/1502/1493
f 1444/1536/1444 1445/1451/1445 1435/1535/1435
f 1474/1490/1474 1638/1779/1638 1487/1492/1487
f 1579/1410/1579 1594/1409/1594 1596/1443/1596
f 1510/1363/1510 1511/1601/1511 1670/1692/1670
f 1510/1363/1510 1670/1692/1670 1512/1691/1512
f 1509/1365/1509 1510/1363/1510 1512/1691/1512
f 1673/1690/1673 1513/1568/1513 1512/1691/1512
f 1509/1365/1509 1512/1691/1512 1513/1568/1513
f 1514/1570/1514 1513/1568/1513 1673/1690/1673
f 1514/1570/1514 1673/1690/1673 1646/1811/1646
f 1171/1812/1171 1135/1717/1135 1243/1611/1243
f 1739/1553/1739 1814/1813/1814 1815/1814/1815
f 1744/1552/1744 1739/1553/1739 1815/1814/1815
f 1744/1552/1744 1815/1814/1815 1806/1815/1806
f 1805/1816/1805 1744/1552/1744 1806/1815/1806
f 1731/1817/1731 1805/1818/1805 1803/1819/1803
f 1730/1745/1730 1731/1820/1731 1803/1821/1803
f 1172/1718/1172 1138/1714/1138 1242/1822/1242
f 1172/1718/1172 1242/1822/1242 1243/1611/1243
f 1135/1717/1135 1172/1718/1172 1243/1611/1243
f 1739/1553/1739 1741/1696/1741 1814/1813/1814
f 1162/1731/1162 1164/1726/1164 1250/1823/1250
f 1252/1824/1252 1162/1731/1162 1250/1823/1250
f 1160/1825/1160 1162/1731/1162 1252/1824/1252
f 1160/1825/1160 1252/1824/1252 1161/1826/1161
f 1299/1616/1299 1167/1715/1167 1166/1827/1166
f 1255/1828/1255 1299/1616/1299 1166/1827/1166
f 1255/1828/1255 1166/1827/1166 1254/1829/1254
f 1230/1830/1230 1254/1829/1254 1165/1831/1165
f 1241/1615/1241 1173/1716/1173 1167/1715/1167
f 1804/1832/1804 1805/1818/1805 1806/1833/1806
f 1769/1527/1769 1771/1526/1771 1761/1327/1761
f 1768/1528/1768 1769/1527/1769 1761/1327/1761
f 1768/1528/1768 1761/1327/1761 1754/1354/1754
f 1768/1528/1768 1754/1354/1754 1760/1834/1760
f 1763/1343/1763 1768/1528/1768 1760/1834/1760
f 1763/1343/1763 1760/1834/1760 1759/1835/1759
f 1763/1343/1763 1759/1835/1759 1758/1836/1758
f 1817/1837/1817 1763/1343/1763 1758/1836/1758
f 1804/1838/1804 1803/1821/1803 1805/1839/1805
f 1241/1615/1241 1167/1715/1167 1299/1616/1299
f 1795/1840/1795 1704/1749/1704 1559/1373/1559
f 1727/1325/1727 1795/1840/1795 1559/1373/1559
f 1727/1325/1727 1559/1373/1559 1556/1370/1556
f 1811/1841/1811 1814/1813/1814 1741/1696/1741
f 1812/1842/1812 1811/1841/1811 1741/1696/1741
f 1812/1842/1812 1741/1696/1741 1813/1843/1813
f 1737/1356/1737 1749/1338/1749 1743/1844/1743
f 1737/1356/1737 1743/1844/1743 1813/1843/1813
f 1741/1696/1741 1737/1356/1737 1813/1843/1813
f 1233/1845/1233 1234/1846/1234 1239/1847/1239
f 1226/1848/1226 1227/1849/1227 1228/1532/1228
f 1226/1848/1226 1124/1850/1124 1154/1851/1154
f 1252/1824/1252 1253/1852/1253 1161/1826/1161
f 1240/1853/1240 1249/1854/1249 1251/1626/1251
f 1240/1853/1240 1251/1626/1251 1250/1823/1250
f 1243/1611/1243 1245/1610/1245 1244/1855/1244
f 1131/1856/1131 1230/1830/1230 1165/1831/1165
f 1234/1846/1234 1121/1857/1121 1238/1858/1238
f 1234/1846/1234 1238/1858/1238 1239/1847/1239
f 1226/1848/1226 1155/1859/1155 1227/1849/1227
f 1229/1860/1229 1238/1861/1238 1235/1862/1235
f 1229/1860/1229 1235/1862/1235 1159/1863/1159
f 1156/1710/1156 1229/1860/1229 1159/1863/1159
f 1236/1864/1236 1219/1865/1219 1217/1866/1217
f 1219/1865/1219 1156/1710/1156 1153/1712/1153
f 1219/1865/1219 1153/1712/1153 1218/1867/1218
f 1217/1866/1217 1219/1865/1219 1218/1867/1218
f 1214/1868/1214 1216/1869/1216 1218/1867/1218
f 1213/1870/1213 1214/1868/1214 1218/1867/1218
f 1248/1871/1248 1169/1872/1169 1244/1855/1244
f 1138/1714/1138 1173/1716/1173 1241/1615/1241
f 1138/1714/1138 1241/1615/1241 1242/1822/1242
f 1236/1864/1236 1217/1866/1217 1237/1873/1237
f 1229/1860/1229 1236/1864/1236 1237/1873/1237
f 1156/1710/1156 1219/1865/1219 1236/1864/1236
f 1156/1710/1156 1236/1864/1236 1229/1860/1229
f 1171/1812/1171 1243/1611/1243 1244/1855/1244
f 1170/1874/1170 1171/1812/1171 1244/1855/1244
f 1169/1872/1169 1170/1874/1170 1244/1855/1244
f 1745/1383/1745 1736/1694/1736 1657/1875/1657
f 1248/1871/1248 1244/1855/1244 1306/1622/1306
f 1247/1876/1247 1134/1877/1134 1168/1878/1168
f 1248/1871/1248 1247/1876/1247 1168/1878/1168
f 1249/1854/1249 1163/1725/1163 1134/1877/1134
f 1249/1854/1249 1134/1877/1134 1247/1876/1247
f 1163/1725/1163 1249/1854/1249 1240/1853/1240
f 1164/1726/1164 1163/1725/1163 1240/1853/1240
f 1164/1726/1164 1240/1853/1240 1250/1823/1250
f 1227/1849/1227 1118/1719/1118 1210/1879/1210
f 1265/1880/1265 1210/1879/1210 1191/1881/1191
f 1179/1882/1179 1263/1883/1263 1262/1884/1262
f 1260/1885/1260 1179/1882/1179 1262/1884/1262
f 1373/1886/1373 1372/1887/1372 1184/1888/1184
f 1209/1889/1209 1189/1890/1189 1267/1891/1267
f 1209/1889/1209 1267/1891/1267 1430/1892/1430
f 1192/1893/1192 1209/1894/1209 1266/1895/1266
f 1192/1893/1192 1266/1895/1266 1264/1896/1264
f 1191/1881/1191 1192/1893/1192 1264/1896/1264
f 1265/1880/1265 1228/1532/1228 1210/1879/1210
f 1179/1882/1179 1178/1897/1178 1263/1883/1263
f 1264/1896/1264 1265/1880/1265 1191/1881/1191
f 1809/1898/1809 1806/1815/1806 1815/1814/1815
f 1809/1898/1809 1815/1814/1815 1814/1813/1814
f 1811/1841/1811 1809/1898/1809 1814/1813/1814
f 1794/1899/1794 1799/1900/1799 1801/1901/1801
f 1795/1840/1795 1794/1899/1794 1801/1901/1801
f 1800/1902/1800 1801/1901/1801 1799/1900/1799
f 1752/1903/1752 1812/1842/1812 1813/1843/1813
f 1752/1903/1752 1813/1843/1813 1743/1844/1743
f 1706/1904/1706 1729/1747/1729 1699/1663/1699
f 1760/1834/1760 1791/1905/1791 1790/1906/1790
f 1745/1383/1745 1657/1875/1657 1655/1907/1655
f 1654/1632/1654 1745/1908/1745 1655/1633/1655
f 1730/1745/1730 1659/1661/1659 1658/1647/1658
f 1731/1820/1731 1730/1745/1730 1658/1647/1658
f 1731/1820/1731 1658/1647/1658 1732/1728/1732
f 1805/1818/1805 1731/1817/1731 1732/1909/1732
f 1701/1662/1701 1700/1659/1700 1729/1747/1729
f 1706/1904/1706 1701/1662/1701 1729/1747/1729
f 1742/1910/1742 1752/1903/1752 1743/1844/1743
f 1706/1904/1706 1699/1663/1699 1798/1911/1798
f 1200/1912/1200 1272/1385/1272 1201/1913/1201
f 1198/1914/1198 1202/1915/1202 1271/1916/1271
f 1198/1914/1198 1271/1916/1271 1434/1917/1434
f 1203/1918/1203 1198/1914/1198 1434/1917/1434
f 1203/1918/1203 1270/1919/1270 1432/1920/1432
f 1204/1921/1204 1203/1922/1203 1432/1923/1432
f 1204/1921/1204 1432/1923/1432 1269/1924/1269
f 1204/1921/1204 1269/1924/1269 1188/1925/1188
f 1178/1897/1178 1177/1926/1177 1366/1927/1366
f 1374/1928/1374 1186/1929/1186 1261/1930/1261
f 1259/1931/1259 1151/1932/1151 1187/1933/1187
f 1259/1931/1259 1187/1933/1187 1179/1882/1179
f 1260/1885/1260 1259/1931/1259 1179/1882/1179
f 1185/1934/1185 1184/1888/1184 1372/1887/1372
f 1175/1935/1175 1185/1934/1185 1372/1887/1372
f 1180/1936/1180 1368/1937/1368 1367/1938/1367
f 1180/1936/1180 1367/1938/1367 1366/1927/1366
f 1177/1926/1177 1180/1936/1180 1366/1927/1366
f 1374/1928/1374 1184/1888/1184 1186/1929/1186
f 1151/1932/1151 1259/1931/1259 1211/1939/1211
f 1150/1940/1150 1151/1932/1151 1211/1939/1211
f 1258/1941/1258 1261/1930/1261 1174/1942/1174
f 1257/1943/1257 1258/1941/1258 1174/1942/1174
f 1730/1745/1730 1803/1821/1803 1802/1944/1802
f 1660/1746/1660 1730/1745/1730 1802/1944/1802
f 1660/1746/1660 1802/1944/1802 1818/1945/1818
f 1736/1946/1736 1735/1947/1735 1655/1633/1655
f 1736/1694/1736 1655/1907/1655 1657/1875/1657
f 1181/1948/1181 1182/1949/1182 1368/1937/1368
f 1811/1841/1811 1812/1842/1812 1810/1950/1810
f 1809/1898/1809 1811/1841/1811 1810/1950/1810
f 1809/1898/1809 1810/1950/1810 1808/1951/1808
f 1806/1815/1806 1809/1898/1809 1808/1951/1808
f 1806/1815/1806 1808/1951/1808 1807/1952/1807
f 1804/1953/1804 1806/1815/1806 1807/1952/1807
f 1744/1552/1744 1805/1816/1805 1732/1954/1732
f 1182/1949/1182 1183/1955/1183 1369/1956/1369
f 1182/1949/1182 1369/1956/1369 1368/1937/1368
f 1213/1870/1213 1218/1867/1218 1153/1712/1153
f 1180/1936/1180 1181/1948/1181 1368/1937/1368
f 1175/1935/1175 1372/1887/1372 1371/1957/1371
f 1175/1935/1175 1371/1957/1371 1370/1958/1370
f 1176/1959/1176 1175/1935/1175 1370/1958/1370
f 1183/1955/1183 1176/1959/1176 1370/1958/1370
f 1183/1955/1183 1370/1958/1370 1369/1956/1369
f 1178/1897/1178 1366/1927/1366 1365/1960/1365
f 1178/1897/1178 1365/1960/1365 1263/1883/1263
f 1374/1928/1374 1373/1886/1373 1184/1888/1184
f 1752/1903/1752 1742/1910/1742 1817/1837/1817
f 1770/1525/1770 1713/1704/1713 1771/1526/1771
f 1766/1530/1766 1770/1525/1770 1765/1345/1765
f 1791/1905/1791 1792/1961/1792 1783/1962/1783
f 1791/1905/1791 1783/1962/1783 1784/1963/1784
f 1790/1906/1790 1791/1905/1791 1784/1963/1784
f 1751/1340/1751 1764/1344/1764 1763/1343/1763
f 1753/1964/1753 1751/1340/1751 1763/1343/1763
f 1742/1910/1742 1753/1964/1753 1763/1343/1763
f 1742/1910/1742 1763/1343/1763 1817/1837/1817
f 1713/1704/1713 1714/1965/1714 1771/1526/1771
f 1752/1903/1752 1817/1837/1817 1816/1966/1816
f 1812/1842/1812 1752/1903/1752 1816/1966/1816
f 1812/1842/1812 1816/1966/1816 1796/1967/1796
f 1810/1950/1810 1812/1842/1812 1796/1967/1796
f 1810/1950/1810 1796/1967/1796 1795/1840/1795
f 1807/1952/1807 1801/1901/1801 1800/1902/1800
f 1804/1953/1804 1807/1952/1807 1800/1902/1800
f 1804/1838/1804 1800/1968/1800 1797/1969/1797
f 1715/1701/1715 1591/1700/1591 1714/1703/1714
f 1194/1708/1194 1193/1970/1193 1195/1971/1195
f 1201/1972/1201 1146/1973/1146 1200/1974/1200
f 1110/1975/1110 1199/1976/1199 1200/1974/1200
f 1108/1977/1108 1146/1973/1146 1149/1978/1149
f 1108/1977/1108 1149/1978/1149 1117/1722/1117
f 1117/1722/1117 1148/1979/1148 1147/1723/1147
f 1147/1723/1147 1197/1980/1197 1204/1921/1204
f 1268/1981/1268 1145/1707/1145 1196/1729/1196
f 1205/1737/1205 1196/1729/1196 1144/1736/1144
f 1193/1970/1193 1145/1707/1145 1195/1971/1195
f 1713/1704/1713 1715/1741/1715 1714/1965/1714
f 1194/1708/1194 1145/1707/1145 1193/1970/1193
f 1142/1735/1142 1192/1893/1192 1191/1881/1191
f 1111/1709/1111 1142/1735/1142 1191/1881/1191
f 1124/1850/1124 1224/1982/1224 1123/1983/1123
f 1122/1984/1122 1123/1985/1123 1220/1986/1220
f 1126/1987/1126 1122/1984/1122 1220/1986/1220
f 1126/1987/1126 1220/1986/1220 1221/1988/1221
f 1152/1989/1152 1153/1712/1153 1127/1711/1127
f 1125/1990/1125 1152/1989/1152 1127/1711/1127
f 1137/1991/1137 1171/1812/1171 1170/1874/1170
f 1234/1846/1234 1158/1992/1158 1121/1857/1121
f 1158/1992/1158 1130/1993/1130 1120/1994/1120
f 1157/1995/1157 1131/1856/1131 1130/1993/1130
f 1232/1996/1232 1157/1995/1157 1130/1993/1130
f 1130/1993/1130 1158/1992/1158 1232/1996/1232
f 1109/1997/1109 1146/1973/1146 1108/1977/1108
f 1110/1975/1110 1146/1973/1146 1109/1997/1109
f 1136/1998/1136 1135/1717/1135 1171/1812/1171
f 1137/1991/1137 1136/1998/1136 1171/1812/1171
f 1158/1992/1158 1120/1994/1120 1121/1857/1121
f 1137/1991/1137 1170/1874/1170 1169/1872/1169
f 1137/1991/1137 1169/1872/1169 1248/1871/1248
f 1137/1991/1137 1248/1871/1248 1168/1878/1168
f 1134/1877/1134 1137/1991/1137 1168/1878/1168
f 1139/1999/1139 1166/1827/1166 1167/1715/1167
f 1138/1714/1138 1139/1999/1139 1167/1715/1167
f 1254/1829/1254 1166/1827/1166 1139/1999/1139
f 1254/1829/1254 1139/1999/1139 1131/1856/1131
f 1165/1831/1165 1254/1829/1254 1131/1856/1131
f 1154/1851/1154 1155/1859/1155 1226/1848/1226
f 1767/1341/1767 1766/1530/1766 1765/1345/1765
f 1767/1341/1767 1765/1345/1765 1764/1344/1764
f 1751/1340/1751 1767/1341/1767 1764/1344/1764
f 1144/1736/1144 1196/1729/1196 1114/1730/1114
f 1144/1736/1144 1114/1730/1114 1115/1724/1115
f 1194/1708/1194 1190/1734/1190 1111/1709/1111
f 1119/2000/1119 1118/1719/1118 1227/1849/1227
f 1119/2000/1119 1227/1849/1227 1155/1859/1155
f 1154/1851/1154 1119/2000/1119 1155/1859/1155
f 1201/1972/1201 1202/2001/1202 1146/1973/1146
f 1115/1724/1115 1147/1723/1147 1205/1737/1205
f 1163/1725/1163 1132/1727/1132 1133/2002/1133
f 1134/1877/1134 1163/1725/1163 1133/2002/1133
f 1160/1825/1160 1140/1732/1140 1162/1731/1162
f 1160/1825/1160 1161/1826/1161 1140/1732/1140
f 1129/2003/1129 1127/1711/1127 1156/1710/1156
f 1128/2004/1128 1129/2003/1129 1156/1710/1156
f 1128/2004/1128 1156/1710/1156 1159/1863/1159
f 1121/2005/1121 1128/2004/1128 1159/1863/1159
f 1215/2006/1215 1125/1990/1125 1126/1987/1126
f 1796/1967/1796 1560/1302/1560 1704/1749/1704
f 1795/1840/1795 1796/1967/1796 1704/1749/1704
f 1223/2007/1223 1220/1986/1220 1123/1985/1123
f 1224/2008/1224 1223/2007/1223 1123/1985/1123
f 1225/2009/1225 1224/1982/1224 1124/1850/1124
f 1226/1848/1226 1225/2009/1225 1124/1850/1124
f 1221/1988/1221 1220/1986/1220 1223/2007/1223
f 1221/1988/1221 1223/2007/1223 1222/2010/1222
f 1215/2006/1215 1221/1988/1221 1222/2010/1222
f 1796/1967/1796 1816/1966/1816 1560/1302/1560
f 1215/2006/1215 1126/1987/1126 1221/1988/1221
f 1212/2011/1212 1125/1990/1125 1215/2006/1215
f 1209/1894/1209 1208/2012/1208 1194/1708/1194
f 1209/1894/1209 1194/1708/1194 1195/1971/1195
f 1189/2013/1189 1209/1894/1209 1195/1971/1195
f 1189/2013/1189 1195/1971/1195 1145/1707/1145
f 1145/1707/1145 1268/1981/1268 1189/2013/1189
f 1207/2014/1207 1268/1981/1268 1196/1729/1196
f 1152/1989/1152 1213/1870/1213 1153/1712/1153
f 1714/1965/1714 1592/1449/1592 1762/1349/1762
f 1235/1862/1235 1238/1861/1238 1121/2005/1121
f 1235/1862/1235 1121/2005/1121 1159/1863/1159
f 1158/1992/1158 1234/1846/1234 1233/1845/1233
f 1157/1995/1157 1232/1996/1232 1231/2015/1231
f 1131/1856/1131 1157/1995/1157 1231/2015/1231
f 1131/1856/1131 1231/2015/1231 1230/1830/1230
f 1755/1329/1755 1707/2016/1707 1782/2017/1782
f 1792/2018/1792 1755/2019/1755 1782/2020/1782
f 1792/1961/1792 1782/2017/1782 1783/1962/1783
f 1216/1869/1216 1217/1866/1217 1218/1867/1218
f 1771/1526/1771 1714/1965/1714 1762/1349/1762
f 1771/1526/1771 1762/1349/1762 1761/1327/1761
f 1790/1906/1790 1784/1963/1784 1785/2021/1785
f 1789/2022/1789 1790/1906/1790 1785/2021/1785
f 1758/1836/1758 1789/2022/1789 1772/1524/1772
f 1817/1837/1817 1758/1836/1758 1772/1524/1772
f 1817/1837/1817 1772/1524/1772 1703/1523/1703
f 1816/1966/1816 1817/1837/1817 1703/1523/1703
f 1816/1966/1816 1703/1523/1703 1560/1302/1560
f 1208/2012/1208 1192/1893/1192 1190/1734/1190
f 1146/1973/1146 1110/1975/1110 1200/1974/1200
f 1149/1978/1149 1146/1973/1146 1198/2023/1198
f 1117/1722/1117 1149/1978/1149 1198/2023/1198
f 1117/1722/1117 1198/2023/1198 1197/1980/1197
f 1148/1979/1148 1117/1722/1117 1197/1980/1197
f 1147/1723/1147 1148/1979/1148 1197/1980/1197
f 1210/1879/1210 1118/1719/1118 1143/1720/1143
f 1210/1879/1210 1143/1720/1143 1191/1881/1191
f 1192/1893/1192 1142/1735/1142 1190/1734/1190
f 1755/1329/1755 1756/1328/1756 1707/2016/1707
f 1208/2012/1208 1190/1734/1190 1194/1708/1194
f 1143/1720/1143 1111/1709/1111 1191/1881/1191
f 1206/2024/1206 1207/2014/1207 1196/1729/1196
f 1205/1737/1205 1206/2024/1206 1196/1729/1196
f 1147/1723/1147 1188/1925/1188 1205/1737/1205
f 1147/1723/1147 1204/1921/1204 1188/1925/1188
f 1203/1922/1203 1204/1921/1204 1197/1980/1197
f 1203/1922/1203 1197/1980/1197 1198/2023/1198
f 1202/2001/1202 1198/2023/1198 1146/1973/1146
f 1803/1821/1803 1804/1838/1804 1797/1969/1797
f 1213/1870/1213 1212/2011/1212 1214/1868/1214
f 1212/2011/1212 1213/1870/1213 1152/1989/1152
f 1212/2011/1212 1152/1989/1152 1125/1990/1125
f 1808/1951/1808 1810/1950/1810 1795/1840/1795
f 1808/1951/1808 1795/1840/1795 1801/1901/1801
f 1807/1952/1807 1808/1951/1808 1801/1901/1801
f 1751/1340/1751 1753/1964/1753 1742/1910/1742
f 1749/1338/1749 1751/1340/1751 1742/1910/1742
f 1749/1338/1749 1742/1910/1742 1743/1844/1743
f 1442/2025/1442 1436/1534/1436 1451/1500/1451
f 1803/1819/1803 1797/2026/1797 1699/2027/1699
f 1802/1944/1802 1803/1821/1803 1699/1663/1699
f 1818/1945/1818 1802/1944/1802 1699/1663/1699
f 1818/1945/1818 1699/1663/1699 1662/1658/1662
f 1660/1746/1660 1818/1945/1818 1662/1658/1662
f 1757/1348/1757 1588/1447/1588 1708/1740/1708
f 1756/1328/1756 1757/1350/1757 1708/2028/1708
f 1756/1328/1756 1708/2028/1708 1707/2016/1707
f 1349/2029/1349 1353/1273/1353 1367/2030/1367
f 1356/2031/1356 1364/2032/1364 1263/2033/1263
f 1357/2034/1357 1356/2031/1356 1263/2033/1263
f 1357/2035/1357 1263/1883/1263 1365/1960/1365
f 1354/1283/1354 1357/2034/1357 1365/2036/1365
f 1354/2037/1354 1365/1960/1365 1387/2038/1387
f 1352/2039/1352 1354/1283/1354 1387/2040/1387
f 1352/2041/1352 1387/2038/1387 1386/2042/1386
f 1353/1273/1353 1352/1288/1352 1386/2043/1386
f 1353/1273/1353 1386/2043/1386 1367/2030/1367
f 1356/2031/1356 1388/2044/1388 1364/2032/1364
f 1349/2029/1349 1367/2030/1367 1385/2045/1385
f 1380/2046/1380 1370/1958/1370 1371/1957/1371
f 1379/2047/1379 1371/1957/1371 1372/1887/1372
f 1379/2047/1379 1372/1887/1372 1373/1886/1373
f 1345/2048/1345 1383/2049/1383 1382/2050/1382
f 1341/2051/1341 1345/2048/1345 1382/2050/1382
f 1341/2051/1341 1382/2050/1382 1381/2052/1381
f 1342/2053/1342 1341/2051/1341 1381/2052/1381
f 1342/2053/1342 1381/2052/1381 1380/2054/1380
f 1396/2055/1396 1404/1537/1404 1403/1540/1403
f 1411/1533/1411 1265/1880/1265 1264/1896/1264
f 1410/2056/1410 1411/1533/1411 1264/1896/1264
f 1410/2056/1410 1264/1896/1264 1266/1895/1266
f 1348/1298/1348 1347/1294/1347 1384/2057/1384
f 1348/1298/1348 1384/2057/1384 1383/2049/1383
f 1345/2048/1345 1348/1298/1348 1383/2049/1383
f 1402/1541/1402 1406/2058/1406 1405/2059/1405
f 1396/2055/1396 1402/1541/1402 1405/2059/1405
f 1396/2055/1396 1398/1538/1398 1404/1537/1404
f 1339/2060/1339 1342/2053/1342 1380/2054/1380
f 1402/1541/1402 1396/2055/1396 1403/1540/1403
f 1400/1470/1400 1399/2061/1399 1401/1471/1401
f 1397/2062/1397 1399/2061/1399 1398/1538/1398
f 1396/2055/1396 1397/2062/1397 1398/1538/1398
f 1393/2063/1393 1394/1437/1394 1395/2064/1395
f 1329/2065/1329 1330/1380/1330 1378/2066/1378
f 1329/2065/1329 1378/2066/1378 1377/2067/1377
f 1327/2068/1327 1329/2065/1329 1377/2067/1377
f 1362/2069/1362 1389/2070/1389 1388/2044/1388
f 1376/2071/1376 1377/2072/1377 1375/2073/1375
f 1382/2074/1382 1369/1956/1369 1370/1958/1370
f 1381/2075/1381 1382/2074/1382 1370/1958/1370
f 1380/2054/1380 1381/2052/1381 1370/2076/1370
f 1336/2077/1336 1333/2078/1333 1338/1319/1338
f 1330/1380/1330 1335/1381/1335 1334/1382/1334
f 1333/2079/1333 1330/2080/1330 1334/2081/1334
f 1378/2082/1378 1373/1886/1373 1374/1928/1374
f 1377/2067/1377 1378/2066/1378 1374/2083/1374
f 1377/2072/1377 1374/1928/1374 1375/2073/1375
f 1382/2050/1382 1383/2049/1383 1369/2084/1369
f 1261/1930/1261 1258/1941/1258 1375/2073/1375
f 1261/1930/1261 1375/2073/1375 1374/1928/1374
f 1262/1884/1262 1263/1883/1263 1364/2085/1364
f 1262/1884/1262 1364/2085/1364 1389/2086/1389
f 1360/1445/1360 1363/1318/1363 1362/2069/1362
f 1360/1445/1360 1362/2069/1362 1388/2044/1388
f 1356/2031/1356 1360/1445/1360 1388/2044/1388
f 1356/2031/1356 1358/1277/1358 1361/1276/1361
f 1360/1445/1360 1356/2031/1356 1361/1276/1361
f 1356/2031/1356 1357/2034/1357 1358/1277/1358
f 1339/2060/1339 1380/2054/1380 1371/2087/1371
f 1337/1323/1337 1339/2060/1339 1371/2087/1371
f 1337/2088/1337 1371/1957/1371 1379/2047/1379
f 1336/2089/1336 1337/2088/1337 1379/2047/1379
f 1333/2079/1333 1379/2047/1379 1373/1886/1373
f 1330/1380/1330 1333/2078/1333 1373/2090/1373
f 1330/2080/1330 1373/1886/1373 1378/2082/1378
f 1357/2035/1357 1354/2037/1354 1359/2091/1359
f 1357/2034/1357 1359/1282/1359 1358/1277/1358
f 1411/1533/1411 1228/1532/1228 1265/1880/1265
f 1327/2068/1327 1377/2067/1377 1376/2092/1376
f 1328/2093/1328 1327/2068/1327 1376/2092/1376
f 1388/2094/1388 1389/2086/1389 1364/2085/1364
f 1387/2038/1387 1365/1960/1365 1366/1927/1366
f 1386/2043/1386 1387/2095/1387 1366/2096/1366
f 1386/2042/1386 1366/1927/1366 1367/1938/1367
f 1385/2097/1385 1367/1938/1367 1368/1937/1368
f 1384/2098/1384 1368/1937/1368 1369/1956/1369
f 1383/2099/1383 1384/2098/1384 1369/1956/1369
f 1421/2100/1421 1422/1465/1422 1206/2101/1206
f 1399/2061/1399 1444/1536/1444 1398/1538/1398
f 1443/1442/1443 1399/2061/1399 1400/1470/1400
f 1270/1919/1270 1203/1918/1203 1434/1917/1434
f 1201/1913/1201 1271/1916/1271 1202/1915/1202
f 1272/1385/1272 1271/1916/1271 1201/1913/1201
f 1436/2102/1436 1437/1531/1437 1435/2103/1435
f 1404/1537/1404 1435/1535/1435 1403/1540/1403
f 1422/1465/1422 1431/2104/1431 1207/2105/1207
f 1422/1465/1422 1207/2105/1207 1206/2101/1206
f 1399/2061/1399 1443/1442/1443 1444/1536/1444
f 1433/2106/1433 1421/2107/1421 1188/1925/1188
f 1269/2108/1269 1433/2109/1433 1188/2110/1188
f 1271/1916/1271 1272/1385/1272 1604/1387/1604
f 1271/1916/1271 1604/1387/1604 1412/2111/1412
f 1271/1916/1271 1412/2111/1412 1413/1404/1413
f 1434/1917/1434 1271/1916/1271 1413/1404/1413
f 1434/1917/1434 1413/1404/1413 1415/1422/1415
f 1270/1919/1270 1434/1917/1434 1415/1422/1415
f 1397/2062/1397 1428/1467/1428 1401/1471/1401
f 1449/1408/1449 1448/1444/1448 1439/1496/1439
f 1442/1539/1442 1437/1531/1437 1436/2102/1436
f 1440/2112/1440 1442/2025/1442 1451/1500/1451
f 1288/2113/1288 1440/2114/1440 1451/2115/1451
f 1437/1531/1437 1411/1533/1411 1409/2116/1409
f 1437/1531/1437 1409/2116/1409 1407/2117/1407
f 1435/2103/1435 1437/1531/1437 1407/2117/1407
f 1270/1919/1270 1415/1422/1415 1416/1413/1416
f 1432/1920/1432 1270/1919/1270 1416/1413/1416
f 1432/1920/1432 1416/1413/1416 1417/1415/1417
f 1399/2061/1399 1397/2062/1397 1401/1471/1401
f 1450/1472/1450 1449/1408/1449 1439/1496/1439
f 1450/1472/1450 1439/1496/1439 1452/1499/1452
f 1450/1472/1450 1452/1499/1452 1445/1451/1445
f 1438/1473/1438 1450/1472/1450 1445/1451/1445
f 1440/2114/1440 1288/2113/1288 1441/2118/1441
f 1442/1539/1442 1440/2114/1440 1289/2119/1289
f 1450/1472/1450 1447/1406/1447 1449/1408/1449
f 1438/1473/1438 1445/1451/1445 1446/1474/1446
f 1443/1442/1443 1445/1451/1445 1444/1536/1444
f 1397/2062/1397 1396/2055/1396 1428/1467/1428
f 1429/2120/1429 1410/2121/1410 1430/1892/1430
f 1267/1891/1267 1429/2120/1429 1430/1892/1430
f 1406/2058/1406 1408/2122/1408 1393/2063/1393
f 1406/2058/1406 1393/2063/1393 1395/2064/1395
f 1405/2059/1405 1406/2058/1406 1395/2064/1395
f 1405/2059/1405 1395/2064/1395 1426/2123/1426
f 1396/2055/1396 1405/2059/1405 1426/2123/1426
f 1396/2055/1396 1426/2123/1426 1427/1468/1427
f 1428/1467/1428 1396/2055/1396 1427/1468/1427
f 1266/1895/1266 1209/1894/1209 1410/2056/1410
f 1425/1436/1425 1426/2123/1426 1395/2064/1395
f 1394/1437/1394 1425/1436/1425 1395/2064/1395
f 1421/2100/1421 1420/1417/1420 1423/1466/1423
f 1422/1465/1422 1421/2100/1421 1423/1466/1423
f 1420/1417/1420 1421/2100/1421 1419/1418/1419
f 1418/1419/1418 1419/1418/1419 1417/2124/1417
f 1412/2111/1412 1603/1421/1603 1414/1405/1414
f 1413/1404/1413 1412/2111/1412 1414/1405/1414
f 1603/1421/1603 1412/2111/1412 1604/1387/1604
f 1429/2120/1429 1267/1891/1267 1393/2063/1393
f 1425/1436/1425 1427/1468/1427 1426/2123/1426
f 1269/2125/1269 1432/1920/1432 1417/1415/1417
f 1269/2108/1269 1417/2124/1417 1419/1418/1419
f 1433/2109/1433 1269/2108/1269 1419/1418/1419
f 1433/2109/1433 1419/1418/1419 1421/2100/1421
f 1431/2104/1431 1422/1465/1422 1424/1438/1424
f 1431/2104/1431 1424/1438/1424 1394/1437/1394
f 1267/1891/1267 1431/2104/1431 1394/1437/1394
f 1267/1891/1267 1394/1437/1394 1393/2063/1393
f 1754/1354/1754 1792/1961/1792 1791/1905/1791
f 1429/2120/1429 1393/2063/1393 1408/2122/1408
f 1410/2056/1410 1429/2126/1429 1408/2127/1408
f 1410/2056/1410 1408/2127/1408 1409/2116/1409
f 1411/1533/1411 1410/2056/1410 1409/2116/1409
f 1407/2117/1407 1409/2116/1409 1408/2127/1408
f 1407/1545/1407 1408/2122/1408 1406/2058/1406
f 1402/1541/1402 1407/1545/1407 1406/2058/1406
f 1431/2104/1431 1267/1891/1267 1268/2128/1268
f 1209/1889/1209 1430/1892/1430 1410/2121/1410
f 1496/1516/1496 1231/2015/1231 1291/1630/1291
f 1293/1608/1293 1239/1847/1239 1294/1605/1294
f 1293/1608/1293 1233/1845/1233 1239/1847/1239
f 1291/1630/1291 1232/1996/1232 1158/1992/1158
f 1292/1598/1292 1291/1630/1291 1158/1992/1158
f 1292/1598/1292 1158/1992/1158 1233/1845/1233
f 1293/1608/1293 1292/1598/1292 1233/1845/1233
f 1205/1737/1205 1421/2107/1421 1206/2024/1206
f 1205/1737/1205 1188/1925/1188 1421/2107/1421
f 1231/2015/1231 1232/1996/1232 1291/1630/1291
f 1239/1847/1239 1238/1858/1238 1294/1605/1294
f 1227/1849/1227 1210/1879/1210 1228/1532/1228
f 1226/1848/1226 1228/1532/1228 1442/1539/1442
f 1728/1748/1728 1706/1904/1706 1705/2129/1705
f 1553/1320/1553 1728/1748/1728 1705/2129/1705
f 1754/1354/1754 1755/1329/1755 1792/1961/1792
f 1775/1550/1775 1789/2022/1789 1785/2021/1785
f 1774/1551/1774 1775/1550/1775 1785/2021/1785
f 1774/1551/1774 1785/2021/1785 1784/1963/1784
f 1759/1835/1759 1760/1834/1760 1790/1906/1790
f 1502/1587/1502 1253/2130/1253 1252/2131/1252
f 1302/1562/1302 1303/1565/1303 1250/2132/1250
f 1302/2133/1302 1250/1823/1250 1251/1626/1251
f 1300/1588/1300 1252/2131/1252 1250/2132/1250
f 1301/2134/1301 1300/2135/1300 1250/1823/1250
f 1735/1947/1735 1732/1728/1732 1656/1646/1656
f 1735/1705/1735 1744/1552/1744 1732/1954/1732
f 1267/1891/1267 1189/1890/1189 1268/2128/1268
f 1268/2128/1268 1207/2105/1207 1431/2104/1431
f 1324/1368/1324 1314/1581/1314 1321/1469/1321
f 1759/1835/1759 1790/1906/1790 1789/2022/1789
f 1300/1588/1300 1502/1587/1502 1252/2131/1252
f 1231/2015/1231 1254/1829/1254 1230/1830/1230
f 1297/1491/1297 1296/1493/1296 1237/2136/1237
f 1297/2137/1297 1237/1873/1237 1217/1866/1217
f 1283/1477/1283 1297/1491/1297 1217/2138/1217
f 1224/1982/1224 1225/2009/1225 1440/2114/1440
f 1224/1982/1224 1440/2114/1440 1441/2118/1441
f 1223/2007/1223 1224/2008/1224 1441/2139/1441
f 1223/2140/1223 1441/2118/1441 1288/2113/1288
f 1794/1899/1794 1795/1840/1795 1727/1325/1727
f 1793/2141/1793 1706/1904/1706 1798/1911/1798
f 1793/2141/1793 1798/1911/1798 1799/2142/1799
f 1794/2143/1794 1793/2141/1793 1799/2142/1799
f 1568/1281/1568 1780/2144/1780 1724/1547/1724
f 1568/1281/1568 1724/1547/1724 1571/1326/1571
f 1786/2145/1786 1788/2146/1788 1716/2147/1716
f 1797/1969/1797 1800/1968/1800 1799/2142/1799
f 1797/1969/1797 1799/2142/1799 1798/1911/1798
f 1699/1663/1699 1797/1969/1797 1798/1911/1798
f 1476/1487/1476 1284/1494/1284 1215/2148/1215
f 1705/2129/1705 1794/2143/1794 1727/1322/1727
f 1705/2129/1705 1727/1322/1727 1557/1321/1557
f 1553/1320/1553 1705/2129/1705 1557/1321/1557
f 1793/2149/1793 1794/1899/1794 1705/2150/1705
f 1217/2138/1217 1216/2151/1216 1283/1477/1283
f 1216/2151/1216 1284/1494/1284 1283/1477/1283
f 1216/2151/1216 1212/2152/1212 1284/1494/1284
f 1728/1748/1728 1701/1662/1701 1706/1904/1706
f 1793/2141/1793 1705/2129/1705 1706/1904/1706
f 1225/2009/1225 1226/1848/1226 1289/2119/1289
f 1758/1836/1758 1759/1835/1759 1789/2022/1789
f 1708/1740/1708 1586/1439/1586 1716/1738/1716
f 1708/1740/1708 1716/1738/1716 1788/2153/1788
f 1707/2016/1707 1708/2028/1708 1788/2154/1788
f 1707/2016/1707 1788/2154/1788 1786/2155/1786
f 1782/2017/1782 1707/2016/1707 1786/2155/1786
f 1782/2156/1782 1786/2145/1786 1787/2157/1787
f 1781/2158/1781 1782/2020/1782 1787/2159/1787
f 1226/1848/1226 1442/1539/1442 1289/2119/1289
f 1303/1565/1303 1301/1566/1301 1250/2132/1250
f 1225/2009/1225 1289/2119/1289 1440/2114/1440
f 1223/2160/1223 1288/1498/1288 1287/1497/1287
f 1222/2010/1222 1223/2007/1223 1287/2161/1287
f 1286/1488/1286 1222/2162/1222 1287/1497/1287
f 1481/2163/1481 1222/2010/1222 1286/2164/1286
f 1215/2148/1215 1222/2162/1222 1481/1483/1481
f 1215/2148/1215 1481/1483/1481 1285/1489/1285
f 1215/2148/1215 1285/1489/1285 1476/1487/1476
f 1284/2165/1284 1212/2011/1212 1215/2006/1215
f 1327/2068/1327 1326/1359/1326 1332/1358/1332
f 1776/2166/1776 1774/2167/1774 1780/2144/1780
f 1776/2166/1776 1780/2144/1780 1568/1281/1568
f 1776/2166/1776 1568/1281/1568 1567/1284/1567
f 1723/1309/1723 1572/1316/1572 1725/1278/1725
f 1723/1309/1723 1725/1278/1725 1724/1547/1724
f 1778/1546/1778 1723/1309/1723 1724/1547/1724
f 1341/2051/1341 1342/2053/1342 1343/1303/1343
f 1339/2168/1339 1337/2088/1337 1340/2169/1340
f 1333/2078/1333 1334/1382/1334 1338/1319/1338
f 1774/1551/1774 1781/2170/1781 1780/2171/1780
f 1327/2068/1327 1332/1358/1332 1331/1379/1331
f 1329/2065/1329 1327/2068/1327 1331/1379/1331
f 1329/2065/1329 1331/1379/1331 1330/1380/1330
f 1326/1359/1326 1327/2068/1327 1328/2093/1328
f 1316/2172/1316 1319/2173/1319 1256/2174/1256
f 1325/1586/1325 1316/2172/1316 1256/2174/1256
f 1318/2175/1318 1319/2173/1319 1316/2172/1316
f 1314/1581/1314 1324/1368/1324 1315/2176/1315
f 1248/1871/1248 1306/1622/1306 1305/2177/1305
f 1342/2053/1342 1344/1315/1344 1343/1303/1343
f 1316/2172/1316 1325/1586/1325 1322/1579/1322
f 1317/1567/1317 1316/2172/1316 1322/1579/1322
f 1352/2041/1352 1355/2178/1355 1354/2037/1354
f 1349/2029/1349 1350/1274/1350 1353/1273/1353
f 1345/2048/1345 1346/1299/1346 1348/1298/1348
f 1341/2051/1341 1343/1303/1343 1346/1299/1346
f 1345/2048/1345 1341/2051/1341 1346/1299/1346
f 1339/2060/1339 1340/1369/1340 1344/1315/1344
f 1342/2053/1342 1339/2060/1339 1344/1315/1344
f 1247/1876/1247 1248/1871/1248 1305/2177/1305
f 1777/1275/1777 1726/1289/1726 1773/2179/1773
f 1775/1550/1775 1777/1275/1777 1773/2179/1773
f 1775/1550/1775 1773/2179/1773 1789/2022/1789
f 1747/1351/1747 1750/1353/1750 1711/1339/1711
f 1748/1355/1748 1747/1351/1747 1711/1339/1711
f 1749/1338/1749 1748/1355/1748 1711/1339/1711
f 1782/2017/1782 1774/1551/1774 1784/1963/1784
f 1782/2017/1782 1784/1963/1784 1783/1962/1783
f 1774/1551/1774 1782/2017/1782 1781/2170/1781
f 1723/1309/1723 1778/1546/1778 1721/1753/1721
f 1780/2144/1780 1781/2158/1781 1779/1548/1779
f 1780/2144/1780 1779/1548/1779 1724/1547/1724
f 1772/1524/1772 1789/2022/1789 1773/2179/1773
f 1566/1307/1566 1772/1524/1772 1773/2179/1773
f 1566/1307/1566 1773/2179/1773 1726/1289/1726
f 1786/2145/1786 1716/2147/1716 1717/2180/1717
f 1778/2181/1778 1786/2145/1786 1717/2180/1717
f 1778/1546/1778 1717/1739/1717 1719/1754/1719
f 1778/1546/1778 1719/1754/1719 1721/1753/1721
f 1781/2158/1781 1787/2159/1787 1779/1548/1779
f 1720/1755/1720 1583/1452/1583 1722/1314/1722
f 1720/1755/1720 1722/1314/1722 1719/1754/1719
f 1718/1453/1718 1719/1754/1719 1717/1739/1717
f 1778/1546/1778 1779/1548/1779 1787/2159/1787
f 1778/1546/1778 1787/2159/1787 1786/2182/1786
f 1244/1855/1244 1245/1610/1245 1246/2183/1246
f 1244/1855/1244 1246/2183/1246 1307/1623/1307
f 1244/1855/1244 1307/1623/1307 1306/1622/1306
f 1249/2184/1249 1304/1628/1304 1251/1629/1251
f 1503/1591/1503 1298/1590/1298 1254/1829/1254
f 1247/1876/1247 1305/2177/1305 1304/1627/1304
f 1249/1854/1249 1247/1876/1247 1304/1627/1304
f 1316/2172/1316 1317/1567/1317 1318/2175/1318
f 1760/1834/1760 1754/1354/1754 1791/1905/1791
f 1735/1947/1735 1656/1646/1656 1655/1633/1655
f 1229/1860/1229 1237/1873/1237 1296/2185/1296
f 1229/1860/1229 1296/2185/1296 1295/2186/1295
f 1229/2187/1229 1295/2188/1295 1294/1605/1294
f 1238/1861/1238 1229/1860/1229 1294/2189/1294
f 1308/1597/1308 1503/1591/1503 1254/1829/1254
f 1308/1597/1308 1254/1829/1254 1231/2015/1231
f 1496/1516/1496 1308/1597/1308 1231/2015/1231
f 1254/1829/1254 1298/1590/1298 1255/1828/1255
f 1298/1590/1298 1299/1616/1299 1255/1828/1255
f 1242/2190/1242 1241/1613/1241 1527/1364/1527
f 1243/1611/1243 1242/1822/1242 1527/2191/1527
f 1243/2192/1243 1527/1364/1527 1526/1554/1526
f 1824/2193/1824 1820/2194/1820 1825/2195/1825
f 1822/2196/1822 1824/2193/1824 1825/2195/1825
f 1823/2197/1823 1825/2195/1825 1821/2198/1821
f 1819/2199/1819 1823/2197/1823 1821/2198/1821
f 1820/2194/1820 1821/2198/1821 1825/2195/1825
f 1829/2200/1829 1826/2201/1826 1827/2202/1827
f 1829/2200/1829 1828/2203/1828 1826/2201/1826
f 1832/2204/1832 1836/2205/1836 1834/2206/1834
f 1833/2207/1833 1839/2208/1839 1837/2209/1837
f 1840/2210/1840 1838/2211/1838 1834/2206/1834
f 1838/2211/1838 1830/2212/1830 1834/2206/1834
f 1838/2211/1838 1835/2213/1835 1830/2212/1830
f 1834/2206/1834 1831/2214/1831 1832/2204/1832
f 1834/2206/1834 1830/2212/1830 1831/2214/1831
f 1832/2204/1832 1837/2209/1837 1836/2205/1836
f 1832/2204/1832 1833/2207/1833 1837/2209/1837
f 1842/2215/1842 1841/2216/1841 1844/2217/1844
f 1845/2218/1845 1842/2215/1842 1844/2217/1844
f 1843/2219/1843 1844/2217/1844 1841/2216/1841
f 1851/2220/1851 1852/2221/1852 1847/2222/1847
f 1846/2223/1846 1851/2220/1851 1847/2222/1847
f 1846/2223/1846 1848/2224/1848 1851/2220/1851
f 1848/2224/1848 1850/2225/1850 1851/2220/1851
f 1850/2226/1850 1848/2227/1848 1849/2228/1849
f 1873/2229/1873 1874/2230/1874 1860/2231/1860
f 1857/2232/1857 1872/2233/1872 1861/2234/1861
f 1882/2235/1882 1883/2236/1883 1862/2237/1862
f 1882/2235/1882 1862/2237/1862 1863/2238/1863
f 1874/2230/1874 1882/2239/1882 1863/2240/1863
f 1864/2241/1864 1874/2230/1874 1863/2240/1863
f 1881/2242/1881 1871/2243/1871 1867/2244/1867
f 1862/2237/1862 1883/2236/1883 1859/2245/1859
f 1883/2236/1883 1858/2246/1858 1859/2245/1859
f 1883/2236/1883 1878/2247/1878 1858/2246/1858
f 1878/2247/1878 1855/2248/1855 1858/2246/1858
f 1872/2233/1872 1856/2249/1856 1853/2250/1853
f 1875/2251/1875 1872/2233/1872 1853/2250/1853
f 1875/2251/1875 1853/2250/1853 1865/2252/1865
f 1864/2241/1864 1860/2231/1860 1874/2230/1874
f 1876/2253/1876 1870/2254/1870 1877/2255/1877
f 1876/2253/1876 1866/2256/1866 1870/2254/1870
f 1878/2247/1878 1879/2257/1879 1869/2258/1869
f 1879/2257/1879 1868/2259/1868 1869/2258/1869
f 1866/2260/1866 1875/2251/1875 1865/2252/1865
f 1866/2260/1866 1876/2261/1876 1875/2251/1875
f 1879/2257/1879 1880/2262/1880 1868/2259/1868
f 1868/2259/1868 1880/2262/1880 1867/2263/1867
f 1871/2243/1871 1881/2242/1881 1877/2255/1877
f 1870/2254/1870 1871/2243/1871 1877/2255/1877
f 1872/2233/1872 1857/2232/1857 1856/2249/1856
f 1854/2264/1854 1878/2247/1878 1869/2258/1869
f 1878/2247/1878 1854/2264/1854 1855/2248/1855
f 1880/2265/1880 1881/2242/1881 1867/2244/1867
f 1886/2266/1886 1884/2267/1884 1885/2268/1885
f 1886/2266/1886 1887/2269/1887 1884/2267/1884
f 1891/2270/1891 1890/2271/1890 1888/2272/1888
f 1889/2273/1889 1891/2270/1891 1888/2272/1888
f 1892/2274/1892 1896/2275/1896 1894/2276/1894
f 1894/2277/1894 1895/2278/1895 1893/2279/1893
f 1893/2280/1893 1892/2274/1892 1894/2276/1894
f 1897/2281/1897 1900/2282/1900 1898/2283/1898
f 1900/2282/1900 1899/2284/1899 1898/2283/1898
f 1904/2285/1904 1902/2286/1902 1901/2287/1901
f 1902/2286/1902 1907/2288/1907 1901/2287/1901
f 1903/2289/1903 1908/2290/1908 1907/2288/1907
f 1902/2286/1902 1904/2285/1904 1905/2291/1905
f 1906/2292/1906 1901/2287/1901 1907/2288/1907
f 1902/2286/1902 1903/2289/1903 1907/2288/1907
f 1912/2293/1912 1911/2294/1911 1909/2295/1909
f 1912/2293/1912 1910/2296/1910 1911/2294/1911
f 1916/2297/1916 1913/2298/1913 1914/2299/1914
f 1916/2297/1916 1914/2299/1914 1915/2300/1915
f 1917/2301/1917 1918/2302/1918 1920/2303/1920
f 1918/2302/1918 1919/2304/1919 1920/2303/1920
f 1922/2305/1922 1924/2306/1924 1926/2307/1926
f 1923/2308/1923 1922/2305/1922 1926/2307/1926
f 1923/2308/1923 1926/2307/1926 1925/2309/1925
f 1923/2308/1923 1925/2309/1925 1921/2310/1921
f 1932/2311/1932 1927/2312/1927 1928/2313/1928
f 1931/2314/1931 1930/2315/1930 1929/2316/1929
f 1932/2311/1932 1931/2314/1931 1927/2312/1927
f 1929/2316/1929 1927/2312/1927 1931/2314/1931
f 1933/2317/1933 1934/2318/1934 1936/2319/1936
f 1934/2318/1934 1935/2320/1935 1936/2319/1936
f 1952/2321/1952 1950/2322/1950 1958/2323/1958
f 1943/2324/1943 1958/2323/1958 1950/2322/1950
f 1940/2325/1940 1939/2326/1939 1947/2327/1947
f 1945/2328/1945 1940/2325/1940 1946/2329/1946
f 1946/2329/1946 1940/2325/1940 1947/2327/1947
f 1950/2322/1950 1957/2330/1957 1941/2331/1941
f 1943/2324/1943 1950/2322/1950 1941/2331/1941
f 1940/2325/1940 1945/2328/1945 1951/2332/1951
f 1937/2333/1937 1940/2325/1940 1951/2332/1951
f 1941/2331/1941 1942/2334/1942 1943/2324/1943
f 1942/2334/1942 1944/2335/1944 1943/2324/1943
f 1954/2336/1954 1946/2337/1946 1955/2338/1955
f 1952/2321/1952 1957/2330/1957 1950/2322/1950
f 1956/2339/1956 1938/2340/1938 1957/2341/1957
f 1938/2342/1938 1941/2331/1941 1957/2330/1957
f 1948/2343/1948 1939/2344/1939 1949/2345/1949
f 1947/2327/1947 1939/2326/1939 1948/2346/1948
f 1939/2344/1939 1938/2340/1938 1949/2345/1949
f 1946/2329/1946 1947/2327/1947 1955/2347/1955
f 1949/2345/1949 1938/2340/1938 1956/2339/1956
f 1959/2348/1959 1956/2339/1956 1957/2341/1957
f 1953/2349/1953 1952/2321/1952 1958/2323/1958
f 1961/2350/1961 1960/2351/1960 1962/2352/1962
f 1960/2351/1960 1963/2353/1963 1962/2352/1962
f 1970/2354/1970 1966/2355/1966 1968/2356/1968
f 1966/2355/1966 1971/2357/1971 1968/2356/1968
f 1966/2355/1966 1965/2358/1965 1971/2357/1971
f 1970/2354/1970 1968/2356/1968 1969/2359/1969
f 1971/2357/1971 1972/2360/1972 1973/2361/1973
f 1972/2360/1972 1971/2357/1971 1965/2358/1965
f 1967/2362/1967 1970/2354/1970 1969/2359/1969
f 1972/2360/1972 1965/2358/1965 1964/2363/1964
f 1979/2364/1979 1975/2365/1975 1976/2366/1976
f 1977/2367/1977 1976/2366/1976 1974/2368/1974
f 1976/2366/1976 1975/2365/1975 1974/2368/1974
f 1978/2369/1978 1979/2364/1979 1976/2366/1976
f 1980/2370/1980 1981/2371/1981 1982/2372/1982
f 1981/2371/1981 1983/2373/1983 1982/2372/1982
f 1986/2374/1986 1984/2375/1984 1987/2376/1987
f 1986/2377/1986 1985/2378/1985 1984/2379/1984
f 1991/2380/1991 1988/2381/1988 1989/2382/1989
f 1990/2383/1990 1991/2380/1991 1989/2382/1989
f 1993/2384/1993 1995/2385/1995 1996/2386/1996
f 1995/2385/1995 1993/2384/1993 1992/2387/1992
f 1994/2388/1994 1995/2385/1995 1992/2387/1992
f 1998/2389/1998 2000/2390/2000 2002/2391/2002
f 1998/2389/1998 2002/2391/2002 2001/2392/2001
f 1998/2389/1998 1999/2393/1999 2000/2390/2000
f 1997/2394/1997 2003/2395/2003 2004/2396/2004
f 2003/2395/2003 1997/2394/1997 1998/2397/1998
f 2001/2398/2001 2003/2395/2003 1998/2397/1998
f 2008/2399/2008 2005/2400/2005 2006/2401/2006
f 2008/2399/2008 2007/2402/2007 2005/2400/2005
f 2009/2403/2009 2018/2404/2018 2021/2405/2021
f 2012/2406/2012 2019/2407/2019 2022/2408/2022
f 2014/2409/2014 2011/2410/2011 2020/2411/2020
f 2011/2410/2011 2023/2412/2023 2020/2411/2020
f 2009/2403/2009 2021/2405/2021 2019/2407/2019
f 2012/2406/2012 2009/2403/2009 2019/2407/2019
f 2012/2406/2012 2022/2408/2022 2023/2413/2023
f 2011/2410/2011 2012/2414/2012 2023/2412/2023
f 2010/2415/2010 2011/2410/2011 2016/2416/2016
f 2011/2410/2011 2014/2409/2014 2015/2417/2015
f 2017/2418/2017 2013/2419/2013 2010/2420/2010
f 2016/2421/2016 2017/2418/2017 2010/2420/2010
f 2011/2410/2011 2015/2417/2015 2016/2416/2016
f 2024/2422/2024 2025/2423/2025 2027/2424/2027
f 2025/2423/2025 2026/2425/2026 2027/2424/2027
f 2029/2426/2029 2030/2427/2030 2031/2428/2031
f 2029/2426/2029 2028/2429/2028 2030/2427/2030
f 2045/2430/2045 2047/2431/2047 2046/2432/2046
f 2043/2433/2043 2038/2434/2038 2037/2435/2037
f 2042/2436/2042 2043/2437/2043 2037/2438/2037
f 2045/2439/2045 2041/2440/2041 2047/2441/2047
f 2041/2442/2041 2039/2443/2039 2048/2444/2048
f 2041/2442/2041 2048/2444/2048 2047/2431/2047
f 2039/2445/2039 2041/2446/2041 2040/2447/2040
f 2042/2448/2042 2037/2435/2037 2032/2449/2032
f 2040/2450/2040 2034/2451/2034 2033/2452/2033
f 2045/2430/2045 2046/2432/2046 2038/2434/2038
f 2044/2453/2044 2045/2430/2045 2038/2434/2038
f 2033/2454/2033 2039/2445/2039 2040/2447/2040
f 2043/2437/2043 2044/2455/2044 2038/2456/2038
f 2042/2457/2042 2032/2458/2032 2049/2459/2049
f 2040/2447/2040 2049/2460/2049 2035/2461/2035
f 2036/2462/2036 2035/2463/2035 2049/2464/2049
f 2032/2458/2032 2036/2465/2036 2049/2459/2049
f 2040/2450/2040 2035/2463/2035 2034/2451/2034
f 2061/2466/2061 2062/2467/2062 2052/2468/2052
f 2051/2469/2051 2061/2466/2061 2052/2468/2052
f 2060/2470/2060 2061/2471/2061 2051/2472/2051
f 2060/2473/2060 2051/2469/2051 2050/2474/2050
f 2065/2475/2065 2060/2470/2060 2050/2476/2050
f 2067/2477/2067 2063/2478/2063 2055/2479/2055
f 2067/2477/2067 2056/2480/2056 2054/2481/2054
f 2067/2482/2067 2054/2483/2054 2059/2484/2059
f 2050/2474/2050 2058/2485/2058 2065/2486/2065
f 2058/2485/2058 2057/2487/2057 2064/2488/2064
f 2056/2480/2056 2067/2477/2067 2055/2479/2055
f 2058/2489/2058 2064/2490/2064 2065/2491/2065
f 2063/2478/2063 2057/2487/2057 2055/2479/2055
f 2062/2492/2062 2066/2493/2066 2053/2494/2053
f 2066/2495/2066 2059/2496/2059 2053/2497/2053
f 2063/2498/2063 2064/2490/2064 2057/2499/2057
f 2059/2496/2059 2054/2481/2054 2053/2497/2053
f 2062/2467/2062 2053/2497/2053 2052/2468/2052
f 2082/2500/2082 2083/2501/2083 2073/2502/2073
f 2070/2503/2070 2069/2504/2069 2071/2505/2071
f 2080/2506/2080 2086/2507/2086 2076/2508/2076
f 2086/2509/2086 2078/2510/2078 2079/2511/2079
f 2076/2512/2076 2075/2513/2075 2080/2514/2080
f 2078/2515/2078 2086/2516/2086 2087/2517/2087
f 2081/2518/2081 2071/2505/2071 2078/2515/2078
f 2086/2509/2086 2079/2511/2079 2077/2519/2077
f 2076/2512/2076 2086/2509/2086 2077/2519/2077
f 2081/2520/2081 2078/2510/2078 2087/2521/2087
f 2085/2522/2085 2080/2514/2080 2074/2523/2074
f 2071/2505/2071 2069/2504/2069 2078/2515/2078
f 2069/2504/2069 2079/2524/2079 2078/2515/2078
f 2072/2525/2072 2082/2500/2082 2073/2502/2073
f 2081/2520/2081 2072/2525/2072 2071/2526/2071
f 2069/2504/2069 2077/2527/2077 2079/2524/2079
f 2081/2528/2081 2082/2529/2082 2072/2530/2072
f 2076/2508/2076 2069/2531/2069 2068/2532/2068
f 2069/2531/2069 2076/2508/2076 2077/2533/2077
f 2075/2534/2075 2074/2535/2074 2080/2536/2080
f 2084/2537/2084 2085/2538/2085 2074/2535/2074
f 2073/2502/2073 2084/2539/2084 2074/2523/2074
f 2083/2501/2083 2084/2539/2084 2073/2502/2073
f 2091/2540/2091 2088/2541/2088 2089/2542/2089
f 2090/2543/2090 2091/2540/2091 2089/2542/2089
f 2091/2540/2091 2092/2544/2092 2088/2541/2088
f 2095/2545/2095 2096/2546/2096 2094/2547/2094
f 2096/2546/2096 2093/2548/2093 2094/2547/2094
f 2100/2549/2100 2101/2550/2101 2097/2551/2097
f 2100/2549/2100 2097/2551/2097 2098/2552/2098
f 2099/2553/2099 2100/2554/2100 2098/2555/2098
f 2105/2556/2105 2104/2557/2104 2103/2558/2103
f 2102/2559/2102 2105/2556/2105 2103/2558/2103
f 2107/2560/2107 2106/2561/2106 2108/2562/2108
f 2106/2561/2106 2109/2563/2109 2108/2562/2108
f 2113/2564/2113 2114/2565/2114 2112/2566/2112
f 2110/2567/2110 2111/2568/2111 2113/2564/2113
f 2111/2568/2111 2114/2565/2114 2113/2564/2113
f 2117/2569/2117 2115/2570/2115 2116/2571/2116
f 2118/2572/2118 2117/2569/2117 2116/2571/2116
f 2126/2573/2126 2174/2574/2174 2127/2575/2127
f 2155/2576/2155 2158/2577/2158 2159/2578/2159
f 2123/2579/2123 2126/2573/2126 2127/2575/2127
f 2179/2580/2179 2176/2581/2176 2172/2582/2172
f 2179/2580/2179 2135/2583/2135 2176/2581/2176
f 2135/2583/2135 2134/2584/2134 2176/2581/2176
f 2162/2585/2162 2164/2586/2164 2163/2587/2163
f 2146/2588/2146 2148/2589/2148 2147/2590/2147
f 2160/2591/2160 2161/2592/2161 2156/2593/2156
f 2154/2594/2154 2155/2595/2155 2157/2596/2157
f 2155/2576/2155 2159/2578/2159 2157/2597/2157
f 2146/2588/2146 2152/2598/2152 2148/2589/2148
f 2147/2599/2147 2150/2600/2150 2151/2601/2151
f 2123/2579/2123 2127/2575/2127 2125/2602/2125
f 2122/2603/2122 2123/2604/2123 2125/2605/2125
f 2122/2603/2122 2124/2606/2124 2123/2604/2123
f 2154/2594/2154 2160/2591/2160 2156/2593/2156
f 2130/2607/2130 2131/2608/2131 2133/2609/2133
f 2122/2603/2122 2128/2610/2128 2124/2606/2124
f 2146/2588/2146 2147/2590/2147 2149/2611/2149
f 2147/2599/2147 2151/2601/2151 2149/2612/2149
f 2144/2613/2144 2145/2614/2145 2140/2615/2140
f 2138/2616/2138 2139/2617/2139 2141/2618/2141
f 2139/2619/2139 2143/2620/2143 2141/2621/2141
f 2131/2622/2131 2134/2584/2134 2135/2583/2135
f 2131/2622/2131 2135/2583/2135 2133/2623/2133
f 2139/2619/2139 2142/2624/2142 2143/2620/2143
f 2138/2616/2138 2144/2613/2144 2140/2615/2140
f 2128/2610/2128 2129/2625/2129 2124/2606/2124
f 2130/2607/2130 2132/2626/2132 2131/2608/2131
f 2130/2607/2130 2136/2627/2136 2132/2626/2132
f 2136/2627/2136 2137/2628/2137 2132/2626/2132
f 2138/2616/2138 2140/2615/2140 2139/2617/2139
f 2170/2629/2170 2171/2630/2171 2119/2631/2119
f 2171/2630/2171 2120/2632/2120 2119/2631/2119
f 2178/2633/2178 2143/2620/2143 2142/2624/2142
f 2173/2634/2173 2185/2635/2185 2186/2636/2186
f 2119/2631/2119 2172/2582/2172 2182/2637/2182
f 2180/2638/2180 2181/2639/2181 2172/2582/2172
f 2182/2637/2182 2183/2640/2183 2159/2578/2159
f 2163/2641/2163 2166/2642/2166 2167/2643/2167
f 2143/2620/2143 2178/2633/2178 2175/2644/2175
f 2151/2601/2151 2150/2600/2150 2181/2639/2181
f 2177/2645/2177 2179/2580/2179 2172/2582/2172
f 2177/2645/2177 2172/2582/2172 2174/2574/2174
f 2177/2645/2177 2174/2574/2174 2126/2573/2126
f 2175/2644/2175 2172/2582/2172 2176/2581/2176
f 2152/2598/2152 2153/2646/2153 2148/2589/2148
f 2180/2638/2180 2151/2601/2151 2181/2639/2181
f 2178/2633/2178 2180/2638/2180 2172/2582/2172
f 2178/2633/2178 2172/2582/2172 2175/2644/2175
f 2166/2642/2166 2184/2647/2184 2167/2643/2167
f 2171/2648/2171 2121/2649/2121 2120/2650/2120
f 2168/2651/2168 2169/2652/2169 2164/2586/2164
f 2162/2585/2162 2168/2651/2168 2164/2586/2164
f 2163/2641/2163 2167/2643/2167 2165/2653/2165
f 2170/2629/2170 2119/2631/2119 2184/2647/2184
f 2174/2574/2174 2172/2582/2172 2186/2654/2186
f 2154/2594/2154 2156/2593/2156 2155/2595/2155
f 2162/2585/2162 2163/2587/2163 2165/2655/2165
f 2119/2631/2119 2182/2637/2182 2184/2647/2184
f 2172/2582/2172 2183/2640/2183 2182/2637/2182
f 2158/2577/2158 2182/2637/2182 2159/2578/2159
f 2186/2654/2186 2172/2582/2172 2173/2656/2173
f 2172/2582/2172 2181/2639/2181 2183/2640/2183
f 2166/2642/2166 2170/2629/2170 2184/2647/2184
f 2190/2657/2190 2192/2658/2192 2191/2659/2191
f 2188/2660/2188 2191/2659/2191 2189/2661/2189
f 2187/2662/2187 2188/2660/2188 2189/2661/2189
f 2193/2663/2193 2194/2664/2194 2192/2658/2192
f 2190/2657/2190 2193/2663/2193 2192/2658/2192
f 2188/2660/2188 2190/2657/2190 2191/2659/2191
f 2397/2665/2397 2247/2666/2247 2310/2667/2310
f 2481/2668/2481 2487/2669/2487 2486/2670/2486
f 2480/2671/2480 2481/2668/2481 2486/2670/2486
f 2480/2671/2480 2486/2670/2486 2485/2672/2485
f 2480/2671/2480 2485/2672/2485 2460/2673/2460
f 2459/2674/2459 2480/2671/2480 2460/2673/2460
f 2241/2675/2241 2398/2676/2398 2242/2677/2242
f 2397/2665/2397 2398/2676/2398 2241/2675/2241
f 2245/2678/2245 2381/2679/2381 2239/2680/2239
f 2245/2678/2245 2239/2680/2239 2238/2681/2238
f 2393/2682/2393 2388/2683/2388 2396/2684/2396
f 2394/2685/2394 2395/2686/2395 2393/2682/2393
f 2391/2687/2391 2390/2688/2390 2377/2689/2377
f 2235/2690/2235 2234/2691/2234 2236/2692/2236
f 2236/2692/2236 2234/2691/2234 2245/2678/2245
f 2237/2693/2237 2236/2692/2236 2245/2678/2245
f 2481/2668/2481 2482/2694/2482 2487/2669/2487
f 2398/2676/2398 2397/2665/2397 2310/2667/2310
f 2311/2695/2311 2398/2676/2398 2310/2667/2310
f 2244/2696/2244 2242/2677/2242 2398/2676/2398
f 2244/2696/2244 2398/2676/2398 2470/2697/2470
f 2212/2698/2212 2242/2677/2242 2244/2696/2244
f 2493/2699/2493 2475/2700/2475 2298/2701/2298
f 2475/2702/2475 2474/2703/2474 2300/2704/2300
f 2379/2705/2379 2380/2706/2380 2392/2707/2392
f 2390/2688/2390 2391/2687/2391 2373/2708/2373
f 2390/2688/2390 2373/2708/2373 2470/2697/2470
f 2374/2709/2374 2390/2688/2390 2470/2697/2470
f 2388/2683/2388 2389/2710/2389 2396/2684/2396
f 2368/2711/2368 2384/2712/2384 2386/2713/2386
f 2197/2714/2197 2382/2715/2382 2385/2716/2385
f 2256/2717/2256 2351/2718/2351 2420/2719/2420
f 2476/2720/2476 2297/2721/2297 2296/2722/2296
f 2493/2699/2493 2298/2701/2298 2297/2721/2297
f 2476/2720/2476 2493/2699/2493 2297/2721/2297
f 2475/2700/2475 2300/2723/2300 2299/2724/2299
f 2475/2700/2475 2299/2724/2299 2298/2701/2298
f 2412/2725/2412 2505/2726/2505 2409/2727/2409
f 2397/2665/2397 2241/2675/2241 2240/2728/2240
f 2397/2665/2397 2240/2728/2240 2239/2680/2239
f 2406/2729/2406 2411/2730/2411 2504/2731/2504
f 2404/2732/2404 2406/2729/2406 2504/2731/2504
f 2404/2732/2404 2504/2731/2504 2344/2733/2344
f 2237/2693/2237 2245/2678/2245 2238/2681/2238
f 2397/2665/2397 2381/2679/2381 2385/2716/2385
f 2212/2698/2212 2244/2696/2244 2243/2734/2243
f 2406/2729/2406 2408/2735/2408 2407/2736/2407
f 2381/2679/2381 2197/2714/2197 2385/2716/2385
f 2351/2718/2351 2256/2717/2256 2257/2737/2257
f 2413/2738/2413 2416/2739/2416 2514/2740/2514
f 2397/2665/2397 2399/2741/2399 2247/2666/2247
f 2415/2742/2415 2416/2739/2416 2414/2743/2414
f 2415/2742/2415 2414/2743/2414 2412/2725/2412
f 2415/2742/2415 2412/2725/2412 2409/2727/2409
f 2301/2744/2301 2300/2704/2300 2474/2703/2474
f 2301/2744/2301 2474/2703/2474 2495/2745/2495
f 2483/2746/2483 2326/2747/2326 2490/2748/2490
f 2483/2746/2483 2490/2748/2490 2489/2749/2489
f 2484/2750/2484 2483/2746/2483 2489/2749/2489
f 2461/2751/2461 2303/2752/2303 2287/2753/2287
f 2473/2754/2473 2461/2751/2461 2287/2753/2287
f 2473/2754/2473 2287/2753/2287 2302/2755/2302
f 2376/2756/2376 2390/2688/2390 2374/2709/2374
f 2369/2757/2369 2368/2711/2368 2386/2713/2386
f 2369/2757/2369 2386/2713/2386 2385/2716/2385
f 2382/2715/2382 2369/2757/2369 2385/2716/2385
f 2206/2758/2206 2370/2759/2370 2372/2760/2372
f 2208/2761/2208 2206/2758/2206 2372/2760/2372
f 2208/2761/2208 2372/2760/2372 2380/2706/2380
f 2213/2762/2213 2371/2763/2371 2245/2678/2245
f 2383/2764/2383 2384/2712/2384 2368/2711/2368
f 2367/2765/2367 2383/2764/2383 2368/2711/2368
f 2490/2748/2490 2326/2747/2326 2458/2766/2458
f 2490/2748/2490 2458/2766/2458 2489/2749/2489
f 2488/2767/2488 2489/2749/2489 2495/2768/2495
f 2488/2767/2488 2495/2768/2495 2494/2769/2494
f 2488/2767/2488 2494/2769/2494 2487/2669/2487
f 2486/2670/2486 2487/2669/2487 2493/2770/2493
f 2204/2771/2204 2370/2759/2370 2232/2772/2232
f 2375/2773/2375 2376/2774/2376 2374/2775/2374
f 2244/2696/2244 2470/2697/2470 2372/2760/2372
f 2244/2696/2244 2372/2760/2372 2370/2759/2370
f 2381/2679/2381 2225/2776/2225 2198/2777/2198
f 2381/2679/2381 2198/2777/2198 2197/2714/2197
f 2371/2763/2371 2229/2778/2229 2202/2779/2202
f 2227/2780/2227 2200/2781/2200 2228/2782/2228
f 2534/2783/2534 2524/2784/2524 2507/2785/2507
f 2381/2679/2381 2200/2781/2200 2199/2786/2199
f 2205/2787/2205 2232/2772/2232 2370/2759/2370
f 2206/2758/2206 2205/2787/2205 2370/2759/2370
f 2207/2788/2207 2208/2761/2208 2380/2706/2380
f 2206/2758/2206 2208/2761/2208 2233/2789/2233
f 2380/2706/2380 2379/2705/2379 2209/2790/2209
f 2470/2697/2470 2373/2708/2373 2372/2760/2372
f 2371/2763/2371 2381/2679/2381 2245/2678/2245
f 2395/2686/2395 2387/2791/2387 2379/2705/2379
f 2388/2683/2388 2395/2686/2395 2379/2705/2379
f 2388/2683/2388 2379/2705/2379 2392/2707/2392
f 2389/2710/2389 2388/2683/2388 2392/2707/2392
f 2391/2687/2391 2389/2710/2389 2392/2707/2392
f 2391/2687/2391 2392/2707/2392 2373/2708/2373
f 2381/2679/2381 2397/2665/2397 2239/2680/2239
f 2222/2792/2222 2369/2757/2369 2382/2715/2382
f 2222/2792/2222 2368/2711/2368 2369/2757/2369
f 2197/2714/2197 2224/2793/2224 2223/2794/2223
f 2197/2714/2197 2223/2794/2223 2196/2795/2196
f 2382/2715/2382 2197/2714/2197 2196/2795/2196
f 2382/2715/2382 2196/2795/2196 2195/2796/2195
f 2222/2792/2222 2382/2715/2382 2195/2796/2195
f 2476/2720/2476 2296/2722/2296 2477/2797/2477
f 2393/2682/2393 2395/2686/2395 2388/2683/2388
f 2371/2763/2371 2202/2779/2202 2201/2798/2201
f 2200/2781/2200 2371/2763/2371 2201/2798/2201
f 2200/2781/2200 2201/2798/2201 2228/2782/2228
f 2389/2710/2389 2391/2687/2391 2377/2689/2377
f 2396/2684/2396 2389/2710/2389 2378/2799/2378
f 2380/2706/2380 2372/2760/2372 2373/2708/2373
f 2380/2706/2380 2373/2708/2373 2392/2707/2392
f 2226/2800/2226 2381/2679/2381 2199/2786/2199
f 2381/2679/2381 2226/2800/2226 2225/2776/2225
f 2230/2801/2230 2229/2778/2229 2371/2763/2371
f 2203/2802/2203 2230/2801/2230 2371/2763/2371
f 2203/2802/2203 2371/2763/2371 2370/2759/2370
f 2204/2771/2204 2203/2802/2203 2370/2759/2370
f 2546/2803/2546 2441/2804/2441 2445/2805/2445
f 2443/2806/2443 2527/2807/2527 2525/2808/2525
f 2442/2809/2442 2443/2806/2443 2525/2808/2525
f 2444/2810/2444 2265/2811/2265 2441/2804/2441
f 2269/2812/2269 2268/2813/2268 2442/2809/2442
f 2271/2814/2271 2269/2812/2269 2442/2809/2442
f 2269/2812/2269 2271/2814/2271 2441/2804/2441
f 2443/2806/2443 2528/2815/2528 2526/2816/2526
f 2446/2817/2446 2549/2818/2549 2548/2819/2548
f 2445/2805/2445 2446/2817/2446 2548/2819/2548
f 2354/2820/2354 2267/2821/2267 2264/2822/2264
f 2267/2821/2267 2274/2823/2274 2262/2824/2262
f 2267/2821/2267 2262/2824/2262 2266/2825/2266
f 2442/2809/2442 2525/2808/2525 2524/2784/2524
f 2547/2826/2547 2444/2810/2444 2441/2804/2441
f 2546/2803/2546 2547/2826/2547 2441/2804/2441
f 2546/2803/2546 2445/2805/2445 2548/2819/2548
f 2527/2807/2527 2443/2806/2443 2526/2816/2526
f 2439/2827/2439 2354/2820/2354 2264/2822/2264
f 2431/2828/2431 2428/2829/2428 2443/2806/2443
f 2431/2828/2431 2443/2806/2443 2442/2809/2442
f 2265/2811/2265 2270/2830/2270 2441/2804/2441
f 2523/2831/2523 2445/2805/2445 2271/2814/2271
f 2523/2831/2523 2271/2814/2271 2442/2809/2442
f 2524/2784/2524 2523/2831/2523 2442/2809/2442
f 2530/2832/2530 2443/2806/2443 2428/2829/2428
f 2352/2833/2352 2541/2834/2541 2543/2835/2543
f 2350/2836/2350 2352/2833/2352 2543/2835/2543
f 2350/2836/2350 2543/2835/2543 2544/2837/2544
f 2318/2838/2318 2456/2839/2456 2464/2840/2464
f 2325/2841/2325 2217/2842/2217 2322/2843/2322
f 2531/2844/2531 2510/2845/2510 2512/2846/2512
f 2537/2847/2537 2532/2848/2532 2526/2816/2526
f 2531/2844/2531 2537/2847/2537 2526/2816/2526
f 2461/2751/2461 2216/2849/2216 2303/2752/2303
f 2445/2805/2445 2441/2804/2441 2271/2814/2271
f 2408/2735/2408 2509/2850/2509 2409/2727/2409
f 2516/2851/2516 2515/2852/2515 2416/2739/2416
f 2507/2785/2507 2524/2784/2524 2525/2808/2525
f 2535/2853/2535 2447/2854/2447 2448/2855/2448
f 2522/2856/2522 2367/2857/2367 2366/2858/2366
f 2521/2859/2521 2522/2856/2522 2503/2860/2503
f 2521/2859/2521 2503/2860/2503 2364/2861/2364
f 2533/2862/2533 2534/2783/2534 2507/2785/2507
f 2356/2863/2356 2361/2864/2361 2358/2865/2358
f 2447/2854/2447 2535/2853/2535 2508/2866/2508
f 2531/2844/2531 2424/2867/2424 2510/2845/2510
f 2325/2841/2325 2322/2843/2322 2323/2868/2323
f 2537/2847/2537 2531/2844/2531 2512/2846/2512
f 2352/2833/2352 2433/2869/2433 2541/2834/2541
f 2268/2813/2268 2431/2828/2431 2442/2809/2442
f 2431/2828/2431 2268/2813/2268 2275/2870/2275
f 2432/2871/2432 2350/2836/2350 2544/2837/2544
f 2542/2872/2542 2545/2873/2545 2543/2835/2543
f 2438/2874/2438 2542/2872/2542 2543/2835/2543
f 2438/2874/2438 2543/2835/2543 2541/2834/2541
f 2437/2875/2437 2438/2874/2438 2541/2834/2541
f 2443/2806/2443 2530/2832/2530 2529/2876/2529
f 2443/2806/2443 2529/2876/2529 2528/2815/2528
f 2321/2877/2321 2463/2878/2463 2462/2879/2462
f 2320/2880/2320 2321/2881/2321 2462/2882/2462
f 2215/2883/2215 2324/2884/2324 2305/2885/2305
f 2256/2717/2256 2424/2886/2424 2423/2887/2423
f 2282/2888/2282 2495/2745/2495 2473/2754/2473
f 2302/2755/2302 2282/2888/2282 2473/2754/2473
f 2215/2883/2215 2305/2885/2305 2304/2889/2304
f 2216/2849/2216 2215/2883/2215 2304/2889/2304
f 2303/2752/2303 2216/2849/2216 2304/2889/2304
f 2411/2730/2411 2406/2729/2406 2407/2736/2407
f 2505/2726/2505 2411/2730/2411 2407/2736/2407
f 2505/2726/2505 2407/2736/2407 2410/2890/2410
f 2252/2891/2252 2429/2892/2429 2428/2829/2428
f 2254/2893/2254 2252/2891/2252 2428/2829/2428
f 2426/2894/2426 2427/2895/2427 2250/2896/2250
f 2345/2897/2345 2404/2732/2404 2344/2733/2344
f 2256/2717/2256 2423/2887/2423 2259/2898/2259
f 2255/2899/2255 2256/2717/2256 2259/2898/2259
f 2255/2899/2255 2259/2898/2259 2261/2900/2261
f 2282/2888/2282 2301/2744/2301 2495/2745/2495
f 2259/2898/2259 2423/2887/2423 2422/2901/2422
f 2255/2899/2255 2261/2900/2261 2260/2902/2260
f 2417/2903/2417 2419/2904/2419 2513/2905/2513
f 2417/2903/2417 2513/2905/2513 2421/2906/2421
f 2351/2718/2351 2417/2903/2417 2421/2906/2421
f 2509/2850/2509 2415/2742/2415 2409/2727/2409
f 2413/2738/2413 2414/2743/2414 2416/2739/2416
f 2505/2726/2505 2410/2890/2410 2409/2727/2409
f 2468/2907/2468 2377/2908/2377 2376/2774/2376
f 2449/2909/2449 2455/2910/2455 2450/2911/2450
f 2452/2912/2452 2481/2668/2481 2480/2671/2480
f 2451/2913/2451 2452/2912/2452 2480/2671/2480
f 2457/2914/2457 2467/2915/2467 2465/2916/2465
f 2454/2917/2454 2457/2914/2457 2465/2916/2465
f 2251/2918/2251 2426/2894/2426 2250/2896/2250
f 2325/2841/2325 2323/2868/2323 2320/2880/2320
f 2324/2919/2324 2325/2841/2325 2320/2880/2320
f 2324/2919/2324 2320/2880/2320 2462/2882/2462
f 2307/2920/2307 2306/2921/2306 2472/2922/2472
f 2469/2923/2469 2470/2697/2470 2313/2924/2313
f 2469/2923/2469 2313/2924/2313 2315/2925/2315
f 2470/2697/2470 2398/2676/2398 2311/2695/2311
f 2313/2924/2313 2470/2697/2470 2311/2695/2311
f 2469/2923/2469 2374/2709/2374 2470/2697/2470
f 2254/2893/2254 2431/2828/2431 2275/2870/2275
f 2250/2896/2250 2427/2895/2427 2253/2926/2253
f 2252/2891/2252 2253/2926/2253 2430/2927/2430
f 2252/2891/2252 2430/2927/2430 2429/2892/2429
f 2269/2812/2269 2441/2804/2441 2270/2830/2270
f 2381/2679/2381 2371/2763/2371 2200/2781/2200
f 2256/2717/2256 2420/2719/2420 2425/2928/2425
f 2256/2717/2256 2425/2928/2425 2424/2886/2424
f 2272/2929/2272 2440/2930/2440 2264/2822/2264
f 2272/2929/2272 2264/2822/2264 2265/2811/2265
f 2351/2718/2351 2421/2906/2421 2420/2719/2420
f 2413/2738/2413 2514/2740/2514 2419/2931/2419
f 2418/2932/2418 2413/2738/2413 2419/2931/2419
f 2417/2933/2417 2418/2932/2418 2419/2931/2419
f 2258/2934/2258 2433/2869/2433 2352/2833/2352
f 2431/2828/2431 2254/2893/2254 2428/2829/2428
f 2324/2884/2324 2462/2879/2462 2463/2878/2463
f 2305/2885/2305 2324/2884/2324 2463/2878/2463
f 2317/2935/2317 2305/2885/2305 2463/2878/2463
f 2305/2885/2305 2317/2935/2317 2306/2921/2306
f 2514/2740/2514 2416/2739/2416 2515/2852/2515
f 2537/2936/2537 2421/2906/2421 2513/2905/2513
f 2359/2937/2359 2357/2938/2357 2360/2939/2360
f 2220/2940/2220 2503/2860/2503 2522/2856/2522
f 2365/2941/2365 2220/2940/2220 2522/2856/2522
f 2536/2942/2536 2514/2740/2514 2515/2852/2515
f 2536/2942/2536 2515/2852/2515 2516/2851/2516
f 2535/2853/2535 2536/2942/2536 2516/2851/2516
f 2535/2853/2535 2516/2851/2516 2509/2850/2509
f 2535/2853/2535 2509/2850/2509 2508/2866/2508
f 2263/2943/2263 2267/2821/2267 2266/2825/2266
f 2434/2944/2434 2435/2945/2435 2542/2946/2542
f 2438/2947/2438 2434/2944/2434 2542/2946/2542
f 2541/2834/2541 2433/2869/2433 2436/2948/2436
f 2437/2875/2437 2541/2834/2541 2436/2948/2436
f 2537/2936/2537 2512/2949/2512 2421/2906/2421
f 2419/2931/2419 2514/2740/2514 2513/2950/2513
f 2425/2928/2425 2420/2719/2420 2421/2906/2421
f 2522/2856/2522 2539/2951/2539 2520/2952/2520
f 2522/2856/2522 2520/2952/2520 2383/2953/2383
f 2367/2857/2367 2522/2856/2522 2383/2953/2383
f 2423/2954/2423 2424/2867/2424 2511/2955/2511
f 2423/2954/2423 2511/2955/2511 2427/2895/2427
f 2408/2735/2408 2508/2866/2508 2509/2850/2509
f 2401/2956/2401 2385/2716/2385 2402/2957/2402
f 2522/2856/2522 2366/2858/2366 2365/2941/2365
f 2520/2952/2520 2539/2951/2539 2538/2958/2538
f 2520/2952/2520 2538/2958/2538 2384/2959/2384
f 2520/2952/2520 2384/2959/2384 2383/2953/2383
f 2518/2960/2518 2385/2716/2385 2386/2713/2386
f 2263/2943/2263 2262/2824/2262 2269/2812/2269
f 2293/2961/2293 2294/2962/2294 2292/2963/2292
f 2291/2964/2291 2293/2961/2293 2292/2963/2292
f 2453/2965/2453 2288/2966/2288 2289/2967/2289
f 2284/2968/2284 2288/2966/2288 2453/2965/2453
f 2280/2969/2280 2281/2970/2281 2287/2753/2287
f 2521/2859/2521 2364/2861/2364 2362/2971/2362
f 2543/2835/2543 2545/2873/2545 2544/2837/2544
f 2265/2811/2265 2263/2943/2263 2270/2830/2270
f 2263/2943/2263 2269/2812/2269 2270/2830/2270
f 2291/2964/2291 2292/2963/2292 2290/2972/2290
f 2276/2973/2276 2291/2964/2291 2290/2972/2290
f 2288/2966/2288 2308/2974/2308 2289/2967/2289
f 2376/2756/2376 2377/2689/2377 2390/2688/2390
f 2263/2943/2263 2265/2811/2265 2264/2822/2264
f 2384/2712/2384 2518/2960/2518 2386/2713/2386
f 2285/2975/2285 2280/2969/2280 2287/2753/2287
f 2285/2975/2285 2287/2753/2287 2286/2976/2286
f 2285/2975/2285 2286/2976/2286 2284/2968/2284
f 2283/2977/2283 2285/2975/2285 2284/2968/2284
f 2453/2965/2453 2283/2977/2283 2284/2968/2284
f 2279/2978/2279 2301/2744/2301 2282/2888/2282
f 2280/2969/2280 2279/2978/2279 2282/2888/2282
f 2384/2712/2384 2519/2979/2519 2518/2960/2518
f 2299/2724/2299 2278/2980/2278 2277/2981/2277
f 2298/2701/2298 2299/2724/2299 2277/2981/2277
f 2298/2701/2298 2277/2981/2277 2276/2973/2276
f 2262/2824/2262 2274/2823/2274 2268/2813/2268
f 2512/2949/2512 2425/2928/2425 2421/2906/2421
f 2448/2982/2448 2534/2783/2534 2535/2983/2535
f 2402/2957/2402 2385/2716/2385 2518/2960/2518
f 2385/2716/2385 2401/2956/2401 2400/2984/2400
f 2397/2665/2397 2385/2716/2385 2400/2984/2400
f 2531/2844/2531 2529/2876/2529 2530/2832/2530
f 2430/2927/2430 2530/2832/2530 2429/2892/2429
f 2429/2892/2429 2530/2832/2530 2428/2829/2428
f 2424/2867/2424 2530/2832/2530 2430/2927/2430
f 2424/2867/2424 2430/2927/2430 2511/2955/2511
f 2511/2955/2511 2430/2927/2430 2253/2926/2253
f 2516/2851/2516 2416/2739/2416 2415/2742/2415
f 2509/2850/2509 2516/2851/2516 2415/2742/2415
f 2533/2862/2533 2532/2848/2532 2536/2985/2536
f 2534/2783/2534 2533/2862/2533 2536/2985/2536
f 2534/2783/2534 2536/2985/2536 2535/2983/2535
f 2532/2848/2532 2507/2785/2507 2526/2816/2526
f 2534/2783/2534 2448/2982/2448 2524/2784/2524
f 2531/2844/2531 2526/2816/2526 2529/2876/2529
f 2243/2734/2243 2214/2986/2214 2211/2987/2211
f 2212/2698/2212 2243/2734/2243 2211/2987/2211
f 2214/2986/2214 2243/2734/2243 2244/2696/2244
f 2213/2762/2213 2214/2986/2214 2244/2696/2244
f 2210/2988/2210 2212/2698/2212 2211/2987/2211
f 2511/2955/2511 2253/2926/2253 2427/2895/2427
f 2423/2954/2423 2427/2895/2427 2426/2894/2426
f 2529/2876/2529 2526/2816/2526 2528/2815/2528
f 2507/2785/2507 2527/2807/2527 2526/2816/2526
f 2448/2982/2448 2445/2805/2445 2524/2784/2524
f 2361/2864/2361 2360/2939/2360 2358/2865/2358
f 2424/2886/2424 2425/2928/2425 2510/2989/2510
f 2532/2990/2532 2537/2991/2537 2513/2950/2513
f 2532/2990/2532 2513/2950/2513 2514/2740/2514
f 2536/2942/2536 2532/2990/2532 2514/2740/2514
f 2397/2665/2397 2400/2984/2400 2399/2741/2399
f 2517/2992/2517 2405/2993/2405 2519/2979/2519
f 2518/2960/2518 2519/2979/2519 2403/2994/2403
f 2518/2960/2518 2403/2994/2403 2402/2957/2402
f 2405/2993/2405 2508/2866/2508 2408/2735/2408
f 2405/2993/2405 2517/2992/2517 2508/2866/2508
f 2268/2813/2268 2269/2812/2269 2262/2824/2262
f 2263/2943/2263 2264/2822/2264 2267/2821/2267
f 2507/2785/2507 2525/2808/2525 2527/2807/2527
f 2445/2805/2445 2523/2831/2523 2524/2784/2524
f 2425/2928/2425 2512/2949/2512 2510/2989/2510
f 2262/2824/2262 2263/2943/2263 2266/2825/2266
f 2531/2844/2531 2530/2832/2530 2424/2867/2424
f 2273/2995/2273 2361/2996/2361 2356/2997/2356
f 2517/2992/2517 2218/2998/2218 2219/2999/2219
f 2517/2992/2517 2219/2999/2219 2273/2995/2273
f 2508/2866/2508 2517/2992/2517 2273/2995/2273
f 2508/2866/2508 2273/2995/2273 2447/2854/2447
f 2219/2999/2219 2361/2996/2361 2273/2995/2273
f 2354/2820/2354 2252/2891/2252 2254/2893/2254
f 2253/2926/2253 2252/2891/2252 2354/2820/2354
f 2250/2896/2250 2253/2926/2253 2354/2820/2354
f 2539/2951/2539 2362/2971/2362 2540/3000/2540
f 2539/2951/2539 2540/3000/2540 2538/2958/2538
f 2532/2848/2532 2533/2862/2533 2507/2785/2507
f 2471/3001/2471 2497/3002/2497 2469/2923/2469
f 2343/3003/2343 2501/3004/2501 2246/3005/2246
f 2342/3006/2342 2343/3003/2343 2246/3005/2246
f 2342/3006/2342 2246/3005/2246 2248/3007/2248
f 2338/3008/2338 2332/3009/2332 2340/3010/2340
f 2338/3008/2338 2340/3010/2340 2339/3011/2339
f 2249/3012/2249 2338/3008/2338 2339/3011/2339
f 2550/3013/2550 2251/2918/2251 2250/2896/2250
f 2213/2762/2213 2244/2696/2244 2370/2759/2370
f 2213/2762/2213 2370/2759/2370 2371/2763/2371
f 2350/2836/2350 2506/3014/2506 2353/3015/2353
f 2352/2833/2352 2350/2836/2350 2353/3015/2353
f 2352/2833/2352 2353/3015/2353 2351/2718/2351
f 2486/2670/2486 2493/2770/2493 2492/3016/2492
f 2497/3002/2497 2374/2709/2374 2469/2923/2469
f 2334/3017/2334 2346/3018/2346 2347/3019/2347
f 2276/2973/2276 2297/2721/2297 2298/2701/2298
f 2333/3020/2333 2332/3009/2332 2334/3017/2334
f 2347/3019/2347 2333/3020/2333 2334/3017/2334
f 2332/3009/2332 2338/3008/2338 2335/3021/2335
f 2550/3013/2550 2250/2896/2250 2354/2820/2354
f 2355/3022/2355 2550/3013/2550 2354/2820/2354
f 2267/2821/2267 2354/2820/2354 2274/2823/2274
f 2330/3023/2330 2331/3024/2331 2316/3025/2316
f 2329/3026/2329 2330/3023/2330 2316/3025/2316
f 2336/3027/2336 2329/3026/2329 2316/3025/2316
f 2258/2934/2258 2352/2833/2352 2351/2718/2351
f 2257/2737/2257 2258/2934/2258 2351/2718/2351
f 2506/3014/2506 2350/2836/2350 2349/3028/2349
f 2496/3029/2496 2497/3002/2497 2471/3001/2471
f 2483/2746/2483 2455/2910/2455 2328/3030/2328
f 2484/2750/2484 2482/2694/2482 2450/2911/2450
f 2484/2750/2484 2450/2911/2450 2455/2910/2455
f 2483/2746/2483 2484/2750/2484 2455/2910/2455
f 2492/3031/2492 2476/2720/2476 2477/2797/2477
f 2485/3032/2485 2492/3031/2492 2477/2797/2477
f 2485/3032/2485 2477/2797/2477 2478/3033/2478
f 2292/2963/2292 2295/3034/2295 2478/3033/2478
f 2296/2722/2296 2292/2963/2292 2478/3033/2478
f 2296/2722/2296 2478/3033/2478 2477/2797/2477
f 2486/2670/2486 2492/3016/2492 2485/2672/2485
f 2460/2673/2460 2485/2672/2485 2491/3035/2491
f 2460/2673/2460 2491/3035/2491 2479/3036/2479
f 2318/2838/2318 2498/3037/2498 2319/3038/2319
f 2332/3009/2332 2335/3021/2335 2334/3017/2334
f 2496/3029/2496 2471/3001/2471 2472/2922/2472
f 2484/2750/2484 2489/2749/2489 2488/2767/2488
f 2482/2694/2482 2484/2750/2484 2488/2767/2488
f 2482/2694/2482 2488/2767/2488 2487/2669/2487
f 2327/3039/2327 2216/2849/2216 2461/2751/2461
f 2458/3040/2458 2327/3039/2327 2461/2751/2461
f 2458/3040/2458 2461/2751/2461 2473/2754/2473
f 2489/3041/2489 2458/3040/2458 2473/2754/2473
f 2489/3041/2489 2473/2754/2473 2495/2745/2495
f 2494/3042/2494 2495/2745/2495 2474/2703/2474
f 2231/3043/2231 2204/2771/2204 2232/2772/2232
f 2346/3018/2346 2345/2897/2345 2348/3044/2348
f 2346/3018/2346 2348/3044/2348 2347/3019/2347
f 2363/3045/2363 2364/2861/2364 2503/2860/2503
f 2312/3046/2312 2246/3005/2246 2501/3004/2501
f 2312/3046/2312 2501/3004/2501 2500/3047/2500
f 2312/3046/2312 2500/3047/2500 2336/3027/2336
f 2521/2859/2521 2362/2971/2362 2539/2951/2539
f 2522/2856/2522 2521/2859/2521 2539/2951/2539
f 2540/3048/2540 2362/3049/2362 2218/2998/2218
f 2540/3048/2540 2218/2998/2218 2517/2992/2517
f 2538/3050/2538 2540/3048/2540 2517/2992/2517
f 2538/3050/2538 2517/2992/2517 2519/2979/2519
f 2384/2712/2384 2538/3050/2538 2519/2979/2519
f 2357/2938/2357 2358/2865/2358 2360/2939/2360
f 2345/2897/2345 2344/2733/2344 2348/3044/2348
f 2465/2916/2465 2375/2773/2375 2498/3037/2498
f 2464/2840/2464 2465/2916/2465 2498/3037/2498
f 2465/2916/2465 2467/2915/2467 2375/2773/2375
f 2363/3045/2363 2503/2860/2503 2220/2940/2220
f 2502/3051/2502 2363/3045/2363 2220/2940/2220
f 2502/3051/2502 2220/2940/2220 2221/3052/2221
f 2331/3024/2331 2308/2974/2308 2309/3053/2309
f 2280/2969/2280 2282/2888/2282 2281/2970/2281
f 2301/2744/2301 2279/2978/2279 2278/3054/2278
f 2299/3055/2299 2301/2744/2301 2278/3054/2278
f 2354/2820/2354 2254/2893/2254 2275/2870/2275
f 2274/2823/2274 2354/2820/2354 2275/2870/2275
f 2274/2823/2274 2275/2870/2275 2268/2813/2268
f 2296/2722/2296 2297/2721/2297 2290/2972/2290
f 2296/3056/2296 2290/3057/2290 2292/3058/2292
f 2276/2973/2276 2290/2972/2290 2297/2721/2297
f 2248/3007/2248 2249/3012/2249 2341/3059/2341
f 2314/3060/2314 2312/3046/2312 2336/3027/2336
f 2316/3025/2316 2314/3060/2314 2336/3027/2336
f 2494/3042/2494 2474/2703/2474 2475/2702/2475
f 2487/3061/2487 2494/3042/2494 2475/2702/2475
f 2487/3062/2487 2475/2700/2475 2493/2699/2493
f 2492/3031/2492 2493/2699/2493 2476/2720/2476
f 2467/2915/2467 2466/3063/2466 2468/2907/2468
f 2467/2915/2467 2468/2907/2468 2499/3064/2499
f 2467/2915/2467 2499/3064/2499 2375/2773/2375
f 2491/3065/2491 2485/3032/2485 2478/3033/2478
f 2491/3065/2491 2478/3033/2478 2479/3066/2479
f 2326/3067/2326 2327/3039/2327 2458/3040/2458
f 2464/2840/2464 2498/3037/2498 2318/2838/2318
f 2499/3064/2499 2468/2907/2468 2376/2774/2376
f 2498/3037/2498 2496/3068/2496 2319/3038/2319
f 2249/3012/2249 2339/3011/2339 2337/3069/2337
f 2249/3012/2249 2337/3069/2337 2341/3059/2341
f 2341/3059/2341 2342/3006/2342 2248/3007/2248
f 2319/3070/2319 2306/2921/2306 2317/2935/2317
f 2319/3070/2319 2496/3029/2496 2306/2921/2306
f 2496/3029/2496 2472/2922/2472 2306/2921/2306
f 2499/3064/2499 2376/2774/2376 2375/2773/2375
f 2498/3037/2498 2375/2773/2375 2496/3068/2496
f 2375/2773/2375 2497/3071/2497 2496/3068/2496
f 2471/3001/2471 2469/2923/2469 2315/2925/2315
f 2308/2974/2308 2331/3024/2331 2289/2967/2289
f 2497/3071/2497 2375/2773/2375 2374/2775/2374
f 2331/3024/2331 2309/3053/2309 2316/3025/2316
f 2551/3072/2551 2553/3073/2553 2554/3074/2554
f 2551/3072/2551 2554/3074/2554 2552/3075/2552
f 2556/3076/2556 2558/3077/2558 2559/3078/2559
f 2556/3076/2556 2559/3078/2559 2557/3079/2557
f 2555/3080/2555 2556/3081/2556 2557/3082/2557
f 2560/3083/2560 2562/3084/2562 2563/3085/2563
f 2560/3083/2560 2563/3085/2563 2561/3086/2561
f 2565/3087/2565 2567/3088/2567 2568/3089/2568
f 2565/3087/2565 2568/3089/2568 2566/3090/2566
f 2564/3091/2564 2565/3092/2565 2566/3093/2566
f 2571/3094/2571 2572/3095/2572 2570/3096/2570
f 2573/3097/2573 2575/3098/2575 2574/3099/2574
f 2571/3094/2571 2573/3097/2573 2574/3099/2574
f 2571/3100/2571 2574/3101/2574 2572/3102/2572
f 2572/3102/2572 2569/3103/2569 2570/3104/2570
f 2577/3105/2577 2579/3106/2579 2580/3107/2580
f 2584/3108/2584 2583/3109/2583 2585/3110/2585
f 2581/3111/2581 2583/3109/2583 2584/3108/2584
f 2581/3111/2581 2584/3108/2584 2582/3112/2582
f 2577/3105/2577 2578/3113/2578 2576/3114/2576
f 2583/3109/2583 2586/3115/2586 2585/3110/2585
f 2580/3107/2580 2581/3116/2581 2582/3117/2582
f 2578/3113/2578 2577/3105/2577 2580/3107/2580
f 2580/3107/2580 2579/3106/2579 2581/3116/2581
f 2587/3118/2587 2588/3119/2588 2590/3120/2590
f 2587/3118/2587 2589/3121/2589 2588/3119/2588
f 2593/3122/2593 2592/3123/2592 2596/3124/2596
f 2593/3122/2593 2595/3125/2595 2594/3126/2594
f 2592/3123/2592 2593/3122/2593 2594/3126/2594
f 2592/3123/2592 2597/3127/2597 2596/3124/2596
f 2597/3127/2597 2591/3128/2591 2596/3124/2596
f 2602/3129/2602 2600/3130/2600 2598/3131/2598
f 2601/3132/2601 2602/3129/2602 2599/3133/2599
f 2602/3129/2602 2598/3131/2598 2599/3133/2599
f 2602/3129/2602 2601/3132/2601 2603/3134/2603
f 2606/3135/2606 2605/3136/2605 2604/3137/2604
f 2606/3135/2606 2607/3138/2607 2605/3136/2605
f 2608/3139/2608 2613/3140/2613 2611/3141/2611
f 2610/3142/2610 2612/3143/2612 2613/3140/2613
f 2609/3144/2609 2610/3142/2610 2608/3139/2608
f 2610/3142/2610 2613/3140/2613 2608/3139/2608
f 2618/3145/2618 2616/3146/2616 2614/3147/2614
f 2617/3148/2617 2618/3145/2618 2615/3149/2615
f 2618/3145/2618 2614/3147/2614 2615/3149/2615
f 2618/3145/2618 2617/3148/2617 2619/3150/2619
f 2621/3151/2621 2622/3152/2622 2623/3153/2623
f 2620/3154/2620 2621/3151/2621 2623/3153/2623
f 2624/3155/2624 2629/3156/2629 2627/3157/2627
f 2625/3158/2625 2626/3159/2626 2624/3155/2624
f 2626/3159/2626 2628/3160/2628 2629/3156/2629
f 2626/3159/2626 2629/3156/2629 2624/3155/2624
f 2634/3161/2634 2632/3162/2632 2630/3163/2630
f 2634/3161/2634 2630/3163/2630 2631/3164/2631
f 2634/3161/2634 2633/3165/2633 2635/3166/2635
f 2633/3165/2633 2634/3161/2634 2631/3164/2631
f 2636/3167/2636 2638/3168/2638 2639/3169/2639
f 2637/3170/2637 2636/3167/2636 2639/3169/2639
f 2641/3171/2641 2642/3172/2642 2640/3173/2640
f 2642/3172/2642 2645/3174/2645 2640/3173/2640
f 2640/3173/2640 2645/3174/2645 2643/3175/2643
f 2642/3172/2642 2644/3176/2644 2645/3174/2645
f 2649/3177/2649 2650/3178/2650 2647/3179/2647
f 2650/3178/2650 2649/3177/2649 2651/3180/2651
f 2650/3178/2650 2646/3181/2646 2647/3179/2647
f 2650/3178/2650 2648/3182/2648 2646/3181/2646
f 2654/3183/2654 2655/3184/2655 2652/3185/2652
f 2655/3184/2655 2653/3186/2653 2652/3185/2652
f 2658/3187/2658 2661/3188/2661 2656/3189/2656
f 2658/3187/2658 2660/3190/2660 2661/3188/2661
f 2656/3189/2656 2661/3188/2661 2659/3191/2659
f 2657/3192/2657 2658/3187/2658 2656/3189/2656
f 2666/3193/2666 2662/3194/2662 2663/3195/2663
f 2665/3196/2665 2666/3193/2666 2663/3195/2663
f 2666/3193/2666 2665/3196/2665 2667/3197/2667
f 2666/3193/2666 2664/3198/2664 2662/3194/2662
f 2670/3199/2670 2671/3200/2671 2668/3201/2668
f 2671/3200/2671 2669/3202/2669 2668/3201/2668
f 2674/3203/2674 2677/3204/2677 2672/3205/2672
f 2672/3205/2672 2677/3204/2677 2675/3206/2675
f 2673/3207/2673 2674/3203/2674 2672/3205/2672
f 2674/3203/2674 2676/3208/2676 2677/3204/2677
f 2682/3209/2682 2680/3210/2680 2678/3211/2678
f 2682/3209/2682 2681/3212/2681 2683/3213/2683
f 2682/3209/2682 2678/3211/2678 2679/3214/2679
f 2681/3212/2681 2682/3209/2682 2679/3214/2679
f 2688/3215/2688 2686/3216/2686 2685/3217/2685
f 2684/3218/2684 2688/3215/2688 2687/3219/2687
f 2688/3215/2688 2684/3218/2684 2686/3216/2686
f 2691/3220/2691 2689/3221/2689 2690/3222/2690
f 2692/3223/2692 2691/3224/2691 2690/3225/2690
f 2697/3226/2697 2694/3227/2694 2695/3228/2695
f 2697/3226/2697 2695/3228/2695 2693/3229/2693
f 2706/3230/2706 2712/3231/2712 2705/3232/2705
f 2715/3233/2715 2714/3234/2714 2707/3235/2707
f 2715/3233/2715 2716/3236/2716 2714/3234/2714
f 2712/3237/2712 2713/3238/2713 2705/3239/2705
f 2708/3240/2708 2704/3241/2704 2718/3242/2718
f 2704/3241/2704 2713/3238/2713 2718/3242/2718
f 2704/3241/2704 2705/3239/2705 2713/3238/2713
f 2718/3242/2718 2707/3235/2707 2708/3240/2708
f 2715/3233/2715 2707/3235/2707 2718/3242/2718
f 2706/3243/2706 2711/3244/2711 2712/3245/2712
f 2706/3230/2706 2710/3246/2710 2711/3247/2711
f 2715/3233/2715 2717/3248/2717 2716/3236/2716
f 2709/3249/2709 2710/3246/2710 2696/3250/2696
f 2710/3246/2710 2706/3230/2706 2696/3250/2696
f 2694/3227/2694 2709/3251/2709 2695/3228/2695
f 2709/3251/2709 2696/3252/2696 2695/3228/2695
f 2701/3253/2701 2702/3254/2702 2700/3255/2700
f 2701/3253/2701 2703/3256/2703 2702/3254/2702
f 2693/3257/2693 2698/3258/2698 2697/3259/2697
f 2693/3229/2693 2699/3260/2699 2698/3261/2698
f 2699/3262/2699 2700/3263/2700 2698/3258/2698
f 2699/3264/2699 2701/3253/2701 2700/3255/2700
f 2725/3265/2725 2726/3266/2726 2728/3267/2728
f 2724/3268/2724 2726/3266/2726 2725/3265/2725
f 2720/3269/2720 2729/3270/2729 2722/3271/2722
f 2729/3270/2729 2723/3272/2723 2722/3271/2722
f 2728/3267/2728 2729/3273/2729 2727/3274/2727
f 2726/3266/2726 2729/3273/2729 2728/3267/2728
f 2719/3275/2719 2720/3269/2720 2721/3276/2721
f 2720/3269/2720 2722/3271/2722 2721/3276/2721
f 2729/3270/2729 2719/3275/2719 2727/3277/2727
f 2729/3270/2729 2720/3269/2720 2719/3275/2719
f 2730/3278/2730 2735/3279/2735 2734/3280/2734
f 2735/3279/2735 2733/3281/2733 2734/3280/2734
f 2731/3282/2731 2736/3283/2736 2732/3284/2732
f 2731/3282/2731 2730/3278/2730 2734/3280/2734
f 2730/3278/2730 2731/3282/2731 2732/3284/2732
f 2737/3285/2737 2739/3286/2739 2738/3287/2738
f 2737/3285/2737 2738/3287/2738 2740/3288/2740
f 2744/3289/2744 2743/3290/2743 2742/3291/2742
f 2743/3290/2743 2741/3292/2741 2742/3291/2742
f 2745/3293/2745 2744/3289/2744 2742/3291/2742
f 2749/3294/2749 2746/3295/2746 2747/3296/2747
f 2749/3297/2749 2748/3298/2748 2746/3299/2746
f 2755/3300/2755 2756/3301/2756 2750/3302/2750
f 2756/3301/2756 2753/3303/2753 2750/3302/2750
f 2754/3304/2754 2751/3305/2751 2752/3306/2752
f 2756/3301/2756 2757/3307/2757 2753/3303/2753
f 2757/3307/2757 2758/3308/2758 2753/3303/2753
f 2754/3309/2754 2755/3310/2755 2750/3311/2750
f 2754/3309/2754 2750/3311/2750 2751/3312/2751
f 2761/3313/2761 2763/3314/2763 2764/3315/2764
f 2761/3313/2761 2762/3316/2762 2759/3317/2759
f 2761/3313/2761 2764/3315/2764 2762/3316/2762
f 2761/3313/2761 2765/3318/2765 2763/3314/2763
f 2760/3319/2760 2761/3313/2761 2759/3317/2759
f 2772/3320/2772 2771/3321/2771 2770/3322/2770
f 2772/3320/2772 2768/3323/2768 2771/3321/2771
f 2766/3324/2766 2772/3320/2772 2770/3322/2770
f 2766/3324/2766 2770/3322/2770 2767/3325/2767
f 2768/3323/2768 2772/3320/2772 2769/3326/2769
f 2773/3327/2773 2778/3328/2778 2776/3329/2776
f 2775/3330/2775 2779/3331/2779 2778/3328/2778
f 2775/3330/2775 2778/3328/2778 2773/3327/2773
f 2774/3332/2774 2775/3330/2775 2773/3327/2773
f 2775/3330/2775 2777/3333/2777 2779/3331/2779
f 2782/3334/2782 2786/3335/2786 2785/3336/2785
f 2782/3334/2782 2783/3337/2783 2786/3335/2786
f 2780/3338/2780 2782/3334/2782 2785/3336/2785
f 2783/3337/2783 2782/3334/2782 2784/3339/2784
f 2780/3338/2780 2785/3336/2785 2781/3340/2781
f 2788/3341/2788 2794/3342/2794 2793/3343/2793
f 2789/3344/2789 2790/3345/2790 2787/3346/2787
f 2789/3344/2789 2787/3346/2787 2788/3341/2788
f 2791/3347/2791 2789/3344/2789 2793/3343/2793
f 2788/3341/2788 2792/3348/2792 2794/3342/2794
f 2789/3344/2789 2788/3341/2788 2793/3343/2793
f 2801/3349/2801 2802/3350/2802 2797/3351/2797
f 2796/3352/2796 2798/3353/2798 2799/3354/2799
f 2797/3351/2797 2796/3352/2796 2800/3355/2800
f 2796/3352/2796 2799/3354/2799 2800/3355/2800
f 2798/3353/2798 2795/3356/2795 2799/3354/2799
f 2801/3349/2801 2797/3351/2797 2800/3355/2800
f 2810/3357/2810 2805/3358/2805 2808/3359/2808
f 2807/3360/2807 2803/3361/2803 2809/3362/2809
f 2805/3358/2805 2810/3357/2810 2809/3362/2809
f 2803/3361/2803 2804/3363/2804 2805/3358/2805
f 2803/3361/2803 2806/3364/2806 2804/3363/2804
f 2803/3361/2803 2805/3358/2805 2809/3362/2809
f 2812/3365/2812 2823/3366/2823 2819/3367/2819
f 2821/3368/2821 2822/3369/2822 2814/3370/2814
f 2820/3371/2820 2814/3370/2814 2813/3372/2813
f 2817/3373/2817 2818/3374/2818 2820/3371/2820
f 2820/3371/2820 2821/3368/2821 2814/3370/2814
f 2814/3370/2814 2822/3369/2822 2823/3366/2823
f 2812/3365/2812 2814/3370/2814 2823/3366/2823
f 2820/3371/2820 2813/3372/2813 2811/3375/2811
f 2815/3376/2815 2820/3371/2820 2811/3375/2811
f 2817/3373/2817 2820/3371/2820 2815/3376/2815
f 2816/3377/2816 2817/3373/2817 2815/3376/2815
f 2841/3378/2841 2832/3379/2832 2842/3380/2842
f 2827/3381/2827 2824/3382/2824 2830/3383/2830
f 2841/3378/2841 2836/3384/2836 2837/3385/2837
f 2840/3386/2840 2842/3380/2842 2828/3387/2828
f 2824/3382/2824 2833/3388/2833 2829/3389/2829
f 2839/3390/2839 2836/3384/2836 2840/3386/2840
f 2840/3386/2840 2828/3387/2828 2825/3391/2825
f 2836/3384/2836 2841/3378/2841 2840/3386/2840
f 2824/3382/2824 2827/3381/2827 2833/3388/2833
f 2827/3381/2827 2831/3392/2831 2833/3388/2833
f 2831/3392/2831 2835/3393/2835 2834/3394/2834
f 2833/3388/2833 2831/3392/2831 2834/3394/2834
f 2838/3395/2838 2839/3390/2839 2840/3386/2840
f 2826/3396/2826 2825/3391/2825 2828/3387/2828
f 2831/3392/2831 2828/3387/2828 2842/3380/2842
f 2831/3392/2831 2842/3380/2842 2832/3379/2832
f 2828/3387/2828 2831/3392/2831 2827/3381/2827
f 2840/3386/2840 2841/3378/2841 2842/3380/2842
f 2831/3392/2831 2832/3379/2832 2835/3393/2835
f 2876/3397/2876 2878/3398/2878 2879/3399/2879
f 2876/3397/2876 2879/3399/2879 2874/3400/2874
f 2847/3401/2847 2877/3402/2877 2876/3397/2876
f 2875/3403/2875 2861/3404/2861 2862/3405/2862
f 2875/3403/2875 2862/3405/2862 2863/3406/2863
f 2875/3403/2875 2863/3406/2863 2864/3407/2864
f 2876/3397/2876 2874/3400/2874 2849/3408/2849
f 2849/3408/2849 2874/3400/2874 2848/3409/2848
f 2847/3401/2847 2876/3397/2876 2846/3410/2846
f 2867/3411/2867 2869/3412/2869 2870/3413/2870
f 2869/3412/2869 2843/3414/2843 2870/3413/2870
f 2859/3415/2859 2850/3416/2850 2870/3413/2870
f 2845/3417/2845 2849/3408/2849 2848/3409/2848
f 2867/3411/2867 2871/3418/2871 2873/3419/2873
f 2867/3411/2867 2870/3413/2870 2871/3418/2871
f 2868/3420/2868 2872/3421/2872 2848/3409/2848
f 2868/3420/2868 2867/3411/2867 2873/3419/2873
f 2844/3422/2844 2851/3423/2851 2852/3424/2852
f 2858/3425/2858 2844/3426/2844 2852/3427/2852
f 2858/3428/2858 2852/3424/2852 2851/3423/2851
f 2858/3429/2858 2854/3430/2854 2853/3431/2853
f 2858/3429/2858 2853/3431/2853 2857/3432/2857
f 2879/3399/2879 2866/3433/2866 2874/3400/2874
f 2868/3420/2868 2864/3407/2864 2865/3434/2865
f 2868/3420/2868 2875/3403/2875 2864/3407/2864
f 2866/3433/2866 2875/3403/2875 2874/3400/2874
f 2875/3403/2875 2848/3409/2848 2874/3400/2874
f 2871/3418/2871 2850/3416/2850 2851/3423/2851
f 2850/3416/2850 2871/3418/2871 2870/3413/2870
f 2873/3419/2873 2871/3418/2871 2851/3423/2851
f 2875/3403/2875 2868/3420/2868 2848/3409/2848
f 2858/3429/2858 2850/3435/2850 2854/3430/2854
f 2858/3428/2858 2851/3423/2851 2850/3416/2850
f 2844/3422/2844 2873/3419/2873 2851/3423/2851
f 2855/3436/2855 2856/3437/2856 2860/3438/2860
f 2850/3416/2850 2859/3415/2859 2854/3439/2854
f 2845/3417/2845 2846/3410/2846 2876/3397/2876
f 2855/3436/2855 2860/3438/2860 2845/3417/2845
f 2844/3426/2844 2856/3440/2856 2855/3441/2855
f 2844/3426/2844 2858/3425/2858 2856/3440/2856
f 2849/3442/2849 2845/3443/2845 2876/3444/2876
f 2845/3417/2845 2860/3438/2860 2846/3410/2846
f 2873/3419/2873 2844/3422/2844 2872/3421/2872
f 2882/3445/2882 2883/3446/2883 2881/3447/2881
f 2883/3446/2883 2880/3448/2880 2881/3447/2881
f 2886/3449/2886 2887/3450/2887 2885/3451/2885
f 2887/3450/2887 2884/3452/2884 2885/3451/2885
f 2890/3453/2890 2891/3454/2891 2888/3455/2888
f 2889/3456/2889 2890/3457/2890 2888/3458/2888
f 2899/3459/2899 2898/3460/2898 2892/3461/2892
f 2902/3462/2902 2900/3463/2900 2898/3460/2898
f 2898/3460/2898 2900/3463/2900 2897/3464/2897
f 2901/3465/2901 2900/3463/2900 2902/3462/2902
f 2898/3460/2898 2897/3464/2897 2892/3461/2892
f 2899/3459/2899 2892/3461/2892 2895/3466/2895
f 2893/3467/2893 2895/3466/2895 2894/3468/2894
f 2899/3459/2899 2893/3467/2893 2896/3469/2896
f 2893/3467/2893 2899/3459/2899 2895/3466/2895
f 2903/3470/2903 2904/3471/2904 2905/3472/2905
f 2904/3471/2904 2906/3473/2906 2905/3472/2905
f 2904/3471/2904 2907/3474/2907 2906/3473/2906
f 2910/3475/2910 2909/3476/2909 2908/3477/2908
f 2910/3475/2910 2908/3477/2908 2911/3478/2911
f 2913/3479/2913 2914/3480/2914 2915/3481/2915
f 2916/3482/2916 2913/3479/2913 2915/3481/2915
f 2916/3483/2916 2917/3484/2917 2912/3485/2912
f 2916/3483/2916 2912/3485/2912 2913/3486/2913
f 2924/3487/2924 2923/3488/2923 2922/3489/2922
f 2924/3487/2924 2918/3490/2918 2923/3488/2923
f 2918/3490/2918 2921/3491/2921 2923/3488/2923
f 2920/3492/2920 2919/3493/2919 2921/3491/2921
f 2918/3490/2918 2920/3492/2920 2921/3491/2921
f 2924/3487/2924 2922/3489/2922 2925/3494/2925
f 2930/3495/2930 2928/3496/2928 2927/3497/2927
f 2931/3498/2931 2930/3495/2930 2927/3497/2927
f 2931/3498/2931 2927/3497/2927 2926/3499/2926
f 2927/3497/2927 2928/3496/2928 2929/3500/2929
f 3441/3501/3441 3447/3502/3447 3473/3503/3473
f 3487/3504/3487 3475/3505/3475 3476/3506/3476
f 3486/3507/3486 3487/3504/3487 3476/3506/3476
f 3486/3507/3486 3476/3506/3476 3477/3508/3477
f 3485/3509/3485 3486/3507/3486 3477/3508/3477
f 3485/3509/3485 3477/3508/3477 3478/3510/3478
f 3484/3511/3484 3485/3509/3485 3478/3510/3478
f 3484/3511/3484 3478/3510/3478 3448/3512/3448
f 3484/3511/3484 3448/3512/3448 3449/3513/3449
f 3425/3514/3425 3465/3515/3465 3435/3516/3435
f 3443/3517/3443 3446/3518/3446 3447/3502/3447
f 3441/3501/3441 3443/3517/3443 3447/3502/3447
f 3487/3504/3487 3488/3519/3488 3475/3505/3475
f 3442/3520/3442 3441/3501/3441 3473/3503/3473
f 3442/3520/3442 3473/3503/3473 3472/3521/3472
f 3481/3522/3481 3482/3523/3482 3453/3524/3453
f 3481/3522/3481 3453/3524/3453 3454/3525/3454
f 3480/3526/3480 3481/3522/3481 3454/3525/3454
f 3480/3526/3480 3454/3525/3454 3455/3527/3455
f 3480/3526/3480 3455/3527/3455 3458/3528/3458
f 3479/3529/3479 3480/3526/3480 3458/3528/3458
f 3479/3529/3479 3458/3528/3458 3457/3530/3457
f 3479/3529/3479 3457/3530/3457 3461/3531/3461
f 3488/3519/3488 3487/3504/3487 3433/3532/3433
f 3483/3533/3483 3449/3513/3449 3452/3534/3452
f 3483/3533/3483 3452/3534/3452 3451/3535/3451
f 3482/3523/3482 3483/3533/3483 3451/3535/3451
f 3482/3523/3482 3451/3535/3451 3450/3536/3450
f 3482/3523/3482 3450/3536/3450 3453/3524/3453
f 3485/3509/3485 3484/3511/3484 3430/3537/3430
f 3485/3509/3485 3430/3537/3430 3431/3538/3431
f 3486/3507/3486 3485/3509/3485 3431/3538/3431
f 3486/3507/3486 3431/3538/3431 3432/3539/3432
f 3487/3504/3487 3486/3507/3486 3432/3539/3432
f 3487/3504/3487 3432/3539/3432 3433/3532/3433
f 3294/3540/3294 3479/3529/3479 3461/3531/3461
f 3489/3541/3489 3488/3519/3488 3433/3532/3433
f 3489/3541/3489 3433/3532/3433 3434/3542/3434
f 3490/3543/3490 3489/3541/3489 3434/3542/3434
f 3473/3503/3473 3448/3544/3448 3478/3545/3478
f 3472/3521/3472 3473/3503/3473 3478/3545/3478
f 3471/3546/3471 3472/3521/3472 3478/3545/3478
f 3471/3547/3471 3478/3510/3478 3477/3508/3477
f 3470/3548/3470 3471/3546/3471 3477/3549/3477
f 3439/3550/3439 3470/3551/3470 3477/3508/3477
f 3488/3519/3488 3474/3552/3474 3475/3505/3475
f 3280/3553/3280 3443/3517/3443 3279/3554/3279
f 3443/3517/3443 3445/3555/3445 3446/3518/3446
f 3442/3520/3442 3472/3521/3472 3471/3546/3471
f 3440/3556/3440 3442/3520/3442 3471/3546/3471
f 3440/3556/3440 3471/3546/3471 3470/3548/3470
f 3439/3557/3439 3440/3556/3440 3470/3548/3470
f 3438/3558/3438 3439/3557/3439 3469/3559/3469
f 3250/3560/3250 3438/3558/3438 3469/3559/3469
f 3250/3560/3250 3469/3559/3469 3468/3561/3468
f 3252/3562/3252 3250/3563/3250 3468/3564/3468
f 3252/3562/3252 3468/3564/3468 3467/3565/3467
f 3437/3566/3437 3252/3562/3252 3467/3565/3467
f 3455/3527/3455 3454/3525/3454 3456/3567/3456
f 3442/3520/3442 3244/3568/3244 3245/3569/3245
f 3442/3520/3442 3245/3569/3245 3239/3570/3239
f 3442/3520/3442 3239/3570/3239 3238/3571/3238
f 3441/3501/3441 3442/3520/3442 3238/3571/3238
f 3440/3556/3440 3246/3572/3246 3244/3568/3244
f 3306/3573/3306 3305/3574/3305 3462/3575/3462
f 3306/3573/3306 3462/3575/3462 3464/3576/3464
f 3306/3573/3306 3464/3576/3464 3463/3577/3463
f 3299/3578/3299 3306/3573/3306 3463/3577/3463
f 3462/3575/3462 3302/3579/3302 3303/3580/3303
f 3468/3581/3468 3476/3506/3476 3475/3505/3475
f 3473/3503/3473 3447/3502/3447 3448/3544/3448
f 3436/3582/3436 3437/3566/3437 3466/3583/3466
f 3465/3515/3465 3436/3582/3436 3466/3583/3466
f 3257/3584/3257 3465/3515/3465 3425/3514/3425
f 3293/3585/3293 3257/3584/3257 3425/3514/3425
f 3305/3574/3305 3106/3586/3106 3302/3579/3302
f 3305/3574/3305 3302/3579/3302 3462/3575/3462
f 3439/3550/3439 3477/3508/3477 3476/3506/3476
f 3469/3559/3469 3439/3557/3439 3476/3587/3476
f 3468/3581/3468 3469/3588/3469 3476/3506/3476
f 3483/3533/3483 3484/3511/3484 3449/3513/3449
f 3467/3589/3467 3468/3581/3468 3475/3505/3475
f 3437/3590/3437 3467/3589/3467 3475/3505/3475
f 3437/3590/3437 3475/3505/3475 3474/3552/3474
f 3466/3583/3466 3437/3566/3437 3474/3591/3474
f 3465/3592/3465 3466/3593/3466 3474/3552/3474
f 3465/3592/3465 3474/3552/3474 3435/3594/3435
f 3461/3531/3461 3422/3595/3422 3421/3596/3421
f 3294/3540/3294 3461/3531/3461 3421/3596/3421
f 3458/3528/3458 3455/3527/3455 3460/3597/3460
f 3457/3530/3457 3458/3528/3458 3459/3598/3459
f 3521/3599/3521 3370/3600/3370 3369/3601/3369
f 3499/3602/3499 3156/3603/3156 3386/3604/3386
f 3499/3602/3499 3386/3604/3386 3328/3605/3328
f 3502/3606/3502 3499/3602/3499 3328/3605/3328
f 3514/3607/3514 3497/3608/3497 3515/3609/3515
f 3491/3610/3491 3514/3607/3514 3515/3609/3515
f 3512/3611/3512 3513/3612/3513 3536/3613/3536
f 3509/3614/3509 3510/3615/3510 3508/3616/3508
f 3505/3617/3505 3506/3618/3506 3503/3619/3503
f 3504/3620/3504 3505/3617/3505 3503/3619/3503
f 3522/3621/3522 3523/3622/3523 3367/3623/3367
f 3364/3624/3364 3522/3621/3522 3367/3623/3367
f 3499/3602/3499 3324/3625/3324 3156/3603/3156
f 3520/3626/3520 3372/3627/3372 3371/3628/3371
f 3520/3626/3520 3371/3628/3371 3370/3600/3370
f 3372/3627/3372 3520/3626/3520 3496/3629/3496
f 3518/3630/3518 3377/3631/3377 3374/3632/3374
f 3518/3630/3518 3374/3632/3374 3375/3633/3375
f 3519/3634/3519 3518/3630/3518 3375/3633/3375
f 3519/3634/3519 3375/3633/3375 3373/3635/3373
f 3444/3636/3444 3318/3637/3318 3323/3638/3323
f 3491/3610/3491 3444/3636/3444 3323/3638/3323
f 3491/3610/3491 3323/3638/3323 3321/3639/3321
f 3376/3640/3376 3377/3631/3377 3518/3630/3518
f 3533/3641/3533 3501/3642/3501 3500/3643/3500
f 3533/3641/3533 3500/3643/3500 3499/3602/3499
f 3532/3644/3532 3533/3641/3533 3499/3602/3499
f 3532/3644/3532 3499/3602/3499 3502/3606/3502
f 3329/3645/3329 3532/3644/3532 3502/3606/3502
f 3531/3646/3531 3382/3647/3382 3389/3648/3389
f 3531/3646/3531 3389/3648/3389 3390/3649/3390
f 3530/3650/3530 3531/3646/3531 3390/3649/3390
f 3530/3650/3530 3390/3649/3390 3388/3651/3388
f 3529/3652/3529 3530/3650/3530 3388/3651/3388
f 3496/3629/3496 3519/3634/3519 3373/3635/3373
f 3320/3653/3320 3491/3610/3491 3321/3639/3321
f 3337/3654/3337 3353/3655/3353 3376/3640/3376
f 3337/3654/3337 3376/3640/3376 3517/3656/3517
f 3514/3607/3514 3342/3657/3342 3341/3658/3341
f 3514/3607/3514 3341/3658/3341 3339/3659/3339
f 3525/3660/3525 3383/3661/3383 3384/3662/3384
f 3524/3663/3524 3525/3660/3525 3384/3662/3384
f 3524/3663/3524 3384/3662/3384 3385/3664/3385
f 3501/3642/3501 3524/3663/3524 3385/3664/3385
f 3501/3642/3501 3385/3664/3385 3152/3665/3152
f 3501/3642/3501 3152/3665/3152 3120/3666/3120
f 3488/3519/3488 3489/3541/3489 3474/3552/3474
f 3372/3627/3372 3496/3629/3496 3373/3635/3373
f 3379/3667/3379 3495/3668/3495 3378/3669/3378
f 3381/3670/3381 3494/3671/3494 3379/3672/3379
f 3444/3636/3444 3491/3610/3491 3492/3673/3492
f 3444/3636/3444 3317/3674/3317 3316/3675/3316
f 3318/3637/3318 3444/3636/3444 3316/3675/3316
f 3490/3543/3490 3434/3542/3434 3295/3676/3295
f 3490/3543/3490 3295/3676/3295 3292/3677/3292
f 3490/3543/3490 3292/3677/3292 3435/3594/3435
f 3489/3541/3489 3490/3543/3490 3435/3594/3435
f 3489/3541/3489 3435/3594/3435 3474/3552/3474
f 3499/3602/3499 3500/3643/3500 3324/3625/3324
f 3491/3610/3491 3312/3678/3312 3345/3679/3345
f 3479/3529/3479 3294/3540/3294 3298/3680/3298
f 3479/3529/3479 3298/3680/3298 3463/3577/3463
f 3480/3526/3480 3479/3529/3479 3463/3577/3463
f 3480/3526/3480 3463/3577/3463 3464/3576/3464
f 3480/3526/3480 3464/3576/3464 3462/3575/3462
f 3481/3522/3481 3480/3526/3480 3462/3575/3462
f 3481/3522/3481 3462/3575/3462 3304/3681/3304
f 3482/3523/3482 3481/3522/3481 3304/3681/3304
f 3482/3523/3482 3304/3681/3304 3426/3682/3426
f 3345/3679/3345 3514/3607/3514 3491/3610/3491
f 3491/3610/3491 3320/3653/3320 3319/3683/3319
f 3312/3678/3312 3491/3610/3491 3319/3683/3319
f 3516/3684/3516 3514/3607/3514 3339/3659/3339
f 3340/3685/3340 3516/3684/3516 3339/3659/3339
f 3516/3684/3516 3340/3685/3340 3348/3686/3348
f 3516/3684/3516 3348/3686/3348 3338/3687/3338
f 3517/3656/3517 3516/3684/3516 3338/3687/3338
f 3337/3654/3337 3517/3656/3517 3338/3687/3338
f 3344/3688/3344 3342/3657/3342 3514/3607/3514
f 3345/3679/3345 3344/3688/3344 3514/3607/3514
f 3304/3681/3304 3462/3575/3462 3303/3580/3303
f 3514/3607/3514 3516/3684/3516 3497/3608/3497
f 3483/3533/3483 3482/3523/3482 3426/3682/3426
f 3483/3533/3483 3426/3682/3426 3427/3689/3427
f 3484/3511/3484 3483/3533/3483 3427/3689/3427
f 3484/3511/3484 3427/3689/3427 3428/3690/3428
f 3484/3511/3484 3428/3690/3428 3429/3691/3429
f 3484/3511/3484 3429/3691/3429 3430/3537/3430
f 3391/3692/3391 3392/3693/3392 3503/3619/3503
f 3501/3642/3501 3120/3666/3120 3324/3625/3324
f 3500/3643/3500 3501/3642/3501 3324/3625/3324
f 3398/3694/3398 3399/3695/3399 3393/3696/3393
f 3403/3697/3403 3170/3698/3170 3166/3699/3166
f 3402/3700/3402 3403/3697/3403 3166/3699/3166
f 3152/3665/3152 3385/3664/3385 3384/3662/3384
f 3153/3701/3153 3152/3665/3152 3384/3662/3384
f 3153/3701/3153 3144/3702/3144 3135/3703/3135
f 3154/3704/3154 3153/3701/3153 3143/3705/3143
f 3325/3706/3325 3328/3605/3328 3156/3603/3156
f 3325/3706/3325 3156/3603/3156 3155/3707/3155
f 3400/3708/3400 3392/3693/3392 3391/3692/3391
f 3400/3708/3400 3391/3692/3391 3393/3696/3393
f 3399/3695/3399 3400/3708/3400 3393/3696/3393
f 3403/3697/3403 3561/3709/3561 3170/3698/3170
f 3398/3694/3398 3393/3696/3393 3394/3710/3394
f 3398/3694/3398 3394/3710/3394 3395/3711/3395
f 3396/3712/3396 3398/3694/3398 3395/3711/3395
f 3397/3713/3397 3398/3694/3398 3396/3712/3396
f 3330/3714/3330 3331/3715/3331 3395/3711/3395
f 3330/3714/3330 3395/3711/3395 3394/3710/3394
f 3373/3635/3373 3356/3716/3356 3358/3717/3358
f 3371/3628/3371 3373/3635/3373 3358/3717/3358
f 3371/3628/3371 3358/3717/3358 3359/3718/3359
f 3371/3628/3371 3359/3718/3359 3360/3719/3360
f 3327/3720/3327 3393/3696/3393 3391/3692/3391
f 3194/3721/3194 3415/3722/3415 3416/3723/3416
f 3184/3724/3184 3181/3725/3181 3414/3726/3414
f 3184/3724/3184 3414/3726/3414 3413/3727/3413
f 3412/3728/3412 3184/3724/3184 3413/3727/3413
f 3188/3729/3188 3184/3724/3184 3412/3728/3412
f 3182/3730/3182 3410/3731/3410 3414/3726/3414
f 3181/3725/3181 3182/3730/3182 3414/3726/3414
f 3178/3732/3178 3408/3733/3408 3574/3734/3574
f 3178/3732/3178 3574/3734/3574 3411/3735/3411
f 3330/3714/3330 3394/3710/3394 3393/3696/3393
f 3327/3720/3327 3330/3714/3330 3393/3696/3393
f 3369/3601/3369 3371/3628/3371 3360/3719/3360
f 3326/3736/3326 3327/3720/3327 3391/3692/3391
f 3148/3737/3148 3388/3651/3388 3390/3649/3390
f 3149/3738/3149 3148/3737/3148 3390/3649/3390
f 3170/3698/3170 3561/3709/3561 3407/3739/3407
f 3170/3698/3170 3407/3739/3407 3406/3740/3406
f 3169/3741/3169 3170/3698/3170 3406/3740/3406
f 3172/3742/3172 3169/3743/3169 3406/3744/3406
f 3172/3742/3172 3406/3744/3406 3405/3745/3405
f 3404/3746/3404 3172/3742/3172 3405/3745/3405
f 3176/3747/3176 3172/3742/3172 3404/3746/3404
f 3368/3748/3368 3369/3749/3369 3361/3750/3361
f 3377/3631/3377 3132/3751/3132 3357/3752/3357
f 3374/3632/3374 3377/3631/3377 3357/3752/3357
f 3375/3633/3375 3374/3632/3374 3357/3752/3357
f 3375/3633/3375 3357/3752/3357 3356/3716/3356
f 3373/3635/3373 3375/3633/3375 3356/3716/3356
f 3356/3716/3356 3357/3752/3357 3130/3753/3130
f 3132/3751/3132 3131/3754/3131 3357/3752/3357
f 3134/3755/3134 3132/3756/3132 3355/3757/3355
f 3134/3755/3134 3355/3757/3355 3334/3758/3334
f 3132/3756/3132 3134/3755/3134 3133/3759/3133
f 3121/3760/3121 3134/3755/3134 3334/3758/3334
f 3377/3631/3377 3354/3761/3354 3132/3751/3132
f 3368/3748/3368 3361/3750/3361 3362/3762/3362
f 3367/3623/3367 3362/3762/3362 3128/3763/3128
f 3367/3623/3367 3128/3763/3128 3363/3764/3363
f 3364/3624/3364 3367/3623/3367 3363/3764/3363
f 3366/3765/3366 3364/3624/3364 3363/3764/3363
f 3366/3765/3366 3363/3764/3363 3365/3766/3365
f 3354/3761/3354 3377/3631/3377 3376/3640/3376
f 3354/3761/3354 3376/3640/3376 3353/3655/3353
f 3336/3767/3336 3354/3761/3354 3353/3655/3353
f 3339/3659/3339 3341/3658/3341 3340/3685/3340
f 3156/3603/3156 3328/3605/3328 3386/3604/3386
f 3369/3749/3369 3360/3768/3360 3361/3750/3361
f 3149/3738/3149 3390/3649/3390 3389/3648/3389
f 3146/3769/3146 3145/3770/3145 3387/3771/3387
f 3146/3769/3146 3387/3771/3387 3388/3651/3388
f 3147/3772/3147 3146/3769/3146 3388/3651/3388
f 3148/3737/3148 3147/3772/3147 3388/3651/3388
f 3384/3662/3384 3383/3661/3383 3387/3771/3387
f 3153/3701/3153 3384/3662/3384 3387/3771/3387
f 3153/3701/3153 3387/3771/3387 3145/3770/3145
f 3144/3702/3144 3153/3701/3153 3145/3770/3145
f 3415/3722/3415 3194/3721/3194 3417/3773/3417
f 3372/3627/3372 3373/3635/3373 3371/3628/3371
f 3370/3600/3370 3371/3628/3371 3369/3601/3369
f 3365/3766/3365 3380/3774/3380 3366/3765/3366
f 3074/3775/3074 3073/3776/3073 3365/3766/3365
f 3074/3775/3074 3365/3766/3365 3363/3764/3363
f 3126/3777/3126 3074/3778/3074 3363/3779/3363
f 3143/3705/3143 3325/3706/3325 3155/3707/3155
f 3143/3705/3143 3155/3707/3155 3154/3704/3154
f 3354/3761/3354 3334/3780/3334 3355/3781/3355
f 3354/3761/3354 3355/3781/3355 3132/3751/3132
f 3437/3566/3437 3436/3582/3436 3254/3782/3254
f 3309/3783/3309 3431/3538/3431 3430/3537/3430
f 3429/3691/3429 3309/3783/3309 3430/3537/3430
f 3308/3784/3308 3429/3691/3429 3428/3690/3428
f 3442/3520/3442 3440/3556/3440 3244/3568/3244
f 3246/3572/3246 3440/3556/3440 3439/3557/3439
f 3247/3785/3247 3246/3572/3246 3439/3557/3439
f 3247/3785/3247 3439/3557/3439 3438/3558/3438
f 3438/3558/3438 3250/3560/3250 3248/3786/3248
f 3438/3558/3438 3248/3786/3248 3247/3785/3247
f 3250/3563/3250 3252/3562/3252 3251/3787/3251
f 3249/3788/3249 3250/3560/3250 3251/3789/3251
f 3309/3783/3309 3432/3539/3432 3431/3538/3431
f 3437/3566/3437 3254/3782/3254 3255/3790/3255
f 3420/3791/3420 3297/3792/3297 3419/3793/3419
f 3421/3596/3421 3422/3595/3422 3423/3794/3423
f 3419/3793/3419 3421/3596/3421 3423/3794/3423
f 3419/3793/3419 3423/3794/3423 3420/3791/3420
f 3421/3596/3421 3296/3795/3296 3294/3540/3294
f 3297/3792/3297 3420/3791/3420 3401/3796/3401
f 3435/3594/3435 3292/3677/3292 3425/3797/3425
f 3307/3798/3307 3300/3799/3300 3295/3676/3295
f 3307/3798/3307 3295/3676/3295 3434/3542/3434
f 3445/3555/3445 3280/3553/3280 3281/3800/3281
f 3099/3801/3099 3304/3681/3304 3303/3580/3303
f 3299/3578/3299 3463/3577/3463 3298/3680/3298
f 3457/3530/3457 3459/3598/3459 3422/3595/3422
f 3461/3531/3461 3457/3530/3457 3422/3595/3422
f 3252/3562/3252 3437/3566/3437 3255/3790/3255
f 3253/3802/3253 3254/3782/3254 3436/3582/3436
f 3253/3802/3253 3436/3582/3436 3465/3515/3465
f 3256/3803/3256 3253/3802/3253 3465/3515/3465
f 3256/3803/3256 3465/3515/3465 3257/3584/3257
f 3258/3804/3258 3257/3584/3257 3293/3585/3293
f 3445/3555/3445 3443/3517/3443 3280/3553/3280
f 3434/3542/3434 3101/3805/3101 3311/3806/3311
f 3445/3555/3445 3281/3800/3281 3285/3807/3285
f 3445/3555/3445 3285/3807/3285 3317/3674/3317
f 3444/3636/3444 3445/3555/3445 3317/3674/3317
f 3445/3555/3445 3444/3636/3444 3492/3673/3492
f 3441/3501/3441 3238/3571/3238 3241/3808/3241
f 3441/3501/3441 3241/3808/3241 3278/3809/3278
f 3443/3517/3443 3441/3501/3441 3278/3809/3278
f 3279/3554/3279 3443/3517/3443 3278/3809/3278
f 3310/3810/3310 3433/3532/3433 3432/3539/3432
f 3309/3783/3309 3310/3810/3310 3432/3539/3432
f 3396/3712/3396 3395/3711/3395 3196/3811/3196
f 3182/3730/3182 3178/3732/3178 3411/3735/3411
f 3182/3730/3182 3411/3735/3411 3410/3731/3410
f 3174/3812/3174 3176/3747/3176 3409/3813/3409
f 3174/3812/3174 3409/3813/3409 3408/3733/3408
f 3175/3814/3175 3174/3812/3174 3408/3733/3408
f 3178/3732/3178 3175/3814/3175 3408/3733/3408
f 3297/3792/3297 3401/3796/3401 3301/3815/3301
f 3401/3796/3401 3573/3816/3573 3402/3700/3402
f 3395/3711/3395 3331/3715/3331 3200/3817/3200
f 3395/3711/3395 3200/3817/3200 3195/3818/3195
f 3395/3711/3395 3195/3818/3195 3196/3811/3196
f 3297/3792/3297 3296/3795/3296 3419/3793/3419
f 3396/3712/3396 3196/3811/3196 3197/3819/3197
f 3397/3713/3397 3396/3712/3396 3197/3819/3197
f 3397/3713/3397 3197/3819/3197 3193/3820/3193
f 3416/3723/3416 3397/3713/3397 3193/3820/3193
f 3402/3700/3402 3166/3699/3166 3162/3821/3162
f 3402/3700/3402 3162/3821/3162 3163/3822/3163
f 3401/3796/3401 3402/3700/3402 3163/3822/3163
f 3401/3796/3401 3163/3822/3163 3164/3823/3164
f 3301/3815/3301 3401/3796/3401 3164/3823/3164
f 3158/3824/3158 3301/3815/3301 3164/3823/3164
f 3190/3825/3190 3187/3826/3187 3417/3827/3417
f 3434/3542/3434 3311/3806/3311 3307/3798/3307
f 3434/3542/3434 3433/3532/3433 3232/3828/3232
f 3434/3542/3434 3232/3828/3232 3233/3829/3233
f 3101/3805/3101 3434/3542/3434 3233/3829/3233
f 3100/3830/3100 3230/3831/3230 3433/3532/3433
f 3310/3810/3310 3100/3830/3100 3433/3532/3433
f 3416/3723/3416 3193/3820/3193 3194/3721/3194
f 3188/3729/3188 3412/3728/3412 3418/3832/3418
f 3187/3826/3187 3188/3729/3188 3418/3832/3418
f 3187/3826/3187 3418/3832/3418 3417/3827/3417
f 3523/3622/3523 3362/3762/3362 3367/3623/3367
f 3194/3721/3194 3190/3833/3190 3417/3773/3417
f 3308/3784/3308 3428/3690/3428 3427/3689/3427
f 3308/3784/3308 3427/3689/3427 3426/3682/3426
f 3110/3834/3110 3308/3784/3308 3426/3682/3426
f 3110/3834/3110 3426/3682/3426 3304/3681/3304
f 3433/3532/3433 3230/3831/3230 3231/3835/3231
f 3232/3828/3232 3433/3532/3433 3231/3835/3231
f 3401/3796/3401 3420/3791/3420 3424/3836/3424
f 3401/3796/3401 3424/3836/3424 3573/3816/3573
f 3296/3795/3296 3421/3596/3421 3419/3793/3419
f 3598/3837/3598 3620/3838/3620 3497/3608/3497
f 3593/3839/3593 3576/3840/3576 3599/3841/3599
f 3593/3839/3593 3599/3841/3599 3600/3842/3600
f 3592/3843/3592 3593/3839/3593 3600/3842/3600
f 3592/3843/3592 3600/3842/3600 3604/3844/3604
f 3405/3745/3405 3632/3845/3632 3404/3746/3404
f 3632/3845/3632 3405/3745/3405 3406/3744/3406
f 3631/3846/3631 3632/3845/3632 3406/3744/3406
f 3631/3846/3631 3406/3744/3406 3560/3847/3560
f 3633/3848/3633 3631/3849/3631 3560/3850/3560
f 3633/3848/3633 3560/3850/3560 3630/3851/3630
f 3620/3838/3620 3597/3852/3597 3619/3853/3619
f 3576/3840/3576 3646/3854/3646 3599/3841/3599
f 3599/3841/3599 3646/3854/3646 3647/3855/3647
f 3599/3841/3599 3647/3855/3647 3648/3856/3648
f 3601/3857/3601 3599/3841/3599 3648/3856/3648
f 3645/3858/3645 3646/3859/3646 3575/3860/3575
f 3645/3861/3645 3575/3862/3575 3507/3863/3507
f 3504/3620/3504 3645/3861/3645 3507/3863/3507
f 3504/3620/3504 3507/3863/3507 3506/3618/3506
f 3505/3617/3505 3504/3620/3504 3506/3618/3506
f 3572/3864/3572 3458/3865/3458 3586/3866/3586
f 3572/3867/3572 3586/3868/3586 3422/3595/3422
f 3578/3869/3578 3417/3773/3417 3579/3870/3579
f 3597/3852/3597 3618/3871/3618 3619/3853/3619
f 3563/3872/3563 3663/3873/3663 3662/3874/3662
f 3638/3875/3638 3563/3872/3563 3662/3874/3662
f 3638/3875/3638 3662/3874/3662 3661/3876/3661
f 3638/3875/3638 3661/3876/3661 3611/3877/3611
f 3612/3878/3612 3638/3875/3638 3611/3877/3611
f 3660/3879/3660 3392/3693/3392 3400/3708/3400
f 3659/3880/3659 3660/3881/3660 3400/3882/3400
f 3659/3883/3659 3400/3708/3400 3577/3884/3577
f 3659/3883/3659 3577/3884/3577 3658/3885/3658
f 3652/3886/3652 3658/3885/3658 3657/3887/3657
f 3459/3598/3459 3572/3867/3572 3422/3595/3422
f 3578/3869/3578 3579/3870/3579 3639/3888/3639
f 3416/3723/3416 3578/3869/3578 3639/3888/3639
f 3638/3875/3638 3612/3878/3612 3626/3889/3626
f 3638/3875/3638 3626/3889/3626 3562/3890/3562
f 3563/3872/3563 3638/3875/3638 3562/3890/3562
f 3654/3891/3654 3567/3892/3567 3653/3893/3653
f 3651/3894/3651 3654/3891/3654 3653/3893/3653
f 3651/3894/3651 3653/3893/3653 3652/3895/3652
f 3640/3896/3640 3649/3897/3649 3641/3898/3641
f 3576/3840/3576 3575/3899/3575 3646/3854/3646
f 3515/3609/3515 3497/3608/3497 3620/3838/3620
f 3460/3597/3460 3559/3900/3559 3458/3528/3458
f 3629/3901/3629 3584/3902/3584 3424/3836/3424
f 3629/3901/3629 3424/3836/3424 3423/3794/3423
f 3630/3851/3630 3629/3901/3629 3423/3794/3423
f 3630/3851/3630 3423/3794/3423 3585/3903/3585
f 3458/3528/3458 3630/3851/3630 3585/3903/3585
f 3458/3528/3458 3585/3903/3585 3586/3868/3586
f 3614/3904/3614 3613/3905/3613 3615/3906/3615
f 3614/3904/3614 3615/3906/3615 3616/3907/3616
f 3565/3908/3565 3614/3904/3614 3616/3907/3616
f 3565/3908/3565 3616/3907/3616 3621/3909/3621
f 3559/3900/3559 3630/3851/3630 3458/3528/3458
f 3619/3853/3619 3515/3609/3515 3620/3838/3620
f 3629/3901/3629 3560/3850/3560 3561/3709/3561
f 3584/3902/3584 3629/3901/3629 3561/3709/3561
f 3584/3902/3584 3561/3709/3561 3403/3697/3403
f 3573/3816/3573 3584/3902/3584 3403/3697/3403
f 3402/3700/3402 3573/3816/3573 3403/3697/3403
f 3627/3910/3627 3628/3911/3628 3563/3872/3563
f 3627/3910/3627 3563/3872/3563 3562/3890/3562
f 3626/3889/3626 3627/3910/3627 3562/3890/3562
f 3613/3905/3613 3564/3912/3564 3625/3913/3625
f 3632/3845/3632 3633/3914/3633 3634/3915/3634
f 3633/3914/3633 3558/3916/3558 3635/3917/3635
f 3631/3846/3631 3633/3914/3633 3632/3845/3632
f 3629/3901/3629 3630/3851/3630 3560/3850/3560
f 3460/3597/3460 3455/3527/3455 3456/3567/3456
f 3559/3900/3559 3460/3597/3460 3456/3567/3456
f 3559/3900/3559 3456/3567/3456 3637/3918/3637
f 3559/3919/3559 3637/3920/3637 3636/3921/3636
f 3558/3922/3558 3559/3919/3559 3636/3921/3636
f 3635/3917/3635 3558/3916/3558 3636/3923/3636
f 3633/3914/3633 3635/3917/3635 3634/3915/3634
f 3597/3852/3597 3617/3924/3617 3618/3871/3618
f 3632/3845/3632 3634/3915/3634 3409/3813/3409
f 3632/3845/3632 3409/3813/3409 3404/3746/3404
f 3622/3925/3622 3613/3905/3613 3624/3926/3624
f 3590/3927/3590 3622/3925/3622 3624/3926/3624
f 3590/3927/3590 3624/3926/3624 3623/3928/3623
f 3447/3502/3447 3623/3928/3623 3589/3929/3589
f 3625/3913/3625 3587/3930/3587 3450/3931/3450
f 3624/3926/3624 3625/3913/3625 3450/3931/3450
f 3558/3932/3558 3633/3848/3633 3630/3851/3630
f 3559/3919/3559 3558/3922/3558 3630/3933/3630
f 3642/3934/3642 3579/3870/3579 3580/3935/3580
f 3030/3936/3030 2965/3937/2965 2932/3938/2932
f 2933/3939/2933 3030/3936/3030 2932/3938/2932
f 3570/3940/3570 3637/3918/3637 3456/3567/3456
f 3571/3941/3571 3570/3940/3570 3456/3567/3456
f 3454/3525/3454 3571/3941/3571 3456/3567/3456
f 3625/3913/3625 3611/3877/3611 3570/3942/3570
f 3587/3930/3587 3625/3913/3625 3570/3942/3570
f 3587/3943/3587 3570/3940/3570 3453/3524/3453
f 3643/3944/3643 3644/3945/3644 3639/3888/3639
f 3643/3944/3643 3639/3888/3639 3579/3870/3579
f 3642/3934/3642 3643/3944/3643 3579/3870/3579
f 2965/3937/2965 2966/3946/2966 2932/3938/2932
f 3641/3898/3641 3642/3947/3642 3580/3948/3580
f 3641/3898/3641 3580/3948/3580 3581/3949/3581
f 3640/3896/3640 3641/3898/3641 3581/3949/3581
f 3653/3893/3653 3601/3857/3601 3648/3856/3648
f 3652/3895/3652 3653/3893/3653 3648/3856/3648
f 3652/3895/3652 3648/3856/3648 3647/3855/3647
f 3652/3895/3652 3647/3855/3647 3646/3854/3646
f 3658/3950/3658 3652/3951/3652 3646/3859/3646
f 3658/3950/3658 3646/3859/3646 3645/3858/3645
f 3667/3952/3667 3583/3953/3583 3574/3734/3574
f 2940/3954/2940 2967/3955/2967 3033/3956/3033
f 2940/3954/2940 3033/3956/3033 2941/3957/2941
f 2937/3958/2937 3025/3959/3025 2938/3960/2938
f 3025/3959/3025 2936/3961/2936 2938/3960/2938
f 2963/3962/2963 2957/3963/2957 3071/3964/3071
f 2963/3962/2963 3071/3964/3071 3079/3965/3079
f 2959/3966/2959 3067/3967/3067 2994/3968/2994
f 2959/3966/2959 2994/3968/2994 2989/3969/2989
f 2960/3970/2960 2992/3971/2992 2993/3972/2993
f 2959/3966/2959 2993/3972/2993 3067/3967/3067
f 2991/3973/2991 2992/3971/2992 2960/3970/2960
f 2997/3974/2997 2999/3975/2999 2998/3976/2998
f 3665/3977/3665 3667/3952/3667 3574/3734/3574
f 2997/3974/2997 2958/3978/2958 2999/3975/2999
f 2964/3979/2964 2963/3962/2963 2996/3980/2996
f 2961/3981/2961 2964/3979/2964 2996/3980/2996
f 2990/3982/2990 2961/3981/2961 2996/3980/2996
f 2958/3978/2958 2997/3974/2997 3070/3983/3070
f 2957/3963/2957 2958/3978/2958 3070/3983/3070
f 2957/3963/2957 3070/3983/3070 2995/3984/2995
f 2957/3963/2957 2995/3984/2995 3071/3964/3071
f 2967/3955/2967 2940/3954/2940 2932/3938/2932
f 2966/3946/2966 2967/3955/2967 2932/3938/2932
f 3660/3879/3660 3504/3620/3504 3503/3619/3503
f 3567/3892/3567 3602/3985/3602 3601/3857/3601
f 3653/3893/3653 3567/3892/3567 3601/3857/3601
f 3652/3895/3652 3657/3986/3657 3656/3987/3656
f 3651/3894/3651 3652/3895/3652 3656/3987/3656
f 3651/3894/3651 3656/3987/3656 3655/3988/3655
f 3654/3891/3654 3651/3894/3651 3655/3988/3655
f 3654/3891/3654 3655/3988/3655 3568/3989/3568
f 3567/3892/3567 3654/3891/3654 3568/3989/3568
f 3659/3883/3659 3658/3885/3658 3645/3861/3645
f 3659/3883/3659 3645/3861/3645 3504/3620/3504
f 3660/3879/3660 3659/3883/3659 3504/3620/3504
f 3567/3892/3567 3568/3989/3568 3602/3985/3602
f 3392/3693/3392 3660/3879/3660 3503/3619/3503
f 3649/3897/3649 3640/3896/3640 3557/3990/3557
f 3650/3991/3650 3649/3897/3649 3557/3990/3557
f 3650/3991/3650 3557/3990/3557 3556/3992/3556
f 3668/3993/3668 3650/3991/3650 3556/3992/3556
f 3668/3993/3668 3556/3992/3556 3667/3952/3667
f 3607/3994/3607 3592/3843/3592 3604/3844/3604
f 3607/3994/3607 3604/3844/3604 3603/3995/3603
f 3617/3924/3617 3607/3994/3607 3603/3995/3603
f 3617/3924/3617 3603/3995/3603 3610/3996/3610
f 3628/3911/3628 3666/3997/3666 3665/3977/3665
f 3665/3977/3665 3574/3734/3574 3409/3813/3409
f 3664/3998/3664 3665/3977/3665 3409/3813/3409
f 3664/3998/3664 3409/3813/3409 3634/3915/3634
f 3663/3873/3663 3664/3998/3664 3634/3915/3634
f 3663/3873/3663 3634/3915/3634 3635/3917/3635
f 3662/3874/3662 3663/3873/3663 3635/3917/3635
f 3662/3874/3662 3635/3917/3635 3636/3923/3636
f 3661/3876/3661 3662/3874/3662 3636/3923/3636
f 3666/3997/3666 3668/3993/3668 3667/3952/3667
f 3666/3997/3666 3667/3952/3667 3665/3977/3665
f 3613/3905/3613 3625/3913/3625 3624/3926/3624
f 3628/3911/3628 3665/3977/3665 3664/3998/3664
f 3563/3872/3563 3628/3911/3628 3664/3998/3664
f 3563/3872/3563 3664/3998/3664 3663/3873/3663
f 3609/3999/3609 3565/3908/3565 3621/3909/3621
f 3566/4000/3566 3609/3999/3609 3621/3909/3621
f 3566/4000/3566 3621/3909/3621 3616/3907/3616
f 3610/3996/3610 3566/4000/3566 3616/3907/3616
f 3606/4001/3606 3610/3996/3610 3603/3995/3603
f 3568/3989/3568 3606/4001/3606 3603/3995/3603
f 3568/3989/3568 3603/3995/3603 3602/3985/3602
f 3552/4002/3552 3553/4003/3553 3545/4004/3545
f 3543/4005/3543 3538/4006/3538 3537/4007/3537
f 3542/4008/3542 3543/4005/3543 3537/4007/3537
f 3542/4008/3542 3537/4007/3537 3536/3613/3536
f 3513/3612/3513 3542/4008/3542 3536/3613/3536
f 3495/3668/3495 3494/4009/3494 3547/4010/3547
f 3555/4011/3555 3495/4012/3495 3547/4013/3547
f 3554/4014/3554 3555/4015/3555 3547/4010/3547
f 3554/4016/3554 3547/4013/3547 3546/4017/3546
f 3523/4018/3523 3554/4016/3554 3546/4017/3546
f 3553/4019/3553 3523/3622/3523 3546/4020/3546
f 3553/4003/3553 3546/4017/3546 3545/4004/3545
f 3543/4005/3543 3544/4021/3544 3538/4006/3538
f 3551/4022/3551 3552/4023/3552 3545/4024/3545
f 3551/4025/3551 3545/4004/3545 3544/4021/3544
f 3503/3619/3503 3532/3644/3532 3329/3645/3329
f 3391/3692/3391 3503/3619/3503 3329/3645/3329
f 3326/3736/3326 3391/3692/3391 3329/3645/3329
f 3381/3670/3381 3382/3647/3382 3531/3646/3531
f 3493/4026/3493 3381/3670/3381 3531/3646/3531
f 3493/4026/3493 3531/3646/3531 3530/3650/3530
f 3548/4027/3548 3542/4028/3542 3513/4029/3513
f 3498/4030/3498 3548/4027/3548 3513/4029/3513
f 3521/4031/3521 3523/3622/3523 3553/4019/3553
f 3510/3615/3510 3569/4032/3569 3511/4033/3511
f 3507/3863/3507 3575/3862/3575 3508/3616/3508
f 3420/3791/3420 3423/3794/3423 3424/3836/3424
f 3572/3867/3572 3459/3598/3459 3458/3528/3458
f 3453/3524/3453 3570/3940/3570 3454/3525/3454
f 3496/3629/3496 3551/4022/3551 3544/4034/3544
f 3550/4035/3550 3496/3629/3496 3544/4034/3544
f 3550/4036/3550 3544/4021/3544 3543/4005/3543
f 3549/4037/3549 3550/4035/3550 3543/4038/3543
f 3549/4037/3549 3543/4038/3543 3542/4028/3542
f 3548/4027/3548 3549/4037/3549 3542/4028/3542
f 3494/3671/3494 3381/3670/3381 3493/4026/3493
f 3521/4031/3521 3553/4019/3553 3552/4039/3552
f 3370/3600/3370 3521/3599/3521 3552/4023/3552
f 3370/3600/3370 3552/4023/3552 3551/4022/3551
f 3520/3626/3520 3370/3600/3370 3551/4022/3551
f 3520/3626/3520 3551/4022/3551 3496/3629/3496
f 3519/3634/3519 3496/3629/3496 3550/4035/3550
f 3519/3634/3519 3550/4035/3550 3549/4037/3549
f 3518/3630/3518 3519/3634/3519 3549/4037/3549
f 3376/3640/3376 3518/3630/3518 3549/4037/3549
f 3544/4021/3544 3539/4040/3539 3538/4006/3538
f 3539/4040/3539 3540/4041/3540 3528/4042/3528
f 3503/3619/3503 3506/3618/3506 3532/3644/3532
f 3529/3652/3529 3388/3651/3388 3387/3771/3387
f 3528/4042/3528 3529/3652/3529 3387/3771/3387
f 3528/4042/3528 3387/3771/3387 3527/4043/3527
f 3527/4043/3527 3387/3771/3387 3383/3661/3383
f 3526/4044/3526 3527/4043/3527 3383/3661/3383
f 3525/3660/3525 3526/4044/3526 3383/3661/3383
f 3541/4045/3541 3493/4026/3493 3530/3650/3530
f 3541/4045/3541 3530/3650/3530 3529/3652/3529
f 3540/4041/3540 3541/4045/3541 3529/3652/3529
f 3540/4041/3540 3529/3652/3529 3528/4042/3528
f 3506/3618/3506 3533/3641/3533 3532/3644/3532
f 3539/4040/3539 3528/4042/3528 3527/4043/3527
f 3538/4006/3538 3539/4040/3539 3527/4043/3527
f 3537/4007/3537 3538/4006/3538 3527/4043/3527
f 3537/4007/3537 3527/4043/3527 3526/4044/3526
f 3537/4007/3537 3526/4044/3526 3525/3660/3525
f 3366/3765/3366 3380/3774/3380 3378/3669/3378
f 3366/3765/3366 3378/3669/3378 3364/3624/3364
f 3521/4031/3521 3369/3749/3369 3368/3748/3368
f 3521/4031/3521 3368/3748/3368 3362/3762/3362
f 3523/3622/3523 3521/4031/3521 3362/3762/3362
f 3535/4046/3535 3524/3663/3524 3501/3642/3501
f 3547/4013/3547 3494/3671/3494 3493/4026/3493
f 3547/4013/3547 3493/4026/3493 3541/4045/3541
f 3546/4017/3546 3547/4013/3547 3541/4045/3541
f 3546/4017/3546 3541/4045/3541 3540/4041/3540
f 3545/4004/3545 3546/4017/3546 3540/4041/3540
f 3545/4004/3545 3540/4041/3540 3539/4040/3539
f 3544/4021/3544 3545/4004/3545 3539/4040/3539
f 3536/3613/3536 3537/4007/3537 3525/3660/3525
f 3536/3613/3536 3525/3660/3525 3524/3663/3524
f 3535/4046/3535 3536/3613/3536 3524/3663/3524
f 3569/4047/3569 3512/4048/3512 3511/4049/3511
f 3534/4050/3534 3535/4046/3535 3501/3642/3501
f 3533/3641/3533 3534/4050/3534 3501/3642/3501
f 3512/3611/3512 3536/3613/3536 3535/4046/3535
f 3511/4033/3511 3512/3611/3512 3535/4046/3535
f 3510/3615/3510 3511/4033/3511 3535/4046/3535
f 3510/3615/3510 3535/4046/3535 3534/4050/3534
f 3510/3615/3510 3534/4050/3534 3533/3641/3533
f 3508/3616/3508 3510/3615/3510 3533/3641/3533
f 3507/3863/3507 3508/3616/3508 3533/3641/3533
f 3506/3618/3506 3507/3863/3507 3533/3641/3533
f 3448/3544/3448 3447/3502/3447 3449/4051/3449
f 3615/3906/3615 3610/3996/3610 3616/3907/3616
f 3613/3905/3613 3614/3904/3614 3565/3908/3565
f 3564/3912/3564 3613/3905/3613 3565/3908/3565
f 3454/3525/3454 3570/3940/3570 3571/3941/3571
f 3608/4052/3608 3609/3999/3609 3566/4000/3566
f 3608/4052/3608 3566/4000/3566 3610/3996/3610
f 3605/4053/3605 3608/4052/3608 3610/3996/3610
f 3605/4053/3605 3610/3996/3610 3606/4001/3606
f 3607/3994/3607 3617/3924/3617 3597/3852/3597
f 3590/3927/3590 3623/3928/3623 3446/3518/3446
f 3447/3502/3447 3589/3929/3589 3449/4051/3449
f 3615/3906/3615 3617/3924/3617 3610/3996/3610
f 3452/3534/3452 3449/3513/3449 3589/4054/3589
f 3452/4055/3452 3589/3929/3589 3451/4056/3451
f 3450/3536/3450 3451/3535/3451 3588/4057/3588
f 3605/4053/3605 3606/4001/3606 3568/3989/3568
f 3604/3844/3604 3600/3842/3600 3601/3857/3601
f 3603/3995/3603 3604/3844/3604 3601/3857/3601
f 3603/3995/3603 3601/3857/3601 3602/3985/3602
f 3599/3841/3599 3601/3857/3601 3600/3842/3600
f 3598/3837/3598 3497/3608/3497 3498/4030/3498
f 3598/3837/3598 3498/4030/3498 3595/4058/3595
f 3591/4059/3591 3491/3610/3491 3617/3924/3617
f 3607/3994/3607 3597/3852/3597 3592/3843/3592
f 3593/3839/3593 3592/3843/3592 3596/4060/3596
f 3593/3839/3593 3596/4060/3596 3569/4047/3569
f 3594/4061/3594 3593/3839/3593 3569/4047/3569
f 3594/4061/3594 3569/4047/3569 3510/4062/3510
f 3509/3614/3509 3594/4063/3594 3510/3615/3510
f 3624/3926/3624 3450/3931/3450 3588/4064/3588
f 3624/3926/3624 3588/4064/3588 3451/4056/3451
f 3623/3928/3623 3624/3926/3624 3451/4056/3451
f 3623/3928/3623 3451/4056/3451 3589/3929/3589
f 3491/3610/3491 3618/3871/3618 3617/3924/3617
f 3620/3838/3620 3598/3837/3598 3596/4060/3596
f 3591/4059/3591 3617/3924/3617 3615/3906/3615
f 3590/3927/3590 3591/4059/3591 3615/3906/3615
f 3590/3927/3590 3615/3906/3615 3622/3925/3622
f 3613/3905/3613 3622/3925/3622 3615/3906/3615
f 3569/4047/3569 3596/4060/3596 3598/3837/3598
f 3512/4048/3512 3569/4047/3569 3598/3837/3598
f 3512/4048/3512 3598/3837/3598 3595/4058/3595
f 3512/3611/3512 3595/4065/3595 3498/4066/3498
f 3513/4029/3513 3512/4048/3512 3498/4030/3498
f 3594/4061/3594 3509/4067/3509 3576/3840/3576
f 3410/3731/3410 3583/3953/3583 3582/4068/3582
f 3522/3621/3522 3364/3624/3364 3554/4014/3554
f 3522/3621/3522 3554/4014/3554 3523/3622/3523
f 3450/3536/3450 3587/3943/3587 3453/3524/3453
f 3423/3794/3423 3422/3595/3422 3586/3868/3586
f 3423/3794/3423 3586/3868/3586 3585/3903/3585
f 3573/3816/3573 3424/3836/3424 3584/3902/3584
f 3561/3709/3561 3406/3740/3406 3407/3739/3407
f 3409/3813/3409 3176/3747/3176 3404/3746/3404
f 3408/3733/3408 3409/3813/3409 3574/3734/3574
f 3583/3953/3583 3410/3731/3410 3411/3735/3411
f 3574/3734/3574 3583/3953/3583 3411/3735/3411
f 3364/3624/3364 3555/4015/3555 3554/4014/3554
f 3376/3640/3376 3549/4037/3549 3548/4027/3548
f 3517/3656/3517 3376/3640/3376 3548/4027/3548
f 3517/3656/3517 3548/4027/3548 3498/4030/3498
f 3516/3684/3516 3517/3656/3517 3498/4030/3498
f 3516/3684/3516 3498/4030/3498 3497/3608/3497
f 3495/3668/3495 3379/3667/3379 3494/4009/3494
f 3417/3773/3417 3580/3935/3580 3579/3870/3579
f 3415/3722/3415 3417/3773/3417 3578/3869/3578
f 3415/3722/3415 3578/3869/3578 3416/3723/3416
f 3577/3884/3577 3400/3708/3400 3399/3695/3399
f 3576/4069/3576 3509/3614/3509 3575/3862/3575
f 3597/3852/3597 3620/3838/3620 3596/4060/3596
f 3597/3852/3597 3596/4060/3596 3592/3843/3592
f 3414/3726/3414 3410/3731/3410 3582/4068/3582
f 3582/4068/3582 3413/3727/3413 3414/3726/3414
f 3581/3949/3581 3412/3728/3412 3413/3727/3413
f 3581/3949/3581 3580/3948/3580 3418/3832/3418
f 3581/3949/3581 3418/3832/3418 3412/3728/3412
f 3417/3827/3417 3418/3832/3418 3580/3948/3580
f 3593/3839/3593 3594/4061/3594 3576/3840/3576
f 3509/3614/3509 3508/3616/3508 3575/3862/3575
f 3312/3678/3312 3313/4070/3313 3125/4071/3125
f 3619/3853/3619 3618/3871/3618 3491/3610/3491
f 3515/3609/3515 3619/3853/3619 3491/3610/3491
f 3492/3673/3492 3491/3610/3491 3591/4059/3591
f 3492/3673/3492 3591/4059/3591 3590/3927/3590
f 3445/3555/3445 3492/3673/3492 3590/3927/3590
f 3446/3518/3446 3445/3555/3445 3590/3927/3590
f 3623/3928/3623 3447/3502/3447 3446/3518/3446
f 3560/3850/3560 3406/3740/3406 3561/3709/3561
f 3378/3669/3378 3495/3668/3495 3555/4015/3555
f 3364/3624/3364 3378/3669/3378 3555/4015/3555
f 3262/4072/3262 2965/3937/2965 3031/4073/3031
f 3095/4074/3095 3027/4075/3027 3026/4076/3026
f 3095/4077/3095 3026/4078/3026 3024/4079/3024
f 3264/4080/3264 3095/4074/3095 3024/4081/3024
f 3264/4080/3264 3024/4081/3024 3023/4082/3023
f 3094/4083/3094 3264/4080/3264 3023/4082/3023
f 3020/4084/3020 3094/4085/3094 3019/4086/3019
f 3020/4084/3020 3022/4087/3022 3021/4088/3021
f 3093/4089/3093 3020/4084/3020 3021/4088/3021
f 2965/4090/2965 3260/4091/3260 3032/4092/3032
f 3260/4093/3260 3033/3956/3033 3032/4094/3032
f 3261/4095/3261 3262/4096/3262 3031/4097/3031
f 3096/4098/3096 3031/4097/3031 3029/4099/3029
f 3096/4100/3096 3029/4101/3029 3027/4102/3027
f 3249/3788/3249 3096/4103/3096 3027/4075/3027
f 3263/4104/3263 3249/3788/3249 3027/4075/3027
f 3095/4077/3095 3263/4105/3263 3027/4102/3027
f 3008/4106/3008 3203/4107/3203 3202/4108/3202
f 3012/4109/3012 3207/4110/3207 3206/4111/3206
f 3012/4109/3012 3206/4111/3206 3205/4112/3205
f 3044/4113/3044 3114/4114/3114 3113/4115/3113
f 3053/4116/3053 3055/4117/3055 3119/4118/3119
f 3053/4116/3053 3119/4118/3119 3118/4119/3118
f 3050/4120/3050 3053/4116/3053 3118/4119/3118
f 3050/4120/3050 3118/4119/3118 3111/4121/3111
f 3044/4113/3044 3050/4120/3050 3111/4121/3111
f 3116/4122/3116 3117/4123/3117 3055/4117/3055
f 3116/4124/3116 3055/4125/3055 3056/4126/3056
f 3047/4127/3047 3112/4128/3112 3115/4129/3115
f 3044/4113/3044 3111/4121/3111 3114/4114/3114
f 3011/4130/3011 3012/4109/3012 3205/4112/3205
f 3045/4131/3045 3044/4113/3044 3113/4115/3113
f 3045/4132/3045 3113/4133/3113 3283/4134/3283
f 3042/4135/3042 3045/4132/3045 3283/4134/3283
f 3042/4135/3042 3283/4134/3283 3112/4136/3112
f 3046/4137/3046 3042/4138/3042 3112/4139/3112
f 3047/4127/3047 3046/4140/3046 3112/4128/3112
f 3097/4141/3097 3098/4142/3098 3034/4143/3034
f 3097/4144/3097 3034/4145/3034 3033/3956/3033
f 3260/4091/3260 3097/4141/3097 3033/4146/3033
f 3006/4147/3006 3007/4148/3007 3201/4149/3201
f 3085/4150/3085 3139/4151/3139 3084/4152/3084
f 3001/4153/3001 3085/4150/3085 3084/4152/3084
f 2992/3971/2992 3131/4154/3131 3083/4155/3083
f 2992/3971/2992 3083/4155/3083 3082/4156/3082
f 3067/3967/3067 2992/3971/2992 3082/4156/3082
f 3015/4157/3015 3014/4158/3014 3208/4159/3208
f 3207/4110/3207 3015/4157/3015 3208/4159/3208
f 3007/4148/3007 3008/4106/3008 3202/4108/3202
f 3007/4148/3007 3202/4108/3202 3201/4149/3201
f 3001/4153/3001 3086/4160/3086 3085/4150/3085
f 3090/4161/3090 3006/4147/3006 3201/4149/3201
f 3013/4162/3013 3015/4157/3015 3207/4110/3207
f 3012/4109/3012 3013/4162/3013 3207/4110/3207
f 3068/4163/3068 2990/3982/2990 3130/4164/3130
f 3069/4165/3069 3080/4166/3080 2990/3982/2990
f 3080/4166/3080 3069/4165/3069 3079/3965/3079
f 3077/4167/3077 3078/4168/3078 3071/3964/3071
f 3077/4167/3077 3071/3964/3071 3070/3983/3070
f 3127/4169/3127 3077/4167/3077 3070/3983/3070
f 3017/4170/3017 3211/4171/3211 3016/4172/3016
f 3010/4173/3010 3011/4130/3011 3205/4112/3205
f 3016/4172/3016 3210/4174/3210 3209/4175/3209
f 3014/4158/3014 3016/4172/3016 3209/4175/3209
f 3014/4158/3014 3209/4175/3209 3208/4159/3208
f 3092/4176/3092 3093/4089/3093 3021/4088/3021
f 3092/4176/3092 3021/4088/3021 3039/4177/3039
f 3090/4161/3090 3058/4178/3058 3005/4179/3005
f 3006/4147/3006 3090/4161/3090 3005/4179/3005
f 3017/4170/3017 3040/4180/3040 3211/4171/3211
f 3055/4117/3055 3117/4123/3117 3119/4118/3119
f 3211/4171/3211 3040/4180/3040 3212/4181/3212
f 3005/4179/3005 3058/4178/3058 3004/4182/3004
f 3142/4183/3142 3088/4184/3088 3002/4185/3002
f 3142/4186/3142 3002/4187/3002 3003/4188/3003
f 3010/4173/3010 3205/4112/3205 3204/4189/3204
f 3010/4173/3010 3204/4189/3204 3203/4107/3203
f 3009/4190/3009 3010/4173/3010 3203/4107/3203
f 3008/4106/3008 3009/4190/3009 3203/4107/3203
f 3146/4191/3146 3087/4192/3087 3140/4193/3140
f 3075/4194/3075 3127/4169/3127 3070/3983/3070
f 2997/4195/2997 3126/4196/3126 3128/3763/3128
f 3148/4197/3148 3138/4198/3138 3085/4150/3085
f 3151/4199/3151 3085/4200/3085 3087/4201/3087
f 3144/4202/3144 3141/4203/3141 3142/4183/3142
f 3144/4204/3144 3142/4186/3142 3136/4205/3136
f 3147/3772/3147 3148/3737/3148 3151/4199/3151
f 3147/3772/3147 3151/4199/3151 3087/4201/3087
f 3146/3769/3146 3147/3772/3147 3087/4201/3087
f 3078/4168/3078 3077/4167/3077 3361/4206/3361
f 3145/4207/3145 3146/4191/3146 3140/4193/3140
f 3145/4207/3145 3141/4203/3141 3144/4202/3144
f 3123/4208/3123 3124/4209/3124 3064/4210/3064
f 3123/4208/3123 3064/4210/3064 3060/4211/3060
f 3123/4208/3123 3060/4211/3060 2984/4212/2984
f 3564/3912/3564 3565/3908/3565 3612/3878/3612
f 3564/3912/3564 3612/3878/3612 3611/3877/3611
f 3625/3913/3625 3564/3912/3564 3611/3877/3611
f 3398/3694/3398 3397/3713/3397 3416/3723/3416
f 3089/4213/3089 3137/4214/3137 3136/4205/3136
f 3177/4215/3177 3173/4216/3173 3178/3732/3178
f 3171/4217/3171 3172/3742/3172 3176/3747/3176
f 3171/4217/3171 3176/3747/3176 3174/3812/3174
f 3173/4216/3173 3174/3812/3174 3175/3814/3175
f 3167/4218/3167 3169/3743/3169 3172/3742/3172
f 3171/4217/3171 3167/4218/3167 3172/3742/3172
f 3165/4219/3165 3166/3699/3166 3170/3698/3170
f 3135/4220/3135 3144/4204/3144 3136/4205/3136
f 3149/3738/3149 3150/4221/3150 3148/3737/3148
f 3398/3694/3398 3416/3723/3416 3639/3888/3639
f 3142/4186/3142 3089/4213/3089 3136/4205/3136
f 3088/4184/3088 3142/4183/3142 3141/4203/3141
f 3140/4193/3140 3088/4184/3088 3141/4203/3141
f 3161/4222/3161 3159/4223/3159 3163/3822/3163
f 3161/4222/3161 3163/3822/3163 3162/3821/3162
f 3158/3824/3158 3159/4223/3159 3160/4224/3160
f 3359/4225/3359 3358/4226/3358 3079/3965/3079
f 3361/4227/3361 3359/3718/3359 3079/4228/3079
f 3078/4168/3078 3361/4206/3361 3079/3965/3079
f 3124/4229/3124 3125/4071/3125 3065/4230/3065
f 3358/4226/3358 3080/4166/3080 3079/3965/3079
f 3075/4194/3075 2997/3974/2997 3128/4231/3128
f 3126/3777/3126 3076/4232/3076 2998/3976/2998
f 3126/4196/3126 2998/4233/2998 3074/3775/3074
f 3073/3776/3073 3074/3775/3074 3072/4234/3072
f 2997/4195/2997 3076/4235/3076 3126/4196/3126
f 3319/4236/3319 3116/4124/3116 3056/4126/3056
f 3319/3683/3319 3056/4237/3056 3065/4230/3065
f 3125/4238/3125 3319/4236/3319 3065/4239/3065
f 3358/4226/3358 3129/4240/3129 3080/4166/3080
f 3124/4241/3124 3065/4239/3065 3064/4242/3064
f 3275/4243/3275 3092/4176/3092 3039/4177/3039
f 3275/4243/3275 3039/4177/3039 3048/4244/3048
f 3275/4243/3275 3048/4244/3048 3041/4245/3041
f 3115/4129/3115 3275/4243/3275 3041/4245/3041
f 3115/4129/3115 3041/4245/3041 2980/4246/2980
f 3047/4127/3047 3115/4129/3115 2980/4246/2980
f 3121/3760/3121 3122/4247/3122 3061/4248/3061
f 3059/4249/3059 3121/3760/3121 3061/4248/3061
f 3122/4247/3122 3346/4250/3346 3061/4248/3061
f 3398/3694/3398 3639/3888/3639 3644/3945/3644
f 3399/3695/3399 3398/3694/3398 3644/3945/3644
f 3577/3884/3577 3399/3695/3399 3644/3945/3644
f 3577/3884/3577 3644/3945/3644 3643/3944/3643
f 3640/3896/3640 3581/3949/3581 3413/3727/3413
f 3557/3990/3557 3640/3896/3640 3413/3727/3413
f 3557/3990/3557 3413/3727/3413 3582/4068/3582
f 3346/4250/3346 3123/4208/3123 2984/4212/2984
f 2988/4251/2988 2948/4252/2948 2949/4253/2949
f 2998/3976/2998 3076/4232/3076 2997/3974/2997
f 3085/4150/3085 3138/4198/3138 3139/4151/3139
f 3134/3755/3134 3121/3760/3121 3059/4249/3059
f 3134/3755/3134 3059/4249/3059 2994/3968/2994
f 3133/3759/3133 3134/3755/3134 2994/3968/2994
f 3132/3756/3132 3133/3759/3133 3082/4156/3082
f 3131/4154/3131 3132/3756/3132 3082/4156/3082
f 3131/3754/3131 3082/4254/3082 3083/4255/3083
f 3130/3753/3130 3081/4256/3081 3068/4257/3068
f 2969/4258/2969 2934/4259/2934 2935/4260/2935
f 3022/4087/3022 2973/4261/2973 2974/4262/2974
f 3024/4079/3024 3025/3959/3025 2937/3958/2937
f 3024/4079/3024 2937/3958/2937 3036/4263/3036
f 3018/4264/3018 3024/4079/3024 3036/4263/3036
f 2972/4265/2972 2974/4262/2974 2973/4261/2973
f 2972/4265/2972 2973/4261/2973 3038/4266/3038
f 2934/4259/2934 2969/4258/2969 2971/4267/2971
f 2934/4259/2934 2971/4267/2971 2933/3939/2933
f 2933/3939/2933 2970/4268/2970 3030/3936/3030
f 3022/4087/3022 3038/4266/3038 2973/4261/2973
f 2968/4269/2968 2969/4258/2969 2935/4260/2935
f 2968/4269/2968 2935/4260/2935 2936/3961/2936
f 3025/3959/3025 2968/4269/2968 2936/3961/2936
f 3098/4270/3098 2941/3957/2941 3033/3956/3033
f 3098/4270/3098 3033/3956/3033 3034/4145/3034
f 3032/4094/3032 3033/3956/3033 2967/3955/2967
f 3032/4094/3032 2967/3955/2967 2965/3937/2965
f 3029/4101/3029 3031/4073/3031 3030/3936/3030
f 2982/4271/2982 2975/4272/2975 2951/4273/2951
f 3027/4102/3027 3029/4101/3029 2971/4267/2971
f 2937/3958/2937 3035/4274/3035 3036/4263/3036
f 2968/4269/2968 3025/3959/3025 3026/4078/3026
f 2968/4269/2968 3026/4078/3026 2969/4258/2969
f 2969/4258/2969 3028/4275/3028 2971/4267/2971
f 2971/4267/2971 3030/3936/3030 2970/4268/2970
f 2971/4267/2971 2970/4268/2970 2933/3939/2933
f 2965/3937/2965 3030/3936/3030 3031/4073/3031
f 2965/3937/2965 2967/3955/2967 2966/3946/2966
f 3029/4101/3029 3030/3936/3030 2971/4267/2971
f 2982/4271/2982 2951/4273/2951 2948/4252/2948
f 3027/4102/3027 2971/4267/2971 3028/4275/3028
f 3027/4102/3027 3028/4275/3028 2969/4258/2969
f 3026/4078/3026 3027/4102/3027 2969/4258/2969
f 3024/4079/3024 3026/4078/3026 3025/3959/3025
f 3023/4276/3023 3024/4079/3024 3018/4264/3018
f 3094/4085/3094 3023/4276/3023 3018/4264/3018
f 3021/4088/3021 3022/4087/3022 3039/4177/3039
f 3019/4086/3019 3038/4266/3038 3022/4087/3022
f 3020/4084/3020 3019/4086/3019 3022/4087/3022
f 2975/4272/2975 2952/4277/2952 2951/4273/2951
f 3656/3987/3656 3657/3986/3657 3641/3898/3641
f 3656/3987/3656 3641/3898/3641 3649/3897/3649
f 3609/3999/3609 3627/3910/3627 3626/3889/3626
f 3565/3908/3565 3609/3999/3609 3626/3889/3626
f 3565/3908/3565 3626/3889/3626 3612/3878/3612
f 3658/3885/3658 3577/3884/3577 3643/3944/3643
f 3658/3885/3658 3643/3944/3643 3642/3934/3642
f 2954/4278/2954 2983/4279/2983 2956/4280/2956
f 2988/4251/2988 2982/4271/2982 2948/4252/2948
f 3657/3986/3657 3642/3947/3642 3641/3898/3641
f 2987/4281/2987 2949/4253/2949 2950/4282/2950
f 2987/4281/2987 2950/4282/2950 2945/4283/2945
f 2986/4284/2986 2987/4281/2987 2945/4283/2945
f 2985/4285/2985 2986/4286/2986 2945/4287/2945
f 2985/4285/2985 2945/4287/2945 2946/4288/2946
f 2985/4285/2985 2946/4288/2946 2955/4289/2955
f 2984/4212/2984 2985/4285/2985 2955/4289/2955
f 2983/4279/2983 2984/4212/2984 2955/4289/2955
f 2983/4279/2983 2955/4289/2955 2956/4280/2956
f 2972/4265/2972 3037/4290/3037 2937/3958/2937
f 2981/4291/2981 3039/4177/3039 2944/4292/2944
f 2943/4293/2943 2981/4291/2981 2944/4292/2944
f 2947/4294/2947 2978/4295/2978 2980/4246/2980
f 2947/4294/2947 2980/4246/2980 2942/4296/2942
f 2979/4297/2979 2953/4298/2953 2977/4299/2977
f 2976/4300/2976 2977/4299/2977 2953/4298/2953
f 3049/4301/3049 2976/4300/2976 2953/4298/2953
f 3049/4301/3049 2953/4298/2953 2952/4277/2952
f 2975/4272/2975 3049/4301/3049 2952/4277/2952
f 3035/4274/3035 3018/4264/3018 3036/4263/3036
f 2939/4302/2939 2944/4292/2944 3039/4177/3039
f 2939/4302/2939 3039/4177/3039 3022/4087/3022
f 2939/4302/2939 3022/4087/3022 2974/4262/2974
f 2972/4265/2972 2939/4302/2939 2974/4262/2974
f 2991/3973/2991 2960/3970/2960 2962/4303/2962
f 2991/3973/2991 2962/4303/2962 2961/3981/2961
f 2990/3982/2990 2991/3973/2991 2961/3981/2961
f 3657/3887/3657 3658/3885/3658 3642/3934/3642
f 2998/3976/2998 3073/4304/3073 3072/4305/3072
f 3068/4163/3068 3081/4306/3081 3131/4154/3131
f 3068/4163/3068 3131/4154/3131 2992/3971/2992
f 2990/3982/2990 3068/4163/3068 2991/3973/2991
f 2990/3982/2990 3080/4166/3080 3129/4240/3129
f 2990/3982/2990 3129/4240/3129 3130/4164/3130
f 3062/4307/3062 2949/4253/2949 2987/4281/2987
f 3061/4248/3061 2984/4212/2984 2983/4279/2983
f 3059/4249/3059 3061/4248/3061 2983/4279/2983
f 2954/4278/2954 3059/4249/3059 2983/4279/2983
f 2994/3968/2994 3067/3967/3067 3133/3759/3133
f 3073/4304/3073 2998/3976/2998 2999/3975/2999
f 3070/3983/3070 3071/3964/3071 2995/3984/2995
f 3079/3965/3079 2996/3980/2996 2963/3962/2963
f 3078/4168/3078 3079/3965/3079 3071/3964/3071
f 3079/3965/3079 3069/4165/3069 2996/3980/2996
f 3069/4165/3069 2990/3982/2990 2996/3980/2996
f 3054/4308/3054 2982/4271/2982 2988/4251/2988
f 3060/4211/3060 2986/4286/2986 3063/4309/3063
f 2984/4212/2984 3060/4211/3060 3063/4309/3063
f 2992/3971/2992 2991/3973/2991 3068/4163/3068
f 3070/3983/3070 2997/3974/2997 3075/4194/3075
f 3072/4234/3072 3074/3775/3074 2998/4233/2998
f 3142/4186/3142 3003/4188/3003 3057/4310/3057
f 3089/4213/3089 3142/4186/3142 3057/4310/3057
f 3002/4185/3002 3088/4184/3088 3140/4193/3140
f 3000/4311/3000 3002/4185/3002 3140/4193/3140
f 3000/4311/3000 3140/4193/3140 3087/4192/3087
f 3000/4311/3000 3087/4192/3087 3086/4312/3086
f 3001/4153/3001 3000/4313/3000 3086/4160/3086
f 2984/4212/2984 3063/4309/3063 2985/4285/2985
f 2992/3971/2992 3067/3967/3067 2993/3972/2993
f 2989/3969/2989 2994/3968/2994 3059/4249/3059
f 2989/3969/2989 3059/4249/3059 3066/4314/3066
f 3066/4314/3066 2954/4278/2954 2989/3969/2989
f 3065/4239/3065 3056/4126/3056 2988/4251/2988
f 3064/4242/3064 3065/4239/3065 3062/4307/3062
f 3064/4242/3064 3062/4307/3062 2986/4284/2986
f 3060/4211/3060 3064/4210/3064 2986/4286/2986
f 3067/3967/3067 3082/4156/3082 3133/3759/3133
f 3037/4290/3037 3035/4274/3035 2937/3958/2937
f 3054/4308/3054 3056/4126/3056 3055/4125/3055
f 3051/4315/3051 2975/4272/2975 2982/4271/2982
f 3051/4315/3051 2982/4271/2982 3054/4308/3054
f 3052/4316/3052 3051/4315/3051 3054/4308/3054
f 3052/4316/3052 3054/4308/3054 3053/4317/3053
f 3050/4318/3050 3052/4316/3052 3053/4317/3053
f 3019/4086/3019 3094/4085/3094 3018/4264/3018
f 3037/4290/3037 3019/4086/3019 3018/4264/3018
f 3037/4290/3037 3018/4264/3018 3035/4274/3035
f 3056/4126/3056 3054/4308/3054 2988/4251/2988
f 3037/4290/3037 2972/4265/2972 3038/4266/3038
f 3019/4086/3019 3037/4290/3037 3038/4266/3038
f 3045/4132/3045 3042/4135/3042 3043/4319/3043
f 3045/4132/3045 3043/4319/3043 2977/4299/2977
f 3045/4132/3045 2977/4299/2977 3044/4320/3044
f 2979/4297/2979 2977/4299/2977 3043/4319/3043
f 2979/4297/2979 3043/4319/3043 3042/4135/3042
f 2978/4321/2978 2979/4297/2979 3042/4135/3042
f 2978/4321/2978 3042/4135/3042 3046/4322/3046
f 2976/4300/2976 3049/4301/3049 3044/4320/3044
f 2985/4285/2985 3063/4309/3063 2986/4286/2986
f 2986/4284/2986 3062/4307/3062 2987/4281/2987
f 3065/4239/3065 2988/4251/2988 2949/4253/2949
f 3062/4307/3062 3065/4239/3065 2949/4253/2949
f 3053/4317/3053 3054/4308/3054 3055/4125/3055
f 3050/4318/3050 3049/4301/3049 3051/4315/3051
f 3050/4318/3050 3051/4315/3051 3052/4316/3052
f 3051/4315/3051 3049/4301/3049 2975/4272/2975
f 3049/4301/3049 3050/4318/3050 3044/4320/3044
f 3346/4250/3346 2984/4212/2984 3061/4248/3061
f 2976/4300/2976 3044/4320/3044 2977/4299/2977
f 3048/4244/3048 3039/4177/3039 3041/4245/3041
f 3046/4140/3046 3047/4127/3047 2980/4246/2980
f 2978/4295/2978 3046/4140/3046 2980/4246/2980
f 2942/4296/2942 2980/4246/2980 3041/4245/3041
f 2943/4293/2943 2942/4296/2942 3041/4245/3041
f 2981/4291/2981 2943/4293/2943 3041/4245/3041
f 2981/4291/2981 3041/4245/3041 3039/4177/3039
f 3288/4323/3288 3280/3553/3280 3289/4324/3289
f 3248/3786/3248 3249/3788/3249 3263/4104/3263
f 3248/3786/3248 3263/4104/3263 3095/4074/3095
f 3246/3572/3246 3095/4074/3095 3264/4080/3264
f 3246/3572/3246 3264/4080/3264 3268/4325/3268
f 3269/4326/3269 3268/4325/3268 3234/4327/3234
f 3269/4326/3269 3234/4327/3234 3267/4328/3267
f 3277/4329/3277 3272/4330/3272 3271/4331/3271
f 3270/4332/3270 3277/4329/3277 3271/4331/3271
f 3286/4333/3286 3290/4334/3290 3278/3809/3278
f 3241/3808/3241 3286/4333/3286 3278/3809/3278
f 3280/3553/3280 3279/3554/3279 3289/4324/3289
f 3289/4324/3289 3279/3554/3279 3278/3809/3278
f 3281/3800/3281 3280/3553/3280 3288/4323/3288
f 3285/3807/3285 3281/3800/3281 3283/4335/3283
f 3285/3807/3285 3283/4335/3283 3284/4336/3284
f 3282/4337/3282 3112/4139/3112 3287/4338/3287
f 3270/4332/3270 3236/4339/3236 3093/4089/3093
f 3092/4176/3092 3270/4332/3270 3093/4089/3093
f 3243/4340/3243 3239/3570/3239 3245/3569/3245
f 3243/4340/3243 3245/3569/3245 3244/3568/3244
f 3268/4325/3268 3269/4326/3269 3244/3568/3244
f 3268/4325/3268 3244/3568/3244 3246/3572/3246
f 3282/4341/3282 3275/4243/3275 3115/4129/3115
f 3100/3830/3100 3309/3783/3309 3109/4342/3109
f 3106/3586/3106 3305/3574/3305 3306/3573/3306
f 3299/3578/3299 3106/3586/3106 3306/3573/3306
f 3299/3578/3299 3300/3799/3300 3107/4343/3107
f 3299/3578/3299 3107/4343/3107 3106/3586/3106
f 3110/3834/3110 3304/3681/3304 3099/3801/3099
f 3286/4333/3286 3241/3808/3241 3242/4344/3242
f 3115/4129/3115 3112/4128/3112 3282/4341/3282
f 3277/4329/3277 3270/4332/3270 3092/4176/3092
f 3277/4329/3277 3092/4176/3092 3275/4243/3275
f 3257/3584/3257 3258/3804/3258 3259/4345/3259
f 3275/4243/3275 3276/4346/3276 3277/4329/3277
f 3286/4333/3286 3274/4347/3274 3276/4348/3276
f 3290/4334/3290 3286/4333/3286 3276/4348/3276
f 3290/4349/3290 3276/4346/3276 3275/4243/3275
f 3290/4334/3290 3275/4350/3275 3282/4337/3282
f 3291/4351/3291 3290/4349/3290 3282/4341/3282
f 3291/4352/3291 3282/4337/3282 3287/4338/3287
f 3288/4323/3288 3291/4352/3291 3287/4338/3287
f 3281/3800/3281 3288/4323/3288 3287/4338/3287
f 3283/4335/3283 3281/3800/3281 3287/4338/3287
f 3094/4083/3094 3235/4353/3235 3268/4325/3268
f 3271/4331/3271 3272/4330/3272 3265/4354/3265
f 3271/4331/3271 3265/4354/3265 3236/4339/3236
f 3270/4332/3270 3271/4331/3271 3236/4339/3236
f 3234/4327/3234 3268/4325/3268 3235/4353/3235
f 3266/4355/3266 3267/4328/3267 3234/4327/3234
f 3266/4355/3266 3234/4327/3234 3235/4353/3235
f 3265/4356/3265 3266/4355/3266 3235/4353/3235
f 3265/4356/3265 3235/4353/3235 3237/4357/3237
f 3236/4339/3236 3265/4354/3265 3237/4358/3237
f 3236/4359/3236 3237/4357/3237 3020/4360/3020
f 3094/4083/3094 3237/4357/3237 3235/4353/3235
f 3272/4361/3272 3266/4355/3266 3265/4356/3265
f 3264/4080/3264 3094/4083/3094 3268/4325/3268
f 3031/4073/3031 3096/4100/3096 3261/4362/3261
f 3211/4171/3211 3228/4363/3228 3227/4364/3227
f 3210/4174/3210 3211/4171/3211 3227/4364/3227
f 3210/4174/3210 3227/4364/3227 3209/4175/3209
f 3208/4159/3208 3209/4175/3209 3226/4365/3226
f 3208/4366/3208 3226/4367/3226 3225/4368/3225
f 3208/4159/3208 3225/4369/3225 3224/4370/3224
f 3249/3788/3249 3248/3786/3248 3250/3560/3250
f 3247/3785/3247 3248/3786/3248 3095/4074/3095
f 3262/4096/3262 3253/3802/3253 2965/4090/2965
f 3257/3584/3257 3259/4345/3259 3260/4091/3260
f 3256/3803/3256 3257/3584/3257 3260/4091/3260
f 3256/3803/3256 3260/4091/3260 3253/3802/3253
f 3255/3790/3255 3253/3802/3253 3262/4096/3262
f 3255/3790/3255 3262/4096/3262 3261/4095/3261
f 3252/3562/3252 3255/3790/3255 3261/4095/3261
f 3252/3562/3252 3261/4095/3261 3096/4098/3096
f 3251/3787/3251 3252/3562/3252 3096/4098/3096
f 3251/3789/3251 3096/4103/3096 3249/3788/3249
f 3253/3802/3253 3260/4091/3260 2965/4090/2965
f 3277/4329/3277 3276/4346/3276 3272/4330/3272
f 3097/4141/3097 3260/4091/3260 3259/4345/3259
f 3097/4141/3097 3259/4345/3259 3258/3804/3258
f 3098/4142/3098 3097/4141/3097 3258/3804/3258
f 3253/3802/3253 3255/3790/3255 3254/3782/3254
f 3243/4340/3243 3269/4326/3269 3267/4328/3267
f 3243/4340/3243 3267/4328/3267 3274/4347/3274
f 3242/4344/3242 3243/4340/3243 3274/4347/3274
f 3273/4371/3273 3274/4347/3274 3267/4328/3267
f 3273/4371/3273 3267/4328/3267 3266/4355/3266
f 3272/4361/3272 3273/4371/3273 3266/4355/3266
f 3119/4118/3119 3320/3653/3320 3322/4372/3322
f 3332/4373/3332 3124/4229/3124 3123/4374/3123
f 3332/4375/3332 3123/4208/3123 3346/4250/3346
f 3332/4375/3332 3346/4250/3346 3347/4376/3347
f 3352/4377/3352 3332/4373/3332 3347/4378/3347
f 3352/4377/3352 3347/4378/3347 3348/3686/3348
f 3351/4379/3351 3352/4377/3352 3348/3686/3348
f 3341/3658/3341 3351/4379/3351 3348/3686/3348
f 3341/3658/3341 3348/3686/3348 3340/3685/3340
f 3116/4122/3116 3319/3683/3319 3320/3653/3320
f 3117/4123/3117 3116/4122/3116 3320/3653/3320
f 3119/4118/3119 3117/4123/3117 3320/3653/3320
f 3354/3761/3354 3336/3767/3336 3334/3780/3334
f 3118/4119/3118 3119/4118/3119 3322/4372/3322
f 3343/4380/3343 3350/4381/3350 3332/4373/3332
f 3343/4380/3343 3332/4373/3332 3351/4379/3351
f 3341/3658/3341 3343/4380/3343 3351/4379/3351
f 3351/4379/3351 3332/4373/3332 3352/4377/3352
f 3124/4229/3124 3332/4373/3332 3350/4381/3350
f 3124/4229/3124 3350/4381/3350 3349/4382/3349
f 3125/4071/3125 3124/4229/3124 3349/4382/3349
f 3125/4071/3125 3349/4382/3349 3344/3688/3344
f 3335/4383/3335 3338/3687/3338 3348/3686/3348
f 3356/4384/3356 3130/4164/3130 3129/4240/3129
f 3345/3679/3345 3312/3678/3312 3125/4071/3125
f 3345/3679/3345 3125/4071/3125 3344/3688/3344
f 3343/4380/3343 3344/3688/3344 3349/4382/3349
f 3343/4380/3343 3349/4382/3349 3350/4381/3350
f 3128/4231/3128 3126/3777/3126 3363/3779/3363
f 3362/3762/3362 3077/4385/3077 3127/4386/3127
f 3128/3763/3128 3362/3762/3362 3127/4386/3127
f 3128/3763/3128 3127/4386/3127 3075/4387/3075
f 3362/3762/3362 3361/3750/3361 3077/4385/3077
f 3360/4388/3360 3359/4225/3359 3361/4206/3361
f 3333/4389/3333 3335/4383/3335 3348/3686/3348
f 3358/3717/3358 3356/3716/3356 3129/4390/3129
f 3357/4391/3357 3131/4154/3131 3081/4306/3081
f 3357/4391/3357 3081/4306/3081 3130/4164/3130
f 3333/4389/3333 3348/3686/3348 3347/4378/3347
f 3333/4389/3333 3347/4378/3347 3346/4392/3346
f 3122/4247/3122 3333/4393/3333 3346/4250/3346
f 3342/3657/3342 3344/3688/3344 3343/4380/3343
f 3341/3658/3341 3342/3657/3342 3343/4380/3343
f 3337/3654/3337 3338/3687/3338 3335/4383/3335
f 3337/3654/3337 3336/3767/3336 3353/3655/3353
f 3309/3783/3309 3100/3830/3100 3310/3810/3310
f 3321/3639/3321 3322/4372/3322 3320/3653/3320
f 3314/4394/3314 3318/3637/3318 3315/4395/3315
f 3113/4115/3113 3314/4394/3314 3315/4395/3315
f 3113/4115/3113 3315/4395/3315 3316/3675/3316
f 3113/4115/3113 3316/3675/3316 3285/3807/3285
f 3286/4333/3286 3242/4344/3242 3274/4347/3274
f 3313/4070/3313 3312/3678/3312 3319/3683/3319
f 3125/4071/3125 3313/4070/3313 3319/3683/3319
f 3101/3805/3101 3105/4396/3105 3307/3798/3307
f 3101/3805/3101 3307/3798/3307 3311/3806/3311
f 3321/3639/3321 3323/3638/3323 3322/4372/3322
f 3109/4342/3109 3429/3691/3429 3308/3784/3308
f 3110/3834/3110 3109/4342/3109 3308/3784/3308
f 3300/3799/3300 3307/3798/3307 3105/4396/3105
f 3300/3799/3300 3105/4396/3105 3104/4397/3104
f 3103/4398/3103 3300/3799/3300 3104/4397/3104
f 3289/4324/3289 3278/3809/3278 3290/4334/3290
f 3288/4323/3288 3289/4324/3289 3290/4334/3290
f 3288/4323/3288 3290/4334/3290 3291/4352/3291
f 3276/4348/3276 3274/4347/3274 3273/4371/3273
f 3276/4348/3276 3273/4371/3273 3272/4361/3272
f 3333/4393/3333 3122/4247/3122 3121/3760/3121
f 3284/4336/3284 3113/4115/3113 3285/3807/3285
f 3317/3674/3317 3285/3807/3285 3316/3675/3316
f 3318/3637/3318 3316/3675/3316 3315/4395/3315
f 3113/4133/3113 3114/4399/3114 3111/4400/3111
f 3283/4335/3283 3113/4115/3113 3284/4336/3284
f 3111/4121/3111 3314/4394/3314 3113/4115/3113
f 3336/3767/3336 3337/3654/3337 3335/4383/3335
f 3334/3780/3334 3336/3767/3336 3335/4383/3335
f 3334/3780/3334 3335/4383/3335 3333/4389/3333
f 3121/3760/3121 3334/3758/3334 3333/4393/3333
f 3179/4401/3179 3180/4402/3180 3181/3725/3181
f 3108/4403/3108 3107/4343/3107 3300/3799/3300
f 3108/4403/3108 3300/3799/3300 3103/4398/3103
f 3102/4404/3102 3100/3830/3100 3109/4342/3109
f 3102/4404/3102 3109/4342/3109 3108/4403/3108
f 3103/4398/3103 3102/4404/3102 3108/4403/3108
f 3309/3783/3309 3429/3691/3429 3109/4342/3109
f 3118/4119/3118 3322/4372/3322 3314/4394/3314
f 3111/4121/3111 3118/4119/3118 3314/4394/3314
f 3323/3638/3323 3318/3637/3318 3314/4394/3314
f 3323/3638/3323 3314/4394/3314 3322/4372/3322
f 3207/4110/3207 3208/4159/3208 3224/4370/3224
f 3204/4405/3204 3221/4406/3221 3180/4402/3180
f 3204/4405/3204 3180/4402/3180 3179/4401/3179
f 3220/4407/3220 3204/4405/3204 3179/4401/3179
f 3186/4408/3186 3188/3729/3188 3187/3826/3187
f 3185/4409/3185 3186/4408/3186 3187/3826/3187
f 3179/4401/3179 3181/3725/3181 3184/3724/3184
f 3203/4107/3203 3219/4410/3219 3218/4411/3218
f 3203/4412/3203 3220/4407/3220 3219/4413/3219
f 3203/4107/3203 3204/4189/3204 3220/4414/3220
f 3205/4112/3205 3221/4415/3221 3204/4189/3204
f 3205/4416/3205 3222/4417/3222 3221/4406/3221
f 3205/4112/3205 3206/4111/3206 3222/4418/3222
f 3207/4110/3207 3223/4419/3223 3206/4111/3206
f 3207/4420/3207 3224/4421/3224 3223/4422/3223
f 3202/4108/3202 3203/4107/3203 3218/4411/3218
f 3183/4423/3183 3179/4401/3179 3184/3724/3184
f 3177/4215/3177 3178/3732/3178 3182/3730/3182
f 3180/4402/3180 3177/4215/3177 3182/3730/3182
f 3223/4422/3223 3224/4421/3224 3171/4217/3171
f 3224/4421/3224 3167/4218/3167 3171/4217/3171
f 3224/4421/3224 3225/4424/3225 3167/4218/3167
f 3225/4424/3225 3168/4425/3168 3167/4218/3167
f 3217/4426/3217 3185/4427/3185 3189/4428/3189
f 3216/4429/3216 3217/4426/3217 3189/4428/3189
f 3216/4429/3216 3189/4428/3189 3192/4430/3192
f 3215/4431/3215 3216/4429/3216 3192/4430/3192
f 3215/4431/3215 3192/4430/3192 3191/4432/3191
f 3214/4433/3214 3215/4431/3215 3191/4432/3191
f 3214/4433/3214 3191/4432/3191 3198/4434/3198
f 3191/4432/3191 3193/3820/3193 3197/3819/3197
f 3209/4435/3209 3162/3821/3162 3165/4219/3165
f 3209/4175/3209 3227/4364/3227 3162/4436/3162
f 3227/4437/3227 3161/4222/3161 3162/3821/3162
f 3227/4437/3227 3228/4438/3228 3161/4222/3161
f 3228/4438/3228 3159/4223/3159 3161/4222/3161
f 3228/4438/3228 3229/4439/3229 3159/4223/3159
f 3229/4439/3229 3160/4224/3160 3159/4223/3159
f 3091/4440/3091 3157/4441/3157 3213/4442/3213
f 3226/4367/3226 3209/4435/3209 3165/4219/3165
f 3016/4172/3016 3211/4171/3211 3210/4174/3210
f 3091/4440/3091 3090/4161/3090 3157/4441/3157
f 3195/3818/3195 3200/3817/3200 3199/4443/3199
f 3195/3818/3195 3199/4443/3199 3198/4434/3198
f 3191/4432/3191 3195/3818/3195 3198/4434/3198
f 3173/4216/3173 3175/3814/3175 3178/3732/3178
f 3223/4422/3223 3171/4217/3171 3174/3812/3174
f 3206/4444/3206 3223/4422/3223 3174/3812/3174
f 3206/4444/3206 3174/3812/3174 3173/4216/3173
f 3090/4161/3090 3214/4445/3214 3157/4441/3157
f 3217/4446/3217 3218/4447/3218 3185/4409/3185
f 3218/4447/3218 3186/4408/3186 3185/4409/3185
f 3218/4447/3218 3219/4413/3219 3186/4408/3186
f 3222/4417/3222 3206/4444/3206 3173/4216/3173
f 3222/4417/3222 3173/4216/3173 3177/4215/3177
f 3221/4406/3221 3222/4417/3222 3177/4215/3177
f 3221/4406/3221 3177/4215/3177 3180/4402/3180
f 3219/4413/3219 3183/4423/3183 3186/4408/3186
f 3219/4413/3219 3220/4407/3220 3183/4423/3183
f 3220/4407/3220 3179/4401/3179 3183/4423/3183
f 3185/4409/3185 3187/3826/3187 3190/3825/3190
f 3605/4053/3605 3568/3989/3568 3668/3993/3668
f 3605/4053/3605 3668/3993/3668 3666/3997/3666
f 3608/4052/3608 3605/4053/3605 3628/3911/3628
f 3608/4052/3608 3628/3911/3628 3627/3910/3627
f 3609/3999/3609 3608/4052/3608 3627/3910/3627
f 3611/3877/3611 3661/3876/3661 3636/3923/3636
f 3611/3877/3611 3636/3923/3636 3637/4448/3637
f 3570/3942/3570 3611/3877/3611 3637/4448/3637
f 3165/4449/3165 3162/4436/3162 3166/4450/3166
f 3159/4223/3159 3158/3824/3158 3164/3823/3164
f 3159/4223/3159 3164/3823/3164 3163/3822/3163
f 3090/4161/3090 3201/4149/3201 3214/4445/3214
f 3191/4432/3191 3197/3819/3197 3196/3811/3196
f 3183/4423/3183 3184/3724/3184 3188/3729/3188
f 3189/4428/3189 3185/4427/3185 3190/3833/3190
f 3605/4053/3605 3666/3997/3666 3628/3911/3628
f 3191/4432/3191 3192/4430/3192 3193/3820/3193
f 3238/3571/3238 3240/4451/3240 3242/4344/3242
f 3238/3571/3238 3242/4344/3242 3241/3808/3241
f 3195/3818/3195 3191/4432/3191 3196/3811/3196
f 3189/4428/3189 3190/3833/3190 3194/3721/3194
f 3192/4430/3192 3189/4428/3189 3194/3721/3194
f 3192/4430/3192 3194/3721/3194 3193/3820/3193
f 3201/4149/3201 3215/4452/3215 3214/4445/3214
f 3238/3571/3238 3239/3570/3239 3240/4451/3240
f 3020/4084/3020 3237/4358/3237 3094/4085/3094
f 3201/4453/3201 3216/4429/3216 3215/4431/3215
f 3201/4149/3201 3202/4108/3202 3216/4454/3216
f 3093/4089/3093 3236/4339/3236 3020/4084/3020
f 3202/4108/3202 3217/4455/3217 3216/4454/3216
f 3202/4456/3202 3218/4447/3218 3217/4446/3217
f 3168/4457/3168 3170/3698/3170 3169/3741/3169
f 3225/4368/3225 3226/4367/3226 3168/4457/3168
f 3226/4367/3226 3165/4219/3165 3168/4457/3168
f 3211/4171/3211 3212/4181/3212 3228/4363/3228
f 3212/4181/3212 3229/4458/3229 3228/4363/3228
f 3157/4459/3157 3198/4434/3198 3199/4443/3199
f 3213/4460/3213 3157/4459/3157 3199/4443/3199
f 3157/4459/3157 3214/4433/3214 3198/4434/3198
f 3180/4402/3180 3182/3730/3182 3181/3725/3181
f 3168/4457/3168 3165/4219/3165 3170/3698/3170
f 3568/3989/3568 3650/3991/3650 3668/3993/3668
f 3167/4218/3167 3168/4425/3168 3169/3743/3169
f 3556/3992/3556 3557/3990/3557 3582/4068/3582
f 3556/3992/3556 3582/4068/3582 3583/3953/3583
f 3240/4451/3240 3243/4340/3243 3242/4344/3242
f 3568/3989/3568 3655/3988/3655 3650/3991/3650
f 3655/3988/3655 3649/3897/3649 3650/3991/3650
f 3240/4451/3240 3239/3570/3239 3243/4340/3243
f 3246/3572/3246 3247/3785/3247 3095/4074/3095
f 3667/3952/3667 3556/3992/3556 3583/3953/3583
f 3655/3988/3655 3656/3987/3656 3649/3897/3649
f 3186/4408/3186 3183/4423/3183 3188/3729/3188
f 3150/4461/3150 3139/4151/3139 3138/4198/3138
f 3148/4197/3148 3150/4461/3150 3138/4198/3138
f 3669/4462/3669 3671/4463/3671 3670/4464/3670
f 3669/4462/3669 3672/4465/3672 3671/4463/3671
f 3676/4466/3676 3675/4467/3675 3674/4468/3674
f 3676/4466/3676 3673/4469/3673 3675/4467/3675
f 3682/4470/3682 3681/4471/3681 3679/4472/3679
f 3677/4473/3677 3682/4470/3682 3679/4472/3679
f 3680/4474/3680 3682/4470/3682 3677/4473/3677
f 3681/4471/3681 3678/4475/3678 3679/4472/3679
f 3686/4476/3686 3684/4477/3684 3685/4478/3685
f 3683/4479/3683 3684/4477/3684 3688/4480/3688
f 3683/4479/3683 3688/4480/3688 3687/4481/3687
f 3684/4477/3684 3686/4476/3686 3688/4480/3688
f 3692/4482/3692 3691/4483/3691 3694/4484/3694
f 3691/4483/3691 3689/4485/3689 3694/4484/3694
f 3693/4486/3693 3689/4485/3689 3690/4487/3690
f 3693/4486/3693 3694/4484/3694 3689/4485/3689
f 3695/4488/3695 3698/4489/3698 3700/4490/3700
f 3696/4491/3696 3695/4488/3695 3700/4490/3700
f 3699/4492/3699 3696/4491/3696 3700/4490/3700
f 3697/4493/3697 3696/4491/3696 3699/4492/3699
f 3705/4494/3705 3701/4495/3701 3704/4496/3704
f 3706/4497/3706 3703/4498/3703 3702/4499/3702
f 3706/4497/3706 3704/4496/3704 3703/4498/3703
f 3706/4497/3706 3705/4494/3705 3704/4496/3704
f 3707/4500/3707 3710/4501/3710 3708/4502/3708
f 3708/4502/3708 3710/4501/3710 3709/4503/3709
f 3713/4504/3713 3714/4505/3714 3712/4506/3712
f 3714/4505/3714 3720/4507/3720 3712/4506/3712
f 3714/4505/3714 3717/4508/3717 3720/4507/3720
f 3717/4508/3717 3716/4509/3716 3720/4507/3720
f 3719/4510/3719 3720/4507/3720 3716/4509/3716
f 3712/4506/3712 3720/4507/3720 3718/4511/3718
f 3711/4512/3711 3712/4506/3712 3718/4511/3718
f 3714/4505/3714 3713/4504/3713 3715/4513/3715
f 3724/4514/3724 3721/4515/3721 3723/4516/3723
f 3724/4514/3724 3723/4516/3723 3722/4517/3722
f 3728/4518/3728 3726/4519/3726 3727/4520/3727
f 3726/4519/3726 3728/4518/3728 3725/4521/3725
f 3740/4522/3740 3741/4523/3741 3729/4524/3729
f 3739/4525/3739 3740/4522/3740 3729/4524/3729
f 3738/4526/3738 3739/4525/3739 3729/4524/3729
f 3733/4527/3733 3738/4526/3738 3729/4524/3729
f 3730/4528/3730 3735/4529/3735 3737/4530/3737
f 3730/4528/3730 3737/4530/3737 3736/4531/3736
f 3729/4532/3729 3730/4528/3730 3736/4531/3736
f 3733/4527/3733 3729/4524/3729 3736/4533/3736
f 3734/4534/3734 3731/4535/3731 3732/4536/3732
f 3734/4534/3734 3732/4536/3732 3742/4537/3742
f 3732/4536/3732 3743/4538/3743 3742/4537/3742
f 3732/4536/3732 3741/4539/3741 3743/4538/3743
f 3741/4523/3741 3732/4540/3732 3729/4524/3729
f 3745/4541/3745 3746/4542/3746 3749/4543/3749
f 3745/4541/3745 3749/4543/3749 3748/4544/3748
f 3746/4542/3746 3747/4545/3747 3749/4543/3749
f 3745/4541/3745 3748/4544/3748 3750/4546/3750
f 3744/4547/3744 3745/4548/3745 3750/4549/3750
f 3756/4550/3756 3752/4551/3752 3751/4552/3751
f 3752/4551/3752 3756/4550/3756 3757/4553/3757
f 3753/4554/3753 3752/4555/3752 3758/4556/3758
f 3752/4551/3752 3757/4553/3757 3758/4557/3758
f 3753/4554/3753 3758/4556/3758 3759/4558/3759
f 3754/4559/3754 3755/4560/3755 3751/4561/3751
f 3755/4562/3755 3756/4550/3756 3751/4552/3751
f 3760/4563/3760 3761/4564/3761 3763/4565/3763
f 3761/4564/3761 3762/4566/3762 3763/4565/3763
f 3765/4567/3765 3764/4568/3764 3767/4569/3767
f 3764/4568/3764 3766/4570/3766 3767/4569/3767
f 3771/4571/3771 3769/4572/3769 3770/4573/3770
f 3769/4572/3769 3768/4574/3768 3770/4573/3770
f 3792/4575/3792 3783/4576/3783 3784/4577/3784
f 3788/4578/3788 3774/4579/3774 3775/4580/3775
f 3792/4575/3792 3782/4581/3782 3793/4582/3793
f 3793/4582/3793 3780/4583/3780 3779/4584/3779
f 3793/4582/3793 3781/4585/3781 3780/4583/3780
f 3786/4586/3786 3772/4587/3772 3777/4588/3777
f 3779/4589/3779 3772/4590/3772 3786/4591/3786
f 3779/4584/3779 3786/4586/3786 3794/4592/3794
f 3793/4593/3793 3779/4589/3779 3794/4594/3794
f 3793/4582/3793 3782/4581/3782 3781/4585/3781
f 3782/4581/3782 3792/4575/3792 3784/4577/3784
f 3773/4595/3773 3783/4596/3783 3792/4597/3792
f 3773/4595/3773 3791/4598/3791 3785/4599/3785
f 3773/4600/3773 3792/4575/3792 3791/4601/3791
f 3788/4578/3788 3776/4602/3776 3774/4579/3774
f 3788/4578/3788 3789/4603/3789 3776/4602/3776
f 3789/4604/3789 3790/4605/3790 3776/4606/3776
f 3790/4607/3790 3778/4608/3778 3776/4602/3776
f 3790/4605/3790 3786/4609/3786 3778/4610/3778
f 3786/4586/3786 3777/4588/3777 3778/4608/3778
f 3787/4611/3787 3788/4612/3788 3775/4613/3775
f 3785/4614/3785 3787/4615/3787 3773/4600/3773
f 3787/4615/3787 3775/4580/3775 3773/4600/3773
f 3802/4616/3802 3806/4617/3806 3803/4618/3803
f 3805/4619/3805 3800/4620/3800 3810/4621/3810
f 3806/4617/3806 3807/4622/3807 3803/4618/3803
f 3807/4622/3807 3808/4623/3808 3803/4618/3803
f 3803/4618/3803 3808/4623/3808 3804/4624/3804
f 3808/4625/3808 3809/4626/3809 3804/4627/3804
f 3795/4628/3795 3809/4629/3809 3796/4630/3796
f 3797/4631/3797 3795/4632/3795 3796/4633/3796
f 3805/4634/3805 3806/4635/3806 3802/4636/3802
f 3798/4637/3798 3810/4638/3810 3799/4639/3799
f 3800/4640/3800 3805/4641/3805 3801/4642/3801
f 3805/4641/3805 3802/4616/3802 3801/4642/3801
f 3797/4631/3797 3796/4633/3796 3811/4643/3811
f 3795/4632/3795 3804/4624/3804 3809/4644/3809
f 3810/4621/3810 3800/4620/3800 3799/4645/3799
f 3798/4637/3798 3797/4631/3797 3810/4638/3810
f 3797/4631/3797 3811/4643/3811 3810/4638/3810
f 3816/4646/3816 3817/4647/3817 3813/4648/3813
f 3817/4649/3817 3814/4650/3814 3813/4651/3813
f 3815/4652/3815 3814/4650/3814 3818/4653/3818
f 3814/4650/3814 3819/4654/3819 3818/4653/3818
f 3814/4650/3814 3817/4649/3817 3819/4654/3819
f 3815/4652/3815 3812/4655/3812 3814/4650/3814
f 3820/4656/3820 3821/4657/3821 3823/4658/3823
f 3821/4657/3821 3822/4659/3822 3823/4658/3823
f 3839/4660/3839 3840/4661/3840 3828/4662/3828
f 3839/4663/3839 3828/4664/3828 3827/4665/3827
f 3838/4666/3838 3839/4667/3839 3827/4668/3827
f 3843/4669/3843 3831/4670/3831 3832/4671/3832
f 3843/4669/3843 3832/4671/3832 3833/4672/3833
f 3843/4673/3843 3833/4674/3833 3830/4675/3830
f 3842/4676/3842 3843/4673/3843 3830/4675/3830
f 3829/4677/3829 3842/4678/3842 3830/4679/3830
f 3841/4680/3841 3842/4678/3842 3829/4677/3829
f 3841/4680/3841 3829/4677/3829 3828/4664/3828
f 3826/4681/3826 3830/4675/3830 3833/4674/3833
f 3826/4681/3826 3833/4674/3833 3832/4682/3832
f 3827/4665/3827 3836/4683/3836 3838/4684/3838
f 3826/4681/3826 3824/4685/3824 3830/4675/3830
f 3824/4685/3824 3829/4686/3829 3830/4675/3830
f 3826/4687/3826 3832/4688/3832 3831/4689/3831
f 3834/4690/3834 3825/4691/3825 3826/4687/3826
f 3831/4689/3831 3834/4690/3834 3826/4687/3826
f 3840/4661/3840 3841/4692/3841 3828/4662/3828
f 3844/4693/3844 3838/4684/3838 3835/4694/3835
f 3834/4690/3834 3831/4689/3831 3843/4695/3843
f 3834/4690/3834 3843/4695/3843 3844/4696/3844
f 3835/4694/3835 3834/4697/3834 3844/4693/3844
f 3838/4684/3838 3836/4683/3836 3837/4698/3837
f 3838/4684/3838 3837/4698/3837 3835/4694/3835
f 3847/4699/3847 3845/4700/3845 3846/4701/3846
f 3848/4702/3848 3847/4699/3847 3846/4701/3846
f 3851/4703/3851 3852/4704/3852 3850/4705/3850
f 3849/4706/3849 3851/4703/3851 3850/4705/3850
f 3855/4707/3855 3856/4708/3856 3854/4709/3854
f 3853/4710/3853 3855/4707/3855 3854/4709/3854
f 3859/4711/3859 3860/4712/3860 3858/4713/3858
f 3857/4714/3857 3859/4711/3859 3858/4713/3858
f 3861/4715/3861 3862/4716/3862 3864/4717/3864
f 3863/4718/3863 3861/4715/3861 3864/4717/3864
f 3865/4719/3865 3867/4720/3867 3866/4721/3866
f 3867/4720/3867 3868/4722/3868 3866/4721/3866
f 3871/4723/3871 3872/4724/3872 3870/4725/3870
f 3869/4726/3869 3871/4723/3871 3870/4725/3870
f 3875/4727/3875 3876/4728/3876 3874/4729/3874
f 3873/4730/3873 3875/4727/3875 3874/4729/3874
f 3879/4731/3879 3877/4732/3877 3880/4733/3880
f 3877/4732/3877 3878/4734/3878 3880/4733/3880
f 3881/4735/3881 3882/4736/3882 3884/4737/3884
f 3883/4738/3883 3881/4735/3881 3884/4737/3884
f 4046/4739/4046 4058/4740/4058 4045/4741/4045
f 4056/4742/4056 4042/4743/4042 4043/4744/4043
f 4057/4745/4057 4040/4746/4040 4041/4747/4041
f 4039/4748/4039 4040/4746/4040 4057/4745/4057
f 3959/4749/3959 3962/4750/3962 4008/4751/4008
f 3962/4750/3962 4007/4752/4007 4008/4751/4008
f 3963/4753/3963 4023/4754/4023 4021/4755/4021
f 4023/4754/4023 4019/4756/4019 4021/4755/4021
f 4022/4757/4022 4023/4754/4023 3967/4758/3967
f 3973/4759/3973 3981/4760/3981 4024/4761/4024
f 4026/4762/4026 4025/4763/4025 4024/4761/4024
f 4012/4764/4012 4026/4762/4026 3989/4765/3989
f 4026/4762/4026 3988/4766/3988 3989/4765/3989
f 3956/4767/3956 3959/4749/3959 4014/4768/4014
f 4010/4769/4010 4016/4770/4016 4015/4771/4015
f 4014/4768/4014 3959/4749/3959 4017/4772/4017
f 4050/4773/4050 4052/4774/4052 4049/4775/4049
f 3980/4776/3980 3977/4777/3977 3944/4778/3944
f 3977/4777/3977 3947/4779/3947 3944/4778/3944
f 3977/4777/3977 3976/4780/3976 3947/4779/3947
f 3976/4780/3976 3943/4781/3943 3947/4779/3947
f 3976/4780/3976 3898/4782/3898 3943/4781/3943
f 4048/4783/4048 4053/4784/4053 4047/4785/4047
f 3917/4786/3917 3915/4787/3915 3922/4788/3922
f 3915/4787/3915 3916/4789/3916 3922/4788/3922
f 3916/4789/3916 3921/4790/3921 3922/4788/3922
f 3893/4791/3893 3894/4792/3894 3892/4793/3892
f 3894/4792/3894 3895/4794/3895 3892/4793/3892
f 3957/4795/3957 4054/4796/4054 4046/4739/4046
f 3957/4795/3957 3955/4797/3955 4054/4796/4054
f 3955/4797/3955 4047/4798/4047 4054/4796/4054
f 3955/4799/3955 3954/4800/3954 4047/4785/4047
f 3954/4800/3954 4048/4783/4048 4047/4785/4047
f 3954/4800/3954 3952/4801/3952 4048/4783/4048
f 3900/4802/3900 3931/4803/3931 3901/4804/3901
f 3904/4805/3904 3906/4806/3906 3905/4807/3905
f 3909/4808/3909 3907/4809/3907 3908/4810/3908
f 3907/4809/3907 3893/4791/3893 3908/4810/3908
f 3908/4810/3908 3904/4805/3904 3910/4811/3910
f 3910/4811/3910 3904/4805/3904 3911/4812/3911
f 3904/4805/3904 3903/4813/3903 3911/4812/3911
f 3903/4813/3903 3912/4814/3912 3911/4812/3911
f 3894/4792/3894 3893/4791/3893 3903/4813/3903
f 3903/4813/3903 3913/4815/3913 3912/4814/3912
f 3903/4813/3903 3893/4791/3893 3913/4815/3913
f 3893/4791/3893 3907/4809/3907 3913/4815/3913
f 3914/4816/3914 3908/4810/3908 3893/4791/3893
f 3915/4787/3915 3908/4810/3908 3916/4789/3916
f 3890/4817/3890 3920/4818/3920 3923/4819/3923
f 3920/4818/3920 3921/4790/3921 3923/4819/3923
f 3919/4820/3919 3901/4804/3901 3931/4803/3931
f 3919/4820/3919 3920/4818/3920 3901/4804/3901
f 3920/4818/3920 3890/4817/3890 3901/4804/3901
f 3916/4789/3916 3923/4819/3923 3921/4790/3921
f 3908/4810/3908 3915/4787/3915 3926/4821/3926
f 3968/4822/3968 4040/4746/4040 4039/4748/4039
f 3968/4822/3968 3965/4823/3965 4040/4746/4040
f 3965/4823/3965 4041/4747/4041 4040/4746/4040
f 3965/4823/3965 3966/4824/3966 4041/4747/4041
f 3966/4824/3966 4042/4825/4042 4041/4747/4041
f 3966/4826/3966 3963/4827/3963 4042/4743/4042
f 3915/4787/3915 3927/4828/3927 3926/4821/3926
f 3927/4828/3927 3925/4829/3925 3926/4821/3926
f 3904/4805/3904 3908/4810/3908 3928/4830/3928
f 3931/4803/3931 3900/4802/3900 3902/4831/3902
f 3903/4813/3903 3904/4805/3904 3905/4807/3905
f 3927/4828/3927 3915/4787/3915 3930/4832/3930
f 3951/4833/3951 3952/4801/3952 3953/4834/3953
f 3952/4835/3952 3954/4836/3954 3953/4837/3953
f 3908/4810/3908 3910/4811/3910 3909/4808/3909
f 3915/4787/3915 3929/4838/3929 3930/4832/3930
f 3896/4839/3896 3930/4832/3930 3933/4840/3933
f 3925/4829/3925 3935/4841/3935 3934/4842/3934
f 3925/4829/3925 3940/4843/3940 3935/4841/3935
f 3940/4843/3940 3936/4844/3936 3935/4841/3935
f 3940/4843/3940 3899/4845/3899 3936/4844/3936
f 3937/4846/3937 3899/4845/3899 3924/4847/3924
f 3937/4846/3937 3936/4844/3936 3899/4845/3899
f 3937/4846/3937 3924/4847/3924 3938/4848/3938
f 3924/4847/3924 3925/4829/3925 3938/4848/3938
f 3908/4810/3908 3914/4816/3914 3916/4789/3916
f 3918/4849/3918 3919/4820/3919 3931/4803/3931
f 3960/4850/3960 3962/4750/3962 3959/4749/3959
f 3925/4829/3925 3934/4842/3934 3938/4848/3938
f 3940/4843/3940 3925/4829/3925 3927/4828/3927
f 3891/4851/3891 3890/4817/3890 3923/4819/3923
f 3896/4839/3896 3943/4781/3943 3897/4852/3897
f 3943/4781/3943 3939/4853/3939 3897/4852/3897
f 3927/4828/3927 3942/4854/3942 3941/4855/3941
f 3927/4828/3927 3896/4839/3896 3942/4854/3942
f 3896/4839/3896 3897/4852/3897 3942/4854/3942
f 3933/4840/3933 3932/4856/3932 3896/4839/3896
f 3908/4810/3908 3926/4821/3926 3928/4830/3928
f 3930/4832/3930 3896/4839/3896 3927/4828/3927
f 3918/4849/3918 3931/4803/3931 3917/4786/3917
f 3931/4803/3931 3915/4787/3915 3917/4786/3917
f 3931/4803/3931 3929/4838/3929 3915/4787/3915
f 3963/4827/3963 4043/4744/4043 4042/4743/4042
f 3963/4827/3963 3964/4857/3964 4043/4744/4043
f 3964/4857/3964 4044/4858/4044 4043/4744/4043
f 3954/4836/3954 3956/4767/3956 3953/4837/3953
f 3954/4800/3954 3955/4799/3955 3956/4859/3956
f 3955/4860/3955 3957/4861/3957 3956/4767/3956
f 3957/4861/3957 3959/4749/3959 3956/4767/3956
f 3960/4862/3960 3958/4863/3958 4045/4741/4045
f 3958/4863/3958 4046/4739/4046 4045/4741/4045
f 3958/4863/3958 3957/4795/3957 4046/4739/4046
f 3952/4801/3952 4049/4775/4049 4048/4783/4048
f 3952/4801/3952 3951/4833/3951 4049/4775/4049
f 3951/4833/3951 4050/4773/4050 4049/4775/4049
f 3972/4864/3972 4051/4865/4051 3970/4866/3970
f 3957/4795/3957 3958/4863/3958 3959/4867/3959
f 3958/4868/3958 3960/4850/3960 3959/4749/3959
f 3962/4869/3962 3961/4870/3961 3964/4857/3964
f 4023/4871/4023 3966/4824/3966 3965/4823/3965
f 4023/4754/4023 3963/4753/3963 3966/4872/3966
f 3943/4781/3943 3940/4843/3940 3939/4853/3939
f 3943/4781/3943 3898/4782/3898 3940/4843/3940
f 3898/4782/3898 3899/4845/3899 3940/4843/3940
f 3927/4828/3927 3941/4855/3941 3940/4843/3940
f 4023/4754/4023 3965/4873/3965 3968/4874/3968
f 4022/4757/4022 3967/4758/3967 3971/4875/3971
f 3971/4876/3971 3887/4877/3887 3970/4866/3970
f 3887/4877/3887 3972/4864/3972 3970/4866/3970
f 3899/4878/3899 3976/4879/3976 3975/4880/3975
f 3976/4879/3976 3977/4881/3977 3975/4880/3975
f 4038/4882/4038 4050/4773/4050 3951/4833/3951
f 3971/4876/3971 4039/4748/4039 3887/4877/3887
f 3971/4876/3971 3968/4822/3968 4039/4748/4039
f 4027/4883/4027 4013/4884/4013 3997/4885/3997
f 4013/4884/4013 3996/4886/3996 3997/4885/3997
f 4026/4762/4026 4012/4764/4012 4025/4763/4025
f 3964/4857/3964 3961/4870/3961 4044/4858/4044
f 3961/4870/3961 4055/4887/4055 4044/4858/4044
f 3961/4870/3961 3960/4862/3960 4055/4887/4055
f 3960/4862/3960 4045/4741/4045 4055/4887/4055
f 4031/4888/4031 4035/4889/4035 4034/4890/4034
f 4006/4891/4006 4037/4892/4037 4036/4893/4036
f 4006/4891/4006 4023/4754/4023 4037/4892/4037
f 4023/4754/4023 4033/4894/4033 4037/4892/4037
f 3995/4895/3995 4031/4888/4031 4011/4896/4011
f 4006/4891/4006 4035/4889/4035 4031/4888/4031
f 3885/4897/3885 4038/4882/4038 3950/4898/3950
f 4038/4882/4038 3951/4833/3951 3950/4898/3950
f 3960/4862/3960 3961/4870/3961 3962/4869/3962
f 4027/4883/4027 4011/4896/4011 4029/4899/4029
f 4011/4896/4011 4026/4762/4026 4029/4899/4029
f 4028/4900/4028 4030/4901/4030 4027/4883/4027
f 3971/4876/3971 3967/4902/3967 3968/4822/3968
f 3967/4758/3967 4023/4754/4023 3968/4874/3968
f 3969/4903/3969 3973/4759/3973 4024/4761/4024
f 4000/4904/4000 4031/4888/4031 3999/4905/3999
f 4000/4904/4000 4001/4906/4001 4005/4907/4005
f 4031/4888/4031 4013/4884/4013 3999/4905/3999
f 4013/4884/4013 4004/4908/4004 3999/4905/3999
f 4001/4906/4001 4002/4909/4002 4005/4907/4005
f 3977/4777/3977 3974/4910/3974 3975/4911/3975
f 4032/4912/4032 4033/4894/4033 4023/4754/4023
f 4032/4912/4032 4022/4757/4022 4034/4890/4034
f 4022/4757/4022 4031/4888/4031 4034/4890/4034
f 4027/4883/4027 3997/4885/3997 3998/4913/3998
f 4023/4754/4023 4018/4914/4018 4019/4756/4019
f 3964/4915/3964 4021/4755/4021 4020/4916/4020
f 3964/4915/3964 3963/4753/3963 4021/4755/4021
f 4012/4764/4012 3982/4917/3982 4025/4763/4025
f 4012/4764/4012 3987/4918/3987 3982/4917/3982
f 4006/4891/4006 4036/4893/4036 4035/4889/4035
f 4005/4907/4005 3953/4837/3953 4010/4769/4010
f 3953/4837/3953 4016/4770/4016 4010/4769/4010
f 3953/4837/3953 4014/4768/4014 4016/4770/4016
f 4023/4754/4023 4006/4891/4006 4018/4914/4018
f 4031/4888/4031 3985/4919/3985 3986/4920/3986
f 3971/4875/3971 4024/4761/4024 4025/4763/4025
f 3971/4875/3971 3969/4903/3969 4024/4761/4024
f 4026/4762/4026 4011/4896/4011 3992/4921/3992
f 4011/4896/4011 3991/4922/3991 3992/4921/3992
f 4027/4883/4027 4029/4899/4029 4028/4900/4028
f 3991/4922/3991 4011/4896/4011 3990/4923/3990
f 4011/4896/4011 4012/4764/4012 3990/4923/3990
f 3988/4766/3988 4026/4762/4026 3992/4921/3992
f 4002/4909/4002 3953/4837/3953 4005/4907/4005
f 4013/4884/4013 4003/4924/4003 4004/4908/4004
f 4013/4884/4013 3953/4837/3953 4003/4924/4003
f 3953/4837/3953 4002/4909/4002 4003/4924/4003
f 4006/4891/4006 4031/4888/4031 4005/4907/4005
f 4031/4888/4031 4000/4904/4000 4005/4907/4005
f 4032/4912/4032 4023/4754/4023 4022/4757/4022
f 4027/4883/4027 3998/4913/3998 3993/4925/3993
f 3995/4895/3995 3996/4886/3996 4031/4888/4031
f 3996/4886/3996 4013/4884/4013 4031/4888/4031
f 4018/4914/4018 4006/4891/4006 4020/4916/4020
f 4006/4891/4006 3962/4750/3962 4020/4916/4020
f 3962/4750/3962 3964/4915/3964 4020/4916/4020
f 3981/4760/3981 3973/4759/3973 3974/4926/3974
f 3898/4782/3898 3976/4780/3976 3899/4845/3899
f 3959/4749/3959 4008/4751/4008 4009/4927/4009
f 4022/4757/4022 3983/4928/3983 3984/4929/3984
f 4022/4757/4022 4025/4763/4025 3983/4928/3983
f 4025/4763/4025 3982/4917/3982 3983/4928/3983
f 4031/4888/4031 4022/4757/4022 3985/4919/3985
f 4022/4757/4022 3984/4929/3984 3985/4919/3985
f 4012/4764/4012 3986/4920/3986 3987/4918/3987
f 4012/4764/4012 4031/4888/4031 3986/4920/3986
f 4030/4901/4030 3978/4930/3978 3949/4931/3949
f 3978/4930/3978 3979/4932/3979 3949/4931/3949
f 3980/4776/3980 3974/4910/3974 3977/4777/3977
f 3947/4779/3947 3948/4933/3948 3944/4778/3944
f 3948/4933/3948 3979/4934/3979 3944/4778/3944
f 3948/4935/3948 3949/4931/3949 3979/4932/3979
f 4010/4769/4010 3959/4749/3959 4009/4927/4009
f 4010/4769/4010 4015/4771/4015 3959/4749/3959
f 4015/4771/4015 4017/4772/4017 3959/4749/3959
f 4011/4896/4011 4031/4888/4031 4012/4764/4012
f 3995/4895/3995 4011/4896/4011 3994/4936/3994
f 3951/4937/3951 4013/4884/4013 3886/4938/3886
f 3951/4937/3951 3953/4837/3953 4013/4884/4013
f 3956/4767/3956 4014/4768/4014 3953/4837/3953
f 4028/4900/4028 3978/4930/3978 4030/4901/4030
f 4013/4884/4013 3945/4939/3945 3886/4938/3886
f 4013/4884/4013 4027/4883/4027 3945/4939/3945
f 4027/4883/4027 3946/4940/3946 3945/4939/3945
f 4027/4883/4027 4030/4901/4030 3946/4940/3946
f 4011/4896/4011 3993/4925/3993 3994/4936/3994
f 4011/4896/4011 4027/4883/4027 3993/4925/3993
f 3980/4941/3980 3981/4760/3981 3974/4926/3974
f 3889/4942/3889 3891/4851/3891 3888/4943/3888
f 3889/4942/3889 3890/4817/3890 3891/4851/3891
f 4006/4891/4006 4007/4752/4007 3962/4750/3962
f 4065/4944/4065 4061/4945/4061 4062/4946/4062
f 4065/4944/4065 4062/4946/4062 4063/4947/4063
f 4066/4948/4066 4065/4944/4065 4063/4947/4063
f 4061/4945/4061 4065/4944/4065 4064/4949/4064
f 4059/4950/4059 4061/4945/4061 4064/4949/4064
f 4068/4951/4068 4067/4952/4067 4066/4948/4066
f 4067/4952/4067 4065/4944/4065 4066/4948/4066
f 4061/4945/4061 4059/4950/4059 4060/4953/4060
f 4075/4954/4075 4077/4955/4077 4076/4956/4076
f 4075/4957/4075 4074/4958/4074 4077/4959/4077
f 4074/4958/4074 4078/4960/4078 4077/4959/4077
f 4071/4961/4071 4072/4962/4072 4070/4963/4070
f 4072/4962/4072 4078/4960/4078 4073/4964/4073
f 4078/4960/4078 4074/4958/4074 4073/4964/4073
f 4071/4961/4071 4078/4960/4078 4072/4962/4072
f 4069/4965/4069 4071/4961/4071 4070/4963/4070
f 4079/4966/4079 4081/4967/4081 4080/4968/4080
f 4079/4966/4079 4082/4969/4082 4081/4967/4081
f 4083/4970/4083 4079/4966/4079 4080/4968/4080
f 4084/4971/4084 4085/4972/4085 4086/4973/4086
f 4085/4972/4085 4087/4974/4087 4086/4973/4086
f 4093/4975/4093 4092/4976/4092 4091/4977/4091
f 4090/4978/4090 4091/4977/4091 4088/4979/4088
f 4090/4978/4090 4093/4975/4093 4091/4977/4091
f 4089/4980/4089 4090/4978/4090 4088/4979/4088
f 4097/4981/4097 4099/4982/4099 4098/4983/4098
f 4095/4984/4095 4096/4985/4096 4094/4986/4094
f 4095/4987/4095 4097/4988/4097 4096/4989/4096
f 4097/4988/4097 4098/4990/4098 4096/4989/4096
f 4100/4991/4100 4103/4992/4103 4102/4993/4102
f 4100/4991/4100 4102/4993/4102 4101/4994/4101
f 4105/4995/4105 4100/4991/4100 4101/4994/4101
f 4104/4996/4104 4105/4997/4105 4101/4998/4101
f 4109/4999/4109 4114/5000/4114 4113/5001/4113
f 4110/5002/4110 4111/5003/4111 4106/5004/4106
f 4114/5000/4114 4108/5005/4108 4107/5006/4107
f 4111/5003/4111 4107/5006/4107 4106/5004/4106
f 4111/5003/4111 4114/5000/4114 4107/5006/4107
f 4114/5000/4114 4109/4999/4109 4108/5005/4108
f 4112/5007/4112 4109/4999/4109 4113/5001/4113
f 4115/5008/4115 4118/5009/4118 4117/5010/4117
f 4117/5010/4117 4116/5011/4116 4115/5008/4115
f 4124/5012/4124 4120/5013/4120 4119/5014/4119
f 4121/5015/4121 4124/5012/4124 4123/5016/4123
f 4124/5012/4124 4121/5015/4121 4120/5013/4120
f 4124/5012/4124 4122/5017/4122 4125/5018/4125
f 4122/5017/4122 4124/5012/4124 4119/5014/4119
f 4129/5019/4129 4126/5020/4126 4127/5021/4127
f 4128/5022/4128 4129/5023/4129 4127/5024/4127
f 4131/5025/4131 4130/5026/4130 4133/5027/4133
f 4130/5026/4130 4132/5028/4132 4133/5027/4133
f 4138/5029/4138 4136/5030/4136 4134/5031/4134
f 4135/5032/4135 4136/5030/4136 4137/5033/4137
f 4139/5034/4139 4138/5029/4138 4134/5031/4134
f 4136/5030/4136 4138/5029/4138 4137/5033/4137
f 4140/5035/4140 4142/5036/4142 4144/5037/4144
f 4143/5038/4143 4142/5036/4142 4141/5039/4141
f 4142/5036/4142 4143/5038/4143 4144/5037/4144
f 4148/5040/4148 4147/5041/4147 4145/5042/4145
f 4147/5041/4147 4146/5043/4146 4145/5042/4145
f 4153/5044/4153 4150/5045/4150 4151/5046/4151
f 4153/5044/4153 4152/5047/4152 4150/5045/4150
f 4152/5047/4152 4149/5048/4149 4150/5045/4150
f 4157/5049/4157 4155/5050/4155 4154/5051/4154
f 4156/5052/4156 4157/5049/4157 4154/5051/4154
f 4160/5053/4160 4161/5054/4161 4159/5055/4159
f 4161/5054/4161 4158/5056/4158 4159/5055/4159
f 4164/5057/4164 4162/5058/4162 4163/5059/4163
f 4164/5057/4164 4165/5060/4165 4162/5058/4162
f 4171/5061/4171 4169/5062/4169 4167/5063/4167
f 4170/5064/4170 4168/5065/4168 4166/5066/4166
f 4169/5067/4169 4170/5068/4170 4166/5069/4166
f 4169/5067/4169 4166/5069/4166 4167/5070/4167
f 4174/5071/4174 4175/5072/4175 4173/5073/4173
f 4175/5072/4175 4172/5074/4172 4173/5073/4173
f 4178/5075/4178 4179/5076/4179 4176/5077/4176
f 4178/5075/4178 4176/5077/4176 4177/5078/4177
f 4183/5079/4183 4180/5080/4180 4181/5081/4181
f 4182/5082/4182 4183/5079/4183 4181/5081/4181
f 4186/5083/4186 4187/5084/4187 4184/5085/4184
f 4187/5086/4187 4185/5087/4185 4184/5088/4184
f 4190/5089/4190 4191/5090/4191 4188/5091/4188
f 4190/5089/4190 4188/5091/4188 4189/5092/4189
f 4194/5093/4194 4192/5094/4192 4193/5095/4193
f 4194/5093/4194 4195/5096/4195 4192/5094/4192
f 4198/5097/4198 4196/5098/4196 4197/5099/4197
f 4198/5097/4198 4199/5100/4199 4196/5098/4196
f 4204/5101/4204 4201/5102/4201 4202/5103/4202
f 4204/5104/4204 4203/5105/4203 4201/5106/4201
f 4203/5105/4203 4200/5107/4200 4201/5106/4201
f 4208/5108/4208 4206/5109/4206 4205/5110/4205
f 4207/5111/4207 4208/5112/4208 4205/5113/4205
f 4211/5114/4211 4212/5115/4212 4209/5116/4209
f 4212/5115/4212 4210/5117/4210 4209/5116/4209
f 4215/5118/4215 4216/5119/4216 4213/5120/4213
f 4216/5119/4216 4214/5121/4214 4213/5120/4213
f 4219/5122/4219 4220/5123/4220 4218/5124/4218
f 4220/5125/4220 4217/5126/4217 4218/5127/4218
f 4223/5128/4223 4224/5129/4224 4221/5130/4221
f 4224/5129/4224 4222/5131/4222 4221/5130/4221
f 4228/5132/4228 4227/5133/4227 4225/5134/4225
f 4227/5133/4227 4226/5135/4226 4225/5134/4225
f 4230/5136/4230 4229/5137/4229 4233/5138/4233
f 4232/5139/4232 4231/5140/4231 4229/5137/4229
f 4229/5137/4229 4231/5140/4231 4233/5138/4233
f 4238/5141/4238 4237/5142/4237 4234/5143/4234
f 4236/5144/4236 4235/5145/4235 4234/5143/4234
f 4237/5142/4237 4236/5144/4236 4234/5143/4234
f 4243/5146/4243 4244/5147/4244 4240/5148/4240
f 4243/5146/4243 4240/5148/4240 4241/5149/4241
f 4240/5148/4240 4244/5147/4244 4242/5150/4242
f 4239/5151/4239 4240/5148/4240 4242/5150/4242
f 4245/5152/4245 4248/5153/4248 4247/5154/4247
f 4246/5155/4246 4245/5152/4245 4247/5154/4247
f 4251/5156/4251 4252/5157/4252 4250/5158/4250
f 4249/5159/4249 4251/5160/4251 4250/5161/4250
f 4255/5162/4255 4256/5163/4256 4254/5164/4254
f 4253/5165/4253 4255/5162/4255 4254/5164/4254
f 4259/5166/4259 4260/5167/4260 4258/5168/4258
f 4257/5169/4257 4259/5166/4259 4258/5168/4258
f 4261/5170/4261 4263/5171/4263 4262/5172/4262
f 4263/5173/4263 4264/5174/4264 4262/5175/4262
f 4267/5176/4267 4268/5177/4268 4266/5178/4266
f 4265/5179/4265 4267/5176/4267 4266/5178/4266
f 4269/5180/4269 4270/5181/4270 4272/5182/4272
f 4271/5183/4271 4269/5180/4269 4272/5182/4272
f 4275/5184/4275 4276/5185/4276 4274/5186/4274
f 4273/5187/4273 4275/5188/4275 4274/5189/4274
f 4279/5190/4279 4280/5191/4280 4278/5192/4278
f 4277/5193/4277 4279/5190/4279 4278/5192/4278
f 4281/5194/4281 4282/5195/4282 4284/5196/4284
f 4282/5195/4282 4283/5197/4283 4284/5196/4284
f 4285/5198/4285 4287/5199/4287 4286/5200/4286
f 4287/5201/4287 4288/5202/4288 4286/5203/4286
f 4289/5204/4289 4291/5205/4291 4290/5206/4290
f 4291/5205/4291 4292/5207/4292 4290/5206/4290
f 4293/5208/4293 4294/5209/4294 4296/5210/4296
f 4295/5211/4295 4293/5208/4293 4296/5210/4296
f 4297/5212/4297 4299/5213/4299 4298/5214/4298
f 4299/5215/4299 4300/5216/4300 4298/5217/4298
f 4301/5218/4301 4303/5219/4303 4302/5220/4302
f 4303/5219/4303 4304/5221/4304 4302/5220/4302
f 4305/5222/4305 4307/5223/4307 4306/5224/4306
f 4307/5223/4307 4308/5225/4308 4306/5224/4306
f 4309/5226/4309 4311/5227/4311 4310/5228/4310
f 4311/5229/4311 4312/5230/4312 4310/5231/4310
f 4313/5232/4313 4315/5233/4315 4314/5234/4314
f 4315/5233/4315 4316/5235/4316 4314/5234/4314
f 4319/5236/4319 4317/5237/4317 4320/5238/4320
f 4317/5237/4317 4318/5239/4318 4320/5238/4320
f 4321/5240/4321 4323/5241/4323 4322/5242/4322
f 4323/5243/4323 4324/5244/4324 4322/5245/4322
f 4325/5246/4325 4327/5247/4327 4326/5248/4326
f 4327/5247/4327 4328/5249/4328 4326/5248/4326
f 4331/5250/4331 4332/5251/4332 4330/5252/4330
f 4329/5253/4329 4331/5250/4331 4330/5252/4330
f 4333/5254/4333 4335/5255/4335 4334/5256/4334
f 4335/5257/4335 4336/5258/4336 4334/5259/4334
f 4339/5260/4339 4340/5261/4340 4338/5262/4338
f 4337/5263/4337 4339/5260/4339 4338/5262/4338
f 4341/5264/4341 4342/5265/4342 4344/5266/4344
f 4343/5267/4343 4341/5264/4341 4344/5266/4344
f 4347/5268/4347 4348/5269/4348 4346/5270/4346
f 4345/5271/4345 4347/5272/4347 4346/5273/4346
f 4351/5274/4351 4352/5275/4352 4350/5276/4350
f 4349/5277/4349 4351/5274/4351 4350/5276/4350
f 4355/5278/4355 4356/5279/4356 4354/5280/4354
f 4353/5281/4353 4355/5278/4355 4354/5280/4354
f 4359/5282/4359 4360/5283/4360 4358/5284/4358
f 4357/5285/4357 4359/5286/4359 4358/5287/4358
f 4361/5288/4361 4363/5289/4363 4362/5290/4362
f 4363/5289/4363 4364/5291/4364 4362/5290/4362
f 4365/5292/4365 4366/5293/4366 4368/5294/4368
f 4367/5295/4367 4365/5292/4365 4368/5294/4368
f 4372/5296/4372 4369/5297/4369 4370/5298/4370
f 4371/5299/4371 4372/5300/4372 4370/5301/4370
f 4376/5302/4376 4374/5303/4374 4373/5304/4373
f 4375/5305/4375 4376/5302/4376 4373/5304/4373
f 4379/5306/4379 4380/5307/4380 4377/5308/4377
f 4380/5307/4380 4378/5309/4378 4377/5308/4377
f 4383/5310/4383 4384/5311/4384 4382/5312/4382
f 4384/5313/4384 4381/5314/4381 4382/5315/4382
f 4388/5316/4388 4385/5317/4385 4386/5318/4386
f 4387/5319/4387 4388/5316/4388 4386/5318/4386
f 4392/5320/4392 4391/5321/4391 4390/5322/4390
f 4391/5321/4391 4389/5323/4389 4390/5322/4390
f 4393/5324/4393 4396/5325/4396 4395/5326/4395
f 4394/5327/4394 4393/5324/4393 4395/5326/4395
f 4403/5328/4403 4401/5329/4401 4399/5330/4399
f 4401/5329/4401 4403/5328/4403 4402/5331/4402
f 4404/5332/4404 4403/5328/4403 4399/5330/4399
f 4397/5333/4397 4399/5330/4399 4398/5334/4398
f 4403/5328/4403 4404/5332/4404 4405/5335/4405
f 4406/5336/4406 4407/5337/4407 4405/5335/4405
f 4407/5337/4407 4403/5328/4403 4405/5335/4405
f 4404/5332/4404 4397/5333/4397 4400/5338/4400
f 4397/5333/4397 4404/5332/4404 4399/5330/4399
f 4408/5339/4408 4410/5340/4410 4411/5341/4411
f 4409/5342/4409 4408/5339/4408 4411/5341/4411
f 4412/5343/4412 4415/5344/4415 4416/5345/4416
f 4414/5346/4414 4421/5347/4421 4422/5348/4422
f 4415/5344/4415 4414/5346/4414 4422/5348/4422
f 4422/5348/4422 4421/5347/4421 4424/5349/4424
f 4419/5350/4419 4420/5351/4420 4417/5352/4417
f 4419/5353/4419 4417/5354/4417 4418/5355/4418
f 4420/5351/4420 4421/5347/4421 4417/5352/4417
f 4415/5344/4415 4422/5348/4422 4416/5345/4416
f 4413/5356/4413 4415/5344/4415 4412/5343/4412
f 4423/5357/4423 4425/5358/4425 4424/5349/4424
f 4414/5346/4414 4417/5352/4417 4421/5347/4421
f 4421/5347/4421 4423/5357/4423 4424/5349/4424
f 4427/5359/4427 4430/5360/4430 4429/5361/4429
f 4427/5359/4427 4428/5362/4428 4430/5360/4430
f 4426/5363/4426 4427/5359/4427 4429/5361/4429
f 4431/5364/4431 4433/5365/4433 4432/5366/4432
f 4432/5366/4432 4433/5365/4433 4434/5367/4434
f 4436/5368/4436 4437/5369/4437 4438/5370/4438
f 4435/5371/4435 4437/5369/4437 4436/5368/4436
f 4439/5372/4439 4441/5373/4441 4440/5374/4440
f 4440/5374/4440 4441/5373/4441 4442/5375/4442
f 4444/5376/4444 4446/5377/4446 4445/5378/4445
f 4443/5379/4443 4444/5376/4444 4445/5378/4445
f 4448/5380/4448 4450/5381/4450 4449/5382/4449
f 4447/5383/4447 4448/5380/4448 4449/5382/4449
f 4451/5384/4451 4452/5385/4452 4454/5386/4454
f 4452/5385/4452 4453/5387/4453 4454/5386/4454
f 4453/5387/4453 4455/5388/4455 4454/5386/4454
f 4456/5389/4456 4459/5390/4459 4458/5391/4458
f 4457/5392/4457 4456/5389/4456 4458/5391/4458
f 4461/5393/4461 4463/5394/4463 4462/5395/4462
f 4460/5396/4460 4461/5393/4461 4462/5395/4462
f 4465/5397/4465 4466/5398/4466 4467/5399/4467
f 4464/5400/4464 4465/5397/4465 4467/5399/4467
f 4466/5398/4466 4468/5401/4468 4467/5399/4467
f 4469/5402/4469 4471/5403/4471 4472/5404/4472
f 4470/5405/4470 4469/5402/4469 4472/5404/4472
f 4473/5406/4473 4475/5407/4475 4477/5408/4477
f 4475/5407/4475 4476/5409/4476 4477/5408/4477
f 4474/5410/4474 4476/5409/4476 4475/5407/4475
f 4481/5411/4481 4482/5412/4482 4480/5413/4480
f 4479/5414/4479 4481/5411/4481 4480/5413/4480
f 4479/5415/4479 4478/5416/4478 4481/5417/4481
f 4483/5418/4483 4484/5419/4484 4485/5420/4485
f 4484/5419/4484 4486/5421/4486 4485/5420/4485
f 4488/5422/4488 4487/5423/4487 4489/5424/4489
f 4487/5423/4487 4490/5425/4490 4489/5424/4489
f 4492/5426/4492 4494/5427/4494 4493/5428/4493
f 4491/5429/4491 4492/5426/4492 4493/5428/4493
f 4495/5430/4495 4497/5431/4497 4498/5432/4498
f 4496/5433/4496 4495/5430/4495 4498/5432/4498
f 4504/5434/4504 4505/5435/4505 4500/5436/4500
f 4502/5437/4502 4504/5438/4504 4501/5439/4501
f 4499/5440/4499 4500/5441/4500 4505/5442/4505
f 4499/5443/4499 4505/5435/4505 4503/5444/4503
f 4504/5434/4504 4500/5436/4500 4501/5445/4501
f 4508/5446/4508 4512/5447/4512 4511/5448/4511
f 4507/5449/4507 4509/5450/4509 4512/5451/4512
f 4508/5452/4508 4507/5449/4507 4512/5451/4512
f 4506/5453/4506 4510/5454/4510 4509/5450/4509
f 4507/5449/4507 4506/5453/4506 4509/5450/4509
f 4514/5455/4514 4516/5456/4516 4515/5457/4515
f 4513/5458/4513 4514/5455/4514 4515/5457/4515
f 4518/5459/4518 4520/5460/4520 4519/5461/4519
f 4517/5462/4517 4518/5459/4518 4519/5461/4519
f 4521/5463/4521 4522/5464/4522 4523/5465/4523
f 4522/5466/4522 4524/5467/4524 4523/5468/4523
f 4525/5469/4525 4526/5470/4526 4527/5471/4527
f 4526/5472/4526 4528/5473/4528 4527/5474/4527
f 4529/5475/4529 4530/5476/4530 4531/5477/4531
f 4530/5476/4530 4532/5478/4532 4531/5477/4531
f 4534/5479/4534 4533/5480/4533 4535/5481/4535
f 4537/5482/4537 4536/5483/4536 4538/5484/4538
f 4540/5485/4540 4539/5486/4539 4541/5487/4541
f 4543/5488/4543 4542/5489/4542 4544/5490/4544
f 4547/5491/4547 4545/5492/4545 4546/5493/4546
f 4549/5494/4549 4550/5495/4550 4548/5496/4548
f 4553/5497/4553 4552/5498/4552 4551/5499/4551
f 4555/5500/4555 4554/5501/4554 4556/5502/4556
f 4558/5503/4558 4557/5504/4557 4559/5505/4559
f 4561/5506/4561 4560/5507/4560 4562/5508/4562
f 4563/5509/4563 4564/5510/4564 4565/5511/4565
f 4568/5512/4568 4566/5513/4566 4567/5514/4567
f 4571/5515/4571 4570/5516/4570 4569/5517/4569
f 4574/5518/4574 4573/5519/4573 4572/5520/4572
f 4575/5521/4575 4576/5522/4576 4577/5523/4577
f 4578/5524/4578 4580/5525/4580 4579/5526/4579
f 4582/5527/4582 4583/5528/4583 4581/5529/4581
f 4586/5530/4586 4584/5531/4584 4585/5532/4585
f 4588/5533/4588 4589/5534/4589 4587/5535/4587
f 4590/5536/4590 4592/5537/4592 4591/5538/4591
f 4594/5539/4594 4593/5540/4593 4595/5541/4595
f 4596/5542/4596 4597/5543/4597 4598/5544/4598
f 4600/5545/4600 4601/5546/4601 4599/5547/4599
f 4604/5548/4604 4603/5549/4603 4602/5550/4602
f 4607/5551/4607 4605/5552/4605 4606/5553/4606
f 4610/5554/4610 4608/5555/4608 4609/5556/4609
f 4612/5557/4612 4613/5558/4613 4611/5559/4611
f 4616/5560/4616 4615/5561/4615 4614/5562/4614
f 4618/5563/4618 4619/5564/4619 4617/5565/4617
f 4621/5566/4621 4622/5567/4622 4620/5568/4620
f 4624/5569/4624 4625/5570/4625 4623/5571/4623
f 4628/5572/4628 4627/5573/4627 4626/5574/4626
f 4631/5575/4631 4630/5576/4630 4629/5577/4629
f 4632/5578/4632 4634/5579/4634 4633/5580/4633
f 4635/5581/4635 4637/5582/4637 4636/5583/4636
f 4638/5584/4638 4639/5585/4639 4640/5586/4640
f 4642/5587/4642 4643/5588/4643 4641/5589/4641
f 4644/5590/4644 4645/5591/4645 4646/5592/4646
f 4648/5593/4648 4647/5594/4647 4649/5595/4649
f 4652/5596/4652 4651/5597/4651 4650/5598/4650
f 4654/5599/4654 4653/5600/4653 4655/5601/4655
f 4658/5602/4658 4657/5603/4657 4656/5604/4656
f 4660/5605/4660 4661/5606/4661 4659/5607/4659
f 4662/5608/4662 4663/5609/4663 4664/5610/4664
f 4665/5611/4665 4666/5612/4666 4667/5613/4667
f 4668/5614/4668 4669/5615/4669 4670/5616/4670
f 4673/5617/4673 4671/5618/4671 4672/5619/4672
f 4676/5620/4676 4675/5621/4675 4674/5622/4674
f 4679/5623/4679 4678/5624/4678 4677/5625/4677
f 4682/5626/4682 4680/5627/4680 4681/5628/4681
f 4685/5629/4685 4684/5630/4684 4683/5631/4683
f 4688/5632/4688 4686/5633/4686 4687/5634/4687
f 4689/5635/4689 4691/5636/4691 4690/5637/4690
f 4693/5638/4693 4694/5639/4694 4692/5640/4692
f 4695/5641/4695 4696/5642/4696 4697/5643/4697
f 4698/5644/4698 4700/5645/4700 4699/5646/4699
f 4701/5647/4701 4702/5648/4702 4703/5649/4703
f 4706/5650/4706 4705/5651/4705 4704/5652/4704
f 4707/5653/4707 4708/5654/4708 4709/5655/4709
f 4711/5656/4711 4712/5657/4712 4710/5658/4710
f 4713/5659/4713 4715/5660/4715 4714/5661/4714
f 4716/5662/4716 4717/5663/4717 4718/5664/4718
f 4719/5665/4719 4720/5666/4720 4721/5667/4721
f 4724/5668/4724 4722/5669/4722 4723/5670/4723
f 4727/5671/4727 4725/5672/4725 4726/5673/4726
f 4729/5674/4729 4730/5675/4730 4728/5676/4728
f 4733/5677/4733 4732/5678/4732 4731/5679/4731
f 4735/5680/4735 4736/5681/4736 4734/5682/4734
f 4739/5683/4739 4738/5684/4738 4737/5685/4737
f 4741/5686/4741 4742/5687/4742 4740/5688/4740
f 4745/5689/4745 4744/5690/4744 4743/5691/4743
f 4747/5692/4747 4748/5693/4748 4746/5694/4746
f 4749/5695/4749 4750/5696/4750 4751/5697/4751
f 4752/5698/4752 4753/5699/4753 4754/5700/4754
f 4757/5701/4757 4755/5702/4755 4756/5703/4756
f 4759/5704/4759 4758/5705/4758 4760/5706/4760
f 4762/5707/4762 4763/5708/4763 4761/5709/4761
f 4765/5710/4765 4766/5711/4766 4764/5712/4764
f 4767/5713/4767 4769/5714/4769 4768/5715/4768
f 4771/5716/4771 4770/5717/4770 4772/5718/4772
f 4773/5719/4773 4774/5720/4774 4775/5721/4775
f 4777/5722/4777 4776/5723/4776 4778/5724/4778
f 4781/5725/4781 4780/5726/4780 4779/5727/4779
f 4784/5728/4784 4783/5729/4783 4782/5730/4782
f 4785/5731/4785 4787/5732/4787 4786/5733/4786
f 4790/5734/4790 4789/5735/4789 4788/5736/4788
f 4793/5737/4793 4792/5738/4792 4791/5739/4791
f 4795/5740/4795 4796/5741/4796 4794/5742/4794
f 4799/5743/4799 4798/5744/4798 4797/5745/4797
f 4802/5746/4802 4801/5747/4801 4800/5748/4800
f 4803/5749/4803 4805/5750/4805 4804/5751/4804
f 4807/5752/4807 4806/5753/4806 4808/5754/4808
f 4810/5755/4810 4809/5756/4809 4811/5757/4811
f 4813/5758/4813 4814/5759/4814 4812/5760/4812
f 4816/5761/4816 4815/5762/4815 4817/5763/4817
f 4820/5764/4820 4819/5765/4819 4818/5766/4818
f 4823/5767/4823 4821/5768/4821 4822/5769/4822
f 4825/5770/4825 4824/5771/4824 4826/5772/4826
f 4828/5773/4828 4829/5774/4829 4827/5775/4827
f 4830/5776/4830 4832/5777/4832 4831/5778/4831
f 4833/5779/4833 4834/5780/4834 4835/5781/4835
f 4836/5782/4836 4837/5783/4837 4838/5784/4838
f 4840/5785/4840 4841/5786/4841 4839/5787/4839
f 4842/5788/4842 4843/5789/4843 4844/5790/4844
f 4847/5791/4847 4845/5792/4845 4846/5793/4846
f 4850/5794/4850 4849/5795/4849 4848/5796/4848
f 4853/5797/4853 4851/5798/4851 4852/5799/4852
f 4855/5800/4855 4856/5801/4856 4854/5802/4854
f 4857/5803/4857 4858/5804/4858 4859/5805/4859
f 4862/5806/4862 4861/5807/4861 4860/5808/4860
f 4864/5809/4864 4865/5810/4865 4863/5811/4863
f 4868/5812/4868 4866/5813/4866 4867/5814/4867
f 4869/5815/4869 4870/5816/4870 4871/5817/4871
f 4873/5818/4873 4872/5819/4872 4874/5820/4874
f 4875/5821/4875 4877/5822/4877 4876/5823/4876
f 4879/5824/4879 4878/5825/4878 4880/5826/4880
f 4881/5827/4881 4883/5828/4883 4882/5829/4882
f 4884/5830/4884 4885/5831/4885 4886/5832/4886
f 4887/5833/4887 4889/5834/4889 4888/5835/4888
f 4891/5836/4891 4890/5837/4890 4892/5838/4892
f 4893/5839/4893 4895/5840/4895 4894/5841/4894
f 4897/5842/4897 4896/5843/4896 4898/5844/4898
f 4899/5845/4899 4901/5846/4901 4900/5847/4900
f 4903/5848/4903 4902/5849/4902 4904/5850/4904
f 4905/5851/4905 4906/5852/4906 4907/5853/4907
f 4908/5854/4908 4909/5855/4909 4910/5856/4910
f 4912/5857/4912 4911/5858/4911 4913/5859/4913
f 4914/5860/4914 4916/5861/4916 4915/5862/4915
f 4917/5863/4917 4918/5864/4918 4919/5865/4919
f 4921/5866/4921 4920/5867/4920 4922/5868/4922
f 4923/5869/4923 4924/5870/4924 4925/5871/4925
f 4927/5872/4927 4926/5873/4926 4928/5874/4928
f 4931/5875/4931 4930/5876/4930 4929/5877/4929
f 4934/5878/4934 4933/5879/4933 4932/5880/4932
f 4936/5881/4936 4937/5882/4937 4935/5883/4935
f 4940/5884/4940 4939/5885/4939 4938/5886/4938
f 4942/5887/4942 4941/5888/4941 4943/5889/4943
f 4944/5890/4944 4946/5891/4946 4945/5892/4945
f 4948/5893/4948 4947/5894/4947 4949/5895/4949
f 4951/5896/4951 4950/5897/4950 4952/5898/4952
f 4953/5899/4953 4954/5900/4954 4955/5901/4955
f 4956/5902/4956 4957/5903/4957 4958/5904/4958
f 4959/5905/4959 4960/5906/4960 4961/5907/4961
f 4962/5908/4962 4963/5909/4963 4964/5910/4964
f 4965/5911/4965 4966/5912/4966 4967/5913/4967
f 4969/5914/4969 4968/5915/4968 4970/5916/4970
f 4971/5917/4971 4972/5918/4972 4973/5919/4973
f 4974/5920/4974 4975/5921/4975 4976/5922/4976
f 4977/5923/4977 4979/5924/4979 4978/5925/4978
f 4981/5926/4981 4980/5927/4980 4982/5928/4982
f 4983/5929/4983 4985/5930/4985 4984/5931/4984
f 4986/5932/4986 4987/5933/4987 4988/5934/4988
f 4989/5935/4989 4990/5936/4990 4991/5937/4991
f 4994/5938/4994 4992/5939/4992 4993/5940/4993
f 4997/5941/4997 4996/5942/4996 4995/5943/4995
f 4998/5944/4998 5000/5945/5000 4999/5946/4999
f 5001/5947/5001 5003/5948/5003 5002/5949/5002
f 5004/5950/5004 5006/5951/5006 5005/5952/5005
f 5007/5953/5007 5009/5954/5009 5008/5955/5008
f 5010/5956/5010 5011/5957/5011 5012/5958/5012
f 5013/5959/5013 5015/5960/5015 5014/5961/5014
f 5016/5962/5016 5017/5963/5017 5018/5964/5018
f 5019/5965/5019 5021/5966/5021 5020/5967/5020
f 5022/5968/5022 5024/5969/5024 5023/5970/5023
f 5025/5971/5025 5026/5972/5026 5027/5973/5027
f 5028/5974/5028 5029/5975/5029 5030/5976/5030
f 5031/5977/5031 5032/5978/5032 5033/5979/5033
f 5034/5980/5034 5036/5981/5036 5035/5982/5035
f 5037/5983/5037 5038/5984/5038 5039/5985/5039
f 5040/5986/5040 5042/5987/5042 5041/5988/5041
f 5043/5989/5043 5044/5990/5044 5045/5991/5045
f 5046/5992/5046 5048/5993/5048 5047/5994/5047
f 5049/5995/5049 5051/5996/5051 5050/5997/5050
f 5052/5998/5052 5054/5999/5054 5053/6000/5053
f 5056/6001/5056 5057/6002/5057 5055/6003/5055
f 5058/6004/5058 5060/6005/5060 5059/6006/5059
f 5062/6007/5062 5061/6008/5061 5063/6009/5063
f 5064/6010/5064 5065/6011/5065 5066/6012/5066
f 5068/6013/5068 5069/6014/5069 5067/6015/5067
f 5070/6016/5070 5072/6017/5072 5071/6018/5071
f 5073/6019/5073 5074/6020/5074 5075/6021/5075
f 5076/6022/5076 5078/6023/5078 5077/6024/5077
f 5079/6025/5079 5080/6026/5080 5081/6027/5081
f 5082/6028/5082 5084/6029/5084 5083/6030/5083
f 5085/6031/5085 5086/6032/5086 5087/6033/5087
f 5089/6034/5089 5088/6035/5088 5090/6036/5090
f 5091/6037/5091 5092/6038/5092 5093/6039/5093
f 5094/6040/5094 5096/6041/5096 5095/6042/5095
f 5097/6043/5097 5099/6044/5099 5098/6045/5098
f 5100/6046/5100 5101/6047/5101 5102/6048/5102
f 5103/6049/5103 5104/6050/5104 5105/6051/5105
f 5106/6052/5106 5107/6053/5107 5108/6054/5108
f 5109/6055/5109 5111/6056/5111 5110/6057/5110
