# OneRobotics A1 visual mesh, derived from ecf530911284ba0e559f7a24dc222fd8e60d31ed
# Source STL SHA-256: d54268edba96a905bb4e0d39614233d822eb447ff5f2eedb2047d4308c1ecfa6
# Changes: surface-aware decimation, occluded-face removal, smooth normals and box-projected UVs.
o link1
v 0.0066752 0.0128671 0.0335506
v 0.0041013 0.0121646 0.0335514
v 0.0036383 0.0092047 0.0335493
v 0.0084893 0.0097078 0.0335502
v 0.0081564 0.0116373 0.0335500
v 0.0063468 0.0078042 0.0335498
v -0.0144656 0.0006908 0.0335485
v -0.0113134 -0.0024608 0.0335496
v -0.0095107 -0.0006845 0.0335503
v -0.0126866 0.0024608 0.0335496
v -0.0136870 -0.0019698 0.0335496
v -0.0103130 0.0019698 0.0335496
v 0.0057118 -0.0128959 0.0335502
v 0.0062882 -0.0078887 0.0335502
v 0.0078374 -0.0122059 0.0335502
v 0.0083617 -0.0092047 0.0335493
v 0.0041013 -0.0086201 0.0335514
v 0.0036383 -0.0115799 0.0335493
v 0.0066752 0.0128671 0.0335506
v 0.0041013 0.0121646 0.0335514
v 0.0081564 0.0116373 0.0335500
v 0.0078062 0.0123277 0.0287498
v 0.0054962 0.0128674 0.0287546
v 0.0036066 0.0114372 0.0287513
v 0.0084893 0.0097078 0.0335502
v 0.0081564 0.0116373 0.0335500
v 0.0078062 0.0123277 0.0287498
v 0.0084046 0.0093567 0.0287677
v 0.0084893 0.0097078 0.0335502
v 0.0063468 0.0078042 0.0335498
v 0.0084046 0.0093567 0.0287677
v 0.0064931 0.0079162 0.0287604
v 0.0036383 0.0092047 0.0335493
v 0.0063468 0.0078042 0.0335498
v 0.0064931 0.0079162 0.0287604
v 0.0047191 0.0081901 0.0287547
v 0.0037249 0.0093388 0.0287531
v 0.0041013 0.0121646 0.0335514
v 0.0036383 0.0092047 0.0335493
v 0.0037249 0.0093388 0.0287531
v 0.0036066 0.0114372 0.0287513
v -0.0144656 0.0006908 0.0335485
v -0.0126866 0.0024608 0.0335496
v -0.0121964 0.0025523 0.0287703
v -0.0142678 0.0012279 0.0287532
v -0.0126866 0.0024608 0.0335496
v -0.0103130 0.0019698 0.0335496
v -0.0104834 0.0020070 0.0287514
v -0.0121964 0.0025523 0.0287703
v -0.0095107 -0.0006845 0.0335503
v -0.0103130 0.0019698 0.0335496
v -0.0104834 0.0020070 0.0287514
v -0.0094685 0.0004614 0.0287452
v -0.0112456 0.0030340 0.0282582
v -0.0088407 0.0000157 0.0282630
v -0.0113134 -0.0024608 0.0335496
v -0.0095107 -0.0006845 0.0335503
v -0.0094685 0.0004614 0.0287452
v -0.0104390 -0.0020575 0.0287793
v -0.0113134 -0.0024608 0.0335496
v -0.0136870 -0.0019698 0.0335496
v -0.0104390 -0.0020575 0.0287793
v -0.0130804 -0.0023345 0.0287749
v -0.0144656 0.0006908 0.0335485
v -0.0136870 -0.0019698 0.0335496
v -0.0130804 -0.0023345 0.0287749
v -0.0145408 -0.0006370 0.0285459
v -0.0142678 0.0012279 0.0287532
v -0.0145009 0.0018419 0.0282552
v 0.0062882 -0.0078887 0.0335502
v 0.0041013 -0.0086201 0.0335514
v 0.0036066 -0.0093474 0.0287513
v 0.0057053 -0.0077154 0.0284565
v 0.0062882 -0.0078887 0.0335502
v 0.0083617 -0.0092047 0.0335493
v 0.0072822 -0.0081933 0.0287502
v 0.0085315 -0.0099309 0.0287452
v 0.0057053 -0.0077154 0.0284565
v 0.0087117 -0.0086749 0.0282581
v 0.0078374 -0.0122059 0.0335502
v 0.0083617 -0.0092047 0.0335493
v 0.0085315 -0.0099309 0.0287452
v 0.0079943 -0.0119171 0.0287560
v 0.0057118 -0.0128959 0.0335502
v 0.0078374 -0.0122059 0.0335502
v 0.0036383 -0.0115799 0.0335493
v 0.0079943 -0.0119171 0.0287560
v 0.0047191 -0.0125945 0.0287547
v 0.0037249 -0.0114458 0.0287531
v 0.0062947 -0.0130692 0.0284565
v 0.0037611 -0.0125174 0.0282567
v 0.0041013 -0.0086201 0.0335514
v 0.0036383 -0.0115799 0.0335493
v 0.0037249 -0.0114458 0.0287531
v 0.0036066 -0.0093474 0.0287513
v 0.0048791 0.0200029 0.0337472
v 0.0046265 0.0194508 0.0334428
v 0.0051638 0.0194080 0.0332477
v 0.0040365 0.0196067 0.0337458
v 0.0199143 -0.0053281 0.0332504
v 0.0198817 -0.0058172 0.0337523
v 0.0235018 -0.0070239 0.0332259
v 0.0235283 -0.0076487 0.0336099
v 0.0048791 0.0200029 0.0337472
v 0.0051638 0.0194080 0.0332477
v 0.0052217 0.0241830 0.0334274
v 0.0049580 0.0203005 0.0377500
v 0.0050182 0.0240369 0.0377500
v -0.0130804 -0.0023345 0.0287749
v -0.0145408 -0.0006370 0.0285459
v 0.0036066 -0.0093474 0.0287513
v 0.0048791 0.0200029 0.0337472
v 0.0046265 0.0194508 0.0334428
v 0.0051638 0.0194080 0.0332477
v 0.0040365 0.0196067 0.0337458
v 0.0190090 -0.0062763 0.0337373
v 0.0191139 -0.0059827 0.0335709
v -0.0198899 -0.0027674 0.0287432
v -0.0195103 -0.0017383 0.0282502
v -0.0196080 0.0025046 0.0283234
v -0.0183594 0.0081360 0.0287101
v -0.0079386 -0.0180490 0.0283271
v -0.0129797 -0.0153215 0.0287409
v -0.0124886 -0.0150726 0.0282493
v -0.0176096 -0.0096536 0.0287622
v -0.0176228 -0.0087231 0.0282506
v 0.0024578 -0.0198484 0.0287500
v 0.0008817 -0.0197620 0.0282486
v -0.0028637 -0.0198735 0.0287656
v 0.0085543 -0.0175650 0.0282498
v 0.0079772 -0.0184297 0.0287553
v 0.0135372 -0.0144615 0.0282928
v 0.0151881 -0.0130124 0.0287500
v 0.0173205 -0.0100000 0.0287500
v 0.0187656 -0.0064495 0.0283479
v 0.0155246 0.0127340 0.0287198
v 0.0177992 0.0087450 0.0283714
v 0.0199680 0.0024085 0.0288021
v 0.0194913 0.0022412 0.0282502
v 0.0195140 -0.0031288 0.0283365
v -0.0080082 0.0184126 0.0287202
v 0.0017514 0.0197583 0.0283503
v 0.0067919 0.0188640 0.0287176
v 0.0105582 0.0167472 0.0283329
v -0.0110346 0.0161752 0.0282489
v -0.0141517 0.0142422 0.0287748
v 0.0057966 0.0073299 0.0282512
v 0.0040588 0.0128392 0.0282530
v 0.0064896 0.0133815 0.0282514
v 0.0083240 0.0123025 0.0282533
v 0.0089937 0.0106192 0.0282513
v 0.0084524 0.0085011 0.0282549
v -0.0111393 -0.0029991 0.0282618
v -0.0142340 -0.0021208 0.0282633
v -0.0145009 0.0018419 0.0282552
v -0.0112456 0.0030340 0.0282582
v -0.0088407 0.0000157 0.0282630
v 0.0062947 -0.0130692 0.0284565
v 0.0030135 -0.0100153 0.0282500
v 0.0037896 -0.0082967 0.0282525
v 0.0057053 -0.0077154 0.0284565
v 0.0084524 -0.0122835 0.0282549
v 0.0103236 0.0172192 0.0332500
v 0.0201188 0.0008270 0.0332501
v 0.0158468 0.0123271 0.0332500
v 0.0184181 0.0077957 0.0332500
v 0.0049580 0.0203005 0.0377500
v 0.0043702 0.0196616 0.0377500
v 0.0178711 -0.0091080 0.0377500
v 0.0191946 -0.0060296 0.0377500
v -0.0039713 0.0196801 0.0377500
v -0.0108124 0.0169166 0.0377500
v -0.0151881 0.0130124 0.0377500
v -0.0180983 0.0086908 0.0377500
v -0.0200156 0.0015661 0.0377500
v -0.0195370 -0.0042787 0.0377500
v -0.0178421 -0.0092054 0.0377500
v -0.0133119 -0.0150290 0.0377500
v -0.0069838 -0.0188230 0.0377500
v -0.0012312 -0.0199621 0.0377500
v 0.0024578 -0.0198484 0.0377500
v 0.0060631 -0.0190588 0.0377500
v 0.0094619 -0.0176202 0.0377500
v 0.0137367 -0.0146418 0.0377500
v 0.0130770 0.0059500 0.0282500
v 0.0132551 0.0072548 0.0282500
v 0.0124913 0.0081356 0.0282500
v 0.0111866 0.0083138 0.0282500
v 0.0103057 0.0075500 0.0282500
v 0.0101276 0.0062452 0.0282500
v 0.0121961 0.0051862 0.0282500
v -0.0103057 -0.0075500 0.0282500
v -0.0101276 -0.0062452 0.0282500
v -0.0108913 -0.0053644 0.0282500
v -0.0121961 -0.0051862 0.0282500
v -0.0130770 -0.0059500 0.0282500
v -0.0132551 -0.0072548 0.0282500
v -0.0124913 -0.0081356 0.0282500
v -0.0111866 -0.0083138 0.0282500
v 0.0013856 -0.0143000 0.0282500
v -0.0005048 -0.0119362 0.0282500
v -0.0013856 -0.0127000 0.0282500
v 0.0005048 -0.0150638 0.0282500
v -0.0103057 0.0059500 0.0282500
v -0.0121961 0.0083138 0.0282500
v -0.0130770 0.0075500 0.0282500
v -0.0111866 0.0051862 0.0282500
v 0.0130770 -0.0075500 0.0282500
v 0.0132551 -0.0062452 0.0282500
v 0.0124913 -0.0053644 0.0282500
v 0.0111866 -0.0051862 0.0282500
v 0.0103057 -0.0059500 0.0282500
v 0.0101276 -0.0072548 0.0282500
v 0.0108913 -0.0081356 0.0282500
v 0.0121961 -0.0083138 0.0282500
v 0.0015638 0.0140048 0.0282500
v 0.0003448 0.0151066 0.0282500
v -0.0008000 0.0148856 0.0282500
v -0.0016066 0.0138447 0.0282500
v -0.0013856 0.0127000 0.0282500
v -0.0003448 0.0118934 0.0282500
v 0.0012190 0.0123981 0.0282500
v 0.0087117 -0.0086749 0.0282581
v -0.0101276 0.0072548 0.0282500
v -0.0164175 -0.0006250 0.0282500
v 0.0153161 0.0027529 0.0282500
v 0.0134068 0.0141941 0.0282499
v -0.0034825 0.0194780 0.0282973
v -0.0091443 0.0163771 0.0282500
v -0.0171057 -0.0012217 0.0282500
v -0.0077261 -0.0176350 0.0282500
v -0.0008000 -0.0148856 0.0282500
v 0.0036476 -0.0174576 0.0282500
v 0.0098959 -0.0004555 0.0282500
v 0.0169138 -0.0012087 0.0282500
v 0.0162438 0.0002737 0.0282501
v 0.0174033 0.0013399 0.0282500
v 0.0187217 0.0003943 0.0282500
v 0.0184524 -0.0008608 0.0282500
v 0.0106705 -0.0088188 0.0282500
v 0.0095036 -0.0162675 0.0282500
v 0.0070708 -0.0150537 0.0282500
v 0.0080285 -0.0140289 0.0282499
v 0.0098620 -0.0144018 0.0282500
v 0.0078892 -0.0161078 0.0282500
v 0.0075000 -0.0151554 0.0282500
v -0.0039946 -0.0147535 0.0282500
v -0.0114093 -0.0155085 0.0282500
v -0.0157858 -0.0070918 0.0282500
v -0.0132551 0.0062452 0.0282500
v -0.0100062 0.0154292 0.0282501
v -0.0168035 0.0101685 0.0282494
v -0.0098325 0.0145304 0.0282500
v 0.0098620 0.0159091 0.0282500
v 0.0098325 0.0145304 0.0282500
v -0.0016932 0.0173173 0.0282500
v 0.0074938 0.0154292 0.0282501
v 0.0083557 0.0163771 0.0282500
v 0.0091443 0.0139338 0.0282500
v 0.0078892 0.0142031 0.0282500
v 0.0094781 0.0061235 0.0282500
v 0.0115323 0.0096816 0.0282500
v -0.0044637 0.0005208 0.0282500
v -0.0124913 0.0053644 0.0282500
v -0.0108913 0.0081356 0.0282500
v 0.0015638 -0.0129953 0.0282500
v -0.0015638 -0.0140048 0.0282500
v -0.0018718 -0.0105150 0.0282500
v -0.0183608 -0.0009523 0.0282500
v -0.0129726 0.0048315 0.0282500
v -0.0163880 0.0007536 0.0282500
v -0.0178943 0.0012217 0.0282500
v -0.0074948 0.0148861 0.0282500
v -0.0078892 0.0161078 0.0282500
v -0.0086533 0.0138156 0.0282500
v 0.0029643 0.0093880 0.0282586
v -0.0067275 -0.0073994 0.0282500
v 0.0037611 -0.0125174 0.0282567
v 0.0108913 0.0053644 0.0282500
v 0.0008000 -0.0121144 0.0282500
v 0.0033991 -0.0040188 0.0282500
v -0.0007015 -0.0084880 0.0282500
v -0.0136544 -0.0034001 0.0282500
v -0.0187562 0.0002737 0.0282501
v 0.0006905 -0.0030569 0.0282500
v -0.0048059 -0.0125769 0.0282500
v -0.0078892 -0.0142031 0.0282500
v -0.0074948 -0.0154248 0.0282500
v -0.0083557 -0.0163771 0.0282500
v -0.0096108 -0.0161078 0.0282500
v -0.0100062 -0.0148817 0.0282501
v -0.0091443 -0.0139338 0.0282500
v 0.0024578 -0.0198484 0.0287500
v 0.0008817 -0.0197620 0.0282486
v 0.0085543 -0.0175650 0.0282498
v 0.0079772 -0.0184297 0.0287553
v 0.0135372 -0.0144615 0.0282928
v 0.0177992 0.0087450 0.0283714
v 0.0199680 0.0024085 0.0288021
v 0.0194913 0.0022412 0.0282502
v 0.0195140 -0.0031288 0.0283365
v 0.0084046 0.0093567 0.0287677
v 0.0064931 0.0079162 0.0287604
v 0.0057966 0.0073299 0.0282512
v 0.0084524 0.0085011 0.0282549
v 0.0047191 0.0081901 0.0287547
v 0.0037249 0.0093388 0.0287531
v 0.0036066 0.0114372 0.0287513
v 0.0029643 0.0093880 0.0282586
v 0.0078062 0.0123277 0.0287498
v 0.0054962 0.0128674 0.0287546
v 0.0036066 0.0114372 0.0287513
v 0.0040588 0.0128392 0.0282530
v 0.0064896 0.0133815 0.0282514
v 0.0083240 0.0123025 0.0282533
v 0.0078062 0.0123277 0.0287498
v 0.0084046 0.0093567 0.0287677
v 0.0083240 0.0123025 0.0282533
v 0.0089937 0.0106192 0.0282513
v 0.0085315 -0.0099309 0.0287452
v 0.0079943 -0.0119171 0.0287560
v 0.0062947 -0.0130692 0.0284565
v 0.0084524 -0.0122835 0.0282549
v 0.0047191 -0.0125945 0.0287547
v 0.0037249 -0.0114458 0.0287531
v 0.0036066 -0.0093474 0.0287513
v 0.0030135 -0.0100153 0.0282500
v 0.0037896 -0.0082967 0.0282525
v 0.0037611 -0.0125174 0.0282567
v 0.0248000 0.0002498 0.0335513
v 0.0248000 0.0002500 0.0407500
v 0.0248000 -0.0002500 0.0407500
v 0.0246934 -0.0002520 0.0333665
v -0.0126707 -0.0214352 0.0407500
v -0.0121835 -0.0216024 0.0377500
v -0.0126165 -0.0213524 0.0377500
v -0.0122303 -0.0216895 0.0407500
v 0.0051638 0.0194080 0.0332477
v 0.0191139 -0.0059827 0.0335709
v 0.0199143 -0.0053281 0.0332504
v 0.0235018 -0.0070239 0.0332259
v 0.0052217 0.0241830 0.0334274
v 0.0115913 0.0215972 0.0332500
v 0.0190043 0.0155407 0.0332504
v 0.0103236 0.0172192 0.0332500
v 0.0241579 0.0045202 0.0332509
v 0.0246934 -0.0002520 0.0333665
v 0.0201188 0.0008270 0.0332501
v 0.0158468 0.0123271 0.0332500
v 0.0222072 0.0103484 0.0332500
v 0.0184181 0.0077957 0.0332500
v 0.0238482 -0.0074487 0.0337471
v 0.0235283 -0.0076487 0.0336099
v 0.0249988 -0.0002500 0.0337500
v 0.0147850 0.0199726 0.0334787
v 0.0247497 -0.0038846 0.0337523
v -0.0126707 -0.0214352 0.0407500
v -0.0248658 -0.0002537 0.0377500
v -0.0248988 0.0002530 0.0377500
v 0.0054037 0.0244108 0.0337405
v -0.0128296 -0.0216042 0.0377500
v 0.0122734 0.0219010 0.0337648
v 0.0122829 0.0217746 0.0407500
v 0.0053815 0.0244141 0.0377500
v 0.0054715 0.0243792 0.0377503
v -0.0014805 0.0250281 0.0377500
v -0.0189393 0.0164315 0.0377513
v -0.0246414 0.0042189 0.0377500
v -0.0231439 0.0096416 0.0377500
v -0.0128428 0.0215328 0.0377500
v -0.0070108 0.0239968 0.0377500
v -0.0245303 -0.0053622 0.0377467
v -0.0215382 -0.0128123 0.0377500
v -0.0183990 -0.0169256 0.0377500
v -0.0249424 0.0000000 0.0407493
v -0.0243793 -0.0057124 0.0407500
v -0.0173872 -0.0180481 0.0407500
v 0.0090226 0.0233456 0.0407503
v 0.0048309 0.0245288 0.0407500
v 0.0008721 0.0249848 0.0407500
v -0.0031088 0.0248059 0.0407500
v -0.0085932 0.0235532 0.0407500
v -0.0152120 0.0199041 0.0407500
v -0.0195050 0.0156858 0.0407500
v -0.0220735 0.0117371 0.0407500
v -0.0236580 0.0080807 0.0407500
v -0.0246414 0.0042189 0.0407500
v -0.0225087 -0.0108793 0.0407500
v -0.0206761 -0.0140535 0.0407500
v 0.0191139 -0.0059827 0.0335709
v 0.0198817 -0.0058172 0.0337523
v 0.0191946 -0.0060296 0.0377500
v 0.0201051 -0.0058629 0.0377500
v 0.0198817 -0.0058172 0.0337523
v 0.0235283 -0.0076487 0.0336099
v 0.0201051 -0.0058629 0.0377500
v 0.0234299 -0.0076920 0.0377500
v 0.0132551 0.0062452 0.0342500
v 0.0130770 0.0059500 0.0282500
v 0.0130770 0.0075500 0.0342500
v 0.0132551 0.0072548 0.0282500
v 0.0130770 0.0075500 0.0342500
v 0.0132551 0.0072548 0.0282500
v 0.0121961 0.0083138 0.0342500
v 0.0124913 0.0081356 0.0282500
v 0.0121961 0.0083138 0.0342500
v 0.0124913 0.0081356 0.0282500
v 0.0108913 0.0081356 0.0342500
v 0.0111866 0.0083138 0.0282500
v 0.0108913 0.0081356 0.0342500
v 0.0111866 0.0083138 0.0282500
v 0.0101276 0.0072548 0.0342500
v 0.0103057 0.0075500 0.0282500
v 0.0101276 0.0072548 0.0342500
v 0.0103057 0.0075500 0.0282500
v 0.0103057 0.0059500 0.0342500
v 0.0101276 0.0062452 0.0282500
v 0.0103057 0.0059500 0.0342500
v 0.0101276 0.0062452 0.0282500
v 0.0111866 0.0051862 0.0342500
v 0.0108913 0.0053644 0.0282500
v 0.0111866 0.0051862 0.0342500
v 0.0124913 0.0053644 0.0342500
v 0.0121961 0.0051862 0.0282500
v 0.0108913 0.0053644 0.0282500
v 0.0132551 0.0062452 0.0342500
v 0.0130770 0.0059500 0.0282500
v 0.0124913 0.0053644 0.0342500
v 0.0121961 0.0051862 0.0282500
v -0.0101276 -0.0072548 0.0342500
v -0.0103057 -0.0075500 0.0282500
v -0.0103057 -0.0059500 0.0342500
v -0.0101276 -0.0062452 0.0282500
v -0.0103057 -0.0059500 0.0342500
v -0.0101276 -0.0062452 0.0282500
v -0.0111866 -0.0051862 0.0342500
v -0.0108913 -0.0053644 0.0282500
v -0.0111866 -0.0051862 0.0342500
v -0.0108913 -0.0053644 0.0282500
v -0.0124913 -0.0053644 0.0342500
v -0.0121961 -0.0051862 0.0282500
v -0.0124913 -0.0053644 0.0342500
v -0.0121961 -0.0051862 0.0282500
v -0.0132551 -0.0062452 0.0342500
v -0.0130770 -0.0059500 0.0282500
v -0.0132551 -0.0062452 0.0342500
v -0.0130770 -0.0059500 0.0282500
v -0.0130770 -0.0075500 0.0342500
v -0.0132551 -0.0072548 0.0282500
v -0.0130770 -0.0075500 0.0342500
v -0.0132551 -0.0072548 0.0282500
v -0.0121961 -0.0083138 0.0342500
v -0.0124913 -0.0081356 0.0282500
v -0.0121961 -0.0083138 0.0342500
v -0.0124913 -0.0081356 0.0282500
v -0.0108913 -0.0081356 0.0342500
v -0.0111866 -0.0083138 0.0282500
v -0.0101276 -0.0072548 0.0342500
v -0.0103057 -0.0075500 0.0282500
v -0.0108913 -0.0081356 0.0342500
v -0.0111866 -0.0083138 0.0282500
v 0.0015638 -0.0140048 0.0342500
v 0.0013856 -0.0143000 0.0282500
v 0.0013856 -0.0127000 0.0342500
v 0.0015638 -0.0129953 0.0282500
v 0.0013856 -0.0127000 0.0342500
v 0.0005048 -0.0119362 0.0342500
v 0.0015638 -0.0129953 0.0282500
v 0.0008000 -0.0121144 0.0282500
v 0.0005048 -0.0119362 0.0342500
v -0.0008000 -0.0121144 0.0342500
v -0.0005048 -0.0119362 0.0282500
v 0.0008000 -0.0121144 0.0282500
v -0.0008000 -0.0121144 0.0342500
v -0.0005048 -0.0119362 0.0282500
v -0.0015638 -0.0129952 0.0342500
v -0.0013856 -0.0127000 0.0282500
v -0.0015638 -0.0129952 0.0342500
v -0.0013856 -0.0127000 0.0282500
v -0.0013856 -0.0143000 0.0342500
v -0.0015638 -0.0140048 0.0282500
v -0.0013856 -0.0143000 0.0342500
v -0.0005048 -0.0150638 0.0342500
v -0.0008000 -0.0148856 0.0282500
v -0.0015638 -0.0140048 0.0282500
v -0.0005048 -0.0150638 0.0342500
v 0.0008000 -0.0148856 0.0342500
v 0.0005048 -0.0150638 0.0282500
v -0.0008000 -0.0148856 0.0282500
v 0.0015638 -0.0140048 0.0342500
v 0.0013856 -0.0143000 0.0282500
v 0.0008000 -0.0148856 0.0342500
v 0.0005048 -0.0150638 0.0282500
v -0.0101276 0.0062452 0.0342500
v -0.0103057 0.0059500 0.0282500
v -0.0103057 0.0075500 0.0342500
v -0.0101276 0.0072548 0.0282500
v -0.0103057 0.0075500 0.0342500
v -0.0111866 0.0083138 0.0342500
v -0.0101276 0.0072548 0.0282500
v -0.0108913 0.0081356 0.0282500
v -0.0111866 0.0083138 0.0342500
v -0.0124913 0.0081356 0.0342500
v -0.0121961 0.0083138 0.0282500
v -0.0108913 0.0081356 0.0282500
v -0.0124913 0.0081356 0.0342500
v -0.0121961 0.0083138 0.0282500
v -0.0132551 0.0072548 0.0342500
v -0.0130770 0.0075500 0.0282500
v -0.0132551 0.0072548 0.0342500
v -0.0130770 0.0075500 0.0282500
v -0.0130770 0.0059500 0.0342500
v -0.0132551 0.0062452 0.0282500
v -0.0130770 0.0059500 0.0342500
v -0.0121961 0.0051862 0.0342500
v -0.0132551 0.0062452 0.0282500
v -0.0124913 0.0053644 0.0282500
v -0.0121961 0.0051862 0.0342500
v -0.0108913 0.0053644 0.0342500
v -0.0111866 0.0051862 0.0282500
v -0.0124913 0.0053644 0.0282500
v -0.0101276 0.0062452 0.0342500
v -0.0103057 0.0059500 0.0282500
v -0.0108913 0.0053644 0.0342500
v -0.0111866 0.0051862 0.0282500
v 0.0132551 -0.0072548 0.0342500
v 0.0130770 -0.0075500 0.0282500
v 0.0130770 -0.0059500 0.0342500
v 0.0132551 -0.0062452 0.0282500
v 0.0130770 -0.0059500 0.0342500
v 0.0132551 -0.0062452 0.0282500
v 0.0121961 -0.0051862 0.0342500
v 0.0124913 -0.0053644 0.0282500
v 0.0121961 -0.0051862 0.0342500
v 0.0124913 -0.0053644 0.0282500
v 0.0108913 -0.0053644 0.0342500
v 0.0111866 -0.0051862 0.0282500
v 0.0108913 -0.0053644 0.0342500
v 0.0111866 -0.0051862 0.0282500
v 0.0101276 -0.0062452 0.0342500
v 0.0103057 -0.0059500 0.0282500
v 0.0101276 -0.0062452 0.0342500
v 0.0103057 -0.0059500 0.0282500
v 0.0103057 -0.0075500 0.0342500
v 0.0101276 -0.0072548 0.0282500
v 0.0103057 -0.0075500 0.0342500
v 0.0101276 -0.0072548 0.0282500
v 0.0111866 -0.0083138 0.0342500
v 0.0108913 -0.0081356 0.0282500
v 0.0111866 -0.0083138 0.0342500
v 0.0108913 -0.0081356 0.0282500
v 0.0124913 -0.0081356 0.0342500
v 0.0121961 -0.0083138 0.0282500
v 0.0132551 -0.0072548 0.0342500
v 0.0130770 -0.0075500 0.0282500
v 0.0124913 -0.0081356 0.0342500
v 0.0121961 -0.0083138 0.0282500
v 0.0015638 0.0129952 0.0342500
v 0.0012190 0.0146019 0.0342500
v 0.0015638 0.0140048 0.0282500
v 0.0012190 0.0123981 0.0282500
v 0.0012190 0.0146019 0.0342500
v 0.0015638 0.0140048 0.0282500
v -0.0000000 0.0151000 0.0342500
v 0.0003448 0.0151066 0.0282500
v -0.0000000 0.0151000 0.0342500
v 0.0003448 0.0151066 0.0282500
v -0.0011019 0.0147190 0.0342500
v -0.0008000 0.0148856 0.0282500
v -0.0011019 0.0147190 0.0342500
v -0.0008000 0.0148856 0.0282500
v -0.0016000 0.0135000 0.0342500
v -0.0016066 0.0138447 0.0282500
v -0.0016000 0.0135000 0.0342500
v -0.0016066 0.0138447 0.0282500
v -0.0012190 0.0123981 0.0342500
v -0.0013856 0.0127000 0.0282500
v -0.0012190 0.0123981 0.0342500
v -0.0013856 0.0127000 0.0282500
v -0.0003448 0.0118934 0.0282500
v 0.0003448 0.0118934 0.0342500
v 0.0015638 0.0129952 0.0342500
v -0.0003448 0.0118934 0.0282500
v 0.0003448 0.0118934 0.0342500
v 0.0012190 0.0123981 0.0282500
v 0.0248000 0.0002498 0.0335513
v 0.0248000 0.0002500 0.0407500
v 0.0249988 0.0002500 0.0407500
v 0.0250566 0.0002635 0.0337648
v 0.0126162 0.0213526 0.0335496
v 0.0126165 0.0213524 0.0407500
v 0.0127159 0.0215246 0.0337500
v 0.0127159 0.0215246 0.0407500
v 0.0238482 -0.0074487 0.0337471
v 0.0235283 -0.0076487 0.0336099
v 0.0238660 -0.0074488 0.0377500
v 0.0234299 -0.0076920 0.0377500
v 0.0052217 0.0241830 0.0334274
v 0.0115913 0.0215972 0.0332500
v 0.0126162 0.0213526 0.0335496
v 0.0121836 0.0216023 0.0335513
v 0.0054037 0.0244108 0.0337405
v 0.0127159 0.0215246 0.0337500
v 0.0147850 0.0199726 0.0334787
v 0.0122734 0.0219010 0.0337648
v 0.0248000 0.0002498 0.0335513
v 0.0190043 0.0155407 0.0332504
v 0.0241579 0.0045202 0.0332509
v 0.0246934 -0.0002520 0.0333665
v 0.0222072 0.0103484 0.0332500
v 0.0250566 0.0002635 0.0337648
v 0.0147850 0.0199726 0.0334787
v 0.0244689 0.0051699 0.0337486
v 0.0230080 0.0098596 0.0337474
v 0.0201302 0.0148679 0.0337424
v 0.0168138 0.0185081 0.0337607
v -0.0121835 -0.0216024 0.0377500
v -0.0126165 -0.0213524 0.0377500
v -0.0248658 -0.0002537 0.0377500
v -0.0248988 0.0002530 0.0377500
v 0.0049580 0.0203005 0.0377500
v 0.0043702 0.0196616 0.0377500
v 0.0178711 -0.0091080 0.0377500
v 0.0191946 -0.0060296 0.0377500
v -0.0039713 0.0196801 0.0377500
v -0.0108124 0.0169166 0.0377500
v -0.0151881 0.0130124 0.0377500
v -0.0180983 0.0086908 0.0377500
v -0.0200156 0.0015661 0.0377500
v -0.0195370 -0.0042787 0.0377500
v -0.0178421 -0.0092054 0.0377500
v -0.0133119 -0.0150290 0.0377500
v -0.0069838 -0.0188230 0.0377500
v -0.0012312 -0.0199621 0.0377500
v 0.0024578 -0.0198484 0.0377500
v 0.0060631 -0.0190588 0.0377500
v 0.0094619 -0.0176202 0.0377500
v 0.0137367 -0.0146418 0.0377500
v 0.0201051 -0.0058629 0.0377500
v -0.0122829 -0.0217746 0.0377500
v 0.0238660 -0.0074488 0.0377500
v 0.0234299 -0.0076920 0.0377500
v -0.0128296 -0.0216042 0.0377500
v 0.0053815 0.0244141 0.0377500
v -0.0014805 0.0250281 0.0377500
v 0.0050182 0.0240369 0.0377500
v -0.0189393 0.0164315 0.0377513
v -0.0246414 0.0042189 0.0377500
v -0.0231439 0.0096416 0.0377500
v -0.0128428 0.0215328 0.0377500
v -0.0070108 0.0239968 0.0377500
v -0.0245303 -0.0053622 0.0377467
v -0.0215382 -0.0128123 0.0377500
v -0.0183990 -0.0169256 0.0377500
v 0.0212331 -0.0133672 0.0377495
v 0.0172765 -0.0180700 0.0377500
v 0.0054385 -0.0244749 0.0377500
v 0.0128428 -0.0215328 0.0377500
v -0.0064467 -0.0242289 0.0377500
v -0.0008721 -0.0249848 0.0377500
v 0.0052217 0.0241830 0.0334274
v 0.0054037 0.0244108 0.0337405
v 0.0053815 0.0244141 0.0377500
v 0.0050182 0.0240369 0.0377500
v 0.0169138 -0.0012087 0.0282500
v 0.0162438 0.0002737 0.0282501
v 0.0165003 0.0008576 0.0402590
v 0.0164187 -0.0007326 0.0402044
v 0.0162438 0.0002737 0.0282501
v 0.0174033 0.0013399 0.0282500
v 0.0165003 0.0008576 0.0402590
v 0.0178546 0.0012322 0.0402363
v 0.0174033 0.0013399 0.0282500
v 0.0187217 0.0003943 0.0282500
v 0.0178546 0.0012322 0.0402363
v 0.0185825 0.0006250 0.0402500
v 0.0169138 -0.0012087 0.0282500
v 0.0187217 0.0003943 0.0282500
v 0.0184524 -0.0008608 0.0282500
v 0.0185825 0.0006250 0.0402500
v 0.0187322 -0.0003546 0.0402363
v 0.0178090 -0.0012445 0.0402363
v 0.0074938 0.0154292 0.0282501
v 0.0078892 0.0142031 0.0282500
v 0.0076687 0.0144228 0.0402044
v 0.0077466 0.0160094 0.0402540
v 0.0098620 0.0159091 0.0282500
v 0.0074938 0.0154292 0.0282501
v 0.0083557 0.0163771 0.0282500
v 0.0077466 0.0160094 0.0402540
v 0.0091046 0.0163877 0.0402363
v 0.0098325 0.0157804 0.0402500
v 0.0098325 0.0145304 0.0282500
v 0.0091443 0.0139338 0.0282500
v 0.0099822 0.0148008 0.0402363
v 0.0090590 0.0139110 0.0402363
v -0.0091443 0.0163771 0.0282500
v -0.0100062 0.0154292 0.0282501
v -0.0098325 0.0145304 0.0282500
v -0.0074948 0.0148861 0.0282500
v -0.0078892 0.0161078 0.0282500
v -0.0099405 0.0147367 0.0402328
v -0.0097497 0.0160131 0.0402590
v -0.0083954 0.0163877 0.0402363
v -0.0076675 0.0157804 0.0402500
v -0.0074948 0.0148861 0.0282500
v -0.0086533 0.0138156 0.0282500
v -0.0075178 0.0148008 0.0402363
v -0.0081250 0.0140729 0.0402500
v -0.0178943 0.0012217 0.0282500
v -0.0187562 0.0002737 0.0282501
v -0.0186429 0.0005477 0.0402596
v -0.0178090 0.0012445 0.0402363
v -0.0163880 0.0007536 0.0282500
v -0.0178943 0.0012217 0.0282500
v -0.0178090 0.0012445 0.0402363
v -0.0168750 0.0010825 0.0402500
v -0.0164175 -0.0006250 0.0282500
v -0.0171057 -0.0012217 0.0282500
v -0.0164175 -0.0006250 0.0402500
v -0.0171910 -0.0012445 0.0402363
v -0.0096108 -0.0161078 0.0282500
v -0.0100062 -0.0148817 0.0282501
v -0.0098313 -0.0158881 0.0402044
v -0.0098970 -0.0146134 0.0402519
v -0.0100062 -0.0148817 0.0282501
v -0.0091443 -0.0139338 0.0282500
v -0.0098970 -0.0146134 0.0402519
v -0.0090590 -0.0139110 0.0402363
v -0.0078892 -0.0142031 0.0282500
v -0.0091443 -0.0139338 0.0282500
v -0.0090590 -0.0139110 0.0402363
v -0.0081250 -0.0140729 0.0402500
v -0.0078892 -0.0142031 0.0282500
v -0.0074948 -0.0154248 0.0282500
v -0.0081250 -0.0140729 0.0402500
v -0.0075055 -0.0148464 0.0402363
v -0.0074948 -0.0154248 0.0282500
v -0.0083557 -0.0163771 0.0282500
v -0.0076675 -0.0157804 0.0402500
v -0.0084410 -0.0163999 0.0402363
v 0.0080285 -0.0140289 0.0282499
v 0.0078892 -0.0161078 0.0282500
v 0.0075000 -0.0151554 0.0282500
v 0.0075595 -0.0155742 0.0402328
v 0.0077503 -0.0142978 0.0402590
v 0.0080285 -0.0140289 0.0282499
v 0.0098620 -0.0144018 0.0282500
v 0.0077503 -0.0142978 0.0402590
v 0.0091046 -0.0139232 0.0402363
v 0.0098325 -0.0145304 0.0402500
v 0.0095036 -0.0162675 0.0282500
v 0.0098620 -0.0144018 0.0282500
v 0.0099822 -0.0155101 0.0402363
v 0.0093750 -0.0162380 0.0402500
v 0.0095036 -0.0162675 0.0282500
v 0.0078892 -0.0161078 0.0282500
v 0.0093750 -0.0162380 0.0402500
v 0.0083954 -0.0163877 0.0402363
v 0.0249988 0.0002500 0.0407500
v 0.0127159 0.0215246 0.0337500
v 0.0127159 0.0215246 0.0407500
v 0.0250566 0.0002635 0.0337648
v 0.0147850 0.0199726 0.0334787
v 0.0244689 0.0051699 0.0337486
v 0.0230080 0.0098596 0.0337474
v 0.0201302 0.0148679 0.0337424
v 0.0168138 0.0185081 0.0337607
v 0.0183990 0.0169256 0.0407500
v 0.0218774 0.0122233 0.0407502
v 0.0244152 0.0056202 0.0407499
v 0.0153310 0.0197750 0.0407500
v 0.0238482 -0.0074487 0.0337471
v -0.0122303 -0.0216895 0.0407500
v -0.0122829 -0.0217746 0.0377500
v 0.0249988 -0.0002500 0.0337500
v 0.0249988 -0.0002500 0.0407500
v 0.0238660 -0.0074488 0.0377500
v 0.0247497 -0.0038846 0.0337523
v 0.0212331 -0.0133672 0.0377495
v 0.0172765 -0.0180700 0.0377500
v 0.0054385 -0.0244749 0.0377500
v 0.0128428 -0.0215328 0.0377500
v -0.0064467 -0.0242289 0.0377500
v -0.0008721 -0.0249848 0.0377500
v -0.0071318 -0.0240361 0.0407500
v 0.0007696 -0.0250600 0.0407500
v 0.0070108 -0.0239968 0.0407500
v 0.0107347 -0.0225780 0.0407500
v 0.0141858 -0.0205855 0.0407500
v 0.0236580 -0.0080807 0.0407500
v 0.0220735 -0.0117371 0.0407500
v 0.0185224 -0.0169163 0.0407502
v 0.0246414 -0.0042189 0.0407500
v 0.0003322 -0.0341500 0.1175346
v 0.0008773 -0.0331354 0.1175139
v -0.0015426 -0.0341512 0.1172572
v -0.0009852 -0.0331500 0.1174126
v -0.0030608 -0.0341500 0.1158452
v -0.0027113 -0.0331298 0.1164007
v -0.0036504 -0.0341500 0.1140744
v -0.0035387 -0.0331500 0.1146115
v -0.0030608 -0.0341500 0.1120548
v -0.0034095 -0.0331304 0.1126315
v -0.0017385 -0.0341500 0.1107377
v -0.0021695 -0.0331500 0.1110771
v 0.0003322 -0.0341500 0.1103654
v -0.0002763 -0.0331527 0.1103080
v 0.0021006 -0.0341500 0.1109620
v 0.0016047 -0.0331500 0.1107274
v 0.0033569 -0.0341500 0.1126495
v 0.0031340 -0.0331549 0.1120748
v 0.0036111 -0.0341500 0.1144985
v 0.0036000 -0.0331500 0.1139500
v 0.0030832 -0.0331383 0.1159094
v 0.0022991 -0.0341500 0.1167882
v 0.0005654 -0.0311409 0.1154605
v -0.0006257 -0.0311423 0.1154668
v -0.0015531 -0.0311546 0.1144902
v -0.0015276 -0.0311539 0.1134582
v -0.0008741 -0.0311400 0.1125598
v 0.0004442 -0.0311410 0.1123801
v 0.0015505 -0.0311412 0.1133599
v 0.0013889 -0.0311506 0.1148048
v -0.0106670 -0.0331313 0.1171915
v -0.0126765 -0.0331500 0.1172374
v -0.0117590 -0.0341500 0.1169788
v -0.0143618 -0.0331312 0.1182070
v -0.0138608 -0.0341500 0.1178271
v -0.0152300 -0.0331500 0.1200385
v -0.0151402 -0.0341500 0.1194973
v -0.0151169 -0.0331305 0.1219681
v -0.0152300 -0.0341500 0.1213615
v -0.0138608 -0.0331500 0.1235729
v -0.0143052 -0.0341500 0.1232512
v -0.0120635 -0.0331471 0.1243438
v -0.0119086 -0.0341479 0.1243464
v -0.0095416 -0.0331516 0.1236529
v -0.0100867 -0.0341500 0.1239226
v -0.0083344 -0.0331500 0.1220005
v -0.0085222 -0.0341500 0.1225160
v -0.0080969 -0.0331269 0.1200376
v -0.0080913 -0.0341500 0.1207000
v -0.0090309 -0.0331500 0.1182747
v -0.0088040 -0.0341500 0.1184004
v -0.0101654 -0.0311393 0.1213447
v -0.0112764 -0.0311403 0.1222779
v -0.0125880 -0.0311533 0.1220756
v -0.0132188 -0.0311523 0.1211925
v -0.0132416 -0.0311464 0.1201531
v -0.0122982 -0.0311479 0.1191754
v -0.0112670 -0.0311488 0.1191599
v -0.0103526 -0.0311463 0.1197389
v -0.0126765 -0.0331500 0.1172374
v -0.0117590 -0.0341500 0.1169788
v -0.0143618 -0.0331312 0.1182070
v -0.0138608 -0.0341500 0.1178271
v -0.0108140 -0.0331354 0.1377639
v -0.0132339 -0.0341509 0.1375072
v -0.0126765 -0.0331500 0.1376626
v -0.0147521 -0.0341500 0.1360952
v -0.0144026 -0.0331298 0.1366507
v -0.0153418 -0.0341500 0.1343244
v -0.0152300 -0.0331500 0.1348615
v -0.0147521 -0.0341500 0.1323048
v -0.0150723 -0.0331504 0.1328180
v -0.0134298 -0.0341500 0.1309877
v -0.0138608 -0.0331500 0.1313271
v -0.0119676 -0.0331527 0.1305580
v -0.0095907 -0.0341500 0.1312119
v -0.0100867 -0.0331500 0.1309774
v -0.0083344 -0.0341500 0.1328995
v -0.0085574 -0.0331549 0.1323248
v -0.0080802 -0.0341500 0.1347485
v -0.0080913 -0.0331500 0.1342000
v -0.0090309 -0.0341500 0.1366253
v -0.0086081 -0.0331383 0.1361594
v -0.0106075 -0.0341505 0.1376986
v -0.0113592 -0.0341500 0.1306154
v -0.0111259 -0.0311409 0.1357105
v -0.0123170 -0.0311423 0.1357168
v -0.0132459 -0.0311520 0.1347364
v -0.0132190 -0.0311539 0.1337082
v -0.0125654 -0.0311400 0.1328098
v -0.0112472 -0.0311410 0.1326301
v -0.0101409 -0.0311412 0.1336099
v -0.0103024 -0.0311506 0.1350548
v 0.0003322 -0.0341500 0.1445346
v 0.0008774 -0.0331354 0.1445139
v -0.0015426 -0.0341509 0.1442572
v -0.0009852 -0.0331500 0.1444126
v -0.0030608 -0.0341500 0.1428452
v -0.0027113 -0.0331298 0.1434007
v -0.0036504 -0.0341500 0.1410744
v -0.0035387 -0.0331500 0.1416115
v -0.0030608 -0.0341500 0.1390548
v -0.0034095 -0.0331304 0.1396315
v -0.0017385 -0.0341500 0.1377377
v -0.0021695 -0.0331500 0.1380771
v 0.0003322 -0.0341500 0.1373654
v -0.0002763 -0.0331527 0.1373080
v 0.0021006 -0.0341500 0.1379619
v 0.0016047 -0.0331500 0.1377274
v 0.0033569 -0.0341500 0.1396495
v 0.0031340 -0.0331549 0.1390748
v 0.0036111 -0.0341500 0.1414985
v 0.0036000 -0.0331500 0.1409500
v 0.0030832 -0.0331383 0.1429094
v 0.0022991 -0.0341500 0.1437882
v 0.0005654 -0.0311409 0.1424605
v -0.0006494 -0.0311493 0.1424643
v -0.0015584 -0.0311476 0.1414485
v -0.0015276 -0.0311539 0.1404582
v -0.0008741 -0.0311400 0.1395598
v 0.0004444 -0.0311419 0.1393790
v 0.0015505 -0.0311412 0.1403599
v 0.0013889 -0.0311506 0.1418048
v 0.0120235 -0.0341500 0.1377846
v 0.0125687 -0.0331354 0.1377639
v 0.0101487 -0.0341508 0.1375072
v 0.0107062 -0.0331500 0.1376626
v 0.0086306 -0.0341500 0.1360952
v 0.0089801 -0.0331298 0.1366507
v 0.0080409 -0.0341500 0.1343244
v 0.0081526 -0.0331500 0.1348615
v 0.0083104 -0.0331504 0.1328180
v 0.0099529 -0.0341500 0.1309877
v 0.0095219 -0.0331500 0.1313271
v 0.0120235 -0.0341500 0.1306154
v 0.0114151 -0.0331527 0.1305580
v 0.0137920 -0.0341500 0.1312119
v 0.0132960 -0.0331500 0.1309774
v 0.0150482 -0.0341500 0.1328995
v 0.0148253 -0.0331549 0.1323248
v 0.0153025 -0.0341500 0.1347485
v 0.0152913 -0.0331500 0.1342000
v 0.0143518 -0.0341500 0.1366253
v 0.0147745 -0.0331383 0.1361594
v 0.0132960 -0.0341500 0.1374226
v 0.0086306 -0.0341500 0.1323048
v 0.0122568 -0.0311409 0.1357105
v 0.0110657 -0.0311423 0.1357168
v 0.0101368 -0.0311520 0.1347364
v 0.0101637 -0.0311539 0.1337082
v 0.0108173 -0.0311400 0.1328098
v 0.0121355 -0.0311410 0.1326300
v 0.0132418 -0.0311412 0.1336099
v 0.0130803 -0.0311506 0.1350548
v 0.0120235 -0.0341500 0.1242846
v 0.0125687 -0.0331354 0.1242639
v 0.0101487 -0.0341509 0.1240072
v 0.0107062 -0.0331500 0.1241626
v 0.0086306 -0.0341500 0.1225952
v 0.0089801 -0.0331298 0.1231507
v 0.0080409 -0.0341500 0.1208244
v 0.0081526 -0.0331500 0.1213615
v 0.0086306 -0.0341500 0.1188048
v 0.0083104 -0.0331504 0.1193180
v 0.0099529 -0.0341500 0.1174877
v 0.0095219 -0.0331500 0.1178271
v 0.0120235 -0.0341500 0.1171154
v 0.0114151 -0.0331527 0.1170580
v 0.0137920 -0.0341500 0.1177119
v 0.0132960 -0.0331500 0.1174774
v 0.0150482 -0.0341500 0.1193995
v 0.0148253 -0.0331549 0.1188248
v 0.0153025 -0.0341500 0.1212485
v 0.0152913 -0.0331500 0.1207000
v 0.0147745 -0.0331383 0.1226594
v 0.0139905 -0.0341500 0.1235381
v 0.0122568 -0.0311409 0.1222105
v 0.0110656 -0.0311423 0.1222168
v 0.0101368 -0.0311520 0.1212364
v 0.0101637 -0.0311539 0.1202083
v 0.0108172 -0.0311400 0.1193098
v 0.0121355 -0.0311410 0.1191301
v 0.0132418 -0.0311412 0.1201099
v 0.0130803 -0.0311506 0.1215548
v 0.0003322 -0.0341500 0.1175346
v -0.0015426 -0.0341512 0.1172572
v -0.0030608 -0.0341500 0.1158452
v -0.0036504 -0.0341500 0.1140744
v -0.0030608 -0.0341500 0.1120548
v -0.0017385 -0.0341500 0.1107377
v 0.0003322 -0.0341500 0.1103654
v 0.0021006 -0.0341500 0.1109620
v 0.0033569 -0.0341500 0.1126495
v 0.0036111 -0.0341500 0.1144985
v 0.0022991 -0.0341500 0.1167882
v -0.0117590 -0.0341500 0.1169788
v -0.0138608 -0.0341500 0.1178271
v -0.0151402 -0.0341500 0.1194973
v -0.0152300 -0.0341500 0.1213615
v -0.0143052 -0.0341500 0.1232512
v -0.0119086 -0.0341479 0.1243464
v -0.0100867 -0.0341500 0.1239226
v -0.0085222 -0.0341500 0.1225160
v -0.0080913 -0.0341500 0.1207000
v -0.0088040 -0.0341500 0.1184004
v -0.0132339 -0.0341509 0.1375072
v -0.0147521 -0.0341500 0.1360952
v -0.0153418 -0.0341500 0.1343244
v -0.0147521 -0.0341500 0.1323048
v -0.0134298 -0.0341500 0.1309877
v -0.0095907 -0.0341500 0.1312119
v -0.0083344 -0.0341500 0.1328995
v -0.0080802 -0.0341500 0.1347485
v -0.0090309 -0.0341500 0.1366253
v 0.0003322 -0.0341500 0.1445346
v -0.0015426 -0.0341509 0.1442572
v -0.0030608 -0.0341500 0.1428452
v -0.0036504 -0.0341500 0.1410744
v -0.0030608 -0.0341500 0.1390548
v -0.0017385 -0.0341500 0.1377377
v 0.0003322 -0.0341500 0.1373654
v 0.0021006 -0.0341500 0.1379619
v 0.0033569 -0.0341500 0.1396495
v 0.0036111 -0.0341500 0.1414985
v 0.0022991 -0.0341500 0.1437882
v 0.0120235 -0.0341500 0.1377846
v 0.0101487 -0.0341508 0.1375072
v 0.0086306 -0.0341500 0.1360952
v 0.0080409 -0.0341500 0.1343244
v 0.0099529 -0.0341500 0.1309877
v 0.0120235 -0.0341500 0.1306154
v 0.0137920 -0.0341500 0.1312119
v 0.0150482 -0.0341500 0.1328995
v 0.0153025 -0.0341500 0.1347485
v 0.0143518 -0.0341500 0.1366253
v 0.0132960 -0.0341500 0.1374226
v 0.0120235 -0.0341500 0.1242846
v 0.0101487 -0.0341509 0.1240072
v 0.0086306 -0.0341500 0.1225952
v 0.0080409 -0.0341500 0.1208244
v 0.0086306 -0.0341500 0.1188048
v 0.0099529 -0.0341500 0.1174877
v 0.0120235 -0.0341500 0.1171154
v 0.0137920 -0.0341500 0.1177119
v 0.0150482 -0.0341500 0.1193995
v 0.0153025 -0.0341500 0.1212485
v 0.0139905 -0.0341500 0.1235381
v 0.0101250 -0.0341500 0.1299000
v 0.0058750 -0.0341500 0.1376258
v 0.0075651 -0.0341380 0.1374608
v 0.0084336 -0.0341412 0.1399579
v -0.0152707 -0.0341500 0.1299000
v -0.0176047 -0.0341497 0.1314299
v -0.0159382 -0.0341500 0.1358150
v 0.0059370 -0.0341335 0.1408175
v 0.0179213 -0.0341502 0.1256299
v -0.0132761 -0.0341496 0.1152224
v -0.0043000 -0.0341500 0.1175293
v -0.0048944 -0.0341312 0.1156248
v -0.0061995 -0.0341452 0.1174643
v -0.0086101 -0.0341353 0.1158928
v -0.0087207 -0.0341497 0.1116476
v -0.0046430 -0.0341502 0.1100477
v -0.0068840 -0.0341335 0.1139005
v -0.0005067 -0.0341493 0.1094122
v 0.0039698 -0.0341503 0.1098810
v 0.0043000 -0.0341500 0.1175293
v 0.0052078 -0.0341335 0.1168038
v 0.0077937 -0.0341312 0.1172987
v 0.0063829 -0.0341500 0.1106197
v 0.0057049 -0.0341335 0.1142165
v 0.0102580 -0.0341502 0.1125887
v 0.0082922 -0.0341335 0.1147135
v 0.0144362 -0.0341503 0.1166019
v 0.0170944 -0.0341495 0.1216403
v 0.0178202 -0.0341510 0.1303353
v 0.0150438 -0.0341353 0.1264038
v 0.0148287 -0.0341440 0.1286510
v 0.0131240 -0.0341452 0.1292024
v 0.0117944 -0.0341452 0.1280006
v 0.0124563 -0.0341312 0.1259099
v 0.0159894 -0.0341503 0.1358419
v 0.0114813 -0.0341510 0.1415120
v 0.0050240 -0.0341502 0.1447950
v -0.0050079 -0.0341500 0.1447393
v -0.0007271 -0.0341503 0.1454931
v -0.0106075 -0.0341505 0.1376986
v -0.0137388 -0.0341496 0.1391554
v -0.0092344 -0.0341507 0.1429698
v -0.0164648 -0.0341498 0.1200559
v -0.0179589 -0.0341499 0.1256503
v -0.0059326 -0.0341430 0.1374559
v -0.0050738 -0.0341335 0.1399543
v -0.0075630 -0.0341335 0.1408175
v -0.0084294 -0.0341368 0.1383268
v 0.0049948 -0.0341480 0.1387647
v -0.0113592 -0.0341500 0.1306154
v 0.0086306 -0.0341500 0.1323048
v 0.0054228 -0.0341500 0.1200761
v -0.0072125 -0.0341500 0.1250000
v -0.0116444 -0.0341312 0.1273161
v -0.0133661 -0.0341312 0.1293056
v -0.0152056 -0.0341452 0.1280006
v -0.0148287 -0.0341440 0.1262490
v -0.0131240 -0.0341452 0.1256976
v 0.0000000 -0.0341500 0.1309187
v -0.0184454 -0.0336399 0.1296396
v -0.0168028 -0.0336399 0.1353680
v -0.0134306 -0.0336399 0.1402814
v -0.0099340 -0.0336393 0.1430746
v -0.0065762 -0.0336393 0.1447900
v -0.0022340 -0.0336610 0.1458487
v 0.0022353 -0.0336393 0.1458599
v 0.0058632 -0.0336501 0.1450121
v 0.0092669 -0.0336610 0.1435008
v 0.0128467 -0.0336393 0.1408248
v 0.0152376 -0.0336501 0.1379676
v 0.0170508 -0.0336610 0.1347146
v 0.0183043 -0.0336329 0.1304278
v 0.0184986 -0.0336535 0.1266750
v 0.0179909 -0.0336556 0.1229955
v 0.0164209 -0.0336393 0.1188317
v 0.0143417 -0.0336501 0.1157402
v 0.0117216 -0.0336610 0.1130936
v 0.0078680 -0.0336522 0.1106567
v 0.0036708 -0.0336505 0.1092841
v -0.0015494 -0.0336585 0.1089383
v -0.0072350 -0.0336399 0.1103420
v -0.0122802 -0.0336399 0.1135136
v -0.0152120 -0.0336393 0.1168950
v -0.0173502 -0.0336399 0.1208168
v -0.0183747 -0.0336393 0.1251733
v -0.0072655 -0.0340229 0.1171815
v -0.0058268 -0.0336363 0.1166485
v 0.0117380 -0.0281500 0.1418264
v 0.0007474 -0.0281500 0.1459946
v -0.0037005 -0.0281500 0.1455761
v -0.0079564 -0.0281500 0.1442178
v -0.0117002 -0.0281500 0.1417802
v -0.0176045 -0.0281500 0.1333273
v -0.0184400 -0.0281500 0.1289386
v -0.0183194 -0.0281500 0.1244728
v -0.0170196 -0.0281500 0.1201986
v -0.0138474 -0.0281500 0.1151822
v -0.0105431 -0.0281500 0.1121757
v -0.0051636 -0.0281500 0.1096231
v -0.0007449 -0.0281500 0.1089650
v 0.0037124 -0.0281500 0.1092654
v 0.0092799 -0.0281500 0.1113769
v 0.0138921 -0.0281500 0.1151427
v 0.0170745 -0.0281500 0.1201752
v 0.0156865 -0.0281500 0.1373695
v 0.0184995 -0.0281500 0.1259566
v -0.0148374 -0.0281500 0.1385996
v 0.0065814 -0.0281500 0.1448036
v 0.0180204 -0.0281500 0.1318916
v -0.0156360 -0.0281500 0.1175624
v -0.0116444 -0.0341312 0.1273161
v -0.0131240 -0.0341452 0.1256976
v -0.0122678 -0.0336363 0.1270954
v -0.0131910 -0.0336363 0.1262055
v -0.0141250 -0.0336500 0.1263675
v -0.0122913 -0.0281500 0.1268638
v -0.0140862 -0.0281500 0.1262413
v -0.0133661 -0.0341312 0.1293056
v -0.0152056 -0.0341452 0.1280006
v -0.0148287 -0.0341440 0.1262490
v -0.0131240 -0.0341452 0.1256976
v -0.0131910 -0.0336363 0.1262055
v -0.0141250 -0.0336500 0.1263675
v -0.0147445 -0.0336363 0.1271410
v -0.0145825 -0.0336500 0.1280750
v -0.0138090 -0.0336363 0.1286945
v -0.0147087 -0.0281500 0.1280362
v -0.0135000 -0.0281500 0.1287000
v -0.0059326 -0.0341430 0.1374559
v -0.0084294 -0.0341368 0.1383268
v -0.0064410 -0.0336363 0.1378969
v -0.0076732 -0.0336363 0.1382515
v -0.0063557 -0.0281500 0.1379196
v -0.0076109 -0.0281500 0.1381890
v -0.0075630 -0.0341335 0.1408175
v -0.0084294 -0.0341368 0.1383268
v -0.0080000 -0.0336500 0.1391413
v -0.0076399 -0.0336363 0.1400646
v -0.0079587 -0.0281500 0.1397276
v -0.0050738 -0.0341335 0.1399543
v -0.0075630 -0.0341335 0.1408175
v -0.0067500 -0.0336500 0.1403913
v -0.0058268 -0.0336363 0.1400312
v -0.0055178 -0.0336363 0.1387867
v -0.0054101 -0.0281500 0.1392380
v -0.0064807 -0.0281500 0.1403965
v 0.0058750 -0.0341500 0.1376258
v 0.0075651 -0.0341380 0.1374608
v 0.0049948 -0.0341480 0.1387647
v 0.0076398 -0.0336363 0.1382181
v 0.0063954 -0.0336363 0.1379091
v 0.0055055 -0.0336363 0.1388323
v 0.0059370 -0.0341335 0.1408175
v 0.0049948 -0.0341480 0.1387647
v 0.0055055 -0.0336363 0.1388323
v 0.0058601 -0.0336363 0.1400646
v 0.0084336 -0.0341412 0.1399579
v 0.0059370 -0.0341335 0.1408175
v 0.0067500 -0.0336500 0.1403913
v 0.0076732 -0.0336363 0.1400312
v 0.0073362 -0.0281500 0.1403500
v 0.0075651 -0.0341380 0.1374608
v 0.0084336 -0.0341412 0.1399579
v 0.0076398 -0.0336363 0.1382181
v 0.0080000 -0.0336500 0.1391413
v 0.0079587 -0.0281500 0.1385551
v 0.0124563 -0.0341312 0.1259099
v 0.0138090 -0.0336363 0.1262055
v 0.0128750 -0.0336500 0.1263675
v 0.0122555 -0.0336363 0.1271410
v 0.0131240 -0.0341452 0.1292024
v 0.0117944 -0.0341452 0.1280006
v 0.0122555 -0.0336363 0.1271410
v 0.0124175 -0.0336500 0.1280750
v 0.0131910 -0.0336363 0.1286945
v 0.0148287 -0.0341440 0.1286510
v 0.0131240 -0.0341452 0.1292024
v 0.0131910 -0.0336363 0.1286945
v 0.0144232 -0.0336363 0.1283398
v 0.0150438 -0.0341353 0.1264038
v 0.0148287 -0.0341440 0.1286510
v 0.0147322 -0.0336363 0.1270954
v 0.0144232 -0.0336363 0.1283398
v 0.0057049 -0.0341335 0.1142165
v 0.0070590 -0.0336363 0.1145142
v 0.0061250 -0.0336500 0.1146761
v 0.0055055 -0.0336363 0.1154496
v 0.0052078 -0.0341335 0.1168038
v 0.0077937 -0.0341312 0.1172987
v 0.0058602 -0.0336363 0.1166819
v 0.0071046 -0.0336363 0.1169909
v 0.0057977 -0.0281500 0.1166195
v 0.0073362 -0.0281500 0.1169674
v 0.0077937 -0.0341312 0.1172987
v 0.0082922 -0.0341335 0.1147135
v 0.0079822 -0.0336363 0.1154040
v 0.0071046 -0.0336363 0.1169909
v 0.0078325 -0.0336500 0.1163837
v 0.0080052 -0.0281500 0.1154893
v 0.0073362 -0.0281500 0.1169674
v -0.0068840 -0.0341335 0.1139005
v -0.0058602 -0.0336363 0.1148354
v -0.0067500 -0.0336500 0.1145087
v -0.0076732 -0.0336363 0.1148688
v -0.0086101 -0.0341353 0.1158928
v -0.0076732 -0.0336363 0.1148688
v -0.0080000 -0.0336500 0.1157587
v -0.0076398 -0.0336363 0.1166819
v -0.0086101 -0.0341353 0.1158928
v -0.0076398 -0.0336363 0.1166819
v -0.0072655 -0.0340229 0.1171815
v -0.0079587 -0.0281500 0.1163449
v -0.0061638 -0.0281500 0.1169674
v -0.0048944 -0.0341312 0.1156248
v -0.0061995 -0.0341452 0.1174643
v -0.0058602 -0.0336363 0.1148354
v -0.0058268 -0.0336363 0.1166485
v -0.0055000 -0.0336500 0.1157587
v -0.0015531 -0.0311546 0.1144902
v -0.0015276 -0.0311539 0.1134582
v -0.0008741 -0.0311400 0.1125598
v 0.0004442 -0.0311410 0.1123801
v 0.0015505 -0.0311412 0.1133599
v 0.0013889 -0.0311506 0.1148048
v 0.0011698 -0.0281501 0.1127962
v -0.0004409 -0.0281500 0.1123399
v -0.0015916 -0.0281502 0.1143570
v 0.0016017 -0.0281499 0.1143584
v -0.0013856 -0.0281500 0.1131500
v -0.0006257 -0.0311423 0.1154668
v -0.0015531 -0.0311546 0.1144902
v -0.0015916 -0.0281502 0.1143570
v -0.0008000 -0.0281500 0.1153356
v 0.0005654 -0.0311409 0.1154605
v -0.0006257 -0.0311423 0.1154668
v -0.0008000 -0.0281500 0.1153356
v 0.0004300 -0.0281497 0.1155414
v 0.0005654 -0.0311409 0.1154605
v 0.0013889 -0.0311506 0.1148048
v 0.0004300 -0.0281497 0.1155414
v 0.0016017 -0.0281499 0.1143584
v -0.0122982 -0.0311479 0.1191754
v -0.0112670 -0.0311488 0.1191599
v -0.0103526 -0.0311463 0.1197389
v -0.0100896 -0.0281499 0.1202916
v -0.0112613 -0.0281497 0.1191086
v -0.0124913 -0.0281500 0.1193144
v -0.0132416 -0.0311464 0.1201531
v -0.0122982 -0.0311479 0.1191754
v -0.0124913 -0.0281500 0.1193144
v -0.0132830 -0.0281502 0.1202930
v -0.0125880 -0.0311533 0.1220756
v -0.0132188 -0.0311523 0.1211925
v -0.0132416 -0.0311464 0.1201531
v -0.0132830 -0.0281502 0.1202930
v -0.0130770 -0.0281500 0.1215000
v -0.0124913 -0.0281500 0.1220856
v -0.0112764 -0.0311403 0.1222779
v -0.0125880 -0.0311533 0.1220756
v -0.0124913 -0.0281500 0.1220856
v -0.0112613 -0.0281497 0.1222914
v -0.0101654 -0.0311393 0.1213447
v -0.0112764 -0.0311403 0.1222779
v -0.0112613 -0.0281497 0.1222914
v -0.0103057 -0.0281500 0.1215000
v -0.0101654 -0.0311393 0.1213447
v -0.0103526 -0.0311463 0.1197389
v -0.0100896 -0.0281499 0.1202916
v -0.0103057 -0.0281500 0.1215000
v -0.0132459 -0.0311520 0.1347364
v -0.0132190 -0.0311539 0.1337082
v -0.0125654 -0.0311400 0.1328098
v -0.0112472 -0.0311410 0.1326301
v -0.0101409 -0.0311412 0.1336099
v -0.0103024 -0.0311506 0.1350548
v -0.0105216 -0.0281501 0.1330463
v -0.0116913 -0.0281500 0.1326000
v -0.0124913 -0.0281500 0.1328144
v -0.0130770 -0.0281500 0.1334000
v -0.0132829 -0.0281502 0.1346070
v -0.0100896 -0.0281499 0.1346084
v -0.0123170 -0.0311423 0.1357168
v -0.0132459 -0.0311520 0.1347364
v -0.0132829 -0.0281502 0.1346070
v -0.0124913 -0.0281500 0.1355856
v -0.0111259 -0.0311409 0.1357105
v -0.0123170 -0.0311423 0.1357168
v -0.0124913 -0.0281500 0.1355856
v -0.0112613 -0.0281497 0.1357914
v -0.0111259 -0.0311409 0.1357105
v -0.0103024 -0.0311506 0.1350548
v -0.0112613 -0.0281497 0.1357914
v -0.0100896 -0.0281499 0.1346084
v -0.0008741 -0.0311400 0.1395598
v 0.0004444 -0.0311419 0.1393790
v 0.0015505 -0.0311412 0.1403599
v 0.0013889 -0.0311506 0.1418048
v 0.0011367 -0.0281500 0.1397479
v -0.0004980 -0.0281501 0.1393715
v 0.0016017 -0.0281500 0.1413584
v 0.0005654 -0.0311409 0.1424605
v -0.0006494 -0.0311493 0.1424643
v -0.0015584 -0.0311476 0.1414485
v -0.0015276 -0.0311539 0.1404582
v -0.0008741 -0.0311400 0.1395598
v -0.0004980 -0.0281501 0.1393715
v -0.0015916 -0.0281501 0.1405430
v -0.0011758 -0.0281498 0.1421097
v 0.0004300 -0.0281498 0.1425414
v 0.0005654 -0.0311409 0.1424605
v 0.0013889 -0.0311506 0.1418048
v 0.0004300 -0.0281498 0.1425414
v 0.0016017 -0.0281500 0.1413584
v 0.0132418 -0.0311412 0.1336099
v 0.0130803 -0.0311506 0.1350548
v 0.0130770 -0.0281500 0.1334000
v 0.0132931 -0.0281499 0.1346084
v 0.0121355 -0.0311410 0.1326300
v 0.0132418 -0.0311412 0.1336099
v 0.0130770 -0.0281500 0.1334000
v 0.0121214 -0.0281497 0.1326086
v 0.0108173 -0.0311400 0.1328098
v 0.0121355 -0.0311410 0.1326300
v 0.0121214 -0.0281497 0.1326086
v 0.0105198 -0.0281496 0.1330427
v 0.0101368 -0.0311520 0.1347364
v 0.0101637 -0.0311539 0.1337082
v 0.0108173 -0.0311400 0.1328098
v 0.0105198 -0.0281496 0.1330427
v 0.0100997 -0.0281502 0.1346070
v 0.0110657 -0.0311423 0.1357168
v 0.0101368 -0.0311520 0.1347364
v 0.0100997 -0.0281502 0.1346070
v 0.0108913 -0.0281500 0.1355856
v 0.0122568 -0.0311409 0.1357105
v 0.0110657 -0.0311423 0.1357168
v 0.0108913 -0.0281500 0.1355856
v 0.0121214 -0.0281497 0.1357914
v 0.0122568 -0.0311409 0.1357105
v 0.0130803 -0.0311506 0.1350548
v 0.0121214 -0.0281497 0.1357914
v 0.0132931 -0.0281499 0.1346084
v 0.0108172 -0.0311400 0.1193098
v 0.0121355 -0.0311410 0.1191301
v 0.0132418 -0.0311412 0.1201099
v 0.0130803 -0.0311506 0.1215548
v 0.0128611 -0.0281502 0.1195462
v 0.0116913 -0.0281500 0.1191000
v 0.0108913 -0.0281500 0.1193144
v 0.0132931 -0.0281499 0.1211084
v 0.0122568 -0.0311409 0.1222105
v 0.0110656 -0.0311423 0.1222168
v 0.0101368 -0.0311520 0.1212364
v 0.0101637 -0.0311539 0.1202083
v 0.0108172 -0.0311400 0.1193098
v 0.0108913 -0.0281500 0.1193144
v 0.0100997 -0.0281502 0.1202930
v 0.0105198 -0.0281497 0.1218573
v 0.0121214 -0.0281496 0.1222914
v 0.0122568 -0.0311409 0.1222105
v 0.0130803 -0.0311506 0.1215548
v 0.0121214 -0.0281496 0.1222914
v 0.0132931 -0.0281499 0.1211084
v -0.0141250 -0.0336500 0.1263675
v -0.0147445 -0.0336363 0.1271410
v -0.0145825 -0.0336500 0.1280750
v -0.0147087 -0.0281500 0.1280362
v -0.0140862 -0.0281500 0.1262413
v -0.0138090 -0.0336363 0.1286945
v -0.0125768 -0.0336363 0.1283398
v -0.0135000 -0.0281500 0.1287000
v -0.0126391 -0.0281500 0.1284023
v -0.0122678 -0.0336363 0.1270954
v -0.0125768 -0.0336363 0.1283398
v -0.0122913 -0.0281500 0.1268638
v -0.0126391 -0.0281500 0.1284023
v -0.0064410 -0.0336363 0.1378969
v -0.0055178 -0.0336363 0.1387867
v -0.0054101 -0.0281500 0.1392380
v -0.0063557 -0.0281500 0.1379196
v -0.0076732 -0.0336363 0.1382515
v -0.0080000 -0.0336500 0.1391413
v -0.0076109 -0.0281500 0.1381890
v -0.0079587 -0.0281500 0.1397276
v -0.0076399 -0.0336363 0.1400646
v -0.0067500 -0.0336500 0.1403913
v -0.0079587 -0.0281500 0.1397276
v -0.0064807 -0.0281500 0.1403965
v 0.0076398 -0.0336363 0.1382181
v 0.0063954 -0.0336363 0.1379091
v 0.0079587 -0.0281500 0.1385551
v 0.0064807 -0.0281500 0.1378862
v 0.0063954 -0.0336363 0.1379091
v 0.0055055 -0.0336363 0.1388323
v 0.0064807 -0.0281500 0.1378862
v 0.0055283 -0.0281500 0.1387470
v 0.0055055 -0.0336363 0.1388323
v 0.0058601 -0.0336363 0.1400646
v 0.0055283 -0.0281500 0.1387470
v 0.0057976 -0.0281500 0.1400022
v 0.0058601 -0.0336363 0.1400646
v 0.0067500 -0.0336500 0.1403913
v 0.0057976 -0.0281500 0.1400022
v 0.0073362 -0.0281500 0.1403500
v 0.0076732 -0.0336363 0.1400312
v 0.0080000 -0.0336500 0.1391413
v 0.0079587 -0.0281500 0.1385551
v 0.0073362 -0.0281500 0.1403500
v 0.0147322 -0.0336363 0.1270954
v 0.0138090 -0.0336363 0.1262055
v 0.0147552 -0.0281500 0.1271807
v 0.0138944 -0.0281500 0.1262283
v 0.0138090 -0.0336363 0.1262055
v 0.0128750 -0.0336500 0.1263675
v 0.0138944 -0.0281500 0.1262283
v 0.0123880 -0.0281500 0.1266963
v 0.0122555 -0.0336363 0.1271410
v 0.0124175 -0.0336500 0.1280750
v 0.0123880 -0.0281500 0.1266963
v 0.0127464 -0.0281500 0.1285620
v 0.0131910 -0.0336363 0.1286945
v 0.0144232 -0.0336363 0.1283398
v 0.0127464 -0.0281500 0.1285620
v 0.0143609 -0.0281500 0.1284023
v 0.0147322 -0.0336363 0.1270954
v 0.0144232 -0.0336363 0.1283398
v 0.0147552 -0.0281500 0.1271807
v 0.0143609 -0.0281500 0.1284023
v 0.0079822 -0.0336363 0.1154040
v 0.0070590 -0.0336363 0.1145142
v 0.0080052 -0.0281500 0.1154893
v 0.0071443 -0.0281500 0.1145370
v 0.0070590 -0.0336363 0.1145142
v 0.0061250 -0.0336500 0.1146761
v 0.0071443 -0.0281500 0.1145370
v 0.0056380 -0.0281500 0.1150050
v 0.0055055 -0.0336363 0.1154496
v 0.0058602 -0.0336363 0.1166819
v 0.0056380 -0.0281500 0.1150050
v 0.0057977 -0.0281500 0.1166195
v -0.0058602 -0.0336363 0.1148354
v -0.0067500 -0.0336500 0.1145087
v -0.0055413 -0.0281500 0.1151724
v -0.0073362 -0.0281500 0.1145500
v -0.0076732 -0.0336363 0.1148688
v -0.0080000 -0.0336500 0.1157587
v -0.0073362 -0.0281500 0.1145500
v -0.0079587 -0.0281500 0.1163449
v -0.0058268 -0.0336363 0.1166485
v -0.0055000 -0.0336500 0.1157587
v -0.0055413 -0.0281500 0.1151724
v -0.0061638 -0.0281500 0.1169674
v 0.0215632 0.0248504 0.1607433
v 0.0217562 0.0248426 0.1606199
v 0.0214176 0.0228828 0.1614264
v 0.0208600 0.0247440 0.1612215
v 0.0207644 0.0247074 0.1612917
v 0.0179435 -0.0243035 0.1617007
v 0.0184503 -0.0247123 0.1612831
v 0.0180962 -0.0245080 0.1615473
v 0.0186822 -0.0231844 0.1616937
v 0.0217145 -0.0237500 0.1596500
v 0.0215584 -0.0239725 0.1596725
v 0.0218173 -0.0234286 0.1596983
v 0.0211645 -0.0243143 0.1598055
v 0.0187048 -0.0247877 0.1611155
v 0.0189461 -0.0230461 0.1615953
v 0.0193262 -0.0248503 0.1607394
v 0.0196220 -0.0227952 0.1612968
v 0.0198730 -0.0248036 0.1604334
v 0.0200246 -0.0227042 0.1610911
v 0.0202982 -0.0247085 0.1602092
v 0.0205942 -0.0226501 0.1607640
v 0.0209419 -0.0244484 0.1598998
v 0.0210347 -0.0226846 0.1604757
v 0.0213791 -0.0227871 0.1602181
v 0.0217416 -0.0230539 0.1598843
v 0.0003999 -0.0237500 0.1618500
v 0.0003999 -0.0243000 0.1617026
v 0.0003999 -0.0247026 0.1613000
v 0.0003999 -0.0248500 0.1607500
v 0.0003999 -0.0247026 0.1602000
v 0.0003999 -0.0243000 0.1597974
v 0.0003999 -0.0237500 0.1596500
v 0.0231893 0.0243137 0.1598052
v 0.0236479 0.0237500 0.1596500
v 0.0233907 0.0241310 0.1597181
v 0.0215632 0.0248504 0.1607433
v 0.0217562 0.0248426 0.1606199
v 0.0224372 0.0247070 0.1602067
v 0.0227708 0.0245721 0.1600190
v 0.0202919 0.0243063 0.1616990
v 0.0208600 0.0247440 0.1612215
v 0.0207644 0.0247074 0.1612917
v 0.0203800 0.0244409 0.1616060
v 0.0202443 0.0241579 0.1617716
v 0.0003999 0.0237500 0.1596500
v 0.0003999 0.0243000 0.1597974
v 0.0003999 0.0247026 0.1602000
v 0.0003999 0.0248500 0.1607500
v 0.0003999 0.0247026 0.1613000
v 0.0003999 0.0243000 0.1617026
v 0.0003999 0.0243000 0.1597974
v 0.0003999 0.0247026 0.1602000
v 0.0003999 0.0248500 0.1607500
v 0.0003999 0.0247026 0.1613000
v 0.0001312 0.0252771 0.1604719
v 0.0003999 0.0232000 0.1617026
v 0.0003999 0.0237500 0.1618500
v 0.0003999 0.0243000 0.1617026
v 0.0001031 0.0240509 0.1621526
v 0.0003999 0.0232000 0.1597974
v 0.0003999 0.0237500 0.1596500
v 0.0003999 0.0243000 0.1597974
v 0.0001031 0.0234489 0.1593475
v 0.0003999 -0.0247026 0.1602000
v 0.0003999 -0.0243000 0.1597974
v 0.0003999 -0.0237500 0.1596500
v 0.0003999 -0.0232000 0.1597974
v 0.0001312 -0.0240281 0.1592229
v 0.0003999 -0.0227974 0.1602000
v 0.0003999 -0.0226500 0.1607500
v 0.0003999 -0.0227974 0.1613000
v 0.0001031 -0.0223474 0.1604490
v 0.0003999 -0.0237500 0.1618500
v 0.0003999 -0.0243000 0.1617026
v 0.0003999 -0.0232000 0.1617026
v 0.0001312 -0.0234719 0.1622771
v 0.0003999 -0.0247026 0.1613000
v 0.0003999 -0.0248500 0.1607500
v 0.0003999 -0.0247026 0.1602000
v 0.0001031 -0.0251526 0.1610510
v 0.0227071 -0.0209401 0.0471538
v 0.0227043 -0.0205597 0.0482484
v 0.0225872 -0.0221675 0.0459875
v 0.0225535 -0.0207700 0.0482499
v 0.0225479 -0.0212547 0.0470805
v 0.0225872 -0.0221675 0.0459875
v 0.0227091 -0.0236983 0.0455183
v 0.0227070 -0.0253060 0.0459190
v 0.0227094 -0.0265068 0.0470630
v 0.0226492 -0.0268983 0.0481365
v 0.0225558 -0.0246545 0.0457793
v 0.0225500 -0.0263500 0.0493628
v 0.0225088 -0.0265180 0.0481014
v 0.0225499 -0.0226454 0.0485130
v 0.0225497 -0.0236649 0.0475709
v 0.0225497 -0.0249291 0.0486649
v 0.0227071 -0.0209401 0.0471538
v 0.0227043 -0.0205597 0.0482484
v 0.0225872 -0.0221675 0.0459875
v 0.0227091 -0.0236983 0.0455183
v 0.0227070 -0.0253060 0.0459190
v 0.0227094 -0.0265068 0.0470630
v 0.0226492 -0.0268983 0.0481365
v 0.0225558 -0.0246545 0.0457793
v 0.0305943 -0.0216933 0.0460437
v 0.0290206 -0.0237555 0.0454297
v 0.0260179 -0.0270049 0.0480930
v 0.0272947 -0.0257279 0.0460311
v 0.0314640 -0.0204602 0.0481344
v 0.0334736 -0.0169047 0.0493453
v 0.0334736 -0.0169047 0.0481547
v 0.0227297 -0.0180873 0.0492526
v 0.0238467 -0.0170823 0.0492606
v 0.0227742 -0.0178957 0.0482476
v 0.0241345 -0.0170094 0.0482356
v 0.0225535 -0.0207700 0.0482499
v 0.0225500 -0.0189826 0.0492500
v 0.0227297 -0.0180873 0.0492526
v 0.0227742 -0.0178957 0.0482476
v 0.0238467 0.0170823 0.0482394
v 0.0334736 0.0169047 0.0481547
v 0.0335375 0.0167705 0.0493462
v 0.0234853 0.0172072 0.0492592
v 0.0238467 0.0170823 0.0482394
v 0.0227297 0.0180873 0.0482474
v 0.0226453 0.0183671 0.0492496
v 0.0234853 0.0172072 0.0492592
v 0.0225095 0.0265127 0.0494319
v 0.0225500 0.0263500 0.0481372
v 0.0225500 0.0262663 0.0472053
v 0.0225500 0.0266383 0.0481372
v 0.0225497 0.0248136 0.0482341
v 0.0227055 0.0265073 0.0470668
v 0.0226614 0.0269063 0.0481367
v 0.0225853 0.0252648 0.0459514
v 0.0225684 0.0263543 0.0471513
v 0.0225523 0.0266759 0.0481371
v 0.0225967 0.0222353 0.0459364
v 0.0225853 0.0252648 0.0459514
v 0.0225464 0.0206994 0.0482288
v 0.0227081 0.0236963 0.0455193
v 0.0227065 0.0209427 0.0471537
v 0.0227069 0.0205562 0.0482482
v 0.0010000 0.0285207 0.0492500
v 0.0010000 0.0374906 0.0492500
v 0.0010109 0.0282604 0.0482502
v 0.0010000 0.0374902 0.0482500
v 0.0011223 0.0278321 0.0482492
v 0.0017765 0.0269117 0.0482480
v 0.0018568 0.0267126 0.0492582
v 0.0225499 -0.0226454 0.0485130
v 0.0225497 -0.0236649 0.0475709
v 0.0245499 -0.0229684 0.0478853
v 0.0245499 -0.0241080 0.0476408
v 0.0245499 -0.0226104 0.0489945
v 0.0225497 -0.0236649 0.0475709
v 0.0225497 -0.0249291 0.0486649
v 0.0245499 -0.0241080 0.0476408
v 0.0245499 -0.0248896 0.0485054
v 0.0225499 -0.0240971 0.0498251
v 0.0225497 -0.0249291 0.0486649
v 0.0245499 -0.0248896 0.0485054
v 0.0245499 -0.0245316 0.0496147
v 0.0225499 -0.0240971 0.0498251
v 0.0225499 -0.0229925 0.0495881
v 0.0245499 -0.0245316 0.0496147
v 0.0245499 -0.0233920 0.0498592
v 0.0225499 -0.0226454 0.0485130
v 0.0225499 -0.0229925 0.0495881
v 0.0245499 -0.0233920 0.0498592
v 0.0245499 -0.0226104 0.0489945
v 0.0225497 0.0225709 0.0486649
v 0.0225499 0.0235129 0.0476455
v 0.0245497 0.0242823 0.0476526
v 0.0245497 0.0226526 0.0482177
v 0.0225497 0.0225709 0.0486649
v 0.0225499 0.0234029 0.0498251
v 0.0245497 0.0226526 0.0482177
v 0.0245499 0.0229684 0.0496146
v 0.0225499 0.0234029 0.0498251
v 0.0225499 0.0245075 0.0495881
v 0.0245499 0.0229684 0.0496146
v 0.0245499 0.0241080 0.0498592
v 0.0225497 0.0248136 0.0482341
v 0.0225499 0.0245075 0.0495881
v 0.0245499 0.0241080 0.0498592
v 0.0245499 0.0248896 0.0489945
v 0.0012112 -0.0321692 0.0537528
v 0.0010956 -0.0327230 0.0527534
v 0.0010047 -0.0375135 0.0527500
v 0.0009748 -0.0374508 0.0537628
v 0.0010000 -0.0285207 0.0482500
v 0.0010109 -0.0282604 0.0492498
v 0.0010000 -0.0374886 0.0492500
v 0.0011223 -0.0278321 0.0492508
v 0.0017765 -0.0269117 0.0492520
v 0.0018568 -0.0267126 0.0482418
v 0.0010077 -0.0375241 0.0482497
v 0.0225500 -0.0263500 0.0493628
v 0.0225088 -0.0265180 0.0481014
v 0.0029826 -0.0265208 0.0492604
v 0.0018568 -0.0267126 0.0482418
v 0.0227043 -0.0205597 0.0482484
v 0.0225535 -0.0207700 0.0482499
v 0.0334736 -0.0169047 0.0481547
v 0.0227742 -0.0178957 0.0482476
v 0.0241345 -0.0170094 0.0482356
v 0.0314640 -0.0204602 0.0481344
v 0.0238467 0.0170823 0.0482394
v 0.0334736 0.0169047 0.0481547
v 0.0227297 0.0180873 0.0482474
v 0.0225500 0.0189826 0.0482500
v 0.0225464 0.0206994 0.0482288
v 0.0227069 0.0205562 0.0482482
v 0.0314217 0.0204727 0.0481725
v 0.0225967 0.0222353 0.0459364
v 0.0227055 0.0265073 0.0470668
v 0.0226614 0.0269063 0.0481367
v 0.0225853 0.0252648 0.0459514
v 0.0227081 0.0236963 0.0455193
v 0.0227065 0.0209427 0.0471537
v 0.0227069 0.0205562 0.0482482
v 0.0314217 0.0204727 0.0481725
v 0.0260521 0.0269729 0.0481175
v 0.0268793 0.0261508 0.0464119
v 0.0292401 0.0235580 0.0453419
v 0.0310071 0.0211237 0.0465778
v 0.0334736 -0.0169047 0.0493453
v 0.0334736 -0.0169047 0.0481547
v 0.0334736 0.0169047 0.0481547
v 0.0335375 0.0167705 0.0493462
v 0.0009982 0.0374909 0.0532500
v 0.0010000 0.0374906 0.0492500
v 0.0010000 0.0374902 0.0482500
v 0.0010047 -0.0375135 0.0527500
v 0.0010000 -0.0374886 0.0492500
v 0.0305943 -0.0216933 0.0460437
v 0.0290206 -0.0237555 0.0454297
v 0.0260179 -0.0270049 0.0480930
v 0.0272947 -0.0257279 0.0460311
v 0.0314640 -0.0204602 0.0481344
v 0.0314201 -0.0204728 0.0493274
v 0.0294525 -0.0232215 0.0520453
v 0.0309232 -0.0211720 0.0509714
v 0.0314402 0.0204720 0.0493983
v 0.0308333 0.0213758 0.0511323
v 0.0314217 0.0204727 0.0481725
v 0.0260521 0.0269729 0.0481175
v 0.0268793 0.0261508 0.0464119
v 0.0292401 0.0235580 0.0453419
v 0.0310071 0.0211237 0.0465778
v 0.0421835 0.0045299 0.1293407
v 0.0421825 0.0052700 0.1254520
v 0.0424138 0.0047678 0.1254476
v 0.0422421 0.0047689 0.1287657
v 0.0422204 0.0010195 0.1294491
v -0.0011000 0.0375287 0.0384459
v -0.0010981 0.0374150 0.0276647
v -0.0011000 0.0368314 0.0150795
v 0.0162743 0.0337886 0.0481700
v 0.0042476 0.0373087 0.0482330
v 0.0240021 0.0288691 0.0481292
v 0.0146127 0.0345390 0.0481786
v 0.0000000 0.0375000 0.0384460
v 0.0000000 0.0374995 0.0745495
v 0.0269694 0.0263050 0.0819155
v 0.0270119 -0.0263500 0.0818862
v 0.0269559 -0.0263505 0.0812555
v 0.0268392 -0.0263900 0.0806028
v 0.0009748 -0.0374508 0.0537628
v -0.0010999 -0.0375288 0.0384459
v 0.0000000 -0.0375001 0.0384459
v 0.0010077 -0.0375241 0.0482497
v 0.0100396 -0.0362173 0.0482028
v 0.0231004 -0.0295757 0.0481344
v 0.0186631 -0.0325304 0.0481575
v 0.0174422 -0.0332076 0.0481639
v 0.0423358 0.0051390 0.1295037
v 0.0424812 0.0042687 0.1283427
v 0.0424296 0.0011048 0.1259670
v 0.0160821 -0.0229460 0.1630813
v 0.0194922 -0.0215484 0.1617860
v 0.0226798 -0.0213854 0.1598286
v 0.0238991 -0.0233377 0.1582296
v -0.0000004 0.0368070 0.0150406
v -0.0010994 -0.0374221 0.0276313
v -0.0011444 -0.0369270 0.0150817
v 0.0335766 -0.0166993 0.0721536
v 0.0320553 -0.0197892 0.0835687
v 0.0296132 -0.0230851 0.0787508
v 0.0335766 -0.0166993 0.0384457
v 0.0333912 -0.0171757 0.0335329
v 0.0355095 -0.0123472 0.0753911
v 0.0348737 -0.0136391 0.0307120
v 0.0365232 -0.0084837 0.0309049
v 0.0371207 -0.0056099 0.0799981
v 0.0375224 0.0014997 0.0705672
v 0.0374380 -0.0025510 0.0389066
v 0.0374199 0.0026206 0.0379093
v 0.0358046 0.0111659 0.0412514
v 0.0329212 0.0179978 0.0395693
v 0.0345936 0.0144753 0.0384455
v 0.0345936 0.0144753 0.0721536
v 0.0331227 0.0177528 0.0800384
v 0.0299867 0.0225407 0.0717331
v 0.0269023 0.0261265 0.0370213
v 0.0212399 0.0309734 0.0481433
v 0.0018415 -0.0079940 0.1694553
v 0.0425384 0.0052763 0.1254817
v 0.0425184 0.0047696 0.1274500
v 0.0424341 0.0036036 0.1257042
v 0.0423136 0.0006015 0.1254416
v 0.0031485 0.0373234 0.0298024
v 0.0081316 0.0365241 0.0287380
v 0.0106032 0.0360675 0.0481997
v 0.0229000 -0.0282476 0.0928556
v 0.0229251 -0.0282568 0.0928134
v 0.0227096 -0.0282509 0.0921907
v 0.0224459 -0.0282555 0.0920524
v 0.0346438 -0.0237707 0.1059786
v 0.0343459 -0.0193417 0.0969822
v 0.0322634 -0.0233290 0.0970695
v 0.0292786 0.0236674 0.0798665
v 0.0386682 0.0029819 0.0989262
v 0.0386357 -0.0024404 0.0981971
v 0.0375068 -0.0109912 0.0989033
v 0.0365237 -0.0149106 0.0992372
v 0.0377041 0.0092216 0.0970748
v 0.0359551 0.0163812 0.0991359
v 0.0383144 0.0139002 0.1057903
v 0.0317145 0.0242324 0.0971268
v 0.0292121 0.0278589 0.0972390
v 0.0275121 0.0308671 0.0989084
v 0.0305597 0.0322439 0.1056173
v 0.0337932 0.0262010 0.1052406
v 0.0367485 0.0077587 0.0797699
v 0.0351580 0.0131507 0.0798151
v 0.0372403 0.0057362 0.0855910
v 0.0375880 -0.0014388 0.0850735
v 0.0359012 -0.0113528 0.0840238
v 0.0343936 -0.0153919 0.0842657
v 0.0297672 -0.0235829 0.0859009
v 0.0264633 -0.0268462 0.0818907
v 0.0262637 -0.0281888 0.0885381
v 0.0274159 -0.0281687 0.0926682
v 0.0265231 -0.0281547 0.0892354
v 0.0289787 -0.0281194 0.0971055
v 0.0293166 -0.0281347 0.0979767
v 0.0366326 -0.0198008 0.1073024
v 0.0289282 0.0264187 0.0930228
v 0.0329011 0.0207871 0.0940279
v 0.0313019 0.0214728 0.0870174
v 0.0349142 0.0152220 0.0886312
v 0.0376595 0.0033426 0.0881903
v 0.0373364 -0.0061826 0.0881219
v 0.0182999 -0.0327575 0.0383057
v 0.0147741 -0.0345036 0.0481770
v 0.0049372 -0.0372637 0.0482276
v 0.0229000 -0.0282476 0.1013812
v 0.0425166 0.0006852 0.1294491
v 0.0423205 0.0076207 0.1298531
v 0.0422607 -0.0059452 0.1285699
v 0.0413179 -0.0133662 0.1284087
v 0.0398633 -0.0203896 0.1281356
v 0.0392658 -0.0221209 0.1245472
v 0.0374301 -0.0279938 0.1281112
v 0.0368154 -0.0280043 0.1342742
v 0.0352217 -0.0280320 0.1401662
v 0.0317202 -0.0280937 0.1473489
v 0.0256944 -0.0281993 0.1546841
v 0.0018709 -0.0146608 0.1684903
v 0.0019855 -0.0002441 0.1699487
v 0.0024069 0.0076207 0.1697703
v 0.0085268 0.0076207 0.1689723
v 0.0161386 0.0149721 0.1659049
v 0.0144658 0.0076207 0.1672940
v 0.0200983 0.0076207 0.1647711
v 0.0253047 0.0076207 0.1614570
v 0.0246493 0.0149416 0.1611222
v 0.0306083 0.0149214 0.1557773
v 0.0299747 0.0076207 0.1574220
v 0.0340092 0.0076207 0.1527517
v 0.0354667 0.0149043 0.1493917
v 0.0373228 0.0076207 0.1475450
v 0.0398452 0.0076207 0.1419123
v 0.0407230 0.0148861 0.1363992
v 0.0386867 0.0148933 0.1429189
v 0.0415229 0.0076207 0.1359731
v 0.0134257 -0.0220385 0.1644290
v 0.0244115 -0.0155258 0.1602567
v 0.0193889 -0.0155258 0.1634538
v 0.0394120 -0.0186556 0.1358060
v 0.0378538 -0.0184976 0.1413314
v 0.0354006 -0.0187242 0.1466571
v 0.0321875 -0.0188922 0.1516043
v 0.0285558 -0.0185920 0.1558639
v 0.0139553 -0.0155258 0.1658877
v 0.0082258 -0.0155258 0.1675067
v 0.0411616 -0.0080177 0.1358989
v 0.0394984 -0.0080177 0.1417864
v 0.0369979 -0.0080177 0.1473701
v 0.0337132 -0.0080177 0.1525314
v 0.0297137 -0.0080177 0.1571611
v 0.0250844 -0.0080177 0.1611610
v 0.0199233 -0.0080177 0.1644462
v 0.0143399 -0.0080177 0.1669472
v 0.0084525 -0.0080177 0.1686109
v 0.0416647 -0.0001901 0.1360022
v 0.0399812 -0.0001901 0.1419617
v 0.0374501 -0.0001901 0.1476136
v 0.0341253 -0.0001901 0.1528380
v 0.0300769 -0.0001901 0.1575243
v 0.0253911 -0.0001901 0.1615730
v 0.0201669 -0.0001901 0.1648984
v 0.0145152 -0.0001901 0.1674300
v 0.0085558 -0.0001901 0.1691140
v 0.0247750 -0.0282314 0.1086086
v 0.0234246 -0.0282377 0.1055519
v 0.0063339 0.0362615 0.0134663
v 0.0124668 0.0352627 0.0282791
v 0.0135528 0.0342005 0.0143479
v 0.0169441 0.0334633 0.0302434
v 0.0164888 0.0329213 0.0147656
v 0.0075977 -0.0359560 0.0008588
v 0.0000000 -0.0367500 0.0008588
v 0.0286118 0.0230823 0.0008108
v 0.0227384 0.0288994 0.0007949
v 0.0155614 0.0333150 0.0007995
v 0.0358333 0.0081982 0.0008095
v 0.0331496 0.0159256 0.0007944
v 0.0284641 -0.0232586 0.0008058
v 0.0330469 -0.0160993 0.0008112
v 0.0357949 -0.0083583 0.0008078
v 0.0000000 0.0367588 0.0008227
v 0.0076576 0.0359756 0.0007963
v 0.0367582 0.0000425 0.0008106
v 0.0153740 -0.0333903 0.0008030
v 0.0225740 -0.0290147 0.0008114
v 0.0173995 -0.0324110 0.0140609
v 0.0206730 -0.0312413 0.0282515
v 0.0141142 -0.0346343 0.0282068
v 0.0061652 -0.0362735 0.0132743
v 0.0124813 -0.0345933 0.0145533
v 0.0039237 -0.0371934 0.0282068
v 0.0217403 -0.0296297 0.0142836
v 0.0100924 -0.0360945 0.0306721
v -0.0000001 -0.0367937 0.0150399
v 0.0245969 -0.0282922 0.0314027
v 0.0242044 -0.0276880 0.0143480
v 0.0373118 0.0022384 0.0262911
v 0.0354581 -0.0097371 0.0142784
v 0.0372168 -0.0037134 0.0282791
v 0.0366632 -0.0033802 0.0146040
v 0.0337170 -0.0146642 0.0141508
v 0.0310951 -0.0196433 0.0147752
v 0.0293528 -0.0233533 0.0299311
v 0.0279039 -0.0239375 0.0141304
v 0.0206070 0.0313107 0.0289202
v 0.0236641 0.0281427 0.0143049
v 0.0209713 0.0301790 0.0142837
v 0.0290767 0.0235250 0.0282789
v 0.0258320 0.0270479 0.0282789
v 0.0275566 0.0243349 0.0143462
v 0.0351330 0.0130479 0.0287042
v 0.0352671 0.0104077 0.0140336
v 0.0333690 0.0154357 0.0142135
v 0.0318446 0.0196164 0.0282789
v 0.0308560 0.0200166 0.0152489
v 0.0369187 0.0064977 0.0314140
v 0.0365888 0.0040604 0.0147214
v 0.0404901 0.0148866 0.1164049
v 0.0419006 0.0100997 0.1219615
v 0.0370927 0.0275077 0.1152668
v 0.0375309 0.0271848 0.1164292
v 0.0398250 0.0182800 0.1161802
v 0.0342741 0.0321771 0.1125294
v 0.0346776 0.0292441 0.1105625
v 0.0363866 0.0209474 0.1061824
v 0.0385333 0.0181365 0.1107162
v 0.0419879 0.0028106 0.1192566
v 0.0396683 0.0086652 0.1079100
v 0.0399172 -0.0137895 0.1152776
v 0.0383441 -0.0064471 0.0989221
v 0.0348592 -0.0280389 0.1127757
v 0.0361939 -0.0280030 0.1173929
v 0.0409266 -0.0137470 0.1221567
v 0.0410988 0.0101502 0.1163419
v 0.0356655 0.0321532 0.1164470
v 0.0383313 -0.0213744 0.1167176
v 0.0418300 -0.0063102 0.1210041
v 0.0396473 0.0194234 0.1164120
v 0.0273616 -0.0281704 0.1127997
v -0.0011000 0.0375287 0.0384459
v -0.0010992 0.0381734 0.0344382
v -0.0011000 0.0381785 0.0745407
v -0.0010981 0.0374150 0.0276647
v 0.0225500 0.0263500 0.0481372
v 0.0225500 0.0266383 0.0481372
v 0.0226614 0.0269063 0.0481367
v 0.0225523 0.0266759 0.0481371
v 0.0010109 0.0282604 0.0482502
v 0.0010000 0.0374902 0.0482500
v 0.0011223 0.0278321 0.0482492
v 0.0017765 0.0269117 0.0482480
v 0.0029826 0.0265208 0.0482396
v 0.0260521 0.0269729 0.0481175
v 0.0162743 0.0337886 0.0481700
v 0.0042476 0.0373087 0.0482330
v 0.0240021 0.0288691 0.0481292
v 0.0146127 0.0345390 0.0481786
v 0.0212399 0.0309734 0.0481433
v 0.0106032 0.0360675 0.0481997
v 0.0245499 -0.0229684 0.0478853
v 0.0245499 -0.0241080 0.0476408
v 0.0245499 -0.0248896 0.0485054
v 0.0245499 -0.0245316 0.0496147
v 0.0245499 -0.0233920 0.0498592
v 0.0245499 -0.0226104 0.0489945
v 0.0245495 -0.0224157 0.0471789
v 0.0245498 -0.0243908 0.0467826
v 0.0245501 -0.0257179 0.0481867
v 0.0245499 -0.0253274 0.0500398
v 0.0245503 -0.0233869 0.0507557
v 0.0245491 -0.0217490 0.0493917
v 0.0245497 0.0242823 0.0476526
v 0.0245497 0.0226526 0.0482177
v 0.0245499 0.0229684 0.0496146
v 0.0245499 0.0241080 0.0498592
v 0.0245499 0.0248896 0.0489945
v 0.0245499 0.0253274 0.0474601
v 0.0245503 0.0233868 0.0467443
v 0.0245500 0.0220179 0.0477500
v 0.0245494 0.0217587 0.0493532
v 0.0245505 0.0232259 0.0507129
v 0.0245498 0.0255435 0.0498681
v 0.0226492 -0.0268983 0.0481365
v 0.0225088 -0.0265180 0.0481014
v 0.0010000 -0.0285207 0.0482500
v 0.0018568 -0.0267126 0.0482418
v 0.0260179 -0.0270049 0.0480930
v 0.0010077 -0.0375241 0.0482497
v 0.0100396 -0.0362173 0.0482028
v 0.0231004 -0.0295757 0.0481344
v 0.0186631 -0.0325304 0.0481575
v 0.0174422 -0.0332076 0.0481639
v 0.0147741 -0.0345036 0.0481770
v 0.0049372 -0.0372637 0.0482276
v 0.0140541 0.0160168 0.1524360
v 0.0175481 0.0160328 0.1651601
v 0.0082420 0.0160015 0.1551903
v 0.0250243 0.0160614 0.1606092
v 0.0000997 0.0260031 0.1601611
v 0.0000993 0.0253494 0.1624414
v 0.0179805 0.0252012 0.1627003
v 0.0204996 0.0262890 0.1609741
v 0.0000999 0.0248750 0.1588014
v 0.0000997 0.0260031 0.1601611
v 0.0204996 0.0262890 0.1609741
v 0.0242887 0.0252319 0.1586879
v 0.0000999 0.0248750 0.1588014
v 0.0000998 0.0221012 0.1591115
v 0.0000999 0.0237500 0.1585000
v 0.0242887 0.0252319 0.1586879
v 0.0256587 0.0229520 0.1583315
v 0.0001011 0.0231845 0.1629582
v 0.0000996 0.0215781 0.1615502
v 0.0025999 0.0232500 0.1629661
v 0.0191784 0.0225278 0.1628346
v 0.0025990 0.0242293 0.1630114
v 0.0026180 0.0242493 0.1672406
v 0.0177990 0.0243029 0.1631171
v 0.0100027 0.0242758 0.1659894
v 0.0000997 -0.0232277 0.1584635
v 0.0000999 -0.0218014 0.1596250
v 0.0226798 -0.0213854 0.1598286
v 0.0238991 -0.0233377 0.1582296
v 0.0000984 -0.0252568 0.1624828
v 0.0000999 -0.0260000 0.1607500
v 0.0001000 -0.0254765 0.1592403
v 0.0000997 -0.0232277 0.1584635
v 0.0224285 -0.0250350 0.1586606
v 0.0238991 -0.0233377 0.1582296
v 0.0200248 -0.0260770 0.1598673
v 0.0165892 -0.0259254 0.1618057
v 0.0218446 -0.0304775 0.0668592
v 0.0219317 -0.0304135 0.0676076
v 0.0252876 -0.0276909 0.0721536
v 0.0221861 -0.0302361 0.0589728
v 0.0221834 -0.0302327 0.0721536
v 0.0283675 0.0371751 0.1259808
v 0.0284170 0.0369880 0.1259879
v 0.0283802 0.0371395 0.1259747
v 0.0282056 0.0373647 0.1260240
v 0.0283623 0.0372144 0.1254519
v 0.0280222 0.0373109 0.1263381
v 0.0280023 0.0374313 0.1261255
v 0.0282365 0.0371128 0.1263966
v 0.0280021 0.0369853 0.1264904
v 0.0282655 0.0369543 0.1263689
v 0.0283911 0.0369989 0.1261578
v 0.0283277 0.0371689 0.1262021
v 0.0275861 0.0374450 0.1222058
v 0.0269410 0.0375083 0.1250064
v 0.0249891 0.0374500 0.1172255
v 0.0257365 0.0374500 0.1165337
v 0.0249869 0.0374500 0.1168522
v 0.0249526 0.0374500 0.1170636
v 0.0251066 0.0374500 0.1166745
v 0.0252896 0.0374500 0.1165632
v 0.0254475 0.0374500 0.1165362
v 0.0269839 0.0369631 0.1264985
v 0.0269773 0.0373491 0.1263397
v 0.0284639 0.0352752 0.1260178
v 0.0279647 0.0352752 0.1265427
v 0.0281164 0.0352753 0.1265219
v 0.0283719 0.0352755 0.1263463
v 0.0276673 0.0371828 0.1207740
v 0.0277568 0.0369631 0.1211822
v 0.0262800 0.0370140 0.1165289
v 0.0260759 0.0373588 0.1165305
v 0.0270365 0.0373713 0.1193080
v 0.0269883 0.0352754 0.1265439
v 0.0279113 0.0352768 0.1214110
v 0.0263242 0.0352761 0.1165286
v 0.0414865 0.0161170 0.1254322
v 0.0394936 0.0243370 0.1223768
v 0.0399405 0.0240585 0.1275030
v 0.0373868 0.0321233 0.1252192
v 0.0405699 0.0161173 0.1175511
v 0.0382878 0.0256015 0.1175299
v 0.0360968 0.0321446 0.1175778
v 0.0392166 0.0161098 0.1368611
v 0.0377214 0.0161038 0.1375034
v 0.0273334 0.0160669 0.1379308
v 0.0269345 0.0149318 0.1380573
v 0.0382908 0.0148940 0.1374227
v 0.0394554 0.0148860 0.1364551
v 0.0392166 0.0161098 0.1368611
v 0.0405353 0.0161134 0.1293002
v 0.0396033 0.0161086 0.1175593
v 0.0394554 0.0148860 0.1364551
v 0.0405529 0.0148839 0.1257350
v 0.0395025 0.0148900 0.1175434
v 0.0396033 0.0161086 0.1175593
v 0.0395025 0.0148900 0.1175434
v 0.0287948 0.0322743 0.1174500
v 0.0300302 0.0150256 0.1174608
v 0.0227551 0.0333064 0.0964900
v 0.0228585 0.0331611 0.1073778
v 0.0227551 0.0333064 0.1073769
v 0.0227050 0.0333517 0.1073765
v 0.0225762 0.0334223 0.0964900
v 0.0227050 0.0333517 0.1073765
v 0.0225775 0.0334250 0.1073754
v 0.0225143 0.0334430 0.1073748
v -0.0000110 0.0374742 0.0994344
v 0.0071300 0.0374500 0.1014085
v 0.0109055 0.0374433 0.1010605
v 0.0176577 0.0375067 0.1069549
v 0.0132297 0.0375440 0.1038671
v 0.0003880 0.0374500 0.1002799
v 0.0009643 0.0374500 0.1004672
v 0.0178778 0.0373480 0.1072167
v 0.0180249 0.0374200 0.1066190
v 0.0183803 0.0372405 0.1063180
v 0.0184121 0.0370670 0.1058276
v 0.0180372 0.0369909 0.1073400
v 0.0183888 0.0369580 0.1065192
v 0.0180015 0.0369852 0.1047979
v 0.0178218 0.0373369 0.1048682
v 0.0180904 0.0369869 0.1049785
v 0.0174532 0.0374213 0.1047823
v 0.0180934 0.0374200 0.1058943
v 0.0000000 0.0373919 0.0987745
v 0.0000000 0.0370082 0.0985114
v 0.0060061 0.0369674 0.0991390
v 0.0031238 0.0371333 0.0987125
v 0.0030750 0.0373746 0.0988980
v 0.0000000 0.0372534 0.0985989
v 0.0070807 0.0374420 0.0997777
v 0.0071709 0.0373003 0.0995561
v 0.0124227 0.0371481 0.1013115
v 0.0148695 0.0373818 0.1028961
v 0.0149594 0.0371333 0.1027153
v 0.0180111 0.0352783 0.1073354
v 0.0185003 0.0352792 0.1063058
v 0.0179748 0.0352859 0.1046243
v 0.0000000 0.0352828 0.0984498
v 0.0048298 0.0352855 0.0988298
v 0.0110120 0.0352796 0.1005448
v 0.0176577 0.0375067 0.1069549
v 0.0132297 0.0375440 0.1038671
v 0.0178778 0.0373480 0.1072167
v 0.0176401 0.0374499 0.1070081
v 0.0245495 -0.0224157 0.0471789
v 0.0245498 -0.0243908 0.0467826
v 0.0245501 -0.0257179 0.0481867
v 0.0245499 -0.0253274 0.0500398
v 0.0245503 -0.0233869 0.0507557
v 0.0245491 -0.0217490 0.0493917
v 0.0245499 0.0253274 0.0474601
v 0.0245503 0.0233868 0.0467443
v 0.0245500 0.0220179 0.0477500
v 0.0245494 0.0217587 0.0493532
v 0.0245505 0.0232259 0.0507129
v 0.0245498 0.0255435 0.0498681
v 0.0324951 -0.0228139 0.0506874
v 0.0303307 -0.0253033 0.0473372
v 0.0309627 -0.0246316 0.0468191
v 0.0323988 -0.0230981 0.0466978
v 0.0317670 -0.0237211 0.0466228
v 0.0326355 -0.0225635 0.0469609
v 0.0334489 -0.0215966 0.0484951
v 0.0332268 -0.0216507 0.0492035
v 0.0329078 -0.0221434 0.0502015
v 0.0309522 -0.0246884 0.0506463
v 0.0304766 -0.0252912 0.0501962
v 0.0317266 -0.0238803 0.0508869
v 0.0318995 -0.0235628 0.0508700
v 0.0299187 -0.0258443 0.0487895
v 0.0331284 0.0217444 0.0478452
v 0.0324826 0.0227628 0.0468319
v 0.0309522 0.0246884 0.0468537
v 0.0304766 0.0252911 0.0473037
v 0.0318995 0.0235628 0.0466300
v 0.0299350 0.0258434 0.0487191
v 0.0300741 0.0256800 0.0495926
v 0.0303308 0.0253032 0.0501629
v 0.0310606 0.0246267 0.0506879
v 0.0325156 0.0225787 0.0505685
v 0.0317970 0.0236712 0.0508789
v 0.0331724 0.0216839 0.0493188
v 0.0000000 0.0381433 0.0013058
v 0.0059601 0.0376303 0.0011477
v 0.0000000 0.0380994 0.0011477
v 0.0000000 -0.0376461 0.0008588
v 0.0059145 -0.0373424 0.0008857
v 0.0000000 -0.0378079 0.0008857
v 0.0058891 -0.0371826 0.0008588
v 0.0116833 -0.0359574 0.0008857
v 0.0171644 -0.0336871 0.0008857
v 0.0170909 -0.0335429 0.0008588
v 0.0222229 -0.0305872 0.0008857
v 0.0267342 -0.0267342 0.0008857
v 0.0305872 -0.0222229 0.0008857
v 0.0304563 -0.0221278 0.0008588
v 0.0336871 -0.0171644 0.0008857
v 0.0359574 -0.0116833 0.0008857
v 0.0373424 -0.0059145 0.0008857
v 0.0371826 -0.0058891 0.0008588
v 0.0378079 0.0000000 0.0008857
v 0.0373424 0.0059145 0.0008857
v 0.0359574 0.0116833 0.0008857
v 0.0336871 0.0171644 0.0008857
v 0.0305872 0.0222229 0.0008857
v 0.0267342 0.0267342 0.0008857
v 0.0222229 0.0305872 0.0008857
v 0.0171644 0.0336871 0.0008857
v 0.0116833 0.0359574 0.0008857
v 0.0059145 0.0373424 0.0008857
v 0.0000000 0.0378079 0.0008857
v 0.0059669 0.0376737 0.0013058
v 0.0117734 0.0362347 0.0011477
v 0.0117869 0.0362764 0.0013058
v 0.0161301 0.0345648 0.0013058
v 0.0172967 0.0339468 0.0011477
v 0.0173167 0.0339859 0.0013058
v 0.0223943 0.0308230 0.0011477
v 0.0224201 0.0308585 0.0013058
v 0.0269403 0.0269403 0.0011477
v 0.0269714 0.0269713 0.0013058
v 0.0308230 0.0223942 0.0011477
v 0.0308585 0.0224200 0.0013058
v 0.0324760 0.0200053 0.0013058
v 0.0339468 0.0172968 0.0011477
v 0.0339859 0.0173167 0.0013058
v 0.0362346 0.0117734 0.0011477
v 0.0362764 0.0117869 0.0013058
v 0.0376303 0.0059601 0.0011477
v 0.0376737 0.0059669 0.0013058
v 0.0379595 0.0037394 0.0013058
v 0.0380994 0.0000000 0.0011477
v 0.0381432 0.0000000 0.0013058
v 0.0376303 -0.0059601 0.0011477
v 0.0376737 -0.0059669 0.0013058
v 0.0371597 -0.0086062 0.0013058
v 0.0362346 -0.0117734 0.0011477
v 0.0362764 -0.0117869 0.0013058
v 0.0339468 -0.0172968 0.0011477
v 0.0339859 -0.0173167 0.0013058
v 0.0308230 -0.0223943 0.0011477
v 0.0308585 -0.0224200 0.0013058
v 0.0269403 -0.0269403 0.0011477
v 0.0269714 -0.0269714 0.0013058
v 0.0225646 -0.0307530 0.0013058
v 0.0223943 -0.0308230 0.0011477
v 0.0224201 -0.0308585 0.0013058
v 0.0172967 -0.0339468 0.0011477
v 0.0173167 -0.0339859 0.0013058
v 0.0143947 -0.0353228 0.0013058
v 0.0117734 -0.0362347 0.0011477
v 0.0117869 -0.0362764 0.0013058
v 0.0092903 -0.0369946 0.0013058
v 0.0059601 -0.0376303 0.0011477
v 0.0059669 -0.0376737 0.0013058
v 0.0000000 -0.0380994 0.0011477
v 0.0000000 0.0379804 0.0009870
v 0.0059415 0.0375128 0.0009870
v 0.0117366 0.0361215 0.0009870
v 0.0172427 0.0338408 0.0009870
v 0.0223243 0.0307268 0.0009870
v 0.0268562 0.0268562 0.0009870
v 0.0307267 0.0223243 0.0009870
v 0.0338408 0.0172427 0.0009870
v 0.0361215 0.0117366 0.0009870
v 0.0375128 0.0059414 0.0009870
v 0.0379804 0.0000000 0.0009870
v 0.0375128 -0.0059414 0.0009870
v 0.0361215 -0.0117366 0.0009870
v 0.0338408 -0.0172427 0.0009870
v 0.0307267 -0.0223243 0.0009870
v 0.0268562 -0.0268562 0.0009870
v 0.0223243 -0.0307268 0.0009870
v 0.0172427 -0.0338408 0.0009870
v 0.0117366 -0.0361215 0.0009870
v 0.0059415 -0.0375128 0.0009870
v 0.0000000 -0.0379804 0.0009870
v 0.0075977 -0.0359560 0.0008588
v 0.0000000 -0.0367500 0.0008588
v 0.0286118 0.0230823 0.0008108
v 0.0227384 0.0288994 0.0007949
v 0.0155614 0.0333150 0.0007995
v 0.0358333 0.0081982 0.0008095
v 0.0331496 0.0159256 0.0007944
v 0.0284641 -0.0232586 0.0008058
v 0.0330469 -0.0160993 0.0008112
v 0.0357949 -0.0083583 0.0008078
v 0.0000000 0.0367588 0.0008227
v 0.0076576 0.0359756 0.0007963
v 0.0367582 0.0000425 0.0008106
v 0.0153740 -0.0333903 0.0008030
v 0.0225740 -0.0290147 0.0008114
v 0.0284639 0.0352752 0.1260178
v 0.0279647 0.0352752 0.1265427
v 0.0281164 0.0352753 0.1265219
v 0.0283719 0.0352755 0.1263463
v 0.0180111 0.0352783 0.1073354
v 0.0388851 0.0050610 0.0129659
v 0.0396318 0.0021725 0.0205164
v 0.0168277 0.0360597 0.0246635
v 0.0189275 0.0352205 0.0299002
v 0.0237094 0.0321579 0.0295974
v 0.0270204 0.0294990 0.0383325
v 0.0272661 0.0288300 0.0206650
v 0.0304185 0.0259061 0.0314413
v 0.0322845 0.0236758 0.0446192
v 0.0344859 0.0202349 0.0312625
v 0.0363555 0.0164084 0.0276667
v 0.0364586 0.0164550 0.0384455
v 0.0367092 0.0158881 0.0384455
v 0.0381405 0.0118497 0.0295137
v 0.0395057 0.0058547 0.0269571
v 0.0399600 0.0021591 0.0317407
v 0.0179173 0.0349042 0.0134517
v 0.0232659 0.0316253 0.0143733
v 0.0305226 0.0246948 0.0143733
v 0.0334281 0.0205918 0.0143733
v 0.0357855 0.0161512 0.0143733
v 0.0375561 0.0114457 0.0143733
v 0.0397479 -0.0040131 0.0295150
v 0.0389681 -0.0087216 0.0294299
v 0.0376353 -0.0133491 0.0301529
v 0.0352904 -0.0181762 0.0208537
v 0.0365207 -0.0163168 0.0384456
v 0.0346359 -0.0200088 0.0384456
v 0.0327037 -0.0229347 0.0293018
v 0.0323792 -0.0234859 0.0384456
v 0.0294666 -0.0265687 0.0206058
v 0.0297748 -0.0267107 0.0384456
v 0.0268505 -0.0296487 0.0384456
v 0.0229037 -0.0312152 0.0072495
v 0.0390674 -0.0038980 0.0143719
v 0.0382490 -0.0088585 0.0143719
v 0.0368034 -0.0136736 0.0143719
v 0.0321354 -0.0225561 0.0143719
v 0.0241995 -0.0310783 0.0155468
v 0.0232260 -0.0316544 0.0143701
v 0.0300454 -0.0258595 0.0489791
v 0.0302057 -0.0260989 0.0486939
v 0.0337406 -0.0214656 0.0487630
v 0.0307015 -0.0256401 0.0504401
v 0.0303648 -0.0260259 0.0497429
v 0.0326486 -0.0231008 0.0510650
v 0.0336105 -0.0216823 0.0499026
v 0.0330764 -0.0224745 0.0507354
v 0.0320703 -0.0239050 0.0512087
v 0.0314208 -0.0247534 0.0510538
v 0.0314269 -0.0247221 0.0509617
v 0.0333006 -0.0219420 0.0500167
v 0.0322890 -0.0232666 0.0508692
v 0.0321143 -0.0238247 0.0511286
v 0.0328741 -0.0225789 0.0506192
v 0.0303779 -0.0258650 0.0496726
v 0.0302684 -0.0259271 0.0494253
v 0.0310723 -0.0251380 0.0507005
v 0.0306748 -0.0255032 0.0502302
v 0.0308734 -0.0254209 0.0505393
v 0.0301374 -0.0263010 0.0487500
v 0.0301735 -0.0262483 0.0487500
v 0.0301829 -0.0258887 0.0492107
v 0.0300894 -0.0258940 0.0487530
v 0.0301561 -0.0259623 0.0487523
v 0.0304995 -0.0253216 0.0501772
v 0.0301412 -0.0256338 0.0496866
v 0.0320021 -0.0238492 0.0509982
v 0.0318519 -0.0239826 0.0509591
v 0.0314610 -0.0243106 0.0508282
v 0.0313379 -0.0245837 0.0507764
v 0.0308983 -0.0250322 0.0504921
v 0.0307138 -0.0252078 0.0503284
v 0.0304963 -0.0255098 0.0500155
v 0.0302075 -0.0257623 0.0494952
v 0.0303729 -0.0257517 0.0477699
v 0.0318027 -0.0238808 0.0465971
v 0.0303537 -0.0260481 0.0477572
v 0.0303845 -0.0259742 0.0477814
v 0.0308355 -0.0254733 0.0469667
v 0.0314208 -0.0247464 0.0465122
v 0.0317520 -0.0243297 0.0463322
v 0.0328097 -0.0228806 0.0464769
v 0.0328158 -0.0228720 0.0464554
v 0.0336180 -0.0216717 0.0476143
v 0.0300570 -0.0257288 0.0480096
v 0.0303025 -0.0255967 0.0476868
v 0.0305368 -0.0253366 0.0473290
v 0.0311153 -0.0248307 0.0468420
v 0.0311351 -0.0246553 0.0468125
v 0.0313972 -0.0246389 0.0466611
v 0.0319147 -0.0238998 0.0465420
v 0.0301194 -0.0258340 0.0482898
v 0.0302291 -0.0258213 0.0480530
v 0.0302348 -0.0259005 0.0481569
v 0.0308166 -0.0253728 0.0471069
v 0.0305423 -0.0254524 0.0473857
v 0.0321058 -0.0238353 0.0463693
v 0.0302507 -0.0260467 0.0482666
v 0.0305845 -0.0256938 0.0474009
v 0.0333857 -0.0219368 0.0473662
v 0.0330649 -0.0220766 0.0473666
v 0.0325943 -0.0230445 0.0466336
v 0.0324884 0.0230092 0.0507727
v 0.0306536 0.0253344 0.0502442
v 0.0305368 0.0253366 0.0501710
v 0.0318057 0.0238971 0.0509089
v 0.0318610 0.0237483 0.0508889
v 0.0303486 0.0260520 0.0497235
v 0.0303840 0.0259740 0.0497176
v 0.0308469 0.0254588 0.0505487
v 0.0314191 0.0247497 0.0509895
v 0.0315164 0.0246365 0.0510990
v 0.0327408 0.0229770 0.0510509
v 0.0302139 0.0256601 0.0496512
v 0.0311153 0.0248307 0.0506580
v 0.0310972 0.0247123 0.0506616
v 0.0313809 0.0246293 0.0508217
v 0.0319147 0.0238998 0.0509580
v 0.0302178 0.0258376 0.0493999
v 0.0303486 0.0257540 0.0496859
v 0.0302320 0.0259008 0.0493370
v 0.0308166 0.0253728 0.0503931
v 0.0307732 0.0252727 0.0503480
v 0.0300537 0.0258646 0.0489574
v 0.0324315 0.0234136 0.0512019
v 0.0301974 0.0260487 0.0487475
v 0.0305845 0.0256938 0.0500991
v 0.0314077 0.0246727 0.0508739
v 0.0301674 0.0262599 0.0487486
v 0.0301998 0.0261348 0.0488523
v 0.0335799 0.0215651 0.0487424
v 0.0337708 0.0214268 0.0492918
v 0.0332363 0.0222369 0.0505292
v 0.0334993 0.0217392 0.0497003
v 0.0333517 0.0217962 0.0496898
v 0.0330281 0.0222966 0.0503522
v 0.0323693 0.0234650 0.0511056
v 0.0336368 0.0216442 0.0476894
v 0.0303439 0.0260596 0.0477478
v 0.0326613 0.0230848 0.0464354
v 0.0333446 0.0220937 0.0469727
v 0.0332144 0.0222801 0.0469102
v 0.0315190 0.0246246 0.0464557
v 0.0314208 0.0247534 0.0464462
v 0.0308377 0.0254574 0.0470068
v 0.0303782 0.0259851 0.0477731
v 0.0332981 0.0219438 0.0474817
v 0.0318030 0.0238376 0.0466055
v 0.0321143 0.0238247 0.0463713
v 0.0328741 0.0225788 0.0468808
v 0.0301780 0.0259993 0.0485192
v 0.0309035 0.0253019 0.0469883
v 0.0306743 0.0255022 0.0472705
v 0.0303833 0.0259090 0.0478102
v 0.0314077 0.0246727 0.0466261
v 0.0300654 0.0258531 0.0484525
v 0.0301880 0.0256532 0.0478445
v 0.0310773 0.0247265 0.0468454
v 0.0304995 0.0253216 0.0473227
v 0.0324066 0.0231481 0.0466609
v 0.0316440 0.0242321 0.0465730
v 0.0306494 0.0253250 0.0472383
v 0.0307138 0.0252078 0.0471716
v 0.0303285 0.0258866 0.0479461
v 0.0037946 0.0390775 0.0143701
v 0.0036658 0.0398100 0.0304656
v 0.0086924 0.0389677 0.0286983
v 0.0131064 0.0377245 0.0293587
v 0.0000000 0.0391298 0.0124643
v 0.0109728 0.0378126 0.0154533
v -0.0000007 0.0399137 0.0273433
v 0.0200564 -0.0311472 0.1034994
v 0.0206667 -0.0311475 0.1043441
v 0.0009913 -0.0311478 0.0940841
v 0.0000408 -0.0311478 0.0935258
v 0.0005999 -0.0311478 0.0940049
v 0.0197769 -0.0339164 0.0143701
v 0.0041189 -0.0390446 0.0143701
v -0.0000005 -0.0382873 0.0019872
v 0.0158587 -0.0366971 0.0306212
v 0.0201160 -0.0344960 0.0291059
v 0.0244910 -0.0316111 0.0289421
v 0.0101961 -0.0386372 0.0297231
v 0.0044506 -0.0396904 0.0291603
v 0.0000063 -0.0400369 0.0296340
v 0.0095626 -0.0380789 0.0143701
v 0.0148167 -0.0363581 0.0143701
v 0.0185003 0.0352792 0.1063058
v 0.0179748 0.0352859 0.1046243
v 0.0000000 0.0352828 0.0984498
v 0.0048298 0.0352855 0.0988298
v 0.0110120 0.0352796 0.1005448
v -0.0000001 0.0399296 0.0754340
v 0.0000000 0.0375647 0.0782969
v 0.0000000 0.0359927 0.0815787
v 0.0000000 0.0353844 0.0855113
v 0.0000000 0.0399997 0.0567227
v 0.0160312 0.0365589 0.0799969
v 0.0171318 0.0362805 0.0800873
v 0.0155415 0.0368969 0.0791613
v 0.0124855 0.0379916 0.0775198
v 0.0077458 0.0393349 0.0760476
v 0.0000256 0.0401147 0.0749598
v 0.0126842 0.0376052 0.0782313
v 0.0092918 0.0388214 0.0766873
v 0.0000003 0.0397065 0.0758865
v 0.0269883 0.0352754 0.1265439
v 0.0264358 0.0352762 0.1335050
v 0.0228555 0.0352734 0.1420260
v 0.0173080 0.0352746 0.1482896
v 0.0109934 0.0352771 0.1521458
v 0.0000000 0.0352746 0.1544500
v 0.0046747 0.0352742 0.1540910
v 0.0279113 0.0352768 0.1214110
v 0.0263242 0.0352761 0.1165286
v 0.0332406 0.0352759 0.1163905
v 0.0344873 0.0352763 0.1150415
v 0.0341830 0.0353187 0.1131519
v 0.0315425 0.0352779 0.1081405
v 0.0308412 0.0352782 0.1076101
v 0.0300282 0.0352783 0.1074404
v 0.0124968 -0.0381107 0.0750396
v 0.0169800 -0.0363499 0.0766891
v 0.0183161 -0.0356326 0.0771663
v 0.0235662 -0.0323181 0.0744250
v 0.0074580 -0.0393887 0.0741987
v -0.0000000 -0.0400074 0.0463559
v 0.0000019 -0.0400286 0.0738056
v 0.0063723 -0.0395577 0.0596477
v 0.0185080 -0.0355308 0.0412855
v 0.0365712 0.0162032 0.0721536
v 0.0352483 0.0189092 0.0721536
v 0.0324267 0.0234203 0.0721536
v 0.0268784 0.0296235 0.0721536
v 0.0291583 0.0273877 0.0771723
v 0.0209669 0.0340805 0.0761497
v 0.0268896 -0.0296133 0.0721536
v 0.0324356 -0.0234080 0.0721536
v 0.0365774 -0.0161894 0.0721536
v 0.0339152 -0.0212076 0.0721536
v 0.0383686 -0.0116269 0.0839618
v 0.0398668 0.0038488 0.0839208
v 0.0042832 0.0398214 0.0591112
v 0.0149241 0.0371959 0.0743286
v 0.0088639 0.0390814 0.0695007
v 0.0087450 0.0391163 0.0590459
v 0.0170208 0.0362481 0.0777186
v 0.0254386 0.0352864 0.0975271
v 0.0313369 0.0352681 0.1055528
v 0.0178024 0.0359683 0.0814594
v 0.0309083 0.0349327 0.1038419
v 0.0245257 0.0350198 0.0946316
v 0.0210057 0.0352702 0.0899287
v 0.0222708 0.0350425 0.0905302
v 0.0207335 0.0350626 0.0866879
v 0.0203095 0.0350895 0.0851712
v 0.0198059 0.0352189 0.0839824
v 0.0186020 0.0356472 0.0816255
v 0.0187379 0.0355877 0.0829323
v 0.0188149 0.0354633 0.0842579
v 0.0180174 -0.0311478 0.0942327
v 0.0200000 -0.0311477 0.0962326
v 0.0187670 -0.0311479 0.0943768
v 0.0192630 -0.0311478 0.0946818
v 0.0198540 -0.0311470 0.0954412
v 0.0293253 -0.0311471 0.1375944
v 0.0265495 -0.0311477 0.1114463
v 0.0280698 -0.0311497 0.1141403
v 0.0238263 -0.0311463 0.1075826
v 0.0301516 -0.0311478 0.1202475
v 0.0302887 -0.0311478 0.1208477
v 0.0305652 -0.0311480 0.1326454
v 0.0310473 -0.0311481 0.1263569
v 0.0272403 -0.0311476 0.1422551
v 0.0250725 -0.0311469 0.1457516
v 0.0205242 -0.0311472 0.1507775
v 0.0058109 -0.0311492 0.1579706
v 0.0106145 -0.0311476 0.1565761
v 0.0128890 -0.0311476 0.1556620
v 0.0162576 -0.0311475 0.1538530
v 0.0000000 -0.0311476 0.1584500
v 0.0313349 -0.0308636 0.1002075
v 0.0284236 -0.0307818 0.0925358
v 0.0280595 -0.0311478 0.0943308
v 0.0305928 -0.0311353 0.0999292
v 0.0258081 -0.0311377 0.0872977
v 0.0261344 -0.0310659 0.0858911
v 0.0254046 -0.0313644 0.0842598
v 0.0237981 -0.0322019 0.0820603
v 0.0261406 -0.0310250 0.0852078
v 0.0331573 -0.0310730 0.1053416
v 0.0249804 -0.0316600 0.0826294
v 0.0050144 -0.0396450 0.0745355
v 0.0226478 -0.0331657 0.0795850
v 0.0211219 -0.0337976 0.0795652
v 0.0185628 -0.0351466 0.0781464
v 0.0217742 -0.0331550 0.0804682
v 0.0164410 -0.0361675 0.0772382
v 0.0095871 -0.0384409 0.0754976
v 0.0116470 -0.0382666 0.0754395
v 0.0000000 -0.0399409 0.0741936
v -0.0000005 -0.0398108 0.0744726
v 0.0000019 -0.0396314 0.0746822
v 0.0165374 -0.0364363 0.0767235
v 0.0223599 -0.0332962 0.0798746
v 0.0000001 -0.0312955 0.0846833
v 0.0000000 -0.0330054 0.0806978
v 0.0000000 -0.0355257 0.0778220
v 0.0328725 0.0352779 0.1084922
v 0.0333012 0.0352748 0.1460339
v 0.0122359 0.0352756 0.1636946
v 0.0182557 0.0352512 0.1612442
v 0.0364701 0.0352749 0.1385975
v 0.0381356 0.0352750 0.1274472
v 0.0377429 0.0352600 0.1344379
v 0.0385934 -0.0307544 0.1218070
v 0.0372170 -0.0309677 0.1161952
v 0.0376915 -0.0306731 0.1167960
v 0.0369333 -0.0311411 0.1167278
v 0.0391007 -0.0305695 0.1252729
v 0.0386749 -0.0310467 0.1280002
v 0.0381519 -0.0310983 0.1218481
v 0.0384367 -0.0311208 0.1276183
v 0.0351957 -0.0311347 0.1110687
v 0.0354606 -0.0307777 0.1099350
v 0.0354905 -0.0309613 0.1107071
v 0.0289227 -0.0289404 0.0878945
v 0.0309252 -0.0294932 0.0960955
v 0.0268714 -0.0305186 0.0855761
v 0.0274968 -0.0292292 0.0798175
v 0.0400107 -0.0010996 0.0791847
v 0.0395489 -0.0064351 0.0838528
v 0.0367427 -0.0164327 0.0851991
v 0.0340539 -0.0211475 0.0797585
v 0.0390599 0.0089363 0.0839996
v 0.0251750 0.0311294 0.0780556
v 0.0218265 0.0340569 0.0848337
v 0.0409854 0.0066265 0.0993848
v 0.0409058 0.0030607 0.0963493
v 0.0358271 0.0214585 0.0957316
v 0.0377322 0.0237235 0.1050754
v 0.0331715 0.0256806 0.0951510
v 0.0309580 0.0293949 0.0963160
v 0.0303697 0.0323988 0.0998744
v 0.0355262 0.0283953 0.1048412
v 0.0404222 0.0115555 0.1011581
v 0.0378869 0.0171124 0.0963306
v 0.0256041 0.0331767 0.0924061
v 0.0290452 0.0298531 0.0923483
v 0.0361962 0.0181645 0.0881420
v 0.0268763 0.0304476 0.0866867
v 0.0303795 0.0268094 0.0865902
v 0.0331008 0.0228994 0.0846776
v 0.0353851 0.0187879 0.0800798
v 0.0310591 -0.0253883 0.0810380
v 0.0321346 -0.0250847 0.0878579
v 0.0345661 -0.0210701 0.0865736
v 0.0375835 0.0139318 0.0838419
v 0.0402700 -0.0015043 0.0879045
v 0.0343006 -0.0246027 0.0963582
v 0.0369303 -0.0203909 0.0983943
v 0.0362710 -0.0266357 0.1062403
v 0.0391655 -0.0135935 0.0964995
v 0.0406304 -0.0071012 0.0974510
v 0.0412822 -0.0032819 0.0991687
v 0.0384630 0.0352366 0.1263103
v 0.0378295 0.0352680 0.1213782
v 0.0368006 0.0352578 0.1167497
v 0.0390177 0.0347685 0.1274482
v 0.0358019 0.0348186 0.1123145
v 0.0347444 0.0350608 0.1105210
v 0.0332450 0.0344692 0.1068890
v 0.0339799 0.0352330 0.1098674
v 0.0388026 0.0350134 0.1255695
v 0.0376389 0.0351043 0.1182449
v 0.0370477 0.0347474 0.1153336
v 0.0386217 0.0347762 0.1214356
v 0.0353147 0.0352333 0.1126410
v 0.0382537 0.0346329 0.1195533
v 0.0376995 -0.0311481 0.1337723
v 0.0000003 -0.0311448 0.1658049
v 0.0000002 0.0352709 0.1657854
v 0.0000085 -0.0309211 0.1663578
v -0.0000023 -0.0295917 0.1670804
v 0.0000005 -0.0155522 0.1709595
v 0.0000155 0.0059772 0.1725265
v 0.0000005 0.0280780 0.1688253
v 0.0000054 0.0197396 0.1709396
v 0.0000073 0.0124339 0.1720564
v 0.0381476 0.0348758 0.1353626
v 0.0238403 0.0348488 0.1583189
v 0.0388368 0.0348257 0.1309648
v 0.0384487 0.0352035 0.1296339
v 0.0308352 0.0352566 0.1503186
v 0.0338648 0.0352514 0.1455835
v 0.0361998 0.0352034 0.1405897
v 0.0230363 0.0352448 0.1581971
v 0.0272771 0.0352482 0.1545012
v 0.0061276 0.0352136 0.1655156
v 0.0127827 0.0350214 0.1641587
v 0.0059796 0.0347773 0.1660661
v 0.0000021 0.0349965 0.1663499
v 0.0179673 0.0347443 0.1621625
v 0.0281126 0.0348321 0.1544993
v 0.0340599 0.0348470 0.1464143
v 0.0312830 0.0348720 0.1506722
v 0.0365696 0.0347495 0.1412406
v 0.0407691 -0.0246306 0.1208108
v 0.0384970 -0.0275551 0.1148329
v 0.0398364 -0.0179410 0.1069676
v 0.0419406 -0.0152291 0.1136952
v 0.0431937 -0.0068031 0.1133470
v 0.0416597 0.0152971 0.1101608
v 0.0400103 0.0192864 0.1075875
v 0.0397107 0.0245795 0.1116473
v 0.0374105 0.0286469 0.1094226
v 0.0414450 0.0278642 0.1258983
v 0.0447475 0.0021494 0.1216976
v 0.0450244 0.0059483 0.1285263
v 0.0443292 0.0107188 0.1215907
v 0.0433496 0.0200713 0.1276598
v 0.0429091 0.0205508 0.1216758
v 0.0418828 0.0202878 0.1155002
v 0.0408646 0.0278741 0.1203536
v 0.0432523 0.0112389 0.1148256
v 0.0432404 0.0020504 0.1114010
v 0.0435291 -0.0151461 0.1255177
v 0.0443860 -0.0064245 0.1217707
v 0.0450111 -0.0013892 0.1289810
v 0.0388732 -0.0307380 0.1308593
v 0.0382441 -0.0307310 0.1351924
v 0.0366011 -0.0306783 0.1412028
v 0.0342809 -0.0308226 0.1459048
v 0.0343375 -0.0304992 0.1462266
v 0.0270727 -0.0307000 0.1556140
v 0.0315162 -0.0306165 0.1506848
v 0.0167436 -0.0307441 0.1627692
v 0.0232662 -0.0307440 0.1587632
v 0.0129296 -0.0307063 0.1643076
v 0.0195365 -0.0304992 0.1613610
v 0.0063319 -0.0306831 0.1660455
v 0.0000019 -0.0310739 0.1660896
v 0.0077573 -0.0310761 0.1652232
v 0.0229325 -0.0311220 0.1583332
v 0.0182346 -0.0311310 0.1612961
v 0.0124981 -0.0311384 0.1637887
v 0.0309397 -0.0310762 0.1504658
v 0.0271253 -0.0311146 0.1547452
v 0.0377744 -0.0310762 0.1352010
v 0.0360764 -0.0311252 0.1407478
v 0.0336385 -0.0311382 0.1460347
v 0.0443978 0.0136230 0.1286988
v 0.0429928 -0.0172846 0.1302848
v 0.0250106 -0.0205964 0.1616807
v 0.0197647 -0.0202771 0.1650256
v 0.0024296 -0.0172846 0.1704677
v 0.0025007 -0.0096567 0.1717275
v 0.0422881 0.0245617 0.1302220
v 0.0404225 0.0281228 0.1360952
v 0.0387512 0.0281228 0.1418395
v 0.0373563 0.0243620 0.1475800
v 0.0330256 0.0281228 0.1523100
v 0.0290913 0.0281228 0.1568168
v 0.0194897 0.0281228 0.1639036
v 0.0252407 0.0245907 0.1615061
v 0.0146750 0.0244217 0.1672518
v 0.0023309 0.0281228 0.1687209
v 0.0023356 -0.0238396 0.1688055
v 0.0140524 -0.0238396 0.1664148
v 0.0297860 -0.0207551 0.1575710
v 0.0338398 -0.0204802 0.1530263
v 0.0371259 -0.0206070 0.1479143
v 0.0397161 -0.0203705 0.1424119
v 0.0414374 -0.0238342 0.1290855
v 0.0445329 -0.0084885 0.1284213
v 0.0421302 0.0212998 0.1364604
v 0.0403883 0.0212998 0.1424474
v 0.0344209 0.0212998 0.1533602
v 0.0303204 0.0212998 0.1580575
v 0.0203132 0.0212998 0.1654437
v 0.0087442 0.0245919 0.1689261
v 0.0433412 0.0138721 0.1367194
v 0.0415492 0.0138721 0.1428785
v 0.0388870 0.0138721 0.1487145
v 0.0354103 0.0138721 0.1541051
v 0.0311918 0.0138721 0.1589373
v 0.0263201 0.0138721 0.1631100
v 0.0208970 0.0138721 0.1665358
v 0.0150362 0.0138721 0.1691429
v 0.0088605 0.0138721 0.1708767
v 0.0439731 0.0061730 0.1368545
v 0.0421550 0.0061730 0.1431035
v 0.0394540 0.0061730 0.1490245
v 0.0359266 0.0061730 0.1544937
v 0.0316466 0.0061730 0.1593963
v 0.0267039 0.0061730 0.1636299
v 0.0212017 0.0061730 0.1671057
v 0.0152555 0.0061730 0.1697507
v 0.0089897 0.0061730 0.1715098
v 0.0439890 -0.0017835 0.1368580
v 0.0421703 -0.0017835 0.1431091
v 0.0394683 -0.0017835 0.1490323
v 0.0359396 -0.0017835 0.1545034
v 0.0316581 -0.0017835 0.1594079
v 0.0267135 -0.0017835 0.1636430
v 0.0212094 -0.0017835 0.1671200
v 0.0152610 -0.0017835 0.1697661
v 0.0089929 -0.0017835 0.1715258
v 0.0000061 -0.0028606 0.1724668
v 0.0433672 -0.0096567 0.1367249
v 0.0415742 -0.0096567 0.1428878
v 0.0389103 -0.0096567 0.1487272
v 0.0354316 -0.0096567 0.1541210
v 0.0312106 -0.0096567 0.1589562
v 0.0263359 -0.0096567 0.1631314
v 0.0209096 -0.0096567 0.1665592
v 0.0150452 -0.0096567 0.1691679
v 0.0088659 -0.0096567 0.1709027
v 0.0414369 -0.0204156 0.1365792
v 0.0146172 -0.0172846 0.1679810
v 0.0083351 -0.0205968 0.1690172
v 0.0224044 -0.0295543 0.0954900
v 0.0225762 -0.0295223 0.0954900
v 0.0227551 -0.0294064 0.1013812
v 0.0225762 -0.0295223 0.1013812
v 0.0224044 -0.0295543 0.1013812
v 0.0228582 -0.0294752 0.1038590
v 0.0254401 0.0275509 0.0721536
v 0.0215325 0.0307504 0.0693906
v 0.0196756 0.0320705 0.0806514
v 0.0240946 0.0288724 0.0804388
v 0.0224285 -0.0250350 0.1586606
v 0.0200248 -0.0260770 0.1598673
v 0.0256944 -0.0281993 0.1546841
v 0.0181732 -0.0283287 0.1601023
v 0.0084724 -0.0242706 0.1652401
v 0.0148214 -0.0243603 0.1631530
v 0.0165892 -0.0259254 0.1618057
v 0.0101688 -0.0284702 0.1633462
v 0.0025992 0.0232367 0.1674522
v -0.0010994 0.0244590 0.1672524
v 0.0004518 0.0284386 0.1660694
v -0.0010984 0.0166758 0.1688927
v 0.0015516 0.0327353 0.1646654
v 0.0410553 0.0161152 0.1339607
v 0.0399405 0.0240585 0.1275030
v 0.0372564 0.0321209 0.1315136
v 0.0402219 0.0223606 0.1297340
v 0.0380055 0.0161055 0.1444625
v 0.0327983 0.0321977 0.1455230
v 0.0378693 0.0223606 0.1411952
v 0.0354721 0.0223606 0.1465486
v 0.0319388 0.0248501 0.1510525
v 0.0380055 0.0161055 0.1444625
v 0.0317460 0.0160836 0.1543339
v 0.0319388 0.0248501 0.1510525
v 0.0284883 0.0223606 0.1559357
v 0.0026180 0.0242493 0.1672406
v 0.0100027 0.0242758 0.1659894
v 0.0076408 0.0326330 0.1639265
v 0.0131318 0.0288913 0.1636194
v 0.0229000 -0.0282476 0.1013812
v -0.0001369 -0.0286505 0.1584536
v -0.0007956 -0.0286681 0.1585025
v -0.0010700 -0.0286754 0.1587637
v 0.0247750 -0.0282314 0.1086086
v 0.0234246 -0.0282377 0.1055519
v 0.0238272 -0.0290460 0.1065732
v 0.0229758 -0.0290537 0.1028865
v 0.0234276 -0.0290789 0.1054024
v -0.0010830 -0.0293438 0.1588418
v -0.0000067 -0.0287012 0.0923360
v 0.0000330 -0.0293241 0.0933804
v 0.0199090 -0.0295792 0.0955031
v 0.0187308 -0.0294609 0.0943347
v 0.0116797 -0.0294827 0.0941774
v 0.0007981 -0.0295543 0.0940659
v 0.0003823 -0.0295023 0.0938830
v 0.0200564 -0.0311472 0.1034994
v 0.0201177 -0.0295750 0.1036813
v 0.0206667 -0.0311475 0.1043441
v 0.0238723 -0.0295292 0.1076631
v 0.0051988 -0.0285578 0.1580597
v 0.0117509 -0.0284421 0.1561788
v 0.0177519 -0.0283371 0.1529246
v 0.0231861 -0.0282424 0.1480991
v 0.0262889 -0.0281884 0.1438783
v 0.0282967 -0.0281545 0.1402831
v 0.0305250 -0.0281149 0.1332112
v 0.0310052 -0.0281066 0.1257993
v 0.0299121 -0.0281249 0.1191325
v 0.0273616 -0.0281704 0.1127997
v 0.0241549 -0.0294283 0.1078778
v 0.0245055 -0.0293974 0.1084635
v 0.0247557 -0.0292560 0.1087302
v 0.0254554 -0.0290570 0.1097529
v 0.0009913 -0.0311478 0.0940841
v 0.0000408 -0.0311478 0.0935258
v 0.0005999 -0.0311478 0.0940049
v 0.0000000 -0.0296473 0.0925205
v 0.0000000 -0.0296474 0.0866854
v -0.0009581 -0.0294719 0.1586222
v -0.0007933 -0.0296303 0.1584983
v 0.0000000 -0.0296473 0.1584500
v 0.0180174 -0.0311478 0.0942327
v 0.0200000 -0.0311477 0.0962326
v 0.0187670 -0.0311479 0.0943768
v 0.0192630 -0.0311478 0.0946818
v 0.0198540 -0.0311470 0.0954412
v 0.0293253 -0.0311471 0.1375944
v 0.0265495 -0.0311477 0.1114463
v 0.0280698 -0.0311497 0.1141403
v 0.0238263 -0.0311463 0.1075826
v 0.0301516 -0.0311478 0.1202475
v 0.0302887 -0.0311478 0.1208477
v 0.0305652 -0.0311480 0.1326454
v 0.0310473 -0.0311481 0.1263569
v 0.0272403 -0.0311476 0.1422551
v 0.0250725 -0.0311469 0.1457516
v 0.0205242 -0.0311472 0.1507775
v 0.0058109 -0.0311492 0.1579706
v 0.0106145 -0.0311476 0.1565761
v 0.0128890 -0.0311476 0.1556620
v 0.0162576 -0.0311475 0.1538530
v 0.0000000 -0.0311476 0.1584500
v 0.0000001 -0.0312955 0.0846833
v -0.0010951 -0.0286448 0.0920613
v -0.0010053 -0.0287007 0.0923072
v -0.0010431 -0.0293847 0.0922345
v -0.0008133 -0.0296243 0.0924623
v -0.0006174 -0.0288522 0.0924989
v -0.0000067 -0.0287012 0.0923360
v 0.0000000 -0.0296473 0.0925205
v -0.0011000 0.0368314 0.0150795
v -0.0000004 0.0368070 0.0150406
v -0.0010483 0.0376577 0.0150780
v 0.0000002 0.0378415 0.0150425
v -0.0000110 0.0374742 0.0994344
v 0.0003880 0.0374500 0.1002799
v 0.0000000 0.0373919 0.0987745
v 0.0000000 0.0370082 0.0985114
v 0.0000000 0.0372534 0.0985989
v -0.0000707 0.0337125 0.0980182
v 0.0003311 0.0336470 0.1003005
v 0.0000000 0.0352828 0.0984498
v 0.0229277 0.0323833 0.1073784
v 0.0228585 0.0331611 0.1073778
v 0.0227551 0.0333064 0.1073769
v 0.0227050 0.0333517 0.1073765
v 0.0225775 0.0334250 0.1073754
v 0.0225143 0.0334430 0.1073748
v 0.0181183 0.0335920 0.1073501
v 0.0071300 0.0374500 0.1014085
v 0.0132297 0.0375440 0.1038671
v 0.0003880 0.0374500 0.1002799
v 0.0009643 0.0374500 0.1004672
v 0.0178778 0.0373480 0.1072167
v 0.0180372 0.0369909 0.1073400
v 0.0003311 0.0336470 0.1003005
v 0.0341690 0.0321788 0.1131213
v 0.0345074 0.0321738 0.1149576
v 0.0307872 0.0322405 0.1075417
v 0.0317257 0.0322238 0.1084112
v 0.0129152 0.0335371 0.1037394
v 0.0071300 0.0335876 0.1014085
v 0.0180111 0.0352783 0.1073354
v 0.0176401 0.0374499 0.1070081
v 0.0344873 0.0352763 0.1150415
v 0.0341830 0.0353187 0.1131519
v 0.0315425 0.0352779 0.1081405
v 0.0308412 0.0352782 0.1076101
v 0.0300282 0.0352783 0.1074404
v 0.0280222 0.0373109 0.1263381
v 0.0282365 0.0371128 0.1263966
v 0.0280021 0.0369853 0.1264904
v 0.0269839 0.0369631 0.1264985
v 0.0269773 0.0373491 0.1263397
v -0.0010625 0.0328018 0.1547391
v -0.0007207 0.0327915 0.1544867
v -0.0008823 0.0327970 0.1545585
v 0.0269410 0.0375083 0.1250064
v 0.0249891 0.0374500 0.1172255
v 0.0257365 0.0374500 0.1165337
v 0.0249869 0.0374500 0.1168522
v 0.0249526 0.0374500 0.1170636
v 0.0251066 0.0374500 0.1166745
v 0.0252896 0.0374500 0.1165632
v 0.0254475 0.0374500 0.1165362
v 0.0269839 0.0369631 0.1264985
v 0.0269773 0.0373491 0.1263397
v 0.0262800 0.0370140 0.1165289
v 0.0260759 0.0373588 0.1165305
v 0.0252896 0.0323363 0.1165632
v 0.0254475 0.0323335 0.1165362
v 0.0251066 0.0323394 0.1166745
v 0.0249869 0.0323415 0.1168522
v 0.0249526 0.0323421 0.1170636
v 0.0249891 0.0323414 0.1172255
v 0.0267281 0.0323102 0.1236287
v 0.0287948 0.0322751 0.1165070
v 0.0268530 0.0323070 0.1302625
v 0.0253562 0.0323322 0.1367266
v 0.0223282 0.0323843 0.1426304
v 0.0179518 0.0324600 0.1476175
v 0.0124913 0.0325547 0.1513867
v 0.0062764 0.0326629 0.1537104
v 0.0289429 0.0160958 0.1165057
v 0.0300208 0.0150610 0.1164963
v 0.0404901 0.0148866 0.1164049
v 0.0375309 0.0271848 0.1164292
v 0.0356655 0.0321532 0.1164470
v 0.0396473 0.0194234 0.1164120
v 0.0332331 0.0321955 0.1164046
v -0.0008079 0.0337531 0.1545165
v -0.0009581 0.0335989 0.1546222
v -0.0010914 0.0334622 0.1548479
v -0.0000090 0.0337738 0.1544182
v 0.0269883 0.0352754 0.1265439
v 0.0264358 0.0352762 0.1335050
v 0.0228555 0.0352734 0.1420260
v 0.0173080 0.0352746 0.1482896
v 0.0109934 0.0352771 0.1521458
v 0.0000000 0.0352746 0.1544500
v 0.0046747 0.0352742 0.1540910
v 0.0263242 0.0352761 0.1165286
v 0.0332406 0.0352759 0.1163905
v 0.0287948 0.0322743 0.1174500
v 0.0288877 0.0162332 0.1174508
v 0.0287948 0.0322751 0.1165070
v 0.0289429 0.0160958 0.1165057
v 0.0300302 0.0150256 0.1174608
v 0.0288877 0.0162332 0.1174508
v 0.0289429 0.0160958 0.1165057
v 0.0300208 0.0150610 0.1164963
v 0.0395025 0.0148900 0.1175434
v 0.0300302 0.0150256 0.1174608
v 0.0300208 0.0150610 0.1164963
v 0.0404901 0.0148866 0.1164049
v 0.0413886 0.0148833 0.1222939
v 0.0235766 0.0149456 0.1436397
v 0.0261487 0.0149366 0.1390347
v 0.0193549 0.0149604 0.1485059
v 0.0269345 0.0149318 0.1380573
v 0.0382908 0.0148940 0.1374227
v 0.0306083 0.0149214 0.1557773
v 0.0354667 0.0149043 0.1493917
v 0.0407230 0.0148861 0.1363992
v 0.0386867 0.0148933 0.1429189
v 0.0303729 -0.0257517 0.0477699
v 0.0302291 -0.0258213 0.0480530
v 0.0302348 -0.0259005 0.0481569
v 0.0305845 -0.0256938 0.0474009
v 0.0299350 0.0258434 0.0487191
v 0.0302178 0.0258376 0.0493999
v 0.0300537 0.0258646 0.0489574
v 0.0300654 0.0258531 0.0484525
v 0.0324826 0.0227628 0.0468319
v 0.0318030 0.0238376 0.0466055
v 0.0324066 0.0231481 0.0466609
v 0.0316440 0.0242321 0.0465730
v 0.0318030 0.0238376 0.0466055
v 0.0310773 0.0247265 0.0468454
v 0.0316440 0.0242321 0.0465730
v 0.0315899 0.0241524 0.0466410
v 0.0225165 -0.0292076 0.0936455
v 0.0224459 -0.0282555 0.0920524
v -0.0000067 -0.0287012 0.0923360
v 0.0000330 -0.0293241 0.0933804
v 0.0187308 -0.0294609 0.0943347
v 0.0116797 -0.0294827 0.0941774
v 0.0007981 -0.0295543 0.0940659
v 0.0003823 -0.0295023 0.0938830
v 0.0352217 -0.0280320 0.1401662
v 0.0317202 -0.0280937 0.1473489
v 0.0282967 -0.0281545 0.1402831
v 0.0305250 -0.0281149 0.1332112
v -0.0011444 -0.0369270 0.0150817
v -0.0000001 -0.0367937 0.0150399
v -0.0008127 -0.0377832 0.0150694
v 0.0000001 -0.0379069 0.0150440
v 0.0000000 0.0384396 0.0749359
v -0.0000001 0.0399296 0.0754340
v 0.0000000 0.0399997 0.0567227
v 0.0000256 0.0401147 0.0749598
v 0.0345074 0.0321738 0.1149576
v 0.0332331 0.0321955 0.1164046
v 0.0332406 0.0352759 0.1163905
v 0.0344873 0.0352763 0.1150415
v 0.0140730 -0.0281500 0.1386728
v 0.0162174 -0.0281500 0.1352599
v 0.0040054 -0.0281500 0.1449987
v 0.0078099 -0.0281500 0.1436674
v 0.0112228 -0.0281500 0.1415230
v -0.0078099 -0.0281500 0.1436674
v -0.0040054 -0.0281500 0.1449987
v 0.0000000 -0.0281500 0.1454500
v -0.0162174 -0.0281500 0.1352599
v -0.0140730 -0.0281500 0.1386728
v -0.0112228 -0.0281500 0.1415230
v -0.0175487 -0.0281500 0.1314554
v 0.0180362 -0.0276500 0.1315666
v 0.0166679 -0.0276500 0.1354768
v 0.0144639 -0.0276500 0.1389846
v 0.0115346 -0.0276500 0.1419139
v 0.0080268 -0.0276500 0.1441179
v 0.0041166 -0.0276500 0.1454862
v 0.0000000 -0.0276500 0.1459500
v -0.0041166 -0.0276500 0.1454862
v -0.0080268 -0.0276500 0.1441179
v -0.0115346 -0.0276500 0.1419139
v -0.0144639 -0.0276500 0.1389846
v -0.0166679 -0.0276500 0.1354768
v -0.0180362 -0.0276500 0.1315666
v 0.0185000 -0.0276500 0.1274500
v 0.0180362 -0.0276500 0.1315666
v 0.0166679 -0.0276500 0.1354768
v 0.0144639 -0.0276500 0.1389846
v 0.0115346 -0.0276500 0.1419139
v 0.0080268 -0.0276500 0.1441179
v 0.0041166 -0.0276500 0.1454862
v 0.0000000 -0.0276500 0.1459500
v -0.0041166 -0.0276500 0.1454862
v -0.0080268 -0.0276500 0.1441179
v -0.0115346 -0.0276500 0.1419139
v -0.0144639 -0.0276500 0.1389846
v -0.0166679 -0.0276500 0.1354768
v -0.0180362 -0.0276500 0.1315666
v -0.0185000 -0.0276500 0.1274500
v -0.0180362 -0.0276500 0.1233334
v -0.0166679 -0.0276500 0.1194232
v -0.0144639 -0.0276500 0.1159154
v -0.0115346 -0.0276500 0.1129861
v -0.0080268 -0.0276500 0.1107821
v -0.0041166 -0.0276500 0.1094138
v 0.0000000 -0.0276500 0.1089500
v 0.0041166 -0.0276500 0.1094138
v 0.0080268 -0.0276500 0.1107821
v 0.0115346 -0.0276500 0.1129861
v 0.0144639 -0.0276500 0.1159154
v 0.0166679 -0.0276500 0.1194232
v 0.0180362 -0.0276500 0.1233334
v -0.0180362 -0.0261500 0.1315666
v -0.0166679 -0.0261500 0.1354768
v -0.0144639 -0.0261500 0.1389846
v -0.0115346 -0.0261500 0.1419139
v -0.0080268 -0.0261500 0.1441179
v -0.0041166 -0.0261500 0.1454862
v 0.0000000 -0.0261500 0.1459500
v 0.0041166 -0.0261500 0.1454862
v 0.0080268 -0.0261500 0.1441179
v 0.0115346 -0.0261500 0.1419139
v 0.0144639 -0.0261500 0.1389846
v 0.0166679 -0.0261500 0.1354768
v 0.0180362 -0.0261500 0.1315666
v 0.0185000 -0.0261500 0.1274500
v 0.0180362 -0.0261500 0.1233334
v 0.0166679 -0.0261500 0.1194232
v 0.0144639 -0.0261500 0.1159154
v 0.0115346 -0.0261500 0.1129861
v 0.0080268 -0.0261500 0.1107821
v 0.0041166 -0.0261500 0.1094138
v 0.0000000 -0.0261500 0.1089500
v -0.0041166 -0.0261500 0.1094138
v -0.0080268 -0.0261500 0.1107821
v -0.0115346 -0.0261500 0.1129861
v -0.0144639 -0.0261500 0.1159154
v -0.0166679 -0.0261500 0.1194232
v -0.0180362 -0.0261500 0.1233334
v -0.0185000 -0.0261500 0.1274500
v -0.0166679 -0.0261500 0.1354768
v -0.0144639 -0.0261500 0.1389846
v -0.0115346 -0.0261500 0.1419139
v -0.0080268 -0.0261500 0.1441179
v -0.0041166 -0.0261500 0.1454862
v 0.0000000 -0.0261500 0.1459500
v 0.0041166 -0.0261500 0.1454862
v 0.0080268 -0.0261500 0.1441179
v 0.0115346 -0.0261500 0.1419139
v 0.0144639 -0.0261500 0.1389846
v 0.0166679 -0.0261500 0.1354768
v 0.0180362 -0.0261500 0.1315666
v -0.0269910 -0.0261500 0.1348990
v -0.0252271 -0.0261500 0.1395987
v -0.0226525 -0.0261500 0.1439080
v 0.0262146 -0.0261500 0.1372885
v -0.0193498 -0.0261500 0.1476883
v -0.0154251 -0.0261500 0.1508180
v -0.0110047 -0.0261500 0.1531968
v -0.0062306 -0.0261500 0.1547480
v -0.0012562 -0.0261500 0.1554218
v 0.0037585 -0.0261500 0.1551966
v 0.0086525 -0.0261500 0.1540796
v 0.0132683 -0.0261500 0.1521067
v 0.0174577 -0.0261500 0.1493413
v 0.0210860 -0.0261500 0.1458723
v 0.0240366 -0.0261500 0.1418112
v 0.0240366 -0.0261500 0.1130888
v 0.0210860 -0.0261500 0.1090277
v 0.0262146 -0.0261500 0.1176115
v 0.0214625 -0.0256500 0.1086987
v 0.0244658 -0.0256500 0.1128324
v 0.0266827 -0.0256500 0.1174358
v -0.0269910 -0.0261500 0.1348990
v -0.0252271 -0.0261500 0.1395987
v -0.0226525 -0.0261500 0.1439080
v 0.0262146 -0.0261500 0.1372885
v -0.0193498 -0.0261500 0.1476883
v -0.0154251 -0.0261500 0.1508180
v -0.0110047 -0.0261500 0.1531968
v -0.0062306 -0.0261500 0.1547480
v -0.0012562 -0.0261500 0.1554218
v 0.0037585 -0.0261500 0.1551966
v 0.0086525 -0.0261500 0.1540796
v 0.0132683 -0.0261500 0.1521067
v 0.0174577 -0.0261500 0.1493413
v 0.0210860 -0.0261500 0.1458723
v 0.0240366 -0.0261500 0.1418112
v 0.0280420 -0.0256500 0.1325389
v 0.0266827 -0.0256500 0.1374642
v 0.0244658 -0.0256500 0.1420676
v 0.0214625 -0.0256500 0.1462013
v 0.0177695 -0.0256500 0.1497322
v 0.0135053 -0.0256500 0.1525470
v 0.0088070 -0.0256500 0.1545551
v 0.0038256 -0.0256500 0.1556921
v -0.0012786 -0.0256500 0.1559213
v -0.0063418 -0.0256500 0.1552354
v -0.0112012 -0.0256500 0.1536565
v -0.0157006 -0.0256500 0.1512353
v -0.0196953 -0.0256500 0.1480497
v -0.0230570 -0.0256500 0.1442019
v -0.0256776 -0.0256500 0.1398157
v -0.0274729 -0.0256500 0.1350320
v -0.0280000 0.0283500 0.1274500
v -0.0275500 0.0283500 0.1224504
v -0.0275500 0.0283500 0.1324496
v -0.0210860 0.0283500 0.1458723
v -0.0240366 0.0283500 0.1418112
v -0.0262146 0.0283500 0.1372885
v -0.0086525 0.0283500 0.1540796
v -0.0132683 0.0283500 0.1521067
v -0.0174577 0.0283500 0.1493413
v 0.0062306 0.0283500 0.1547480
v 0.0012562 0.0283500 0.1554218
v -0.0037585 0.0283500 0.1551966
v 0.0193498 0.0283500 0.1476883
v 0.0154251 0.0283500 0.1508180
v 0.0110047 0.0283500 0.1531968
v 0.0269910 0.0283500 0.1348990
v 0.0252271 0.0283500 0.1395987
v 0.0226525 0.0283500 0.1439080
v 0.0269910 0.0283500 0.1200010
v 0.0278873 0.0283500 0.1249401
v 0.0278873 0.0283500 0.1299599
v 0.0226525 0.0283500 0.1109920
v 0.0252271 0.0283500 0.1153013
v -0.0210860 0.0283500 0.1090277
v -0.0262146 0.0283500 0.1176115
v -0.0240366 0.0283500 0.1130888
v -0.0283853 0.0278500 0.1248953
v -0.0285000 0.0278500 0.1274500
v -0.0280420 0.0278500 0.1223611
v -0.0274729 0.0278500 0.1198680
v -0.0266827 0.0278500 0.1174358
v -0.0256776 0.0278500 0.1150843
v -0.0244658 0.0278500 0.1128324
v -0.0230570 0.0278500 0.1106981
v 0.0214625 0.0278500 0.1086987
v 0.0230570 0.0278500 0.1106981
v 0.0244658 0.0278500 0.1128324
v 0.0256776 0.0278500 0.1150843
v 0.0266827 0.0278500 0.1174358
v 0.0274729 0.0278500 0.1198680
v 0.0280420 0.0278500 0.1223611
v 0.0283853 0.0278500 0.1248953
v 0.0285000 0.0278500 0.1274500
v 0.0283853 0.0278500 0.1300047
v 0.0280420 0.0278500 0.1325389
v 0.0274729 0.0278500 0.1350320
v 0.0266827 0.0278500 0.1374642
v 0.0256776 0.0278500 0.1398157
v 0.0244658 0.0278500 0.1420676
v 0.0230570 0.0278500 0.1442019
v 0.0214625 0.0278500 0.1462013
v 0.0196953 0.0278500 0.1480497
v 0.0177695 0.0278500 0.1497322
v 0.0157006 0.0278500 0.1512353
v 0.0135053 0.0278500 0.1525470
v 0.0112012 0.0278500 0.1536565
v 0.0088070 0.0278500 0.1545551
v 0.0063418 0.0278500 0.1552354
v 0.0038256 0.0278500 0.1556921
v 0.0012786 0.0278500 0.1559213
v -0.0012786 0.0278500 0.1559213
v -0.0038256 0.0278500 0.1556921
v -0.0063418 0.0278500 0.1552354
v -0.0088070 0.0278500 0.1545551
v -0.0112012 0.0278500 0.1536565
v -0.0135053 0.0278500 0.1525470
v -0.0157006 0.0278500 0.1512353
v -0.0177695 0.0278500 0.1497322
v -0.0196953 0.0278500 0.1480497
v -0.0214625 0.0278500 0.1462013
v -0.0230570 0.0278500 0.1442019
v -0.0244658 0.0278500 0.1420676
v -0.0256776 0.0278500 0.1398157
v -0.0266827 0.0278500 0.1374642
v -0.0274729 0.0278500 0.1350320
v -0.0280420 0.0278500 0.1325389
v -0.0283853 0.0278500 0.1300047
v 0.0244658 -0.0256500 0.1128324
v 0.0266827 -0.0256500 0.1174358
v 0.0280420 -0.0256500 0.1223611
v 0.0285000 -0.0256500 0.1274500
v 0.0230570 0.0278500 0.1106981
v 0.0244658 0.0278500 0.1128324
v 0.0256776 0.0278500 0.1150843
v 0.0266827 0.0278500 0.1174358
v 0.0274729 0.0278500 0.1198680
v 0.0280420 0.0278500 0.1223611
v 0.0283853 0.0278500 0.1248953
v 0.0285000 0.0278500 0.1274500
v 0.0283853 0.0278500 0.1300047
v 0.0177695 -0.0256500 0.1051678
v 0.0214625 -0.0256500 0.1086987
v 0.0177695 0.0278500 0.1051678
v 0.0196953 0.0278500 0.1068503
v 0.0214625 0.0278500 0.1086987
v 0.0230570 0.0278500 0.1106981
v 0.0088070 -0.0256500 0.1003449
v 0.0135053 -0.0256500 0.1023530
v 0.0177695 -0.0256500 0.1051678
v 0.0112012 0.0278500 0.1012435
v 0.0135053 0.0278500 0.1023530
v 0.0157006 0.0278500 0.1036647
v 0.0038256 -0.0256500 0.0992079
v 0.0088070 -0.0256500 0.1003449
v 0.0012786 0.0278500 0.0989787
v 0.0038256 0.0278500 0.0992079
v 0.0063418 0.0278500 0.0996646
v -0.0112012 -0.0256500 0.1012435
v -0.0063418 -0.0256500 0.0996646
v -0.0112012 0.0278500 0.1012435
v -0.0088070 0.0278500 0.1003449
v -0.0012786 -0.0256500 0.1559213
v -0.0063418 -0.0256500 0.1552354
v -0.0038256 0.0278500 0.1556921
v -0.0063418 0.0278500 0.1552354
v 0.0135053 -0.0256500 0.1525470
v 0.0088070 -0.0256500 0.1545551
v 0.0038256 -0.0256500 0.1556921
v 0.0112012 0.0278500 0.1536565
v 0.0088070 0.0278500 0.1545551
v 0.0063418 0.0278500 0.1552354
v 0.0038256 0.0278500 0.1556921
v -0.0002500 -0.0291500 0.0940899
v 0.0002500 -0.0291500 0.0940899
v -0.0002500 -0.0291500 0.1076516
v 0.0002500 -0.0291500 0.1076516
v 0.0002500 -0.0293500 0.0954899
v 0.0002855 -0.0293554 0.1073051
v 0.0203801 -0.0288627 0.1356772
v 0.0278196 -0.0291667 0.1353703
v 0.0196269 -0.0293683 0.1347597
v 0.0285987 -0.0291888 0.1339911
v 0.0293014 -0.0292172 0.1282606
v 0.0285778 -0.0293006 0.1207170
v 0.0277332 -0.0288542 0.1173839
v 0.0279693 -0.0293207 0.1288902
v 0.0264401 -0.0293207 0.1244807
v 0.0234500 -0.0293500 0.1247653
v 0.0217050 -0.0293240 0.1276877
v 0.0243329 -0.0293461 0.1305589
v 0.0157871 -0.0293166 0.1055622
v 0.0122621 -0.0293266 0.1025016
v 0.0093933 -0.0293439 0.1051327
v 0.0103700 -0.0293429 0.1081557
v 0.0134760 -0.0293439 0.1088232
v -0.0002500 -0.0293500 0.0954899
v -0.0002843 -0.0293568 0.1073072
v -0.0189711 -0.0288892 0.1340049
v -0.0198384 -0.0292939 0.1251176
v -0.0172373 -0.0290767 0.1180446
v -0.0132518 -0.0291727 0.1127263
v -0.0064279 -0.0292203 0.1088059
v -0.0009672 -0.0288401 0.1079634
v 0.0052022 -0.0290719 0.1084250
v 0.0108905 -0.0291768 0.1110328
v 0.0145433 -0.0291199 0.1142102
v 0.0174361 -0.0292136 0.1182679
v 0.0195697 -0.0292128 0.1242457
v -0.0198802 -0.0292349 0.1353030
v -0.0275980 -0.0292537 0.1354063
v -0.0285242 -0.0288632 0.1347642
v -0.0280729 -0.0292242 0.1185146
v -0.0291528 -0.0288500 0.1229374
v -0.0292761 -0.0292172 0.1289124
v -0.0093933 -0.0293439 0.1064660
v -0.0103700 -0.0293429 0.1034430
v -0.0143581 -0.0293319 0.1030576
v -0.0155238 -0.0293439 0.1067754
v -0.0140500 -0.0293500 0.1084840
v -0.0115254 -0.0293393 0.1088187
v -0.0218943 -0.0293429 0.1281164
v -0.0223153 -0.0293500 0.1259000
v -0.0234500 -0.0293500 0.1247653
v -0.0250000 -0.0293500 0.1243500
v -0.0273553 -0.0293414 0.1253210
v -0.0281000 -0.0293500 0.1274500
v -0.0271290 -0.0293414 0.1298053
v -0.0240232 -0.0293461 0.1304760
v 0.0220000 -0.0278855 0.0919544
v -0.0220000 -0.0278855 0.0919544
v 0.0221769 -0.0293498 0.1050127
v 0.0234985 -0.0291872 0.1088572
v 0.0086934 -0.0293510 0.0992318
v 0.0054948 -0.0293501 0.0969569
v 0.0076358 -0.0293401 0.0953349
v 0.0220000 -0.0293500 0.0954899
v 0.0094882 -0.0293498 0.0969790
v 0.0153722 -0.0293500 0.0985051
v 0.0140018 -0.0293500 0.1000212
v 0.0061035 -0.0293503 0.0989558
v 0.0173705 -0.0293500 0.0989339
v 0.0179982 -0.0293500 0.1008788
v 0.0146295 -0.0293500 0.1019661
v 0.0166278 -0.0293500 0.1023949
v -0.0055192 -0.0293495 0.0979286
v -0.0062140 -0.0293594 0.0957820
v -0.0087889 -0.0293617 0.0957042
v -0.0094400 -0.0293487 0.0980559
v -0.0073461 -0.0293500 0.0995831
v -0.0169333 -0.0293500 0.1023742
v -0.0144839 -0.0293500 0.1018205
v -0.0142296 -0.0293500 0.0992502
v -0.0166278 -0.0293500 0.0985051
v -0.0179982 -0.0293500 0.1000212
v -0.0223264 -0.0293489 0.1068991
v -0.0220000 -0.0293500 0.0954899
v 0.0220000 -0.0289694 0.0935765
v -0.0220000 -0.0289694 0.0935765
v 0.0002500 -0.0291500 0.0940899
v 0.0002500 -0.0291500 0.1076516
v 0.0002500 -0.0293500 0.0954899
v 0.0002855 -0.0293554 0.1073051
v 0.0145000 -0.0232051 0.0479706
v 0.0145000 -0.0246075 0.0486881
v 0.0145000 -0.0233748 0.0495236
v 0.0145000 -0.0241500 0.0494428
v -0.0122960 0.0308325 0.1420668
v -0.0138889 0.0308325 0.1424623
v -0.0150279 0.0308325 0.1412806
v -0.0145740 0.0308325 0.1397033
v -0.0129811 0.0308325 0.1393078
v -0.0118421 0.0308325 0.1404895
v -0.0102168 0.0332132 0.1391126
v -0.0097564 0.0332399 0.1409646
v -0.0102890 0.0332399 0.1427933
v -0.0116626 0.0332132 0.1441033
v -0.0135092 0.0332132 0.1445583
v -0.0153359 0.0332132 0.1440291
v -0.0166412 0.0331695 0.1426608
v -0.0171083 0.0332132 0.1408109
v -0.0165791 0.0332132 0.1389842
v -0.0152055 0.0332399 0.1376594
v -0.0133555 0.0332399 0.1372064
v -0.0115342 0.0332132 0.1377409
v 0.0145740 0.0308325 0.1420668
v 0.0129811 0.0308325 0.1424623
v 0.0118421 0.0308325 0.1412806
v 0.0122960 0.0308325 0.1397033
v 0.0138889 0.0308325 0.1393078
v 0.0150279 0.0308325 0.1404895
v 0.0166533 0.0332132 0.1391126
v 0.0171083 0.0332132 0.1409592
v 0.0165791 0.0332132 0.1427859
v 0.0152108 0.0331695 0.1440912
v 0.0133609 0.0332132 0.1445583
v 0.0115342 0.0332132 0.1440291
v 0.0102094 0.0332399 0.1426555
v 0.0097564 0.0332399 0.1408055
v 0.0102909 0.0332132 0.1389842
v 0.0116626 0.0332132 0.1376668
v 0.0135146 0.0332399 0.1372064
v 0.0153433 0.0332399 0.1377390
v 0.0145740 0.0308325 0.1151967
v 0.0129811 0.0308325 0.1155922
v 0.0118421 0.0308325 0.1144105
v 0.0122960 0.0308325 0.1128332
v 0.0138889 0.0308325 0.1124377
v 0.0150279 0.0308325 0.1136194
v 0.0166533 0.0332132 0.1122425
v 0.0170995 0.0331695 0.1140802
v 0.0165811 0.0332399 0.1159232
v 0.0152055 0.0332399 0.1172406
v 0.0133555 0.0332399 0.1176936
v 0.0115342 0.0332132 0.1171591
v 0.0102168 0.0332132 0.1157874
v 0.0097564 0.0332399 0.1139354
v 0.0102909 0.0332132 0.1121141
v 0.0116593 0.0331695 0.1108088
v 0.0135092 0.0332132 0.1103417
v 0.0153237 0.0331695 0.1108741
v -0.0122960 0.0308325 0.1151967
v -0.0138889 0.0308325 0.1155922
v -0.0150279 0.0308325 0.1144105
v -0.0145740 0.0308325 0.1128332
v -0.0129811 0.0308325 0.1124377
v -0.0118421 0.0308325 0.1136194
v -0.0102289 0.0331695 0.1122392
v -0.0097564 0.0332399 0.1140945
v -0.0102909 0.0332132 0.1159158
v -0.0116626 0.0332132 0.1172332
v -0.0135146 0.0332399 0.1176936
v -0.0153433 0.0332399 0.1171610
v -0.0166606 0.0332399 0.1157854
v -0.0171083 0.0332132 0.1139408
v -0.0165759 0.0331695 0.1121263
v -0.0152075 0.0332132 0.1107967
v -0.0133698 0.0331695 0.1103505
v -0.0115342 0.0332132 0.1108709
v 0.0203801 -0.0288627 0.1356772
v 0.0191576 -0.0288456 0.1346712
v 0.0196269 -0.0293683 0.1347597
v 0.0201951 -0.0263500 0.1355987
v 0.0189516 -0.0263509 0.1341923
v 0.0191576 -0.0288456 0.1346712
v 0.0196269 -0.0293683 0.1347597
v 0.0193959 -0.0288676 0.1276410
v -0.0189711 -0.0288892 0.1340049
v -0.0198384 -0.0292939 0.1251176
v -0.0172373 -0.0290767 0.1180446
v -0.0132518 -0.0291727 0.1127263
v -0.0103601 -0.0288498 0.1108836
v -0.0064279 -0.0292203 0.1088059
v -0.0009672 -0.0288401 0.1079634
v 0.0052022 -0.0290719 0.1084250
v 0.0108905 -0.0291768 0.1110328
v 0.0145433 -0.0291199 0.1142102
v 0.0174361 -0.0292136 0.1182679
v 0.0195697 -0.0292128 0.1242457
v -0.0198802 -0.0292349 0.1353030
v 0.0189516 -0.0263509 0.1341923
v -0.0194904 -0.0263500 0.1268374
v -0.0182129 -0.0263535 0.1202589
v -0.0190226 -0.0288500 0.1236182
v -0.0143656 -0.0263507 0.1141546
v -0.0094502 -0.0263500 0.1103929
v -0.0047785 -0.0263500 0.1085446
v 0.0002103 -0.0263500 0.1079511
v 0.0051852 -0.0263500 0.1086520
v 0.0098159 -0.0263500 0.1106007
v 0.0137951 -0.0263500 0.1136679
v 0.0168585 -0.0263500 0.1176499
v 0.0194057 -0.0263509 0.1246913
v -0.0189271 -0.0263504 0.1331808
v -0.0197754 -0.0263500 0.1355150
v 0.0264986 -0.0277975 0.1282612
v 0.0279693 -0.0293207 0.1288902
v 0.0258112 -0.0277975 0.1259514
v 0.0264401 -0.0293207 0.1244807
v 0.0258112 -0.0277975 0.1259514
v 0.0264401 -0.0293207 0.1244807
v 0.0235014 -0.0277975 0.1266388
v 0.0234500 -0.0293500 0.1247653
v 0.0235014 -0.0277975 0.1266388
v 0.0241888 -0.0277975 0.1289486
v 0.0217050 -0.0293240 0.1276877
v 0.0243329 -0.0293461 0.1305589
v 0.0264986 -0.0277975 0.1282612
v 0.0279693 -0.0293207 0.1288902
v 0.0241888 -0.0277975 0.1289486
v 0.0243329 -0.0293461 0.1305589
v 0.0133112 -0.0277975 0.1043008
v 0.0110014 -0.0277975 0.1049881
v 0.0122621 -0.0293266 0.1025016
v 0.0093933 -0.0293439 0.1051327
v 0.0110014 -0.0277975 0.1049881
v 0.0093933 -0.0293439 0.1051327
v 0.0116888 -0.0277975 0.1072979
v 0.0103700 -0.0293429 0.1081557
v 0.0139986 -0.0277975 0.1066106
v 0.0116888 -0.0277975 0.1072979
v 0.0103700 -0.0293429 0.1081557
v 0.0134760 -0.0293439 0.1088232
v -0.0002500 -0.0291500 0.0940899
v -0.0002500 -0.0291500 0.1076516
v -0.0002500 -0.0293500 0.0954899
v -0.0002843 -0.0293568 0.1073072
v -0.0113183 -0.0278325 0.1069384
v -0.0110482 -0.0277975 0.1049072
v -0.0093933 -0.0293439 0.1064660
v -0.0103700 -0.0293429 0.1034430
v -0.0142034 -0.0277975 0.1058461
v -0.0155238 -0.0293439 0.1067754
v -0.0128956 -0.0278325 0.1073923
v -0.0140500 -0.0293500 0.1084840
v -0.0115254 -0.0293393 0.1088187
v -0.0110482 -0.0277975 0.1049072
v -0.0103700 -0.0293429 0.1034430
v -0.0129539 -0.0278325 0.1042221
v -0.0143581 -0.0293319 0.1030576
v -0.0129539 -0.0278325 0.1042221
v -0.0142034 -0.0277975 0.1058461
v -0.0143581 -0.0293319 0.1030576
v -0.0155238 -0.0293439 0.1067754
v -0.0235014 -0.0277975 0.1282612
v -0.0218943 -0.0293429 0.1281164
v -0.0258922 -0.0277975 0.1259982
v -0.0273553 -0.0293414 0.1253210
v -0.0265773 -0.0278325 0.1279039
v -0.0281000 -0.0293500 0.1274500
v -0.0271290 -0.0293414 0.1298053
v -0.0253956 -0.0278325 0.1290429
v -0.0240232 -0.0293461 0.1304760
v -0.0235014 -0.0277975 0.1282612
v -0.0218943 -0.0293429 0.1281164
v -0.0238610 -0.0278325 0.1262683
v -0.0223153 -0.0293500 0.1259000
v -0.0234500 -0.0293500 0.1247653
v -0.0258922 -0.0277975 0.1259982
v -0.0250000 -0.0293500 0.1243500
v -0.0273553 -0.0293414 0.1253210
v -0.0102168 0.0332132 0.1391126
v 0.0166533 0.0332132 0.1391126
v 0.0166533 0.0332132 0.1122425
v -0.0102289 0.0331695 0.1122392
v 0.0248346 0.0328337 0.1243533
v 0.0246487 0.0333540 0.1279129
v 0.0248391 0.0328500 0.1302815
v 0.0233385 0.0331876 0.1359178
v 0.0208718 0.0331876 0.1408946
v 0.0173334 0.0332174 0.1452036
v 0.0129800 0.0331876 0.1486139
v 0.0079498 0.0331876 0.1509700
v 0.0027966 0.0328500 0.1522931
v -0.0004285 0.0333540 0.1520992
v -0.0027966 0.0328500 0.1522931
v -0.0084350 0.0331876 0.1508004
v -0.0134153 0.0331876 0.1483407
v -0.0177293 0.0332174 0.1448083
v -0.0211457 0.0331876 0.1404596
v -0.0235088 0.0331876 0.1354328
v -0.0246086 0.0332800 0.1299920
v -0.0247461 0.0331702 0.1248020
v -0.0097564 0.0332399 0.1409646
v -0.0102890 0.0332399 0.1427933
v -0.0116626 0.0332132 0.1441033
v -0.0135092 0.0332132 0.1445583
v -0.0153359 0.0332132 0.1440291
v -0.0166412 0.0331695 0.1426608
v -0.0171083 0.0332132 0.1408109
v -0.0165791 0.0332132 0.1389842
v -0.0152055 0.0332399 0.1376594
v -0.0133555 0.0332399 0.1372064
v -0.0115342 0.0332132 0.1377409
v 0.0171083 0.0332132 0.1409592
v 0.0165791 0.0332132 0.1427859
v 0.0152108 0.0331695 0.1440912
v 0.0133609 0.0332132 0.1445583
v 0.0115342 0.0332132 0.1440291
v 0.0102094 0.0332399 0.1426555
v 0.0097564 0.0332399 0.1408055
v 0.0102909 0.0332132 0.1389842
v 0.0116626 0.0332132 0.1376668
v 0.0135146 0.0332399 0.1372064
v 0.0153433 0.0332399 0.1377390
v 0.0170995 0.0331695 0.1140802
v 0.0165811 0.0332399 0.1159232
v 0.0152055 0.0332399 0.1172406
v 0.0133555 0.0332399 0.1176936
v 0.0115342 0.0332132 0.1171591
v 0.0102168 0.0332132 0.1157874
v 0.0097564 0.0332399 0.1139354
v 0.0102909 0.0332132 0.1121141
v 0.0116593 0.0331695 0.1108088
v 0.0135092 0.0332132 0.1103417
v 0.0153237 0.0331695 0.1108741
v -0.0097564 0.0332399 0.1140945
v -0.0102909 0.0332132 0.1159158
v -0.0116626 0.0332132 0.1172332
v -0.0135146 0.0332399 0.1176936
v -0.0153433 0.0332399 0.1171610
v -0.0166606 0.0332399 0.1157854
v -0.0171083 0.0332132 0.1139408
v -0.0165759 0.0331695 0.1121263
v -0.0152075 0.0332132 0.1107967
v -0.0133698 0.0331695 0.1103505
v -0.0115342 0.0332132 0.1108709
v 0.0120804 0.0331415 0.1312093
v 0.0103621 0.0331886 0.1347521
v 0.0075984 0.0331886 0.1375967
v 0.0040910 0.0331886 0.1394482
v 0.0002103 0.0332388 0.1401511
v -0.0037593 0.0331415 0.1395304
v -0.0073021 0.0331886 0.1378121
v -0.0101467 0.0331886 0.1350484
v -0.0119982 0.0331886 0.1315410
v -0.0127011 0.0332388 0.1276603
v -0.0120804 0.0331415 0.1236907
v -0.0103621 0.0331886 0.1201479
v -0.0075984 0.0331886 0.1173033
v -0.0040910 0.0331886 0.1154518
v -0.0002103 0.0332388 0.1147489
v 0.0037593 0.0331415 0.1153696
v 0.0073021 0.0331886 0.1170879
v 0.0101467 0.0331886 0.1198516
v 0.0119982 0.0331886 0.1233590
v 0.0127011 0.0332388 0.1272397
v 0.0225428 0.0331880 0.1159074
v 0.0220000 0.0333500 0.1126598
v -0.0226341 0.0328361 0.1152092
v -0.0221540 0.0333498 0.1154037
v -0.0247897 0.0283500 0.1241512
v -0.0249478 0.0283488 0.1296302
v -0.0104413 0.0283500 0.1503194
v -0.0176653 0.0283500 0.1451401
v -0.0224154 0.0283500 0.1388334
v 0.0004566 0.0283477 0.1525925
v 0.0113519 0.0283500 0.1498813
v 0.0199542 0.0283500 0.1427425
v 0.0235880 0.0283500 0.1357330
v 0.0251945 0.0283494 0.1265534
v 0.0225000 0.0283500 0.0973184
v -0.0000000 0.0333500 0.0964899
v -0.0220000 0.0333500 0.0964899
v 0.0219321 0.0332557 0.0951482
v 0.0226498 0.0283500 0.1153356
v 0.0225017 0.0327183 0.0952034
v -0.0225937 0.0283500 0.1148898
v 0.0145000 -0.0233748 0.0495236
v 0.0145000 -0.0241500 0.0494428
v 0.0220366 -0.0243539 0.0493951
v 0.0222351 -0.0229687 0.0492378
v 0.0145000 0.0242949 0.0479706
v 0.0145000 0.0241252 0.0495236
v 0.0220737 0.0244993 0.0491556
v 0.0223118 0.0241864 0.0478894
v 0.0145000 0.0242949 0.0479706
v 0.0145000 0.0228573 0.0489125
v 0.0223118 0.0241864 0.0478894
v 0.0223697 0.0229237 0.0482023
v -0.0122960 0.0308325 0.1420668
v -0.0118421 0.0308325 0.1404895
v -0.0118284 0.0283500 0.1412298
v -0.0129303 0.0283500 0.1424488
v -0.0122960 0.0308325 0.1420668
v -0.0138889 0.0308325 0.1424623
v -0.0129303 0.0283500 0.1424488
v -0.0145369 0.0283500 0.1421040
v -0.0138889 0.0308325 0.1424623
v -0.0150279 0.0308325 0.1412806
v -0.0145369 0.0283500 0.1421040
v -0.0150417 0.0283500 0.1405403
v -0.0150279 0.0308325 0.1412806
v -0.0145740 0.0308325 0.1397033
v -0.0150417 0.0283500 0.1405403
v -0.0139398 0.0283500 0.1393213
v -0.0145740 0.0308325 0.1397033
v -0.0129811 0.0308325 0.1393078
v -0.0139398 0.0283500 0.1393213
v -0.0123331 0.0283500 0.1396660
v -0.0129811 0.0308325 0.1393078
v -0.0118421 0.0308325 0.1404895
v -0.0118284 0.0283500 0.1412298
v -0.0123331 0.0283500 0.1396660
v 0.0145740 0.0308325 0.1420668
v 0.0150279 0.0308325 0.1404895
v 0.0150417 0.0283500 0.1412298
v 0.0139398 0.0283500 0.1424488
v 0.0145740 0.0308325 0.1420668
v 0.0129811 0.0308325 0.1424623
v 0.0139398 0.0283500 0.1424488
v 0.0123332 0.0283500 0.1421040
v 0.0129811 0.0308325 0.1424623
v 0.0118421 0.0308325 0.1412806
v 0.0123332 0.0283500 0.1421040
v 0.0118284 0.0283500 0.1405403
v 0.0118421 0.0308325 0.1412806
v 0.0122960 0.0308325 0.1397033
v 0.0118284 0.0283500 0.1405403
v 0.0129303 0.0283500 0.1393213
v 0.0122960 0.0308325 0.1397033
v 0.0138889 0.0308325 0.1393078
v 0.0129303 0.0283500 0.1393213
v 0.0145369 0.0283500 0.1396660
v 0.0138889 0.0308325 0.1393078
v 0.0150279 0.0308325 0.1404895
v 0.0150417 0.0283500 0.1412298
v 0.0145369 0.0283500 0.1396660
v 0.0145740 0.0308325 0.1151967
v 0.0150279 0.0308325 0.1136194
v 0.0150417 0.0283500 0.1143597
v 0.0139398 0.0283500 0.1155787
v 0.0145740 0.0308325 0.1151967
v 0.0129811 0.0308325 0.1155922
v 0.0139398 0.0283500 0.1155787
v 0.0123332 0.0283500 0.1152340
v 0.0129811 0.0308325 0.1155922
v 0.0118421 0.0308325 0.1144105
v 0.0123332 0.0283500 0.1152340
v 0.0118284 0.0283500 0.1136702
v 0.0118421 0.0308325 0.1144105
v 0.0122960 0.0308325 0.1128332
v 0.0118284 0.0283500 0.1136702
v 0.0129303 0.0283500 0.1124512
v 0.0122960 0.0308325 0.1128332
v 0.0138889 0.0308325 0.1124377
v 0.0129303 0.0283500 0.1124512
v 0.0145369 0.0283500 0.1127960
v 0.0138889 0.0308325 0.1124377
v 0.0150279 0.0308325 0.1136194
v 0.0150417 0.0283500 0.1143597
v 0.0145369 0.0283500 0.1127960
v 0.0120804 0.0331415 0.1312093
v 0.0103621 0.0331886 0.1347521
v 0.0075984 0.0331886 0.1375967
v 0.0040910 0.0331886 0.1394482
v 0.0002103 0.0332388 0.1401511
v -0.0037593 0.0331415 0.1395304
v -0.0073021 0.0331886 0.1378121
v -0.0101467 0.0331886 0.1350484
v -0.0119982 0.0331886 0.1315410
v -0.0127011 0.0332388 0.1276603
v -0.0120804 0.0331415 0.1236907
v -0.0103621 0.0331886 0.1201479
v -0.0075984 0.0331886 0.1173033
v -0.0040910 0.0331886 0.1154518
v -0.0002103 0.0332388 0.1147489
v 0.0037593 0.0331415 0.1153696
v 0.0073021 0.0331886 0.1170879
v 0.0101467 0.0331886 0.1198516
v 0.0119982 0.0331886 0.1233590
v 0.0127011 0.0332388 0.1272397
v 0.0125000 0.0283500 0.1274500
v 0.0114168 0.0283500 0.1328617
v 0.0060555 0.0283500 0.1385387
v 0.0000000 0.0283500 0.1399500
v -0.0054116 0.0283500 0.1388668
v -0.0110887 0.0283500 0.1335055
v -0.0125000 0.0283500 0.1274500
v -0.0114168 0.0283500 0.1220384
v -0.0060555 0.0283500 0.1163613
v 0.0000000 0.0283500 0.1149500
v 0.0054116 0.0283500 0.1160332
v 0.0110887 0.0283500 0.1213945
v -0.0122960 0.0308325 0.1151967
v -0.0118421 0.0308325 0.1136194
v -0.0118284 0.0283500 0.1143597
v -0.0129303 0.0283500 0.1155787
v -0.0122960 0.0308325 0.1151967
v -0.0138889 0.0308325 0.1155922
v -0.0129303 0.0283500 0.1155787
v -0.0145369 0.0283500 0.1152340
v -0.0138889 0.0308325 0.1155922
v -0.0150279 0.0308325 0.1144105
v -0.0145369 0.0283500 0.1152340
v -0.0150417 0.0283500 0.1136702
v -0.0150279 0.0308325 0.1144105
v -0.0145740 0.0308325 0.1128332
v -0.0150417 0.0283500 0.1136702
v -0.0139398 0.0283500 0.1124512
v -0.0145740 0.0308325 0.1128332
v -0.0129811 0.0308325 0.1124377
v -0.0139398 0.0283500 0.1124512
v -0.0123332 0.0283500 0.1127960
v -0.0129811 0.0308325 0.1124377
v -0.0118421 0.0308325 0.1136194
v -0.0118284 0.0283500 0.1143597
v -0.0123332 0.0283500 0.1127960
v 0.0203801 -0.0288627 0.1356772
v 0.0278196 -0.0291667 0.1353703
v 0.0201951 -0.0263500 0.1355987
v 0.0280963 -0.0263500 0.1354753
v -0.0198802 -0.0292349 0.1353030
v -0.0275980 -0.0292537 0.1354063
v -0.0197754 -0.0263500 0.1355150
v -0.0282484 -0.0263500 0.1353555
v -0.0055714 -0.0256953 0.0967918
v -0.0055192 -0.0293495 0.0979286
v -0.0055127 -0.0261978 0.0975530
v -0.0055708 -0.0263135 0.0979380
v -0.0062140 -0.0293594 0.0957820
v -0.0071399 -0.0242805 0.0954201
v -0.0057095 -0.0263500 0.0983184
v -0.0073461 -0.0293500 0.0995831
v -0.0062875 -0.0263500 0.0990664
v -0.0081278 -0.0263500 0.0993949
v -0.0062140 -0.0293594 0.0957820
v -0.0071399 -0.0242805 0.0954201
v -0.0088347 -0.0247965 0.0959363
v -0.0087889 -0.0293617 0.0957042
v -0.0095212 -0.0261919 0.0974582
v -0.0092905 -0.0263500 0.0983184
v -0.0088347 -0.0247965 0.0959363
v -0.0087889 -0.0293617 0.0957042
v -0.0094400 -0.0293487 0.0980559
v -0.0073461 -0.0293500 0.0995831
v -0.0081278 -0.0263500 0.0993949
v -0.0092234 -0.0263500 0.0984450
v 0.0086934 -0.0293510 0.0992318
v 0.0094882 -0.0293498 0.0969790
v 0.0096023 -0.0261676 0.0972973
v 0.0087125 -0.0263500 0.0990664
v 0.0076358 -0.0293401 0.0953349
v 0.0094882 -0.0293498 0.0969790
v 0.0096023 -0.0261676 0.0972973
v 0.0078601 -0.0242806 0.0954201
v 0.0054948 -0.0293501 0.0969569
v 0.0076358 -0.0293401 0.0953349
v 0.0078601 -0.0242806 0.0954201
v 0.0056954 -0.0253851 0.0963842
v 0.0054948 -0.0293501 0.0969569
v 0.0061035 -0.0293503 0.0989558
v 0.0057095 -0.0263500 0.0983184
v 0.0055708 -0.0263135 0.0979380
v 0.0055127 -0.0261978 0.0975530
v 0.0056954 -0.0253851 0.0963842
v 0.0066059 -0.0263500 0.0993353
v 0.0086934 -0.0293510 0.0992318
v 0.0061035 -0.0293503 0.0989558
v 0.0087125 -0.0263500 0.0990664
v 0.0066059 -0.0263500 0.0993353
v 0.0278196 -0.0291667 0.1353703
v 0.0285987 -0.0291888 0.1339911
v 0.0293014 -0.0292172 0.1282606
v 0.0285778 -0.0293006 0.1207170
v 0.0277332 -0.0288542 0.1173839
v 0.0226541 -0.0288339 0.1048044
v 0.0234985 -0.0291872 0.1088572
v 0.0224998 -0.0263018 0.0978847
v 0.0225000 -0.0257642 0.0969042
v 0.0288250 -0.0263500 0.1206223
v 0.0294778 -0.0263500 0.1285939
v 0.0280963 -0.0263500 0.1354753
v 0.0228168 -0.0263500 0.1067800
v 0.0225660 -0.0253451 0.0492168
v 0.0225000 -0.0257500 0.0894904
v 0.0224990 -0.0260030 0.0906280
v 0.0225023 -0.0285506 0.0935997
v 0.0225000 -0.0227145 0.0938544
v 0.0225000 -0.0263500 0.0983184
v -0.0142034 -0.0277975 0.1058461
v -0.0128956 -0.0278325 0.1073923
v -0.0141066 -0.0263500 0.1061441
v -0.0130048 -0.0263500 0.1073631
v -0.0113183 -0.0278325 0.1069384
v -0.0128956 -0.0278325 0.1073923
v -0.0130048 -0.0263500 0.1073631
v -0.0113981 -0.0263500 0.1070184
v -0.0113183 -0.0278325 0.1069384
v -0.0110482 -0.0277975 0.1049072
v -0.0113981 -0.0263500 0.1070184
v -0.0108934 -0.0263500 0.1054546
v -0.0129539 -0.0278325 0.1042221
v -0.0142034 -0.0277975 0.1058461
v -0.0141066 -0.0263500 0.1061441
v -0.0136019 -0.0263500 0.1045803
v -0.0265773 -0.0278325 0.1279039
v -0.0253956 -0.0278325 0.1290429
v -0.0266066 -0.0263500 0.1277948
v -0.0255048 -0.0263500 0.1290138
v -0.0235014 -0.0277975 0.1282612
v -0.0253956 -0.0278325 0.1290429
v -0.0255048 -0.0263500 0.1290138
v -0.0238981 -0.0263500 0.1286690
v -0.0238610 -0.0278325 0.1262683
v -0.0258922 -0.0277975 0.1259982
v -0.0244952 -0.0263500 0.1258862
v -0.0261019 -0.0263500 0.1262310
v -0.0258922 -0.0277975 0.1259982
v -0.0265773 -0.0278325 0.1279039
v -0.0266066 -0.0263500 0.1277948
v -0.0261019 -0.0263500 0.1262310
v 0.0235014 -0.0277975 0.1266388
v 0.0241888 -0.0277975 0.1289486
v 0.0233934 -0.0263500 0.1277947
v 0.0244952 -0.0263500 0.1290138
v 0.0264986 -0.0277975 0.1282612
v 0.0241888 -0.0277975 0.1289486
v 0.0244952 -0.0263500 0.1290138
v 0.0261019 -0.0263500 0.1286690
v 0.0264986 -0.0277975 0.1282612
v 0.0258112 -0.0277975 0.1259514
v 0.0266066 -0.0263500 0.1271053
v 0.0255048 -0.0263500 0.1258862
v 0.0258112 -0.0277975 0.1259514
v 0.0235014 -0.0277975 0.1266388
v 0.0255048 -0.0263500 0.1258862
v 0.0238981 -0.0263500 0.1262310
v 0.0110014 -0.0277975 0.1049881
v 0.0116888 -0.0277975 0.1072979
v 0.0108934 -0.0263500 0.1061441
v 0.0119952 -0.0263500 0.1073631
v 0.0139986 -0.0277975 0.1066106
v 0.0116888 -0.0277975 0.1072979
v 0.0119952 -0.0263500 0.1073631
v 0.0136019 -0.0263500 0.1070184
v 0.0139986 -0.0277975 0.1066106
v 0.0133112 -0.0277975 0.1043008
v 0.0141066 -0.0263500 0.1054546
v 0.0130048 -0.0263500 0.1042356
v 0.0133112 -0.0277975 0.1043008
v 0.0110014 -0.0277975 0.1049881
v 0.0130048 -0.0263500 0.1042356
v 0.0113981 -0.0263500 0.1045803
v -0.0150667 -0.0263500 0.1023742
v -0.0144839 -0.0293500 0.1018205
v -0.0140018 -0.0263500 0.1000212
v -0.0142296 -0.0293500 0.0992502
v -0.0140018 -0.0263500 0.1000212
v -0.0153722 -0.0263500 0.0985051
v -0.0142296 -0.0293500 0.0992502
v -0.0166278 -0.0293500 0.0985051
v -0.0173705 -0.0263500 0.0989339
v -0.0179242 -0.0263500 0.1013833
v -0.0166278 -0.0293500 0.0985051
v -0.0179982 -0.0293500 0.1000212
v -0.0173705 -0.0263500 0.0989339
v 0.0140018 -0.0293500 0.1000212
v 0.0146295 -0.0293500 0.1019661
v 0.0166278 -0.0293500 0.1023949
v 0.0140018 -0.0263500 0.1008788
v 0.0158461 -0.0263500 0.1025831
v 0.0179982 -0.0293500 0.1008788
v 0.0166278 -0.0293500 0.1023949
v 0.0158461 -0.0263500 0.1025831
v 0.0179449 -0.0263500 0.1010778
v 0.0173705 -0.0293500 0.0989339
v 0.0179982 -0.0293500 0.1008788
v 0.0179449 -0.0263500 0.1010778
v 0.0171998 -0.0263500 0.0986796
v 0.0153722 -0.0293500 0.0985051
v 0.0173705 -0.0293500 0.0989339
v 0.0171998 -0.0263500 0.0986796
v 0.0146295 -0.0263500 0.0989339
v 0.0153722 -0.0293500 0.0985051
v 0.0140018 -0.0293500 0.1000212
v 0.0140018 -0.0263500 0.1008788
v 0.0146295 -0.0263500 0.0989339
v -0.0280729 -0.0292242 0.1185146
v -0.0231184 -0.0288416 0.1073068
v -0.0225000 -0.0288500 0.1020728
v -0.0223264 -0.0293489 0.1068991
v -0.0285242 -0.0288632 0.1347642
v -0.0280729 -0.0292242 0.1185146
v -0.0291528 -0.0288500 0.1229374
v -0.0292761 -0.0292172 0.1289124
v -0.0282484 -0.0263500 0.1353555
v -0.0231184 -0.0288416 0.1073068
v -0.0225000 -0.0288500 0.1020728
v -0.0294778 -0.0263500 0.1285939
v -0.0285261 -0.0263495 0.1193288
v -0.0225000 -0.0263500 0.0983892
v -0.0228791 -0.0263500 0.1067205
v 0.0220000 -0.0262500 0.0894904
v -0.0220000 -0.0262500 0.0894904
v 0.0220000 -0.0262500 0.0487500
v -0.0219374 -0.0260158 0.0464524
v 0.0223397 -0.0238856 0.0433213
v -0.0220000 -0.0239069 0.0430931
v 0.0223693 -0.0255248 0.0459088
v -0.0225046 -0.0244257 0.0442902
v 0.0222812 0.0210864 0.0414091
v 0.0219867 0.0259262 0.0462905
v -0.0220000 0.0262500 0.0487500
v -0.0223397 0.0238856 0.0433213
v 0.0220000 0.0239069 0.0430931
v 0.0225046 0.0244257 0.0442902
v -0.0223693 0.0255248 0.0459088
v -0.0145000 0.0229764 0.0483748
v -0.0145000 0.0233748 0.0495236
v -0.0222351 0.0229687 0.0492378
v -0.0223497 0.0232112 0.0479407
v -0.0145000 0.0239224 0.0479467
v -0.0145000 0.0229764 0.0483748
v -0.0223497 0.0232112 0.0479407
v -0.0223284 0.0243399 0.0480333
v 0.0077853 0.0165789 0.0407500
v 0.0098519 0.0163745 0.0407500
v 0.0079996 0.0167026 0.0467500
v 0.0099690 0.0162573 0.0467500
v 0.0220737 0.0233444 0.0494993
v 0.0220737 0.0244993 0.0491556
v 0.0223118 0.0241864 0.0478894
v 0.0222812 0.0210864 0.0414091
v 0.0219867 0.0259262 0.0462905
v 0.0225000 0.0257500 0.0487500
v 0.0225046 0.0244257 0.0442902
v 0.0225000 0.0182500 0.0412500
v 0.0224887 0.0250241 0.0486581
v 0.0223697 0.0229237 0.0482023
v 0.0224972 0.0225799 0.0491277
v 0.0225000 0.0212500 0.0487500
v 0.0225000 0.0210978 0.0479846
v 0.0225000 0.0206642 0.0473358
v 0.0225000 0.0200154 0.0469022
v 0.0225000 -0.0075777 0.0467500
v 0.0225000 0.0192500 0.0467500
v 0.0220000 0.0182500 0.0407500
v 0.0220000 0.0075777 0.0407500
v 0.0222812 0.0210864 0.0414091
v 0.0225000 0.0182500 0.0412500
v 0.0220366 -0.0243539 0.0493951
v 0.0222351 -0.0229687 0.0492378
v 0.0223497 -0.0232112 0.0479407
v 0.0223284 -0.0243399 0.0480333
v 0.0220000 -0.0262500 0.0487500
v 0.0223397 -0.0238856 0.0433213
v 0.0224163 -0.0210235 0.0414241
v 0.0223693 -0.0255248 0.0459088
v 0.0225660 -0.0253451 0.0492168
v 0.0224967 -0.0225484 0.0490079
v 0.0224972 -0.0234920 0.0475478
v 0.0224967 -0.0249516 0.0484922
v 0.0225000 -0.0192500 0.0467500
v 0.0225000 -0.0075777 0.0467500
v 0.0225000 -0.0212500 0.0487500
v 0.0225000 -0.0212500 0.0903189
v 0.0225000 -0.0210978 0.0479846
v 0.0225000 -0.0206642 0.0473358
v 0.0225000 -0.0200154 0.0469022
v 0.0220000 -0.0278855 0.0919544
v 0.0220000 -0.0268358 0.0909047
v 0.0220000 -0.0289694 0.0935765
v 0.0224990 -0.0260030 0.0906280
v 0.0225023 -0.0285506 0.0935997
v 0.0220737 0.0233444 0.0494993
v 0.0220737 0.0244993 0.0491556
v 0.0225000 0.0231500 0.0497892
v 0.0224967 0.0241275 0.0499196
v 0.0096023 -0.0261676 0.0972973
v 0.0087125 -0.0263500 0.0990664
v 0.0130048 -0.0263500 0.1042356
v 0.0140018 -0.0263500 0.1008788
v 0.0158461 -0.0263500 0.1025831
v 0.0179449 -0.0263500 0.1010778
v 0.0171998 -0.0263500 0.0986796
v 0.0146295 -0.0263500 0.0989339
v 0.0228168 -0.0263500 0.1067800
v 0.0225000 -0.0263500 0.0983184
v 0.0124550 -0.0263500 0.0983892
v -0.0222743 -0.0210563 0.0413841
v -0.0220000 -0.0182500 0.0407500
v -0.0220000 -0.0075777 0.0407500
v -0.0225000 -0.0182500 0.0412500
v -0.0222743 -0.0210563 0.0413841
v -0.0220737 -0.0244993 0.0491556
v -0.0223118 -0.0241864 0.0478894
v -0.0225046 -0.0244257 0.0442902
v -0.0225000 -0.0182500 0.0412500
v -0.0224887 -0.0250241 0.0486581
v -0.0223697 -0.0229237 0.0482023
v -0.0225000 -0.0075777 0.0467500
v -0.0225000 -0.0192500 0.0467500
v -0.0225000 -0.0200154 0.0469022
v -0.0225000 -0.0206642 0.0473358
v 0.0225000 0.0231500 0.0497892
v 0.0225000 0.0227145 0.0908544
v 0.0225000 0.0212500 0.0873189
v 0.0225000 0.0216306 0.0892323
v 0.0225000 0.0212500 0.0487500
v 0.0222351 -0.0229687 0.0492378
v 0.0225000 -0.0237500 0.0499500
v 0.0225000 -0.0227145 0.0938544
v 0.0225000 -0.0212500 0.0903189
v 0.0225000 -0.0216306 0.0922323
v 0.0225000 0.0277642 0.0959042
v 0.0225017 0.0327183 0.0952034
v 0.0223379 0.0315717 0.0928453
v 0.0224988 0.0260699 0.0877518
v 0.0225000 0.0257500 0.0864904
v 0.0224967 0.0241275 0.0499196
v 0.0225000 0.0227145 0.0908544
v -0.0225000 -0.0227145 0.0938544
v -0.0225000 -0.0257500 0.0894904
v -0.0225000 -0.0257500 0.0487500
v -0.0225000 -0.0231500 0.0497892
v -0.0224967 -0.0241275 0.0499196
v -0.0224887 -0.0250241 0.0486581
v -0.0225000 -0.0212500 0.0903189
v -0.0225000 -0.0212500 0.0487500
v -0.0224221 0.0209377 0.0413788
v -0.0223397 0.0238856 0.0433213
v -0.0223497 0.0232112 0.0479407
v -0.0223284 0.0243399 0.0480333
v -0.0225000 0.0200154 0.0469022
v -0.0225000 0.0192500 0.0467500
v -0.0225000 0.0206642 0.0473358
v -0.0223693 0.0255248 0.0459088
v -0.0224972 0.0234920 0.0475478
v -0.0225000 0.0127902 0.0467500
v 0.0017891 -0.0254890 0.1588553
v 0.0015086 -0.0261263 0.1607500
v 0.0020535 -0.0258896 0.1629339
v 0.0018745 -0.0238670 0.1633224
v 0.0019795 -0.0231009 0.1580637
v 0.0019725 -0.0247461 0.1569956
v 0.0020490 -0.0266981 0.1599973
v 0.0019934 -0.0241954 0.1646108
v 0.0019797 -0.0220327 0.1572366
v 0.0019786 -0.0276344 0.1601769
v 0.0019959 -0.0261693 0.1577700
v 0.0017904 -0.0212119 0.1576673
v 0.0017015 -0.0202845 0.1587492
v 0.0019596 -0.0201500 0.1592843
v 0.0017584 -0.0270777 0.1629907
v 0.0017926 -0.0265053 0.1578609
v 0.0017015 -0.0272155 0.1587492
v 0.0017563 -0.0278386 0.1606404
v 0.0020138 -0.0198764 0.1609226
v 0.0019943 -0.0263595 0.1636924
v 0.0015086 -0.0261263 0.1607500
v 0.0014816 -0.0254403 0.1625053
v 0.0020535 -0.0258896 0.1629339
v -0.0000003 -0.0261097 0.1612564
v 0.0020490 -0.0266981 0.1599973
v 0.0019794 0.0243985 0.1580638
v 0.0020315 0.0275316 0.1608008
v 0.0019807 0.0254664 0.1572384
v 0.0017900 0.0262870 0.1576660
v 0.0017015 0.0272155 0.1587492
v 0.0019358 0.0273996 0.1592893
v 0.0020327 0.0231066 0.1636939
v 0.0019999 0.0251881 0.1632409
v 0.0019432 0.0248136 0.1645820
v 0.0017658 0.0238763 0.1647486
v 0.0017634 0.0219547 0.1643273
v 0.0020011 0.0212059 0.1637264
v 0.0017015 0.0237500 0.1567484
v 0.0017907 0.0245625 0.1568401
v 0.0018310 0.0216441 0.1572570
v 0.0017015 0.0226466 0.1569036
v 0.0018310 0.0216441 0.1572570
v 0.0017015 0.0226466 0.1569036
v 0.0017015 0.0217492 0.1572845
v 0.0017015 0.0209854 0.1578570
v 0.0020315 0.0275316 0.1608008
v 0.0017536 0.0277540 0.1609793
v 0.0016536 0.0273698 0.1625822
v 0.0019358 0.0273996 0.1592893
v 0.0019787 0.0269262 0.1629529
v 0.0003092 0.0022187 0.1643513
v 0.0003536 0.0060005 0.1696321
v 0.0004999 0.0050000 0.1643500
v 0.0004999 0.0050000 0.1633500
v 0.0004999 0.0054648 0.1634646
v 0.0004999 0.0059968 0.1642364
v 0.0004999 0.0059375 0.1640019
v 0.0004999 0.0058225 0.1637812
v 0.0005000 0.0057038 0.1636396
v 0.0004167 -0.0025209 0.1643503
v 0.0001087 -0.0021184 0.1633485
v 0.0004999 -0.0050000 0.1643500
v 0.0004999 -0.0060000 0.1643500
v 0.0004999 -0.0058854 0.1638852
v 0.0005556 -0.0037283 0.1632787
v 0.0004999 -0.0053392 0.1634093
v 0.0004999 -0.0055688 0.1635275
v 0.0005000 -0.0057038 0.1636396
v 0.0019725 -0.0247461 0.1569956
v 0.0019797 -0.0220327 0.1572366
v 0.0019786 -0.0276344 0.1601769
v 0.0019959 -0.0261693 0.1577700
v 0.0017015 -0.0237500 0.1567484
v 0.0017015 -0.0229397 0.1568313
v 0.0017303 -0.0225320 0.1568717
v 0.0017904 -0.0212119 0.1576673
v 0.0017926 -0.0265053 0.1578609
v 0.0017015 -0.0272155 0.1587492
v 0.0017563 -0.0278386 0.1606404
v 0.0017015 -0.0248536 0.1569036
v 0.0017015 -0.0257508 0.1572845
v -0.0185448 -0.0278357 0.1600217
v -0.0217182 -0.0270963 0.1582979
v -0.0239294 -0.0258436 0.1571833
v -0.0249622 -0.0248414 0.1567552
v -0.0256582 -0.0237500 0.1566052
v -0.0259423 -0.0229127 0.1566891
v -0.0254119 -0.0205903 0.1580093
v -0.0262126 -0.0224283 0.1567519
v -0.0223410 -0.0160493 0.0905945
v -0.0218601 -0.0149516 0.0910741
v -0.0200011 -0.0149581 0.0917769
v -0.0204634 -0.0160434 0.0916582
v -0.0182248 -0.0160353 0.0927430
v -0.0157429 -0.0160271 0.1514804
v -0.0082477 -0.0160006 0.1550839
v -0.0087875 -0.0149952 0.1547980
v -0.0080678 -0.0149997 0.1557922
v 0.0004127 0.0277884 0.0497522
v 0.0002743 0.0372453 0.0497510
v 0.0001550 0.0271714 0.0487483
v 0.0003871 0.0371303 0.0487495
v -0.0007963 0.0266336 0.0497545
v 0.0001550 0.0271714 0.0487483
v -0.0012950 0.0265404 0.0487422
v -0.0225072 0.0265660 0.0486196
v -0.0225405 0.0263564 0.0498512
v 0.0004127 -0.0277884 0.0487478
v 0.0003126 -0.0371682 0.0487492
v 0.0001550 -0.0271714 0.0497517
v 0.0003504 -0.0372055 0.0497507
v -0.0007963 -0.0266336 0.0487455
v -0.0012950 -0.0265404 0.0497578
v -0.0225279 -0.0264383 0.0498671
v -0.0225265 -0.0263662 0.0486486
v 0.0002886 -0.0321705 0.0527477
v 0.0004043 -0.0327246 0.0537473
v 0.0003126 -0.0371685 0.0527492
v 0.0003505 -0.0372058 0.0537507
v -0.0225072 0.0265660 0.0486196
v -0.0300677 0.0213083 0.0511746
v -0.0227936 0.0207532 0.0500502
v -0.0310760 0.0203991 0.0479370
v -0.0228266 0.0204895 0.0484615
v -0.0228258 0.0213066 0.0465077
v -0.0228949 0.0265844 0.0470060
v -0.0255450 0.0271128 0.0486214
v -0.0270433 0.0257995 0.0460637
v -0.0226900 0.0269670 0.0486487
v -0.0298048 0.0226288 0.0455100
v -0.0225690 0.0206230 0.0484843
v -0.0227378 0.0228001 0.0456319
v -0.0226804 0.0267489 0.0476202
v -0.0225579 0.0251657 0.0459799
v -0.0225466 0.0228421 0.0458814
v -0.0225519 0.0214240 0.0467758
v -0.0225420 0.0208203 0.0480754
v -0.0226369 0.0207972 0.0498860
v -0.0226369 0.0212898 0.0467608
v -0.0227459 0.0245435 0.0455781
v -0.0226876 0.0257633 0.0462558
v -0.0225497 0.0230868 0.0477714
v -0.0225496 0.0247286 0.0480868
v -0.0225500 0.0226500 0.0487500
v -0.0227711 -0.0265616 0.0471307
v -0.0273862 -0.0254721 0.0458488
v -0.0296253 -0.0228125 0.0455030
v -0.0309678 -0.0207398 0.0471539
v -0.0308157 -0.0205421 0.0498614
v -0.0225265 -0.0263662 0.0486486
v -0.0255345 -0.0272069 0.0486173
v -0.0227443 -0.0269818 0.0486485
v -0.0226173 -0.0269019 0.0486490
v -0.0226369 -0.0264914 0.0471707
v -0.0225481 -0.0224036 0.0514403
v -0.0225683 -0.0211021 0.0502755
v -0.0225465 -0.0207515 0.0489332
v -0.0225683 -0.0263979 0.0472245
v -0.0225505 -0.0211060 0.0472903
v -0.0225398 -0.0226914 0.0458589
v -0.0225481 -0.0250964 0.0460597
v -0.0225500 -0.0263084 0.0472761
v -0.0227104 -0.0253728 0.0459537
v -0.0227081 -0.0237572 0.0455188
v -0.0227109 -0.0221403 0.0459458
v -0.0227085 -0.0209556 0.0471273
v -0.0227108 -0.0205167 0.0487399
v -0.0227119 -0.0209484 0.0503664
v -0.0225497 -0.0248136 0.0482341
v -0.0225499 -0.0226749 0.0484030
v -0.0225499 -0.0235130 0.0476454
v -0.0225497 -0.0242659 0.0498136
v -0.0225499 -0.0229119 0.0495075
v 0.0017015 0.0237500 0.1567484
v 0.0017907 0.0245625 0.1568401
v 0.0017015 0.0257508 0.1572845
v 0.0017900 0.0262870 0.1576660
v 0.0017015 0.0272155 0.1587492
v 0.0019358 0.0273996 0.1592893
v -0.0272219 0.0240004 0.1566045
v -0.0273232 0.0237500 0.1565965
v -0.0255383 0.0261145 0.1573465
v -0.0263415 0.0253643 0.1569258
v -0.0222961 0.0276143 0.1593005
v -0.0237325 0.0271709 0.1584201
v 0.0017015 0.0226466 0.1569036
v -0.0274889 0.0218235 0.1570693
v -0.0273232 0.0237500 0.1565965
v -0.0275437 0.0228259 0.1566994
v 0.0017536 0.0277540 0.1609793
v 0.0016536 0.0273698 0.1625822
v 0.0019358 0.0273996 0.1592893
v -0.0163244 0.0272758 0.1628503
v -0.0193317 0.0278792 0.1611187
v 0.0004999 0.0050000 0.1633500
v -0.0228905 0.0050816 0.1632683
v -0.0228748 0.0051879 0.1632741
v -0.0229868 0.0019180 0.1632680
v 0.0004999 -0.0060000 0.1643500
v 0.0003163 -0.0060006 0.1693366
v -0.0088174 -0.0060277 0.1688357
v -0.0012032 -0.0060115 0.1696934
v -0.0161156 -0.0061177 0.1665242
v -0.0223410 -0.0160493 0.0905945
v -0.0204634 -0.0160434 0.0916582
v -0.0182248 -0.0160353 0.0927430
v -0.0286180 -0.0160717 0.1280084
v -0.0278936 -0.0160694 0.1340569
v -0.0253697 -0.0160606 0.1407996
v -0.0215516 -0.0160475 0.1463278
v -0.0157429 -0.0160271 0.1514804
v -0.0082477 -0.0160006 0.1550839
v -0.0281434 -0.0160703 0.1220249
v -0.0181012 -0.0160354 0.1049592
v -0.0252731 -0.0160592 0.1138500
v -0.0304478 -0.0160783 0.0994825
v -0.0080155 -0.0160006 0.1674878
v -0.0278261 -0.0160692 0.0932803
v -0.0177619 -0.0160342 0.1643381
v -0.0398130 -0.0161110 0.1185667
v -0.0408483 -0.0161153 0.1285515
v -0.0368368 -0.0161009 0.1096155
v -0.0266287 -0.0160653 0.1584175
v -0.0331734 -0.0160879 0.1513339
v -0.0386531 -0.0161070 0.1409934
v -0.0180887 0.0160354 0.1050516
v -0.0211044 0.0160449 0.1469267
v -0.0284531 0.0160716 0.1236658
v -0.0229811 0.0160521 0.1102306
v -0.0264777 0.0160644 0.1165661
v -0.0282713 0.0160708 0.1325352
v -0.0256675 0.0160616 0.1402306
v -0.0137202 0.0160194 0.1526938
v -0.0218601 0.0160484 0.0910741
v -0.0210676 0.0160456 0.0914903
v -0.0183356 0.0160373 0.0924692
v -0.0373451 0.0161034 0.1092698
v -0.0406993 0.0161142 0.1358185
v -0.0299868 0.0160759 0.0972257
v -0.0415435 0.0161201 0.1278728
v -0.0285404 0.0160725 0.1576270
v -0.0409589 0.0161148 0.1205442
v -0.0395607 0.0161102 0.1149644
v -0.0206085 0.0160448 0.1635805
v -0.0339155 0.0160910 0.1514377
v -0.0379472 0.0161043 0.1443510
v -0.0224757 0.0160503 0.0902139
v -0.0225500 0.0149492 0.0863506
v -0.0225500 0.0160508 0.0863506
v -0.0225500 0.0263500 0.0851494
v 0.0001550 0.0271714 0.0487483
v -0.0012950 0.0265404 0.0487422
v -0.0225072 0.0265660 0.0486196
v -0.0255450 0.0271128 0.0486214
v 0.0003871 0.0371303 0.0487495
v -0.0012001 0.0373836 0.0487426
v -0.0219544 0.0303007 0.0486532
v -0.0225765 0.0268241 0.0486492
v -0.0012034 0.0375855 0.0487413
v -0.0070116 0.0368735 0.0487175
v -0.0087353 0.0365026 0.0487097
v -0.0226900 0.0269670 0.0486487
v -0.0174972 0.0331889 0.0486692
v -0.0124549 0.0353743 0.0486910
v 0.0004127 -0.0277884 0.0487478
v 0.0003126 -0.0371682 0.0487492
v -0.0007963 -0.0266336 0.0487455
v -0.0012001 -0.0373821 0.0487426
v -0.0225265 -0.0263662 0.0486486
v -0.0121051 -0.0354757 0.0486950
v -0.0012125 -0.0375625 0.0487413
v -0.0085836 -0.0365171 0.0487100
v -0.0255345 -0.0272069 0.0486173
v -0.0218985 -0.0302751 0.0486523
v -0.0227443 -0.0269818 0.0486485
v -0.0218151 -0.0303366 0.0486526
v -0.0226173 -0.0269019 0.0486490
v -0.0173678 -0.0331910 0.0486704
v -0.0227649 -0.0263481 0.0806485
v -0.0228296 -0.0263066 0.0818526
v -0.0279872 0.0239797 0.0520898
v -0.0300677 0.0213083 0.0511746
v -0.0310760 0.0203991 0.0479370
v -0.0255450 0.0271128 0.0486214
v -0.0270433 0.0257995 0.0460637
v -0.0273862 -0.0254721 0.0458488
v -0.0296253 -0.0228125 0.0455030
v -0.0309678 -0.0207398 0.0471539
v -0.0308157 -0.0205421 0.0498614
v -0.0291933 -0.0225607 0.0519376
v -0.0265511 -0.0258906 0.0513858
v -0.0219544 0.0303007 0.0486532
v -0.0012034 0.0375855 0.0487413
v -0.0070116 0.0368735 0.0487175
v -0.0087353 0.0365026 0.0487097
v -0.0174972 0.0331889 0.0486692
v -0.0121051 -0.0354757 0.0486950
v -0.0012125 -0.0375625 0.0487413
v -0.0085836 -0.0365171 0.0487100
v -0.0255345 -0.0272069 0.0486173
v -0.0218985 -0.0302751 0.0486523
v -0.0218151 -0.0303366 0.0486526
v -0.0173678 -0.0331910 0.0486704
v -0.0214540 -0.0291612 0.0674795
v -0.0214145 -0.0293062 0.0664049
v -0.0206191 -0.0296803 0.0806144
v -0.0257035 0.0255934 0.0583348
v -0.0228601 -0.0283491 0.0618040
v -0.0221708 -0.0302393 0.0407365
v -0.0235391 -0.0292228 0.0401607
v -0.0355048 -0.0118642 0.0432953
v -0.0313724 -0.0206198 0.0406611
v -0.0277629 -0.0252255 0.0407663
v -0.0367664 -0.0073886 0.0419238
v -0.0328393 0.0181404 0.0418069
v -0.0344811 0.0149046 0.0421334
v -0.0364295 0.0089318 0.0422300
v -0.0373335 0.0034401 0.0422863
v -0.0375166 -0.0012665 0.0319861
v -0.0373963 -0.0026188 0.0421681
v -0.0367272 -0.0075884 0.0317845
v -0.0298048 0.0226288 0.0455100
v -0.0275433 0.0254748 0.0379575
v -0.0326408 0.0176005 0.0483518
v -0.0243549 0.0244396 0.0737814
v -0.0237892 0.0257795 0.0851430
v -0.0231554 0.0263169 0.0806473
v -0.0267905 0.0178023 0.0851306
v -0.0266967 0.0183334 0.0795786
v -0.0287298 0.0076893 0.0851220
v -0.0289630 0.0094291 0.0792131
v -0.0289810 -0.0036214 0.0851208
v -0.0296854 0.0001628 0.0793956
v -0.0294501 -0.0078762 0.0771216
v -0.0280734 -0.0108648 0.0851250
v -0.0279387 -0.0135885 0.0801038
v -0.0261886 -0.0186405 0.0851321
v -0.0256740 -0.0203568 0.0806575
v -0.0242120 -0.0244924 0.0746672
v -0.0216614 -0.0282416 0.0752858
v -0.0260750 -0.0249135 0.0603970
v -0.0337515 -0.0162358 0.0446180
v -0.0346853 0.0129809 0.0483040
v -0.0360973 0.0081264 0.0482926
v -0.0368505 0.0031246 0.0483149
v -0.0369307 -0.0019340 0.0483682
v -0.0363366 -0.0069577 0.0484509
v -0.0297411 -0.0206434 0.0564219
v -0.0323759 -0.0161908 0.0549247
v -0.0348314 -0.0113584 0.0518679
v -0.0351875 -0.0068601 0.0550853
v -0.0357236 -0.0020435 0.0550493
v -0.0356664 0.0028429 0.0549978
v -0.0349909 0.0077335 0.0549768
v -0.0336745 0.0125501 0.0550511
v -0.0317337 0.0171908 0.0552115
v -0.0291403 0.0215489 0.0558176
v -0.0264993 0.0204142 0.0733946
v -0.0282558 0.0161430 0.0731096
v -0.0295969 0.0116743 0.0729227
v -0.0308194 0.0050548 0.0727655
v -0.0309455 -0.0023737 0.0729145
v -0.0295520 -0.0116990 0.0733490
v -0.0273073 -0.0185474 0.0739978
v -0.0064028 0.0369782 0.0415615
v -0.0124549 0.0353743 0.0486910
v -0.0116588 0.0356626 0.0319664
v -0.0368193 -0.0006893 0.0144778
v -0.0354971 -0.0120419 0.0315648
v -0.0333664 -0.0169026 0.0283517
v -0.0308833 -0.0211007 0.0283517
v -0.0278750 -0.0249399 0.0283517
v -0.0231758 -0.0294128 0.0277070
v -0.0359587 -0.0075857 0.0142849
v -0.0337994 -0.0146128 0.0140514
v -0.0229259 -0.0287822 0.0145076
v -0.0289609 -0.0227739 0.0141765
v -0.0011337 0.0374861 0.0384459
v -0.0174471 0.0331513 0.0284483
v -0.0105568 0.0352623 0.0139469
v -0.0086349 0.0363894 0.0282069
v -0.0051881 0.0370919 0.0299082
v -0.0050645 0.0363994 0.0142839
v -0.0010996 0.0373211 0.0254008
v -0.0011001 0.0367335 0.0142839
v -0.0372360 0.0034965 0.0282070
v -0.0362237 0.0093053 0.0282070
v -0.0361927 0.0064747 0.0143096
v -0.0343111 0.0148827 0.0282070
v -0.0348773 0.0116468 0.0145847
v -0.0321445 0.0179411 0.0152316
v -0.0285499 0.0231662 0.0141607
v -0.0315456 0.0200903 0.0282070
v -0.0279961 0.0247985 0.0282070
v -0.0249026 0.0270539 0.0142700
v -0.0239578 0.0288997 0.0326043
v -0.0161917 0.0330076 0.0144314
v -0.0207072 0.0303835 0.0146837
v -0.0011502 -0.0375321 0.0384256
v -0.0075440 -0.0367595 0.0435176
v -0.0127210 -0.0353048 0.0409003
v -0.0187034 -0.0325232 0.0326495
v -0.0011133 -0.0367872 0.0137169
v -0.0082663 -0.0358215 0.0144127
v -0.0048327 -0.0370881 0.0282793
v -0.0097588 -0.0361061 0.0282793
v -0.0133007 -0.0342817 0.0145977
v -0.0145089 -0.0344728 0.0282793
v -0.0179842 -0.0320641 0.0141699
v -0.0173909 -0.0323841 0.0008109
v -0.0172838 0.0324412 0.0008110
v -0.0099756 0.0353702 0.0008588
v -0.0238296 0.0279990 0.0007959
v -0.0293080 0.0221870 0.0008120
v -0.0334075 0.0153585 0.0007965
v -0.0359145 0.0078381 0.0008120
v -0.0367584 0.0000701 0.0008098
v -0.0099756 -0.0353702 0.0008588
v -0.0011243 -0.0367048 0.0008644
v -0.0011393 0.0367021 0.0008723
v -0.0293940 -0.0220967 0.0007967
v -0.0336169 -0.0149259 0.0007882
v -0.0236910 -0.0281559 0.0007937
v -0.0359991 -0.0075239 0.0008023
v -0.0205556 0.0298976 0.0697290
v -0.0209683 0.0294892 0.0689991
v -0.0213810 0.0291502 0.0677085
v -0.0218547 0.0281762 0.0742727
v -0.0225500 -0.0263500 0.0851494
v -0.0225500 0.0263500 0.0851494
v -0.0237892 0.0257795 0.0851430
v -0.0267905 0.0178023 0.0851306
v -0.0287298 0.0076893 0.0851220
v -0.0289810 -0.0036214 0.0851208
v -0.0280734 -0.0108648 0.0851250
v -0.0261886 -0.0186405 0.0851321
v -0.0238515 -0.0244884 0.0851437
v -0.0218541 -0.0282807 0.0851374
v -0.0249622 -0.0248414 0.1567552
v -0.0256582 -0.0237500 0.1566052
v -0.0254119 -0.0205903 0.1580093
v -0.0239648 -0.0198458 0.1593849
v -0.0222356 -0.0196201 0.1606826
v -0.0177619 -0.0160342 0.1643381
v -0.0398130 -0.0161110 0.1185667
v -0.0408483 -0.0161153 0.1285515
v -0.0266287 -0.0160653 0.1584175
v -0.0331734 -0.0160879 0.1513339
v -0.0386531 -0.0161070 0.1409934
v -0.0393137 -0.0221944 0.1286276
v -0.0391243 -0.0221608 0.1236200
v -0.0383304 -0.0221608 0.1187230
v -0.0349245 -0.0280379 0.1409970
v -0.0370715 -0.0220049 0.1406465
v -0.0348106 -0.0220049 0.1457987
v -0.0262126 -0.0224283 0.1567519
v -0.0254468 -0.0282038 0.1548064
v -0.0307958 -0.0281101 0.1487252
v -0.0318379 -0.0220049 0.1505756
v -0.0385746 -0.0220049 0.1352246
v -0.0368368 -0.0161009 0.1096155
v -0.0301875 -0.0223861 0.1019382
v -0.0360255 -0.0224263 0.1117319
v -0.0383304 -0.0221608 0.1187230
v -0.0227745 -0.0291209 0.1027044
v -0.0228255 -0.0282499 0.1034125
v -0.0241987 -0.0282304 0.1076227
v -0.0012001 -0.0286263 0.1584268
v -0.0012001 -0.0297159 0.1584268
v -0.0201190 -0.0311475 0.1036296
v -0.0200925 -0.0295723 0.1036263
v -0.0236918 -0.0295241 0.1074411
v -0.0243862 -0.0293903 0.1083092
v -0.0246381 -0.0292887 0.1086159
v -0.0247885 -0.0290914 0.1087398
v -0.0231763 -0.0290908 0.1048490
v -0.0232656 -0.0293658 0.1056449
v -0.0236988 -0.0291245 0.1064867
v -0.0273456 -0.0281700 0.1128316
v -0.0294936 -0.0281329 0.1177247
v -0.0310851 -0.0281044 0.1259124
v -0.0299111 -0.0281249 0.1359668
v -0.0271958 -0.0281726 0.1423553
v -0.0240290 -0.0282276 0.1470910
v -0.0192797 -0.0283113 0.1517855
v -0.0139402 -0.0284046 0.1551528
v -0.0078585 -0.0285104 0.1575462
v -0.0000001 -0.0297473 0.1584500
v -0.0000001 -0.0311476 0.1584500
v -0.0047737 -0.0311486 0.1581426
v -0.0099693 -0.0311476 0.1568033
v -0.0109722 -0.0311476 0.1564433
v -0.0280893 -0.0311480 0.1406759
v -0.0253516 -0.0311476 0.1452910
v -0.0139054 -0.0311480 0.1551794
v -0.0185895 -0.0311479 0.1523064
v -0.0229762 -0.0311476 0.1482708
v -0.0301377 -0.0311478 0.1347435
v -0.0310107 -0.0311481 0.1289747
v -0.0306788 -0.0311478 0.1229981
v -0.0297323 -0.0311482 0.1185152
v -0.0276065 -0.0311478 0.1133307
v -0.0246151 -0.0311460 0.1085639
v -0.0020000 -0.0248432 0.1617382
v -0.0020000 -0.0251524 0.1602973
v -0.0020000 -0.0240592 0.1593091
v -0.0020000 -0.0226568 0.1597618
v -0.0020000 -0.0223476 0.1612027
v -0.0020000 -0.0234408 0.1621909
v -0.0020001 -0.0248750 0.1626986
v -0.0020001 -0.0256986 0.1618750
v -0.0020001 -0.0260000 0.1607500
v -0.0020001 -0.0256986 0.1596250
v -0.0020001 -0.0248750 0.1588014
v -0.0020001 -0.0237500 0.1585000
v -0.0020001 -0.0226250 0.1588014
v -0.0020001 -0.0218014 0.1596250
v -0.0020001 -0.0215000 0.1607500
v -0.0020001 -0.0220979 0.1623717
v -0.0020001 -0.0237500 0.1630000
v -0.0020000 0.0226568 0.1617382
v -0.0020000 0.0234408 0.1593091
v -0.0020000 0.0248432 0.1597618
v -0.0020000 0.0251524 0.1612027
v -0.0020000 0.0240592 0.1621909
v -0.0020001 0.0226250 0.1626986
v -0.0020001 0.0226250 0.1588014
v -0.0020001 0.0237500 0.1585000
v -0.0020001 0.0248750 0.1588014
v -0.0020001 0.0256986 0.1596250
v -0.0020001 0.0260000 0.1607500
v -0.0020001 0.0256986 0.1618750
v -0.0020002 0.0243934 0.1629415
v -0.0011995 0.0242425 0.1647329
v -0.0012040 0.0242842 0.1674044
v -0.0012035 0.0257489 0.1680608
v -0.0012048 0.0232383 0.1676048
v -0.0249399 0.0197075 0.1598125
v -0.0264856 0.0203351 0.1583933
v -0.0261919 0.0201491 0.1586918
v -0.0274889 0.0218235 0.1570693
v -0.0274473 0.0216671 0.1571557
v -0.0271410 0.0210101 0.1576296
v -0.0273232 0.0237500 0.1565965
v -0.0275437 0.0228259 0.1566994
v -0.0373451 0.0161034 0.1092698
v -0.0406993 0.0161142 0.1358185
v -0.0279283 0.0160681 0.0911726
v -0.0299868 0.0160759 0.0972257
v -0.0415435 0.0161201 0.1278728
v -0.0285404 0.0160725 0.1576270
v -0.0409589 0.0161148 0.1205442
v -0.0395607 0.0161102 0.1149644
v -0.0206085 0.0160448 0.1635805
v -0.0339155 0.0160910 0.1514377
v -0.0379472 0.0161043 0.1443510
v -0.0402632 0.0225002 0.1287975
v -0.0288693 0.0224596 0.1555166
v -0.0325770 0.0224596 0.1511125
v -0.0356187 0.0224596 0.1462246
v -0.0379321 0.0224596 0.1409529
v -0.0394701 0.0224596 0.1354051
v -0.0373389 0.0321197 0.1302732
v -0.0352451 0.0321504 0.1401007
v -0.0367051 0.0321265 0.1348256
v -0.0330989 0.0321957 0.1449082
v -0.0300885 0.0322464 0.1496875
v -0.0275674 0.0289891 0.1542509
v -0.0327752 0.0274251 0.1064162
v -0.0333028 0.0321941 0.1104489
v -0.0350882 0.0227800 0.1077405
v -0.0372358 0.0321227 0.1237440
v -0.0397176 0.0247532 0.1254894
v -0.0391228 0.0231409 0.1186282
v -0.0372292 0.0251600 0.1138507
v -0.0363908 0.0321388 0.1186403
v -0.0340068 0.0295919 0.1099232
v -0.0306189 0.0245985 0.1018110
v -0.0262036 0.0225761 0.0909805
v -0.0254506 0.0222889 0.0863629
v -0.0282621 0.0226425 0.0965539
v -0.0012040 0.0242842 0.1674044
v -0.0075705 0.0242724 0.1666294
v -0.0012050 0.0327526 0.1646941
v -0.0084428 0.0326213 0.1637498
v -0.0221752 0.0058859 0.1636799
v -0.0228748 0.0051879 0.1632741
v -0.0227093 0.0055095 0.1633654
v -0.0223595 0.0057946 0.1635709
v -0.0208122 0.0077061 0.1643718
v -0.0258651 0.0077061 0.1610263
v -0.0222044 -0.0292157 0.0936433
v -0.0225088 -0.0282543 0.0921547
v -0.0012003 -0.0286819 0.0920099
v -0.0012194 -0.0295170 0.0939651
v -0.0183303 -0.0294394 0.0942461
v -0.0020001 -0.0248750 0.1626986
v -0.0020001 -0.0256986 0.1618750
v -0.0020001 -0.0260000 0.1607500
v -0.0020001 -0.0256986 0.1596250
v -0.0020001 -0.0248750 0.1588014
v -0.0020001 -0.0237500 0.1585000
v -0.0020001 -0.0226250 0.1588014
v -0.0020001 -0.0218014 0.1596250
v -0.0020001 -0.0215000 0.1607500
v -0.0020001 -0.0237500 0.1630000
v -0.0020001 0.0226250 0.1626986
v -0.0020001 0.0218014 0.1618750
v -0.0020001 0.0215000 0.1607500
v -0.0020001 0.0218014 0.1596250
v -0.0020001 0.0226250 0.1588014
v -0.0020001 0.0237500 0.1585000
v -0.0020001 0.0248750 0.1588014
v -0.0020001 0.0256986 0.1596250
v -0.0020001 0.0260000 0.1607500
v -0.0020001 0.0256986 0.1618750
v -0.0020002 0.0243934 0.1629415
v -0.0201190 -0.0311475 0.1036296
v -0.0245139 -0.0258578 0.1595756
v -0.0221424 -0.0261081 0.1611399
v -0.0231736 -0.0260993 0.1604904
v -0.0207962 -0.0257046 0.1620806
v -0.0201553 -0.0237500 0.1630951
v -0.0199838 -0.0250936 0.1626661
v -0.0211638 -0.0227330 0.1628783
v -0.0225330 -0.0219547 0.1623009
v -0.0260379 -0.0214426 0.1601168
v -0.0270366 -0.0219302 0.1592175
v -0.0275455 -0.0232030 0.1583817
v -0.0290761 0.0230030 0.1584778
v -0.0279733 0.0215966 0.1596614
v -0.0289759 0.0224379 0.1587432
v -0.0264412 0.0213584 0.1609846
v -0.0246349 0.0218236 0.1621576
v -0.0253214 0.0215988 0.1617495
v -0.0222701 0.0233036 0.1630827
v -0.0231248 0.0257794 0.1619628
v -0.0227600 0.0255716 0.1622661
v -0.0219923 0.0246982 0.1629066
v -0.0241991 0.0260993 0.1611330
v -0.0257370 0.0260463 0.1600999
v -0.0272129 0.0255349 0.1591289
v -0.0286640 0.0242335 0.1584098
v -0.0285210 0.0246887 0.1585226
v -0.0173909 -0.0323841 0.0008109
v -0.0172838 0.0324412 0.0008110
v -0.0099756 0.0353702 0.0008588
v -0.0238296 0.0279990 0.0007959
v -0.0293080 0.0221870 0.0008120
v -0.0334075 0.0153585 0.0007965
v -0.0359145 0.0078381 0.0008120
v -0.0367584 0.0000701 0.0008098
v -0.0099756 -0.0353702 0.0008588
v -0.0011243 -0.0367048 0.0008644
v -0.0000020 -0.0368094 0.0007864
v -0.0011393 0.0367021 0.0008723
v -0.0000001 0.0367232 0.0008233
v -0.0293940 -0.0220967 0.0007967
v -0.0336169 -0.0149259 0.0007882
v -0.0199800 -0.0311477 0.0958826
v -0.0193788 -0.0311485 0.0946985
v -0.0180176 -0.0311478 0.0942327
v -0.0003999 -0.0311486 0.0933412
v -0.0015597 -0.0311482 0.0940559
v -0.0000001 -0.0311476 0.1584500
v -0.0047737 -0.0311486 0.1581426
v -0.0099693 -0.0311476 0.1568033
v -0.0109722 -0.0311476 0.1564433
v -0.0280893 -0.0311480 0.1406759
v -0.0253516 -0.0311476 0.1452910
v -0.0139054 -0.0311480 0.1551794
v -0.0185895 -0.0311479 0.1523064
v -0.0229762 -0.0311476 0.1482708
v -0.0301377 -0.0311478 0.1347435
v -0.0310107 -0.0311481 0.1289747
v -0.0306788 -0.0311478 0.1229981
v -0.0297323 -0.0311482 0.1185152
v -0.0276065 -0.0311478 0.1133307
v -0.0246151 -0.0311460 0.1085639
v -0.0391367 -0.0304994 0.1274500
v -0.0389961 -0.0307694 0.1287810
v -0.0377739 -0.0310761 0.1352043
v -0.0386140 -0.0310901 0.1279480
v -0.0380531 -0.0311495 0.1233676
v -0.0309384 -0.0310761 0.1504677
v -0.0337489 -0.0311350 0.1458759
v -0.0361648 -0.0311277 0.1404960
v -0.0373264 -0.0311477 0.1355091
v -0.0201693 -0.0310729 0.1605089
v -0.0272628 -0.0311298 0.1545508
v -0.0078969 -0.0311180 0.1650998
v -0.0132501 -0.0311298 0.1635347
v -0.0185821 -0.0311476 0.1608106
v -0.0000018 -0.0311157 0.1660177
v -0.0017842 -0.0304992 0.1665454
v -0.0000002 -0.0307881 0.1664379
v -0.0128858 -0.0307539 0.1642607
v -0.0060660 -0.0307763 0.1660182
v -0.0294108 -0.0308206 0.1530881
v -0.0257512 -0.0304992 0.1569206
v -0.0221238 -0.0307221 0.1596258
v -0.0169922 -0.0304992 0.1627048
v -0.0383347 -0.0307426 0.1347795
v -0.0369653 -0.0307448 0.1399934
v -0.0344886 -0.0306991 0.1458589
v -0.0313994 -0.0304992 0.1508106
v -0.0222079 -0.0221962 0.1629498
v -0.0237161 -0.0215770 0.1621229
v -0.0239827 -0.0214455 0.1620199
v -0.0277356 -0.0219706 0.1589285
v -0.0203676 -0.0237569 0.1635369
v -0.0196763 -0.0243032 0.1637916
v -0.0214943 -0.0226009 0.1632726
v -0.0220933 -0.0221993 0.1630403
v -0.0234727 -0.0215500 0.1623591
v -0.0246640 -0.0211794 0.1616491
v -0.0273255 -0.0215923 0.1594125
v -0.0277107 -0.0236804 0.1582692
v -0.0279793 -0.0232088 0.1582441
v -0.0202068 -0.0237400 0.1631006
v -0.0212312 -0.0228421 0.1629573
v -0.0206788 -0.0232707 0.1630663
v -0.0204592 -0.0234231 0.1630776
v -0.0205417 -0.0233338 0.1630641
v -0.0212563 -0.0228578 0.1629928
v -0.0224076 -0.0221459 0.1625305
v -0.0224316 -0.0221506 0.1625743
v -0.0236381 -0.0216609 0.1619472
v -0.0236639 -0.0216507 0.1619954
v -0.0248705 -0.0213788 0.1612386
v -0.0249015 -0.0213499 0.1612864
v -0.0236859 -0.0216323 0.1620418
v -0.0237033 -0.0216071 0.1620847
v -0.0249276 -0.0213130 0.1613294
v -0.0249482 -0.0212700 0.1613664
v -0.0251616 -0.0211549 0.1612894
v -0.0212777 -0.0228677 0.1630315
v -0.0207424 -0.0233114 0.1631314
v -0.0212949 -0.0228717 0.1630715
v -0.0224520 -0.0221478 0.1626189
v -0.0224682 -0.0221383 0.1626624
v -0.0213077 -0.0228704 0.1631112
v -0.0224803 -0.0221232 0.1627034
v -0.0207889 -0.0233340 0.1632286
v -0.0202160 -0.0241317 0.1632228
v -0.0238424 -0.0214370 0.1621401
v -0.0214191 -0.0227801 0.1631014
v -0.0203277 -0.0238502 0.1631857
v -0.0202668 -0.0238139 0.1631295
v -0.0205961 -0.0235050 0.1634165
v -0.0208932 -0.0230604 0.1634793
v -0.0203601 -0.0238708 0.1634615
v -0.0203793 -0.0238800 0.1633253
v -0.0203713 -0.0238752 0.1632836
v -0.0274160 -0.0237926 0.1583574
v -0.0278672 -0.0225554 0.1585876
v -0.0272528 -0.0218068 0.1592943
v -0.0268979 -0.0214800 0.1597780
v -0.0235785 -0.0216548 0.1618531
v -0.0245960 -0.0214274 0.1612390
v -0.0248359 -0.0213980 0.1611879
v -0.0236092 -0.0216623 0.1618991
v -0.0223809 -0.0221337 0.1624894
v -0.0209774 -0.0229116 0.1629506
v -0.0260172 -0.0213767 0.1603724
v -0.0261199 -0.0212495 0.1604860
v -0.0262892 -0.0211018 0.1604451
v -0.0255108 -0.0213495 0.1607817
v -0.0255637 -0.0211832 0.1609560
v -0.0230453 -0.0263099 0.1608420
v -0.0232772 -0.0262305 0.1606410
v -0.0232555 -0.0261881 0.1606140
v -0.0221293 -0.0262739 0.1615006
v -0.0223581 -0.0262794 0.1613221
v -0.0210291 -0.0258466 0.1622970
v -0.0206881 -0.0256101 0.1625321
v -0.0201142 -0.0245137 0.1634091
v -0.0201519 -0.0245342 0.1632116
v -0.0261859 -0.0250940 0.1587434
v -0.0271318 -0.0248144 0.1583557
v -0.0250400 -0.0261654 0.1595295
v -0.0243501 -0.0262228 0.1599920
v -0.0246521 -0.0262982 0.1597725
v -0.0239444 -0.0264491 0.1602377
v -0.0210121 -0.0259654 0.1623548
v -0.0221126 -0.0264157 0.1615120
v -0.0220252 -0.0264193 0.1615683
v -0.0224196 -0.0264817 0.1612854
v -0.0201570 -0.0252342 0.1631469
v -0.0243478 -0.0259344 0.1598109
v -0.0255924 -0.0255652 0.1591561
v -0.0265842 -0.0247937 0.1586034
v -0.0266959 -0.0248808 0.1585977
v -0.0268451 -0.0249945 0.1585233
v -0.0244831 -0.0261002 0.1598819
v -0.0256982 -0.0257889 0.1591453
v -0.0258936 -0.0257932 0.1590023
v -0.0256743 -0.0257258 0.1591617
v -0.0256430 -0.0256613 0.1591686
v -0.0244583 -0.0260454 0.1598682
v -0.0238203 -0.0261009 0.1601858
v -0.0229259 -0.0261412 0.1607353
v -0.0202453 -0.0250347 0.1630075
v -0.0215577 -0.0260643 0.1618836
v -0.0221286 -0.0263190 0.1615105
v -0.0205735 -0.0255585 0.1627132
v -0.0210287 -0.0258826 0.1623202
v -0.0210232 -0.0259226 0.1623399
v -0.0221232 -0.0263668 0.1615146
v -0.0233154 -0.0264677 0.1606759
v -0.0233164 -0.0264173 0.1606813
v -0.0201986 -0.0251235 0.1631308
v -0.0202193 -0.0250967 0.1631006
v -0.0209955 -0.0260090 0.1623636
v -0.0210235 -0.0260748 0.1623268
v -0.0201108 -0.0249615 0.1627865
v -0.0200185 -0.0244059 0.1630265
v -0.0205314 -0.0254835 0.1623740
v -0.0200915 -0.0245284 0.1630748
v -0.0201241 -0.0245405 0.1631331
v -0.0201299 -0.0244308 0.1631251
v -0.0200748 -0.0246929 0.1629623
v -0.0202174 -0.0249845 0.1629160
v -0.0209064 -0.0257176 0.1620640
v -0.0211786 -0.0258706 0.1620880
v -0.0217132 -0.0260115 0.1616146
v -0.0232757 -0.0265156 0.1606890
v -0.0251891 0.0261155 0.1605229
v -0.0225000 0.0238558 0.1633583
v -0.0222016 0.0243823 0.1630412
v -0.0223558 0.0237958 0.1631272
v -0.0248999 0.0264567 0.1610428
v -0.0222243 0.0245400 0.1634761
v -0.0222890 0.0244916 0.1634349
v -0.0224394 0.0238315 0.1635403
v -0.0224211 0.0252576 0.1631344
v -0.0238647 0.0262389 0.1618466
v -0.0259099 0.0264572 0.1602775
v -0.0281926 0.0253974 0.1587204
v -0.0272445 0.0259843 0.1593416
v -0.0240804 0.0260556 0.1612991
v -0.0252221 0.0261343 0.1605636
v -0.0252531 0.0261620 0.1606012
v -0.0241409 0.0260728 0.1613782
v -0.0241116 0.0260599 0.1613387
v -0.0231046 0.0256998 0.1621448
v -0.0230734 0.0256996 0.1621093
v -0.0223728 0.0250331 0.1627742
v -0.0227372 0.0253856 0.1626180
v -0.0253224 0.0262833 0.1606814
v -0.0242198 0.0261896 0.1615055
v -0.0253357 0.0263296 0.1606952
v -0.0247805 0.0263338 0.1611162
v -0.0231753 0.0257409 0.1622531
v -0.0231564 0.0257213 0.1622182
v -0.0241894 0.0261212 0.1614504
v -0.0242070 0.0261538 0.1614805
v -0.0253041 0.0262385 0.1606610
v -0.0222939 0.0241139 0.1631592
v -0.0224238 0.0249521 0.1629183
v -0.0223255 0.0244162 0.1631558
v -0.0224834 0.0238428 0.1632648
v -0.0238878 0.0261438 0.1617856
v -0.0231891 0.0257646 0.1622851
v -0.0224855 0.0250648 0.1629595
v -0.0232054 0.0258370 0.1623519
v -0.0232742 0.0260349 0.1623300
v -0.0224817 0.0251844 0.1630607
v -0.0223585 0.0244504 0.1633024
v -0.0224487 0.0238354 0.1635281
v -0.0224706 0.0238447 0.1634913
v -0.0224874 0.0238516 0.1634484
v -0.0224961 0.0238551 0.1634099
v -0.0242438 0.0264399 0.1615319
v -0.0266331 0.0262467 0.1597651
v -0.0254916 0.0264005 0.1605989
v -0.0274294 0.0255334 0.1591293
v -0.0290982 0.0238110 0.1583320
v -0.0277614 0.0254661 0.1589785
v -0.0267339 0.0258930 0.1596094
v -0.0270220 0.0260046 0.1594969
v -0.0264582 0.0261618 0.1598853
v -0.0260584 0.0261220 0.1601051
v -0.0231326 0.0257072 0.1621816
v -0.0241672 0.0260937 0.1614160
v -0.0252808 0.0261974 0.1606341
v -0.0264905 0.0213856 0.1610527
v -0.0292169 0.0227398 0.1585416
v -0.0274131 0.0210711 0.1607470
v -0.0294081 0.0238655 0.1581309
v -0.0294746 0.0225782 0.1584879
v -0.0292791 0.0221298 0.1588023
v -0.0269450 0.0210862 0.1611243
v -0.0262815 0.0211516 0.1616291
v -0.0255147 0.0214109 0.1621317
v -0.0243661 0.0219555 0.1627972
v -0.0243693 0.0219909 0.1627663
v -0.0243579 0.0219156 0.1628239
v -0.0244972 0.0218181 0.1627555
v -0.0254528 0.0213866 0.1621879
v -0.0240329 0.0220853 0.1630019
v -0.0232603 0.0226862 0.1633504
v -0.0232039 0.0227255 0.1633764
v -0.0224120 0.0237926 0.1635793
v -0.0275781 0.0214159 0.1602341
v -0.0285468 0.0217649 0.1594061
v -0.0276953 0.0213488 0.1603098
v -0.0289085 0.0216214 0.1592995
v -0.0263505 0.0213874 0.1612508
v -0.0277786 0.0212086 0.1603863
v -0.0263876 0.0213414 0.1613640
v -0.0233015 0.0228085 0.1631766
v -0.0240417 0.0222357 0.1628515
v -0.0243680 0.0220211 0.1627329
v -0.0228469 0.0233058 0.1632840
v -0.0233841 0.0225625 0.1633041
v -0.0232786 0.0227183 0.1633228
v -0.0232920 0.0227475 0.1632900
v -0.0233014 0.0227756 0.1632477
v -0.0233035 0.0227942 0.1632119
v -0.0225282 0.0235280 0.1631444
v -0.0233293 0.0225932 0.1628246
v -0.0236968 0.0224022 0.1627116
v -0.0234868 0.0226427 0.1630432
v -0.0235894 0.0225369 0.1629158
v -0.0286756 0.0216753 0.1594258
v -0.0250669 0.0217157 0.1620087
v -0.0245541 0.0219598 0.1624150
v -0.0249135 0.0217700 0.1623450
v -0.0277431 0.0210849 0.1604738
v -0.0252754 0.0215705 0.1622346
v -0.0260939 0.0213322 0.1616839
v -0.0000001 0.0352746 0.1544500
v -0.0059982 0.0352745 0.1538901
v -0.0118194 0.0352749 0.1517390
v -0.0153764 0.0352744 0.1496682
v -0.0182947 0.0352748 0.1473144
v -0.0205046 0.0352746 0.1450160
v -0.0000001 0.0352747 0.1655857
v -0.0000004 0.0350232 0.1663331
v 0.0000002 0.0237519 0.1700657
v 0.0000007 -0.0219834 0.1694799
v 0.0000009 0.0049773 0.1725731
v -0.0000001 0.0142583 0.1717225
v -0.0033621 0.0348305 0.1662962
v -0.0387176 0.0350949 0.1274500
v -0.0385007 0.0352267 0.1285658
v -0.0388506 0.0349028 0.1308353
v -0.0389930 0.0348276 0.1274508
v -0.0382059 0.0348400 0.1352191
v -0.0364400 0.0348410 0.1414030
v -0.0341200 0.0348742 0.1462814
v -0.0309789 0.0347134 0.1512485
v -0.0297822 0.0349380 0.1526109
v -0.0269219 0.0347644 0.1557266
v -0.0219869 0.0347982 0.1597426
v -0.0174926 0.0347846 0.1623738
v -0.0079568 0.0348632 0.1656018
v -0.0127626 0.0348858 0.1642637
v -0.0055640 0.0352378 0.1655339
v -0.0229259 0.0352510 0.1582731
v -0.0184193 0.0352604 0.1611492
v -0.0130216 0.0352567 0.1635647
v -0.0080515 0.0352746 0.1647261
v -0.0337579 0.0352599 0.1457163
v -0.0306551 0.0352625 0.1505322
v -0.0272340 0.0352033 0.1546789
v -0.0376013 0.0352452 0.1353319
v -0.0360440 0.0352536 0.1407122
v -0.0381358 0.0352757 0.1274430
v -0.0018622 0.0352829 0.1005143
v -0.0010059 0.0352830 0.1002746
v -0.0000001 0.0352851 0.0985190
v -0.0226886 0.0352769 0.1128435
v -0.0189262 0.0352810 0.1081592
v -0.0126044 0.0352799 0.1034519
v -0.0063559 0.0352789 0.1011712
v -0.0245406 0.0352763 0.1147339
v -0.0237901 0.0352764 0.1143709
v -0.0333057 0.0352761 0.1149947
v -0.0339140 0.0352763 0.1151986
v -0.0346743 0.0352764 0.1156947
v -0.0352061 0.0352761 0.1163666
v -0.0359289 0.0352757 0.1183526
v -0.0359073 0.0352739 0.1368058
v -0.0370871 0.0352750 0.1274729
v -0.0331228 0.0352749 0.1399509
v -0.0346614 0.0352748 0.1392732
v -0.0237285 0.0352738 0.1405746
v -0.0245393 0.0352747 0.1401780
v -0.0047419 0.0373462 0.0008588
v -0.0103439 0.0361971 0.0008588
v -0.0236910 -0.0281559 0.0007937
v -0.0157073 -0.0342127 0.0008588
v -0.0103439 -0.0361971 0.0008588
v -0.0359991 -0.0075239 0.0008023
v -0.0245500 0.0220179 0.0497500
v -0.0245501 0.0217632 0.0482035
v -0.0245497 0.0232628 0.0467361
v -0.0245499 0.0252544 0.0473545
v -0.0245497 -0.0223740 0.0503060
v -0.0245500 -0.0237500 0.0507500
v -0.0245501 -0.0252159 0.0501865
v -0.0245507 -0.0257183 0.0482701
v -0.0245498 -0.0244529 0.0468205
v -0.0245509 -0.0223611 0.0472824
v -0.0245500 -0.0217500 0.0487500
v -0.0000001 -0.0348626 0.0784526
v -0.0000001 -0.0313084 0.0848046
v 0.0000051 -0.0311185 0.0919978
v -0.0346992 -0.0311353 0.1108487
v -0.0329195 -0.0311476 0.1080965
v -0.0286166 -0.0311480 0.1015914
v -0.0260934 -0.0311476 0.0974124
v -0.0245950 -0.0311478 0.0940698
v -0.0224967 -0.0311398 0.0861874
v -0.0219592 -0.0316872 0.0832761
v -0.0000001 -0.0325899 0.0813877
v -0.0184423 -0.0346248 0.0786828
v -0.0206299 -0.0327593 0.0810689
v -0.0149655 -0.0367294 0.0767809
v -0.0000002 -0.0397014 0.0746338
v -0.0049517 -0.0392199 0.0749872
v -0.0091900 -0.0385233 0.0754632
v -0.0337008 0.0348841 0.1078572
v -0.0308506 0.0351441 0.1040015
v -0.0359287 0.0347537 0.1120611
v -0.0381285 0.0350130 0.1195976
v -0.0387093 0.0349514 0.1237722
v -0.0390469 0.0346276 0.1256791
v -0.0382031 0.0352445 0.1234980
v -0.0353436 0.0352714 0.1123873
v -0.0322923 0.0352499 0.1067254
v -0.0327435 0.0352778 0.1078673
v -0.0361921 0.0352054 0.1142882
v -0.0324098 0.0352060 0.1066500
v -0.0323820 0.0216775 0.1557449
v -0.0283994 -0.0169282 0.1599513
v -0.0312652 -0.0235082 0.1547691
v -0.0052718 0.0288088 0.1682857
v -0.0128822 0.0250735 0.1677117
v -0.0271300 0.0284693 0.1584985
v -0.0234517 0.0266892 0.1620433
v -0.0179020 0.0284693 0.1645925
v -0.0310486 0.0284693 0.1545799
v -0.0352238 0.0248206 0.1509197
v -0.0405647 0.0284693 0.1348361
v -0.0415106 0.0276309 0.1256608
v -0.0423143 0.0248169 0.1291117
v -0.0437979 0.0176851 0.1276126
v -0.0445571 0.0123229 0.1279237
v -0.0450048 0.0059749 0.1283746
v -0.0449791 -0.0020362 0.1285613
v -0.0443446 -0.0100735 0.1281642
v -0.0430074 -0.0178272 0.1281955
v -0.0413500 -0.0242071 0.1280952
v -0.0018928 -0.0235082 0.1689260
v -0.0000043 -0.0088018 0.1719674
v -0.0020514 -0.0013940 0.1724018
v -0.0020492 0.0065665 0.1723528
v -0.0020183 0.0142583 0.1716765
v -0.0019604 0.0216775 0.1704075
v -0.0325014 -0.0169282 0.1558493
v -0.0242471 -0.0205816 0.1622153
v -0.0187396 -0.0169282 0.1663304
v -0.0186708 0.0216775 0.1661875
v -0.0236970 0.0216775 0.1633338
v -0.0291309 0.0142583 0.1607884
v -0.0243970 0.0142583 0.1643938
v -0.0333386 0.0142583 0.1565808
v -0.0244625 -0.0092963 0.1644930
v -0.0192739 -0.0092963 0.1674389
v -0.0247971 -0.0013940 0.1649998
v -0.0195376 -0.0013940 0.1679859
v -0.0247701 0.0065665 0.1649588
v -0.0195163 0.0065665 0.1679417
v -0.0192223 0.0142583 0.1673318
v -0.0292091 -0.0092963 0.1608779
v -0.0296087 -0.0013940 0.1613352
v -0.0295764 0.0065665 0.1612983
v -0.0334281 -0.0092963 0.1566590
v -0.0338854 -0.0013940 0.1570586
v -0.0338484 0.0065665 0.1570262
v -0.0077034 0.0216775 0.1697566
v -0.0079310 0.0142583 0.1710064
v -0.0080523 0.0065665 0.1716724
v -0.0080611 -0.0013940 0.1717207
v -0.0079523 -0.0092963 0.1711233
v -0.0058729 -0.0167300 0.1703065
v -0.0074378 -0.0235082 0.1682975
v -0.0137004 0.0142583 0.1695494
v -0.0139099 0.0065665 0.1701932
v -0.0139251 -0.0013940 0.1702398
v -0.0137372 -0.0092963 0.1696624
v -0.0131529 -0.0202363 0.1678453
v -0.0369440 0.0142583 0.1518468
v -0.0375089 0.0065665 0.1522199
v -0.0375499 -0.0013940 0.1522470
v -0.0370431 -0.0092963 0.1519123
v -0.0354366 -0.0203365 0.1508464
v -0.0380123 0.0248294 0.1460619
v -0.0398820 0.0142583 0.1466722
v -0.0404918 0.0065665 0.1469661
v -0.0405361 -0.0013940 0.1469875
v -0.0399890 -0.0092963 0.1467238
v -0.0382725 -0.0202365 0.1458890
v -0.0401383 0.0250735 0.1407122
v -0.0420995 0.0142583 0.1411503
v -0.0427433 0.0065665 0.1413598
v -0.0427900 -0.0013940 0.1413750
v -0.0422125 -0.0092963 0.1411870
v -0.0403995 -0.0202365 0.1405900
v -0.0423067 0.0216775 0.1351533
v -0.0435565 0.0142583 0.1353808
v -0.0442225 0.0065665 0.1355021
v -0.0442708 -0.0013940 0.1355109
v -0.0436734 -0.0092963 0.1354021
v -0.0424627 -0.0169282 0.1351817
v -0.0408476 -0.0235082 0.1348876
v -0.0387590 -0.0308229 0.1237666
v -0.0386082 -0.0306327 0.1210450
v -0.0372124 -0.0304998 0.1153272
v -0.0359383 -0.0308981 0.1123957
v -0.0339480 -0.0307626 0.1081754
v -0.0326957 -0.0309033 0.1064662
v -0.0323329 -0.0311208 0.1066978
v -0.0324531 -0.0310763 0.1066212
v -0.0376174 -0.0310763 0.1189672
v -0.0383890 -0.0310763 0.1238018
v -0.0000001 0.0374633 0.0784455
v -0.0000021 0.0399762 0.0755805
v -0.0001928 0.0352841 0.0994249
v -0.0256729 0.0352644 0.0967773
v -0.0279639 0.0352825 0.1009518
v -0.0138894 0.0383587 0.0772646
v -0.0000001 0.0359360 0.0817698
v -0.0160745 0.0374859 0.0784119
v -0.0000001 0.0353891 0.0855790
v -0.0197197 0.0355249 0.0837267
v -0.0231511 0.0352979 0.0927501
v -0.0190383 0.0358053 0.0822435
v -0.0151137 0.0383094 0.0767097
v -0.0130650 0.0389998 0.0759549
v -0.0186246 0.0363429 0.0796424
v -0.0177308 0.0365194 0.0801288
v -0.0161529 0.0377920 0.0778261
v -0.0135523 0.0388478 0.0764202
v -0.0000005 0.0399371 0.0754737
v -0.0056521 0.0398579 0.0754589
v -0.0118919 0.0392838 0.0759869
v -0.0186136 0.0363286 0.0802999
v -0.0000000 0.0399474 0.0304157
v -0.0000001 0.0378116 0.0008869
v 0.0000004 0.0393153 0.0148652
v -0.0000001 0.0381369 0.0012582
v -0.0000001 0.0380701 0.0010937
v -0.0000001 0.0379584 0.0009683
v -0.0181112 0.0355679 0.0266316
v -0.0104585 0.0377737 0.0123484
v -0.0161301 0.0345648 0.0013058
v -0.0127140 0.0359620 0.0013058
v -0.0082612 0.0372379 0.0013058
v -0.0039570 0.0379375 0.0013058
v -0.0036458 0.0395189 0.0211456
v -0.0086005 0.0389671 0.0279541
v -0.0145212 0.0372741 0.0303527
v -0.0044700 0.0398237 0.0549129
v -0.0047619 0.0375036 0.0008846
v -0.0103875 0.0363496 0.0008846
v -0.0157734 0.0343568 0.0008846
v -0.0207954 0.0315713 0.0008846
v -0.0253375 0.0280572 0.0008846
v -0.0292949 0.0238957 0.0008846
v -0.0325763 0.0191827 0.0008846
v -0.0351060 0.0140272 0.0008846
v -0.0368256 0.0085479 0.0008846
v -0.0376955 0.0028714 0.0008846
v -0.0376955 -0.0028714 0.0008846
v -0.0368256 -0.0085479 0.0008846
v -0.0351060 -0.0140272 0.0008846
v -0.0325763 -0.0191827 0.0008846
v -0.0292949 -0.0238957 0.0008846
v -0.0253375 -0.0280572 0.0008846
v -0.0207954 -0.0315713 0.0008846
v -0.0157734 -0.0343568 0.0008846
v -0.0103875 -0.0363496 0.0008846
v -0.0047619 -0.0375036 0.0008846
v -0.0000001 -0.0378116 0.0008869
v -0.0048045 -0.0378395 0.0013058
v -0.0000001 -0.0380701 0.0010937
v -0.0000001 -0.0381433 0.0013058
v -0.0158962 -0.0346243 0.0011469
v -0.0104683 -0.0366326 0.0011469
v -0.0104805 -0.0366752 0.0013058
v -0.0047989 -0.0377955 0.0011469
v -0.0209573 -0.0318170 0.0011469
v -0.0191098 -0.0330110 0.0013058
v -0.0159147 -0.0346646 0.0013058
v -0.0379889 -0.0028937 0.0011469
v -0.0371123 -0.0086144 0.0011469
v -0.0371555 -0.0086245 0.0013058
v -0.0354204 -0.0141528 0.0013058
v -0.0353793 -0.0141364 0.0011469
v -0.0328681 -0.0193546 0.0013058
v -0.0328299 -0.0193321 0.0011469
v -0.0295573 -0.0241097 0.0013058
v -0.0295229 -0.0240817 0.0011469
v -0.0255644 -0.0283085 0.0013058
v -0.0255347 -0.0282756 0.0011469
v -0.0225646 -0.0307530 0.0013058
v -0.0209816 -0.0318540 0.0013058
v -0.0295229 0.0240817 0.0011469
v -0.0328299 0.0193321 0.0011469
v -0.0328681 0.0193546 0.0013058
v -0.0354204 0.0141528 0.0013058
v -0.0353793 0.0141364 0.0011469
v -0.0371555 0.0086245 0.0013058
v -0.0371123 0.0086144 0.0011469
v -0.0380331 0.0028971 0.0013058
v -0.0379889 0.0028937 0.0011469
v -0.0381433 -0.0000000 0.0013058
v -0.0380331 -0.0028971 0.0013058
v -0.0255347 0.0282756 0.0011469
v -0.0271832 0.0267579 0.0013058
v -0.0295573 0.0241097 0.0013058
v -0.0158962 0.0346243 0.0011469
v -0.0209573 0.0318170 0.0011469
v -0.0209816 0.0318540 0.0013058
v -0.0231748 0.0302959 0.0013058
v -0.0255644 0.0283085 0.0013058
v -0.0047989 0.0377955 0.0011469
v -0.0104684 0.0366326 0.0011469
v -0.0047838 0.0376763 0.0009855
v -0.0104353 0.0365170 0.0009855
v -0.0158461 0.0345150 0.0009855
v -0.0208911 0.0317167 0.0009855
v -0.0254542 0.0281864 0.0009855
v -0.0294298 0.0240057 0.0009855
v -0.0327263 0.0192711 0.0009855
v -0.0352677 0.0140918 0.0009855
v -0.0369952 0.0085873 0.0009855
v -0.0378691 0.0028846 0.0009855
v -0.0378691 -0.0028846 0.0009855
v -0.0369952 -0.0085873 0.0009855
v -0.0352677 -0.0140918 0.0009855
v -0.0327263 -0.0192711 0.0009855
v -0.0294298 -0.0240057 0.0009855
v -0.0254542 -0.0281864 0.0009855
v -0.0208911 -0.0317167 0.0009855
v -0.0158461 -0.0345150 0.0009855
v -0.0104353 -0.0365170 0.0009855
v -0.0047838 -0.0376763 0.0009855
v -0.0000001 -0.0379584 0.0009683
v -0.0106445 -0.0384515 0.0754413
v -0.0072830 -0.0394444 0.0741875
v -0.0214813 -0.0326018 0.0807870
v -0.0212278 -0.0325831 0.0812854
v -0.0197708 -0.0339461 0.0793544
v -0.0204082 -0.0337397 0.0785378
v -0.0178319 -0.0357666 0.0770890
v -0.0103276 -0.0387589 0.0749209
v 0.0000001 -0.0398585 0.0744082
v -0.0046308 -0.0397352 0.0744116
v -0.0000001 -0.0400000 0.0738197
v -0.0125224 -0.0381461 0.0754844
v -0.0176639 -0.0354878 0.0777781
v -0.0221929 -0.0318486 0.0817466
v -0.0201086 -0.0345332 0.0296123
v -0.0246851 -0.0315105 0.0309704
v -0.0212194 -0.0330166 0.0134783
v -0.0146986 -0.0363088 0.0130475
v -0.0040844 -0.0389576 0.0130475
v -0.0000001 -0.0393874 0.0159020
v -0.0000001 -0.0399220 0.0291271
v -0.0095818 -0.0384956 0.0203390
v -0.0150248 -0.0369951 0.0285594
v -0.0043187 -0.0397514 0.0309785
v -0.0087307 -0.0390601 0.0370465
v -0.0299542 0.0255525 0.0477419
v -0.0306677 0.0247785 0.0469558
v -0.0301257 0.0253103 0.0474208
v -0.0299100 0.0255153 0.0477141
v -0.0311292 0.0242531 0.0467449
v -0.0318881 0.0233548 0.0467175
v -0.0326788 0.0220503 0.0475580
v -0.0326525 0.0224096 0.0471505
v -0.0326070 0.0217717 0.0495384
v -0.0303565 -0.0246026 0.0506194
v -0.0322884 -0.0224767 0.0504209
v -0.0311976 -0.0235679 0.0508083
v -0.0322852 -0.0221494 0.0500700
v -0.0325975 -0.0216168 0.0488268
v -0.0322684 -0.0229291 0.0468358
v -0.0325455 -0.0221300 0.0474447
v -0.0308463 -0.0246051 0.0468778
v -0.0304324 -0.0250750 0.0471833
v -0.0314773 -0.0238488 0.0466783
v -0.0321090 -0.0230115 0.0468205
v -0.0299489 -0.0254971 0.0476812
v -0.0298756 -0.0253926 0.0499846
v -0.0296597 -0.0256617 0.0494750
v -0.0295942 -0.0257868 0.0485905
v -0.0284196 -0.0311049 0.1008405
v -0.0229351 -0.0310606 0.0839066
v -0.0232617 -0.0307127 0.0847047
v -0.0238866 -0.0306047 0.0883475
v -0.0250131 -0.0306789 0.0926277
v -0.0264663 -0.0306627 0.0962135
v -0.0289009 -0.0306615 0.1004993
v -0.0229645 -0.0310658 0.0858551
v -0.0255672 -0.0311038 0.0957134
v -0.0224188 -0.0314625 0.0837019
v -0.0234113 -0.0309485 0.0874613
v -0.0246885 -0.0309532 0.0926321
v -0.0268521 -0.0309655 0.0975902
v -0.0286612 -0.0309685 0.1006850
v -0.0447853 -0.0017747 0.1231944
v -0.0441535 -0.0096598 0.1232544
v -0.0360425 -0.0239601 0.1070605
v -0.0379943 0.0061165 0.1033246
v -0.0389803 0.0139760 0.1063413
v -0.0376668 0.0213660 0.1064704
v -0.0362989 0.0280893 0.1075617
v -0.0399694 0.0061124 0.1068527
v -0.0393297 -0.0029311 0.1056389
v -0.0389809 -0.0098174 0.1062723
v -0.0377188 -0.0178082 0.1067908
v -0.0397450 -0.0205866 0.1127043
v -0.0412027 -0.0239758 0.1235348
v -0.0428825 -0.0173337 0.1233752
v -0.0447628 0.0061124 0.1231965
v -0.0441245 0.0138265 0.1232572
v -0.0428857 0.0213250 0.1233749
v -0.0412757 -0.0206058 0.1178043
v -0.0432662 -0.0096598 0.1176944
v -0.0438853 -0.0017747 0.1175548
v -0.0438633 0.0061124 0.1175598
v -0.0432378 0.0138265 0.1177008
v -0.0414027 0.0246534 0.1184086
v -0.0416817 -0.0096598 0.1122916
v -0.0422781 -0.0017747 0.1120747
v -0.0422568 0.0061124 0.1120824
v -0.0416543 0.0138265 0.1123015
v -0.0399392 0.0246736 0.1132934
v -0.0191338 0.0359566 0.0801842
v -0.0202777 0.0353487 0.0828061
v -0.0223338 0.0346234 0.0877671
v -0.0216451 0.0348926 0.0863792
v -0.0229397 0.0348679 0.0900085
v -0.0242721 0.0348056 0.0929676
v -0.0263012 0.0348468 0.0968448
v -0.0279836 0.0352402 0.1004634
v -0.0211705 0.0353059 0.0865901
v -0.0197919 0.0355916 0.0829970
v -0.0189914 0.0360107 0.0813457
v -0.0282217 0.0351034 0.1003001
v -0.0231166 0.0352008 0.0915642
v -0.0210512 0.0349638 0.0845286
v -0.0164465 0.0363497 0.0566525
v -0.0170780 0.0362545 0.0688210
v -0.0171532 0.0372267 0.0775333
v -0.0156321 0.0372613 0.0691928
v -0.0144859 0.0373611 0.0598002
v -0.0000102 0.0400483 0.0592179
v -0.0100245 0.0390556 0.0651722
v -0.0182127 0.0348183 0.0141518
v -0.0240065 0.0315705 0.0203108
v -0.0391527 0.0018704 0.0128908
v -0.0281836 0.0278933 0.0200140
v -0.0318437 0.0236300 0.0201238
v -0.0348541 0.0189117 0.0201211
v -0.0371657 0.0138259 0.0200961
v -0.0387351 0.0084792 0.0200336
v -0.0399930 0.0022965 0.0332427
v -0.0374140 0.0139726 0.0442919
v -0.0353170 0.0185993 0.0445159
v -0.0322603 0.0235229 0.0438030
v -0.0292646 0.0271528 0.0460251
v -0.0243028 0.0317706 0.0384460
v -0.0390553 -0.0030101 0.0130475
v -0.0387364 -0.0082908 0.0192391
v -0.0278854 -0.0275659 0.0126093
v -0.0324219 -0.0219816 0.0130475
v -0.0397932 -0.0019984 0.0252024
v -0.0374238 -0.0129424 0.0187695
v -0.0356024 -0.0173972 0.0195457
v -0.0329907 -0.0226475 0.0316294
v -0.0261469 -0.0300801 0.0265646
v -0.0297852 -0.0266991 0.0310210
v -0.0378712 -0.0127141 0.0446540
v -0.0392920 -0.0076284 0.0382486
v -0.0208439 -0.0331401 0.0749346
v -0.0000031 -0.0400384 0.0456417
v -0.0035030 -0.0398720 0.0719186
v -0.0162677 -0.0366339 0.0760625
v -0.0174624 -0.0356812 0.0701563
v -0.0217861 -0.0326401 0.0634009
v -0.0197287 -0.0347714 0.0470724
v -0.0159889 -0.0365397 0.0557751
v -0.0194102 -0.0346119 0.0585977
v -0.0123087 -0.0380387 0.0536015
v -0.0234790 -0.0322635 0.0474058
v -0.0301192 0.0256049 0.0503761
v -0.0330112 0.0216916 0.0496854
v -0.0328863 0.0218185 0.0500856
v -0.0323368 0.0225199 0.0507800
v -0.0316595 0.0234343 0.0511451
v -0.0307621 0.0246854 0.0508981
v -0.0309968 0.0243588 0.0511046
v -0.0327742 0.0218454 0.0496230
v -0.0323964 0.0223263 0.0502961
v -0.0330884 0.0216371 0.0487978
v -0.0332758 0.0214450 0.0488341
v -0.0301516 0.0254107 0.0502594
v -0.0297987 0.0261643 0.0489231
v -0.0299105 0.0258338 0.0496772
v -0.0302757 0.0253614 0.0504788
v -0.0300751 0.0258316 0.0478725
v -0.0308395 0.0248417 0.0469198
v -0.0315314 0.0239134 0.0466647
v -0.0332172 0.0217108 0.0477808
v -0.0305215 0.0255009 0.0471315
v -0.0318431 0.0239012 0.0463437
v -0.0324063 0.0231012 0.0465021
v -0.0308091 0.0247380 0.0469212
v -0.0311076 0.0246609 0.0467580
v -0.0316354 0.0239517 0.0466116
v -0.0305244 0.0253256 0.0472057
v -0.0304952 0.0252699 0.0472267
v -0.0300427 0.0257252 0.0478728
v -0.0313950 0.0244583 0.0465153
v -0.0300199 0.0260099 0.0479592
v -0.0302970 0.0256776 0.0474706
v -0.0329848 0.0218299 0.0479250
v -0.0328763 0.0223619 0.0469352
v -0.0321586 0.0230580 0.0467892
v -0.0322487 0.0230938 0.0467293
v -0.0323306 0.0231147 0.0466376
v -0.0311741 0.0247692 0.0465018
v -0.0298069 0.0259095 0.0485477
v -0.0299824 -0.0255563 0.0477665
v -0.0298855 -0.0260474 0.0488217
v -0.0321078 -0.0235383 0.0464431
v -0.0316429 -0.0240397 0.0465765
v -0.0313979 -0.0245330 0.0464351
v -0.0333432 -0.0214403 0.0487518
v -0.0331449 -0.0219419 0.0473679
v -0.0319705 -0.0237710 0.0463397
v -0.0325987 -0.0228645 0.0465735
v -0.0304936 -0.0256030 0.0471109
v -0.0299078 -0.0261982 0.0482401
v -0.0301073 -0.0259961 0.0478074
v -0.0327114 -0.0223739 0.0471772
v -0.0330492 -0.0218424 0.0478727
v -0.0331545 -0.0216254 0.0487936
v -0.0306216 -0.0253816 0.0471184
v -0.0298416 -0.0262189 0.0487858
v -0.0297598 -0.0258286 0.0485482
v -0.0299395 -0.0258980 0.0483214
v -0.0301452 -0.0256033 0.0477014
v -0.0301180 -0.0258305 0.0478838
v -0.0305558 -0.0253701 0.0471958
v -0.0316117 -0.0237966 0.0466775
v -0.0306984 -0.0248469 0.0470023
v -0.0307923 -0.0249372 0.0469662
v -0.0315472 -0.0240107 0.0466500
v -0.0310418 -0.0248655 0.0467673
v -0.0331430 -0.0215965 0.0496892
v -0.0328280 -0.0219635 0.0501541
v -0.0327700 -0.0216385 0.0525284
v -0.0298342 -0.0261641 0.0493931
v -0.0303592 -0.0253738 0.0505518
v -0.0310086 -0.0244617 0.0510486
v -0.0320954 -0.0229569 0.0509331
v -0.0319658 -0.0231316 0.0510790
v -0.0306678 -0.0244365 0.0506956
v -0.0303947 -0.0247838 0.0505322
v -0.0301449 -0.0251045 0.0502992
v -0.0309729 -0.0241791 0.0508403
v -0.0302318 -0.0250938 0.0504012
v -0.0300131 -0.0254396 0.0500393
v -0.0301217 -0.0254469 0.0501277
v -0.0308105 -0.0245604 0.0507719
v -0.0298552 -0.0257943 0.0494571
v -0.0297779 -0.0258548 0.0490285
v -0.0296793 -0.0257015 0.0494134
v -0.0302502 -0.0254249 0.0503045
v -0.0308405 -0.0246017 0.0508258
v -0.0314266 -0.0237636 0.0509294
v -0.0299494 -0.0257686 0.0496531
v -0.0299162 -0.0258968 0.0495762
v -0.0299348 -0.0259823 0.0496409
v -0.0328330 -0.0218484 0.0496187
v -0.0311588 -0.0238480 0.0508317
v -0.0319861 -0.0230259 0.0508189
v -0.0319123 -0.0230084 0.0507330
v -0.0318312 -0.0229755 0.0506755
v -0.0316528 -0.0162703 0.0963702
v -0.0303711 -0.0258229 0.0461989
v -0.0202319 0.0345211 0.0452621
v -0.0213740 0.0337036 0.0818187
v -0.0268900 -0.0292897 0.0499757
v -0.0250450 -0.0292434 0.0650809
v -0.0242203 -0.0287189 0.0788427
v -0.0284212 -0.0240283 0.0940289
v -0.0298213 -0.0167272 0.0910135
v -0.0304637 0.0287934 0.0990770
v -0.0263610 0.0299967 0.0919613
v -0.0285484 0.0287791 0.0957224
v -0.0207969 0.0333480 0.0745674
v -0.0202197 0.0337894 0.0645494
v -0.0399100 -0.0016310 0.0441454
v -0.0395728 0.0039630 0.0457743
v -0.0389749 0.0086992 0.0443677
v -0.0392112 -0.0066745 0.0458634
v -0.0332577 -0.0219438 0.0462572
v -0.0359492 -0.0174370 0.0445523
v -0.0339338 0.0188235 0.0542409
v -0.0312600 0.0233104 0.0543170
v -0.0280433 0.0274087 0.0544434
v -0.0295520 -0.0256518 0.0550740
v -0.0290574 -0.0213230 0.0724172
v -0.0267756 -0.0253697 0.0729811
v -0.0313367 0.0150433 0.0730265
v -0.0375044 0.0084648 0.0546981
v -0.0333377 0.0047525 0.0732280
v -0.0334010 -0.0020683 0.0736659
v -0.0378734 -0.0063865 0.0550223
v -0.0330261 -0.0067358 0.0734530
v -0.0321504 -0.0122646 0.0730112
v -0.0349200 -0.0162925 0.0557483
v -0.0308126 -0.0162134 0.0739137
v -0.0357484 0.0147258 0.0541903
v -0.0382955 0.0037995 0.0542519
v -0.0384465 -0.0014515 0.0543193
v -0.0367606 -0.0117970 0.0545355
v -0.0334691 0.0016528 0.0959369
v -0.0330234 0.0108754 0.0960482
v -0.0307128 0.0116063 0.0867689
v -0.0312453 0.0202046 0.0958068
v -0.0246591 0.0291770 0.0836478
v -0.0264326 0.0270955 0.0876688
v -0.0288227 0.0229959 0.0911969
v -0.0250558 0.0309993 0.0477846
v -0.0237850 0.0296435 0.0760842
v -0.0264120 0.0253235 0.0813281
v -0.0284712 0.0206092 0.0854895
v -0.0307885 0.0131855 0.0896754
v -0.0305359 0.0158626 0.0908816
v -0.0316354 0.0047570 0.0824309
v -0.0306954 0.0119114 0.0825208
v -0.0296800 0.0165961 0.0808002
v -0.0283813 0.0215914 0.0756233
v -0.0269555 0.0253369 0.0715155
v -0.0255471 0.0287102 0.0644181
v -0.0306828 -0.0246637 0.0991906
v -0.0338591 -0.0069586 0.0974911
v -0.0324350 -0.0069212 0.0942877
v -0.0313712 -0.0071725 0.0902231
v -0.0318784 0.0022613 0.0905465
v -0.0241185 -0.0301758 0.0878740
v -0.0260501 -0.0261964 0.0870278
v -0.0295304 -0.0157037 0.0852300
v -0.0311360 -0.0065902 0.0846007
v -0.0264668 -0.0246848 0.0840350
v -0.0281913 -0.0204164 0.0835737
v -0.0306336 -0.0114374 0.0828932
v -0.0314953 0.0018420 0.0853977
v -0.0020001 -0.0220979 0.1623717
v -0.0211638 -0.0227330 0.1628783
v -0.0225330 -0.0219547 0.1623009
v -0.0245960 -0.0214274 0.1612390
v -0.0012001 0.0373839 0.0497574
v -0.0012068 0.0375510 0.0497550
v -0.0012001 0.0373836 0.0487426
v -0.0012034 0.0375855 0.0487413
v -0.0011243 -0.0367048 0.0008644
v -0.0000001 -0.0367500 0.0024043
v -0.0000020 -0.0368094 0.0007864
v -0.0011001 -0.0380115 0.0181522
v -0.0103439 -0.0361971 0.0008588
v -0.0000001 -0.0379221 0.0160718
v -0.0012000 -0.0367554 0.0669636
v -0.0012037 -0.0375488 0.0679492
v -0.0012074 -0.0375059 0.0669278
v -0.0012001 -0.0385686 0.0731686
v -0.0225497 0.0230868 0.0477714
v -0.0225500 0.0226500 0.0487500
v -0.0245497 0.0226526 0.0492823
v -0.0245500 0.0227671 0.0481825
v -0.0225496 0.0247286 0.0480868
v -0.0225499 0.0245881 0.0495075
v -0.0245497 0.0242823 0.0498474
v -0.0245499 0.0248896 0.0485055
v -0.0225497 -0.0242659 0.0498136
v -0.0225499 -0.0229119 0.0495075
v -0.0245499 -0.0235055 0.0498896
v -0.0245499 -0.0226408 0.0491080
v -0.0225499 -0.0226749 0.0484030
v -0.0225499 -0.0235130 0.0476454
v -0.0245497 -0.0242823 0.0476526
v -0.0245499 -0.0228853 0.0479684
v -0.0225499 -0.0226749 0.0484030
v -0.0225499 -0.0229119 0.0495075
v -0.0245499 -0.0228853 0.0479684
v -0.0245499 -0.0226408 0.0491080
v -0.0201190 -0.0311475 0.1036296
v -0.0200925 -0.0295723 0.1036263
v -0.0012194 -0.0295170 0.0939651
v -0.0183303 -0.0294394 0.0942461
v -0.0199159 -0.0295838 0.0955329
v -0.0190102 -0.0294889 0.0945064
v -0.0199800 -0.0311477 0.0958826
v -0.0193788 -0.0311485 0.0946985
v -0.0180176 -0.0311478 0.0942327
v -0.0015597 -0.0311482 0.0940559
v -0.0012194 -0.0295170 0.0939651
v -0.0012001 -0.0297153 0.0939258
v -0.0000735 -0.0297443 0.0928751
v -0.0003999 -0.0311486 0.0933412
v -0.0015597 -0.0311482 0.0940559
v 0.0000051 -0.0311185 0.0919978
v -0.0201553 -0.0237500 0.1630951
v -0.0211638 -0.0227330 0.1628783
v -0.0204592 -0.0234231 0.1630776
v -0.0205417 -0.0233338 0.1630641
v -0.0209774 -0.0229116 0.1629506
v -0.0201108 -0.0249615 0.1627865
v -0.0200915 -0.0245284 0.1630748
v -0.0200748 -0.0246929 0.1629623
v -0.0202444 -0.0251644 0.1626873
v -0.0205314 -0.0254835 0.1623740
v -0.0200915 -0.0245284 0.1630748
v -0.0202873 -0.0251558 0.1627628
v -0.0202444 -0.0251644 0.1626873
v -0.0211786 -0.0258706 0.1620880
v -0.0221424 -0.0261081 0.1611399
v -0.0229259 -0.0261412 0.1607353
v -0.0220171 -0.0260591 0.1612989
v -0.0217132 -0.0260115 0.1616146
v -0.0219923 0.0246982 0.1629066
v -0.0222016 0.0243823 0.1630412
v -0.0223728 0.0250331 0.1627742
v -0.0222565 0.0249452 0.1627847
v -0.0222584 0.0243924 0.1630770
v -0.0222939 0.0241139 0.1631592
v -0.0227600 0.0255716 0.1622661
v -0.0219923 0.0246982 0.1629066
v -0.0223728 0.0250331 0.1627742
v -0.0222565 0.0249452 0.1627847
v -0.0223688 0.0334751 0.1123290
v -0.0225510 0.0333604 0.1126023
v -0.0226699 0.0331751 0.1127844
v -0.0226995 0.0330267 0.1128302
v -0.0227000 0.0330043 0.1128310
v -0.0012001 0.0338428 0.1544233
v -0.0012001 0.0327533 0.1544233
v -0.0227000 0.0323802 0.1128310
v -0.0000001 0.0338742 0.1544500
v -0.0165870 0.0335533 0.1061456
v -0.0214124 0.0335427 0.1109426
v -0.0116916 0.0335961 0.1031126
v -0.0062645 0.0336434 0.1011868
v -0.0012042 0.0336876 0.1003687
v -0.0070310 0.0326513 0.1536511
v -0.0141312 0.0325271 0.1504934
v -0.0198487 0.0324288 0.1458928
v -0.0235715 0.0323627 0.1407341
v -0.0240058 0.0323553 0.1403948
v -0.0337915 0.0321851 0.1398076
v -0.0245471 0.0323458 0.1401646
v -0.0368923 0.0321310 0.1245180
v -0.0350908 0.0321619 0.1387413
v -0.0358640 0.0321480 0.1367832
v -0.0369936 0.0321293 0.1292444
v -0.0363776 0.0321406 0.1205313
v -0.0350758 0.0321641 0.1160789
v -0.0334691 0.0321916 0.1149939
v -0.0243617 0.0323507 0.1146894
v -0.0237220 0.0323620 0.1143043
v -0.0232899 0.0323696 0.1137903
v -0.0012001 0.0338167 0.1003521
v -0.0000001 0.0352746 0.1544500
v -0.0059982 0.0352745 0.1538901
v -0.0118194 0.0352749 0.1517390
v -0.0153764 0.0352744 0.1496682
v -0.0182947 0.0352748 0.1473144
v -0.0205046 0.0352746 0.1450160
v -0.0005504 0.0338396 0.0999504
v -0.0018622 0.0352829 0.1005143
v -0.0010059 0.0352830 0.1002746
v -0.0000544 0.0338636 0.0990068
v -0.0000001 0.0352851 0.0985190
v -0.0226886 0.0352769 0.1128435
v -0.0189262 0.0352810 0.1081592
v -0.0126044 0.0352799 0.1034519
v -0.0063559 0.0352789 0.1011712
v -0.0245406 0.0352763 0.1147339
v -0.0237901 0.0352764 0.1143709
v -0.0333057 0.0352761 0.1149947
v -0.0339140 0.0352763 0.1151986
v -0.0346743 0.0352764 0.1156947
v -0.0352061 0.0352761 0.1163666
v -0.0359289 0.0352757 0.1183526
v -0.0359073 0.0352739 0.1368058
v -0.0370871 0.0352750 0.1274729
v -0.0331228 0.0352749 0.1399509
v -0.0346614 0.0352748 0.1392732
v -0.0237285 0.0352738 0.1405746
v -0.0245393 0.0352747 0.1401780
v -0.0001928 0.0352841 0.0994249
v 0.0000000 -0.0297075 0.1649749
v 0.0000003 -0.0293023 0.1655446
v -0.0000018 -0.0311157 0.1660177
v -0.0000002 -0.0307881 0.1664379
v -0.0000001 -0.0024307 0.1710044
v -0.0000001 0.0072949 0.1709597
v -0.0000001 0.0167366 0.1699523
v 0.0000009 0.0049773 0.1725731
v -0.0000001 0.0142583 0.1717225
v -0.0000043 -0.0088018 0.1719674
v -0.0011001 0.0380445 0.0196932
v -0.0011393 0.0367021 0.0008723
v -0.0000001 0.0367232 0.0008233
v 0.0000022 0.0380242 0.0175385
v -0.0245497 0.0242823 0.0498474
v -0.0245497 0.0226526 0.0492823
v -0.0245500 0.0227671 0.0481825
v -0.0245497 0.0238378 0.0475335
v -0.0245499 0.0248896 0.0485055
v -0.0245500 0.0254821 0.0497500
v -0.0245499 0.0244583 0.0506741
v -0.0245500 0.0227500 0.0504821
v -0.0245500 0.0220179 0.0497500
v -0.0245501 0.0217632 0.0482035
v -0.0245497 0.0232628 0.0467361
v -0.0245499 0.0252544 0.0473545
v -0.0245500 0.0257500 0.0487500
v -0.0245499 -0.0235055 0.0498896
v -0.0245497 -0.0248474 0.0492823
v -0.0245497 -0.0242823 0.0476526
v -0.0245499 -0.0228853 0.0479684
v -0.0245499 -0.0226408 0.0491080
v -0.0245497 -0.0223740 0.0503060
v -0.0245500 -0.0237500 0.0507500
v -0.0245501 -0.0252159 0.0501865
v -0.0245507 -0.0257183 0.0482701
v -0.0245498 -0.0244529 0.0468205
v -0.0245509 -0.0223611 0.0472824
v -0.0245500 -0.0217500 0.0487500
v -0.0245500 0.0254821 0.0497500
v -0.0245499 0.0244583 0.0506741
v -0.0245500 0.0227500 0.0504821
v -0.0245499 0.0252544 0.0473545
v -0.0245500 0.0257500 0.0487500
v -0.0299542 0.0255525 0.0477419
v -0.0315772 0.0228936 0.0506620
v -0.0300059 0.0250708 0.0503147
v -0.0309031 0.0238305 0.0508082
v -0.0296335 0.0255148 0.0497984
v -0.0295140 0.0258135 0.0486676
v -0.0311693 0.0236963 0.0508177
v -0.0316485 0.0231540 0.0507579
v -0.0323964 0.0223263 0.0502961
v -0.0308755 0.0240666 0.0507909
v -0.0303676 0.0246494 0.0506012
v -0.0299436 0.0252673 0.0501528
v -0.0307943 0.0243230 0.0508188
v -0.0306295 0.0244560 0.0507023
v -0.0303829 0.0248284 0.0505428
v -0.0301710 0.0251762 0.0503095
v -0.0298821 0.0255688 0.0498447
v -0.0245500 0.0227500 0.0504821
v -0.0245500 0.0220179 0.0497500
v -0.0326070 0.0217717 0.0495384
v -0.0315772 0.0228936 0.0506620
v -0.0327742 0.0218454 0.0496230
v -0.0323964 0.0223263 0.0502961
v -0.0330884 0.0216371 0.0487978
v -0.0316595 0.0234343 0.0511451
v -0.0307621 0.0246854 0.0508981
v -0.0319074 0.0230208 0.0508155
v -0.0316485 0.0231540 0.0507579
v -0.0323964 0.0223263 0.0502961
v -0.0301516 0.0254107 0.0502594
v -0.0303361 0.0251170 0.0504885
v -0.0312311 0.0239781 0.0510098
v -0.0310065 0.0241694 0.0508738
v -0.0307943 0.0243230 0.0508188
v -0.0301710 0.0251762 0.0503095
v -0.0298821 0.0255688 0.0498447
v -0.0297987 0.0261643 0.0489231
v -0.0299105 0.0258338 0.0496772
v -0.0298191 0.0259960 0.0487724
v -0.0297479 0.0259073 0.0491592
v -0.0300199 0.0260099 0.0479592
v -0.0298069 0.0259095 0.0485477
v -0.0298452 0.0258432 0.0483239
v -0.0301516 0.0254107 0.0502594
v -0.0299105 0.0258338 0.0496772
v -0.0302757 0.0253614 0.0504788
v -0.0297479 0.0259073 0.0491592
v -0.0296335 0.0255148 0.0497984
v -0.0295140 0.0258135 0.0486676
v -0.0296369 0.0258112 0.0489149
v -0.0297041 0.0257254 0.0494071
v -0.0296335 0.0255148 0.0497984
v -0.0297041 0.0257254 0.0494071
v -0.0299436 0.0252673 0.0501528
v -0.0297016 0.0256057 0.0496288
v -0.0296369 0.0258112 0.0489149
v -0.0301516 0.0254107 0.0502594
v -0.0297041 0.0257254 0.0494071
v -0.0297479 0.0259073 0.0491592
v -0.0299436 0.0252673 0.0501528
v -0.0298821 0.0255688 0.0498447
v -0.0299542 0.0255525 0.0477419
v -0.0295140 0.0258135 0.0486676
v -0.0296369 0.0258112 0.0489149
v -0.0297479 0.0259073 0.0491592
v -0.0301932 0.0254875 0.0475216
v -0.0300427 0.0257252 0.0478728
v -0.0299810 0.0256855 0.0479102
v -0.0298069 0.0259095 0.0485477
v -0.0298452 0.0258432 0.0483239
v -0.0297967 0.0257966 0.0483209
v -0.0297135 0.0257552 0.0483077
v -0.0297598 -0.0258286 0.0485482
v -0.0299395 -0.0258980 0.0483214
v -0.0297779 -0.0258548 0.0490285
v -0.0296793 -0.0257015 0.0494134
v -0.0300131 -0.0254396 0.0500393
v -0.0298394 -0.0256413 0.0496243
v -0.0297779 -0.0258548 0.0490285
v -0.0296793 -0.0257015 0.0494134
v 0.0191139 -0.0059827 0.0335709
v 0.0199143 -0.0053281 0.0332504
v 0.0198817 -0.0058172 0.0337523
v 0.0064931 0.0079162 0.0287604
v 0.0047191 0.0081901 0.0287547
v 0.0057966 0.0073299 0.0282512
v 0.0047191 0.0081901 0.0287547
v 0.0057966 0.0073299 0.0282512
v 0.0029643 0.0093880 0.0282586
v 0.0036066 0.0114372 0.0287513
v 0.0040588 0.0128392 0.0282530
v 0.0029643 0.0093880 0.0282586
v 0.0084046 0.0093567 0.0287677
v 0.0089937 0.0106192 0.0282513
v 0.0084524 0.0085011 0.0282549
v -0.0104390 -0.0020575 0.0287793
v -0.0130804 -0.0023345 0.0287749
v -0.0111393 -0.0029991 0.0282618
v -0.0130804 -0.0023345 0.0287749
v -0.0111393 -0.0029991 0.0282618
v -0.0142340 -0.0021208 0.0282633
v -0.0121964 0.0025523 0.0287703
v -0.0142678 0.0012279 0.0287532
v -0.0145009 0.0018419 0.0282552
v -0.0121964 0.0025523 0.0287703
v -0.0145009 0.0018419 0.0282552
v -0.0112456 0.0030340 0.0282582
v -0.0104834 0.0020070 0.0287514
v -0.0121964 0.0025523 0.0287703
v -0.0112456 0.0030340 0.0282582
v -0.0094685 0.0004614 0.0287452
v -0.0104390 -0.0020575 0.0287793
v -0.0088407 0.0000157 0.0282630
v -0.0104390 -0.0020575 0.0287793
v -0.0111393 -0.0029991 0.0282618
v -0.0088407 0.0000157 0.0282630
v 0.0072822 -0.0081933 0.0287502
v 0.0085315 -0.0099309 0.0287452
v 0.0087117 -0.0086749 0.0282581
v 0.0085315 -0.0099309 0.0287452
v 0.0084524 -0.0122835 0.0282549
v 0.0087117 -0.0086749 0.0282581
v 0.0126162 0.0213526 0.0335496
v 0.0121835 0.0216024 0.0407500
v 0.0121836 0.0216023 0.0335513
v -0.0121835 -0.0216024 0.0377500
v -0.0122303 -0.0216895 0.0407500
v -0.0122829 -0.0217746 0.0377500
v 0.0248000 -0.0002500 0.0407500
v 0.0249988 -0.0002500 0.0337500
v 0.0249988 -0.0002500 0.0407500
v -0.0126707 -0.0214352 0.0407500
v -0.0126165 -0.0213524 0.0377500
v -0.0128296 -0.0216042 0.0377500
v 0.0121836 0.0216023 0.0335513
v 0.0122734 0.0219010 0.0337648
v 0.0122829 0.0217746 0.0407500
v 0.0098620 0.0159091 0.0282500
v 0.0098325 0.0145304 0.0282500
v 0.0099822 0.0148008 0.0402363
v 0.0091443 0.0139338 0.0282500
v 0.0078892 0.0142031 0.0282500
v 0.0090590 0.0139110 0.0402363
v -0.0086533 0.0138156 0.0282500
v -0.0081250 0.0140729 0.0402500
v -0.0091046 0.0139232 0.0402363
v -0.0098325 0.0145304 0.0282500
v -0.0086533 0.0138156 0.0282500
v -0.0091046 0.0139232 0.0402363
v -0.0163880 0.0007536 0.0282500
v -0.0168750 0.0010825 0.0402500
v -0.0162555 0.0003090 0.0402363
v -0.0164175 -0.0006250 0.0282500
v -0.0163880 0.0007536 0.0282500
v -0.0162555 0.0003090 0.0402363
v -0.0171057 -0.0012217 0.0282500
v -0.0183608 -0.0009523 0.0282500
v -0.0171910 -0.0012445 0.0402363
v -0.0183608 -0.0009523 0.0282500
v -0.0187562 0.0002737 0.0282501
v -0.0185813 -0.0007326 0.0402044
v -0.0083557 -0.0163771 0.0282500
v -0.0096108 -0.0161078 0.0282500
v -0.0084410 -0.0163999 0.0402363
v 0.0103501 0.0097842 0.0342500
v 0.0112070 0.0099637 0.0407500
v 0.0098606 0.0094353 0.0407500
v -0.0115833 -0.0034343 0.0342500
v -0.0140258 -0.0043929 0.0407500
v -0.0121757 -0.0035363 0.0407500
v -0.0132273 -0.0096904 0.0342500
v -0.0112070 -0.0099637 0.0407500
v -0.0134699 -0.0095504 0.0407500
v 0.0001081 -0.0101843 0.0342500
v -0.0004844 -0.0102863 0.0407500
v -0.0023344 -0.0111429 0.0407500
v -0.0015360 -0.0164404 0.0342500
v 0.0004844 -0.0167137 0.0407500
v -0.0017785 -0.0163004 0.0407500
v -0.0084828 0.0059068 0.0342500
v -0.0083930 0.0071055 0.0407500
v -0.0088768 0.0051250 0.0407500
v -0.0132273 0.0038096 0.0342500
v -0.0106108 0.0036135 0.0407500
v -0.0134699 0.0039496 0.0407500
v 0.0101554 -0.0096904 0.0342500
v 0.0121757 -0.0099637 0.0407500
v 0.0099128 -0.0095504 0.0407500
v -0.0133661 -0.0341312 0.1293056
v -0.0138090 -0.0336363 0.1286945
v -0.0125768 -0.0336363 0.1283398
v -0.0116444 -0.0341312 0.1273161
v -0.0133661 -0.0341312 0.1293056
v -0.0125768 -0.0336363 0.1283398
v -0.0116444 -0.0341312 0.1273161
v -0.0122678 -0.0336363 0.1270954
v -0.0125768 -0.0336363 0.1283398
v -0.0059326 -0.0341430 0.1374559
v -0.0064410 -0.0336363 0.1378969
v -0.0055178 -0.0336363 0.1387867
v -0.0084294 -0.0341368 0.1383268
v -0.0076732 -0.0336363 0.1382515
v -0.0080000 -0.0336500 0.1391413
v -0.0075630 -0.0341335 0.1408175
v -0.0076399 -0.0336363 0.1400646
v -0.0067500 -0.0336500 0.1403913
v -0.0050738 -0.0341335 0.1399543
v -0.0058268 -0.0336363 0.1400312
v -0.0055178 -0.0336363 0.1387867
v -0.0059326 -0.0341430 0.1374559
v -0.0050738 -0.0341335 0.1399543
v -0.0055178 -0.0336363 0.1387867
v 0.0059370 -0.0341335 0.1408175
v 0.0058601 -0.0336363 0.1400646
v 0.0067500 -0.0336500 0.1403913
v 0.0084336 -0.0341412 0.1399579
v 0.0076732 -0.0336363 0.1400312
v 0.0080000 -0.0336500 0.1391413
v 0.0150438 -0.0341353 0.1264038
v 0.0147322 -0.0336363 0.1270954
v 0.0138090 -0.0336363 0.1262055
v 0.0150438 -0.0341353 0.1264038
v 0.0124563 -0.0341312 0.1259099
v 0.0138090 -0.0336363 0.1262055
v 0.0117944 -0.0341452 0.1280006
v 0.0124563 -0.0341312 0.1259099
v 0.0122555 -0.0336363 0.1271410
v 0.0082922 -0.0341335 0.1147135
v 0.0079822 -0.0336363 0.1154040
v 0.0070590 -0.0336363 0.1145142
v 0.0057049 -0.0341335 0.1142165
v 0.0082922 -0.0341335 0.1147135
v 0.0070590 -0.0336363 0.1145142
v 0.0052078 -0.0341335 0.1168038
v 0.0057049 -0.0341335 0.1142165
v 0.0055055 -0.0336363 0.1154496
v 0.0052078 -0.0341335 0.1168038
v 0.0055055 -0.0336363 0.1154496
v 0.0058602 -0.0336363 0.1166819
v 0.0077937 -0.0341312 0.1172987
v 0.0071046 -0.0336363 0.1169909
v 0.0078325 -0.0336500 0.1163837
v -0.0048944 -0.0341312 0.1156248
v -0.0068840 -0.0341335 0.1139005
v -0.0058602 -0.0336363 0.1148354
v -0.0086101 -0.0341353 0.1158928
v -0.0068840 -0.0341335 0.1139005
v -0.0076732 -0.0336363 0.1148688
v 0.0128750 -0.0336500 0.1263675
v 0.0122555 -0.0336363 0.1271410
v 0.0123880 -0.0281500 0.1266963
v 0.0124175 -0.0336500 0.1280750
v 0.0131910 -0.0336363 0.1286945
v 0.0127464 -0.0281500 0.1285620
v 0.0061250 -0.0336500 0.1146761
v 0.0055055 -0.0336363 0.1154496
v 0.0056380 -0.0281500 0.1150050
v -0.0058602 -0.0336363 0.1148354
v -0.0055000 -0.0336500 0.1157587
v -0.0055413 -0.0281500 0.1151724
v -0.0067500 -0.0336500 0.1145087
v -0.0076732 -0.0336363 0.1148688
v -0.0073362 -0.0281500 0.1145500
v -0.0080000 -0.0336500 0.1157587
v -0.0076398 -0.0336363 0.1166819
v -0.0079587 -0.0281500 0.1163449
v -0.0072655 -0.0340229 0.1171815
v -0.0058268 -0.0336363 0.1166485
v -0.0061638 -0.0281500 0.1169674
v 0.0231893 0.0243137 0.1598052
v 0.0236479 0.0237500 0.1596500
v 0.0233907 0.0241310 0.1597181
v 0.0217562 0.0248426 0.1606199
v 0.0216565 0.0227968 0.1612990
v 0.0224372 0.0247070 0.1602067
v 0.0224372 0.0247070 0.1602067
v 0.0224861 0.0226507 0.1607955
v 0.0227708 0.0245721 0.1600190
v 0.0231893 0.0243137 0.1598052
v 0.0227708 0.0245721 0.1600190
v 0.0225473 0.0226499 0.1607544
v 0.0208495 0.0231833 0.1616930
v 0.0207644 0.0247074 0.1612917
v 0.0203800 0.0244409 0.1616060
v 0.0217145 -0.0237500 0.1596500
v 0.0215584 -0.0239725 0.1596725
v 0.0218173 -0.0234286 0.1596983
v 0.0202579 0.0239003 0.1618398
v 0.0003999 0.0237500 0.1618500
v 0.0003999 0.0243000 0.1617026
v 0.0003999 0.0243000 0.1617026
v 0.0001312 0.0252771 0.1604719
v 0.0001031 0.0240509 0.1621526
v 0.0003999 0.0226500 0.1607500
v 0.0003999 0.0227974 0.1602000
v 0.0001312 0.0222229 0.1610281
v 0.0003999 0.0232000 0.1597974
v 0.0001312 0.0222229 0.1610281
v 0.0001031 0.0234489 0.1593475
v 0.0003999 -0.0227974 0.1602000
v 0.0001312 -0.0240281 0.1592229
v 0.0001031 -0.0223474 0.1604490
v 0.0003999 -0.0247026 0.1613000
v 0.0001312 -0.0234719 0.1622771
v 0.0001031 -0.0251526 0.1610510
v 0.0225500 -0.0263500 0.0493628
v 0.0225500 -0.0262663 0.0502947
v 0.0225638 -0.0238243 0.0519340
v 0.0010878 0.0325921 0.0527478
v 0.0023022 0.0314371 0.0527439
v 0.0013467 0.0319743 0.0537522
v 0.0017765 0.0269117 0.0482480
v 0.0029826 0.0265208 0.0482396
v 0.0018568 0.0267126 0.0492582
v 0.0225095 0.0265127 0.0494319
v 0.0225500 0.0263500 0.0481372
v 0.0018568 0.0267126 0.0492582
v 0.0225497 0.0248136 0.0482341
v 0.0225499 0.0235129 0.0476455
v 0.0245497 0.0242823 0.0476526
v 0.0225497 0.0248136 0.0482341
v 0.0245497 0.0242823 0.0476526
v 0.0245499 0.0248896 0.0489945
v 0.0012112 -0.0321692 0.0537528
v 0.0010956 -0.0327230 0.0527534
v 0.0020809 -0.0314447 0.0527434
v 0.0009948 -0.0305183 0.0674500
v 0.0009948 -0.0305656 0.0669684
v 0.0218446 -0.0304775 0.0668592
v 0.0009948 -0.0305183 0.0674500
v 0.0009948 -0.0305656 0.0679316
v 0.0219317 -0.0304135 0.0676076
v 0.0334736 -0.0169047 0.0493453
v 0.0238467 -0.0170823 0.0492606
v 0.0314201 -0.0204728 0.0493274
v 0.0227070 -0.0205562 0.0492518
v 0.0314201 -0.0204728 0.0493274
v 0.0309232 -0.0211720 0.0509714
v 0.0010878 0.0325921 0.0527478
v 0.0009982 0.0374909 0.0532500
v 0.0070985 0.0369279 0.0527182
v 0.0010956 -0.0327230 0.0527534
v 0.0020809 -0.0314447 0.0527434
v 0.0010047 -0.0375135 0.0527500
v 0.0410553 0.0161152 0.1339607
v 0.0392166 0.0161098 0.1368611
v 0.0405353 0.0161134 0.1293002
v 0.0405353 0.0161134 0.1293002
v 0.0414865 0.0161170 0.1254322
v 0.0396033 0.0161086 0.1175593
v 0.0025999 -0.0242500 0.1660455
v 0.0026001 -0.0242408 0.1629743
v 0.0084724 -0.0242706 0.1652401
v 0.0272887 0.0257249 0.0514706
v 0.0270893 0.0259406 0.0721828
v 0.0254401 0.0275509 0.0721536
v -0.0010937 -0.0013931 0.1700050
v -0.0010980 -0.0118641 0.1690306
v 0.0018415 -0.0079940 0.1694553
v 0.0284170 0.0369880 0.1259879
v 0.0282365 0.0371128 0.1263966
v 0.0283911 0.0369989 0.1261578
v 0.0082420 0.0160015 0.1551903
v 0.0087484 0.0149977 0.1547905
v 0.0080554 0.0150000 0.1558293
v 0.0405699 0.0161173 0.1175511
v 0.0382878 0.0256015 0.1175299
v 0.0287948 0.0322743 0.1174500
v 0.0422204 0.0010195 0.1294491
v 0.0423136 0.0006015 0.1254416
v 0.0425166 0.0006852 0.1294491
v 0.0268449 0.0263500 0.0806147
v 0.0229321 0.0298578 0.0806422
v 0.0240946 0.0288724 0.0804388
v 0.0025999 -0.0242500 0.1660455
v 0.0084724 -0.0242706 0.1652401
v 0.0018664 -0.0286076 0.1646286
v -0.0010980 -0.0118641 0.1690306
v 0.0007125 -0.0197115 0.1674249
v 0.0018709 -0.0146608 0.1684903
v 0.0410553 0.0161152 0.1339607
v 0.0388633 0.0250183 0.1353829
v 0.0378693 0.0223606 0.1411952
v 0.0175481 0.0160328 0.1651601
v 0.0250243 0.0160614 0.1606092
v 0.0209537 0.0216293 0.1620574
v 0.0025992 0.0232367 0.1674522
v 0.0080130 0.0160010 0.1682144
v 0.0083727 0.0232240 0.1667024
v 0.0080338 0.0149978 0.1683639
v 0.0085268 0.0076207 0.1689723
v 0.0161386 0.0149721 0.1659049
v 0.0179805 0.0252012 0.1627003
v 0.0204996 0.0262890 0.1609741
v 0.0185083 0.0324460 0.1598843
v 0.0026180 0.0242493 0.1672406
v 0.0025992 0.0232367 0.1674522
v 0.0015516 0.0327353 0.1646654
v 0.0000000 0.0370082 0.0985114
v 0.0060061 0.0369674 0.0991390
v 0.0031238 0.0371333 0.0987125
v 0.0180015 0.0369852 0.1047979
v 0.0124227 0.0371481 0.1013115
v 0.0149594 0.0371333 0.1027153
v 0.0283802 0.0371395 0.1259747
v 0.0283623 0.0372144 0.1254519
v 0.0277568 0.0369631 0.1211822
v 0.0353213 0.0321516 0.1398745
v 0.0372564 0.0321209 0.1315136
v 0.0253562 0.0323322 0.1367266
v 0.0373868 0.0321233 0.1252192
v 0.0372564 0.0321209 0.1315136
v 0.0268530 0.0323070 0.1302625
v 0.0405529 0.0148839 0.1257350
v 0.0407230 0.0148861 0.1363992
v 0.0416166 0.0148821 0.1298708
v 0.0141512 0.0149785 0.1523036
v 0.0161386 0.0149721 0.1659049
v 0.0246493 0.0149416 0.1611222
v 0.0080554 0.0150000 0.1558293
v 0.0080338 0.0149978 0.1683639
v 0.0161386 0.0149721 0.1659049
v 0.0334489 -0.0215966 0.0484951
v 0.0332268 -0.0216507 0.0492035
v 0.0333006 -0.0219420 0.0500167
v 0.0314269 -0.0247221 0.0509617
v 0.0310723 -0.0251380 0.0507005
v 0.0308734 -0.0254209 0.0505393
v 0.0303779 -0.0258650 0.0496726
v 0.0310723 -0.0251380 0.0507005
v 0.0306748 -0.0255032 0.0502302
v 0.0303779 -0.0258650 0.0496726
v 0.0302684 -0.0259271 0.0494253
v 0.0306748 -0.0255032 0.0502302
v 0.0302057 -0.0260989 0.0486939
v 0.0303779 -0.0258650 0.0496726
v 0.0302684 -0.0259271 0.0494253
v 0.0317266 -0.0238803 0.0508869
v 0.0322890 -0.0232666 0.0508692
v 0.0314610 -0.0243106 0.0508282
v 0.0322890 -0.0232666 0.0508692
v 0.0328741 -0.0225789 0.0506192
v 0.0320021 -0.0238492 0.0509982
v 0.0324951 -0.0228139 0.0506874
v 0.0333006 -0.0219420 0.0500167
v 0.0322890 -0.0232666 0.0508692
v 0.0303729 -0.0257517 0.0477699
v 0.0302291 -0.0258213 0.0480530
v 0.0305423 -0.0254524 0.0473857
v 0.0303729 -0.0257517 0.0477699
v 0.0308166 -0.0253728 0.0471069
v 0.0305423 -0.0254524 0.0473857
v 0.0303025 -0.0255967 0.0476868
v 0.0302291 -0.0258213 0.0480530
v 0.0305423 -0.0254524 0.0473857
v 0.0303025 -0.0255967 0.0476868
v 0.0301194 -0.0258340 0.0482898
v 0.0302291 -0.0258213 0.0480530
v 0.0300570 -0.0257288 0.0480096
v 0.0303025 -0.0255967 0.0476868
v 0.0301194 -0.0258340 0.0482898
v 0.0302057 -0.0260989 0.0486939
v 0.0303845 -0.0259742 0.0477814
v 0.0302507 -0.0260467 0.0482666
v 0.0328097 -0.0228806 0.0464769
v 0.0336180 -0.0216717 0.0476143
v 0.0333857 -0.0219368 0.0473662
v 0.0323988 -0.0230981 0.0466978
v 0.0326355 -0.0225635 0.0469609
v 0.0330649 -0.0220766 0.0473666
v 0.0310606 0.0246267 0.0506879
v 0.0311153 0.0248307 0.0506580
v 0.0310972 0.0247123 0.0506616
v 0.0306536 0.0253344 0.0502442
v 0.0303486 0.0257540 0.0496859
v 0.0307732 0.0252727 0.0503480
v 0.0306536 0.0253344 0.0502442
v 0.0302178 0.0258376 0.0493999
v 0.0303486 0.0257540 0.0496859
v 0.0311153 0.0248307 0.0506580
v 0.0313809 0.0246293 0.0508217
v 0.0307732 0.0252727 0.0503480
v 0.0299350 0.0258434 0.0487191
v 0.0300741 0.0256800 0.0495926
v 0.0300537 0.0258646 0.0489574
v 0.0302139 0.0256601 0.0496512
v 0.0302178 0.0258376 0.0493999
v 0.0300537 0.0258646 0.0489574
v 0.0331284 0.0217444 0.0478452
v 0.0335799 0.0215651 0.0487424
v 0.0332981 0.0219438 0.0474817
v 0.0301974 0.0260487 0.0487475
v 0.0301780 0.0259993 0.0485192
v 0.0303285 0.0258866 0.0479461
v 0.0309035 0.0253019 0.0469883
v 0.0306743 0.0255022 0.0472705
v 0.0303285 0.0258866 0.0479461
v 0.0310773 0.0247265 0.0468454
v 0.0316440 0.0242321 0.0465730
v 0.0306494 0.0253250 0.0472383
v 0.0321143 0.0238247 0.0463713
v 0.0328741 0.0225788 0.0468808
v 0.0324066 0.0231481 0.0466609
v 0.0324826 0.0227628 0.0468319
v 0.0332981 0.0219438 0.0474817
v 0.0324066 0.0231481 0.0466609
v -0.0010053 -0.0287007 0.0923072
v -0.0006174 -0.0288522 0.0924989
v -0.0000067 -0.0287012 0.0923360
v 0.0361939 -0.0280030 0.1173929
v 0.0371433 -0.0279991 0.1226681
v 0.0299121 -0.0281249 0.1191325
v 0.0234276 -0.0290789 0.1054024
v 0.0241549 -0.0294283 0.1078778
v 0.0230339 -0.0292593 0.1038253
v -0.0008079 0.0337531 0.1545165
v -0.0009581 0.0335989 0.1546222
v -0.0010914 0.0334622 0.1548479
v -0.0010830 -0.0293438 0.1588418
v -0.0009581 -0.0294719 0.1586222
v -0.0007933 -0.0296303 0.1584983
v 0.0000000 -0.0367500 0.0008588
v -0.0000001 -0.0367937 0.0150399
v 0.0000001 -0.0379069 0.0150440
v 0.0385934 -0.0307544 0.1218070
v 0.0376915 -0.0306731 0.1167960
v 0.0391007 -0.0305695 0.1252729
v -0.0000008 -0.0295840 0.1650683
v 0.0000085 -0.0309211 0.1663578
v -0.0000023 -0.0295917 0.1670804
v 0.0175487 -0.0281500 0.1314554
v 0.0185000 -0.0276500 0.1274500
v 0.0180362 -0.0276500 0.1315666
v -0.0180000 -0.0281500 0.1274500
v -0.0180362 -0.0276500 0.1315666
v -0.0185000 -0.0276500 0.1274500
v -0.0175487 -0.0281500 0.1234446
v -0.0185000 -0.0276500 0.1274500
v -0.0180362 -0.0276500 0.1233334
v -0.0162174 -0.0281500 0.1196401
v -0.0180362 -0.0276500 0.1233334
v -0.0166679 -0.0276500 0.1194232
v -0.0140730 -0.0281500 0.1162272
v -0.0166679 -0.0276500 0.1194232
v -0.0144639 -0.0276500 0.1159154
v -0.0112228 -0.0281500 0.1133770
v -0.0144639 -0.0276500 0.1159154
v -0.0115346 -0.0276500 0.1129861
v -0.0078099 -0.0281500 0.1112326
v -0.0115346 -0.0276500 0.1129861
v -0.0080268 -0.0276500 0.1107821
v -0.0040054 -0.0281500 0.1099013
v -0.0080268 -0.0276500 0.1107821
v -0.0041166 -0.0276500 0.1094138
v 0.0000000 -0.0281500 0.1094500
v -0.0041166 -0.0276500 0.1094138
v 0.0000000 -0.0276500 0.1089500
v 0.0040054 -0.0281500 0.1099013
v 0.0000000 -0.0276500 0.1089500
v 0.0041166 -0.0276500 0.1094138
v 0.0078099 -0.0281500 0.1112326
v 0.0041166 -0.0276500 0.1094138
v 0.0080268 -0.0276500 0.1107821
v 0.0112228 -0.0281500 0.1133770
v 0.0080268 -0.0276500 0.1107821
v 0.0115346 -0.0276500 0.1129861
v 0.0140730 -0.0281500 0.1162272
v 0.0115346 -0.0276500 0.1129861
v 0.0144639 -0.0276500 0.1159154
v 0.0162174 -0.0281500 0.1196401
v 0.0144639 -0.0276500 0.1159154
v 0.0166679 -0.0276500 0.1194232
v 0.0175487 -0.0281500 0.1234446
v 0.0166679 -0.0276500 0.1194232
v 0.0180362 -0.0276500 0.1233334
v 0.0180000 -0.0281500 0.1274500
v 0.0185000 -0.0276500 0.1274500
v 0.0180362 -0.0276500 0.1233334
v -0.0185000 -0.0261500 0.1274500
v -0.0278873 -0.0261500 0.1299599
v -0.0278873 -0.0261500 0.1249401
v -0.0115346 -0.0261500 0.1129861
v -0.0110047 -0.0261500 0.1017032
v -0.0154251 -0.0261500 0.1040820
v 0.0080268 -0.0261500 0.1107821
v 0.0174577 -0.0261500 0.1055587
v 0.0132683 -0.0261500 0.1027933
v 0.0185000 -0.0261500 0.1274500
v 0.0275500 -0.0261500 0.1324496
v 0.0280000 -0.0261500 0.1274500
v 0.0000000 0.0283500 0.1274500
v -0.0210860 0.0283500 0.1458723
v -0.0174577 0.0283500 0.1493413
v 0.0000000 0.0283500 0.1274500
v 0.0193498 0.0283500 0.1476883
v 0.0226525 0.0283500 0.1439080
v 0.0000000 0.0283500 0.1274500
v 0.0193498 0.0283500 0.1072117
v 0.0226525 0.0283500 0.1109920
v 0.0000000 0.0283500 0.1274500
v -0.0210860 0.0283500 0.1090277
v -0.0174577 0.0283500 0.1055587
v 0.0193498 0.0283500 0.1072117
v 0.0177695 0.0278500 0.1051678
v 0.0196953 0.0278500 0.1068503
v -0.0196953 -0.0256500 0.1068503
v -0.0196953 0.0278500 0.1068503
v -0.0177695 0.0278500 0.1051678
v 0.0038256 -0.0256500 0.1556921
v -0.0012786 -0.0256500 0.1559213
v 0.0012786 0.0278500 0.1559213
v 0.0244658 -0.0256500 0.1420676
v 0.0214625 -0.0256500 0.1462013
v 0.0230570 0.0278500 0.1442019
v 0.0235014 -0.0277975 0.1266388
v 0.0234500 -0.0293500 0.1247653
v 0.0217050 -0.0293240 0.1276877
v 0.0139986 -0.0277975 0.1066106
v 0.0157871 -0.0293166 0.1055622
v 0.0134760 -0.0293439 0.1088232
v 0.0139986 -0.0277975 0.1066106
v 0.0133112 -0.0277975 0.1043008
v 0.0157871 -0.0293166 0.1055622
v 0.0133112 -0.0277975 0.1043008
v 0.0157871 -0.0293166 0.1055622
v 0.0122621 -0.0293266 0.1025016
v 0.0226541 -0.0288339 0.1048044
v 0.0221769 -0.0293498 0.1050127
v 0.0234985 -0.0291872 0.1088572
v 0.0145000 -0.0232051 0.0479706
v 0.0145000 -0.0233748 0.0495236
v 0.0222351 -0.0229687 0.0492378
v 0.0145000 -0.0232051 0.0479706
v 0.0223497 -0.0232112 0.0479407
v 0.0223284 -0.0243399 0.0480333
v 0.0145000 0.0228573 0.0489125
v 0.0220737 0.0233444 0.0494993
v 0.0223697 0.0229237 0.0482023
v 0.0145000 0.0241252 0.0495236
v 0.0220737 0.0233444 0.0494993
v 0.0220737 0.0244993 0.0491556
v -0.0247461 0.0331702 0.1248020
v -0.0226341 0.0328361 0.1152092
v -0.0221540 0.0333498 0.1154037
v 0.0225000 0.0281978 0.0965530
v -0.0225000 0.0281978 0.0965530
v -0.0225000 0.0277642 0.0959042
v -0.0275980 -0.0292537 0.1354063
v -0.0285242 -0.0288632 0.1347642
v -0.0282484 -0.0263500 0.1353555
v -0.0110482 -0.0277975 0.1049072
v -0.0108934 -0.0263500 0.1054546
v -0.0119952 -0.0263500 0.1042356
v -0.0110482 -0.0277975 0.1049072
v -0.0129539 -0.0278325 0.1042221
v -0.0119952 -0.0263500 0.1042356
v -0.0129539 -0.0278325 0.1042221
v -0.0119952 -0.0263500 0.1042356
v -0.0136019 -0.0263500 0.1045803
v -0.0235014 -0.0277975 0.1282612
v -0.0238981 -0.0263500 0.1286690
v -0.0233934 -0.0263500 0.1271053
v -0.0235014 -0.0277975 0.1282612
v -0.0238610 -0.0278325 0.1262683
v -0.0233934 -0.0263500 0.1271053
v -0.0238610 -0.0278325 0.1262683
v -0.0233934 -0.0263500 0.1271053
v -0.0244952 -0.0263500 0.1258862
v 0.0264986 -0.0277975 0.1282612
v 0.0261019 -0.0263500 0.1286690
v 0.0266066 -0.0263500 0.1271053
v 0.0235014 -0.0277975 0.1266388
v 0.0233934 -0.0263500 0.1277947
v 0.0238981 -0.0263500 0.1262310
v 0.0139986 -0.0277975 0.1066106
v 0.0136019 -0.0263500 0.1070184
v 0.0141066 -0.0263500 0.1054546
v 0.0110014 -0.0277975 0.1049881
v 0.0108934 -0.0263500 0.1061441
v 0.0113981 -0.0263500 0.1045803
v -0.0179242 -0.0263500 0.1013833
v -0.0169333 -0.0293500 0.1023742
v -0.0179982 -0.0293500 0.1000212
v -0.0179242 -0.0263500 0.1013833
v -0.0150667 -0.0263500 0.1023742
v -0.0169333 -0.0293500 0.1023742
v -0.0150667 -0.0263500 0.1023742
v -0.0169333 -0.0293500 0.1023742
v -0.0144839 -0.0293500 0.1018205
v -0.0222743 -0.0210563 0.0413841
v -0.0220000 -0.0182500 0.0407500
v -0.0131250 -0.0182500 0.0407500
v 0.0084334 -0.0167934 0.0407057
v 0.0220000 -0.0182500 0.0407500
v 0.0224163 -0.0210235 0.0414241
v 0.0073266 0.0141908 0.0407500
v -0.0070350 0.0152792 0.0407500
v -0.0082452 0.0135917 0.0407500
v 0.0160766 -0.0009647 0.0407500
v 0.0180048 -0.0015638 0.0407500
v 0.0090948 -0.0135488 0.0407500
v 0.0071862 -0.0156602 0.0407500
v -0.0065625 -0.0075777 0.0407500
v 0.0075310 -0.0140536 0.0407500
v 0.0084334 -0.0167934 0.0407057
v -0.0065625 -0.0075777 0.0407500
v -0.0076481 -0.0139364 0.0407500
v 0.0131250 0.0182500 0.0407500
v 0.0220000 0.0182500 0.0407500
v 0.0222812 0.0210864 0.0414091
v -0.0220000 0.0182500 0.0407500
v -0.0065625 0.0182500 0.0407500
v -0.0224221 0.0209377 0.0413788
v -0.0145000 -0.0228573 0.0489125
v -0.0220737 -0.0233444 0.0494993
v -0.0223697 -0.0229237 0.0482023
v -0.0145000 -0.0228573 0.0489125
v -0.0145000 -0.0241252 0.0495236
v -0.0220737 -0.0233444 0.0494993
v -0.0145000 -0.0241252 0.0495236
v -0.0220737 -0.0233444 0.0494993
v -0.0220737 -0.0244993 0.0491556
v -0.0145000 -0.0245236 0.0483748
v -0.0220737 -0.0244993 0.0491556
v -0.0223118 -0.0241864 0.0478894
v -0.0145000 -0.0235776 0.0479467
v -0.0145000 -0.0245236 0.0483748
v -0.0223118 -0.0241864 0.0478894
v -0.0145000 -0.0235776 0.0479467
v -0.0223118 -0.0241864 0.0478894
v -0.0223697 -0.0229237 0.0482023
v -0.0145000 0.0233748 0.0495236
v -0.0220366 0.0243539 0.0493951
v -0.0222351 0.0229687 0.0492378
v -0.0145000 0.0239224 0.0479467
v -0.0145000 0.0246075 0.0486881
v -0.0223284 0.0243399 0.0480333
v -0.0145000 0.0246075 0.0486881
v -0.0220366 0.0243539 0.0493951
v -0.0223284 0.0243399 0.0480333
v 0.0090948 -0.0135488 0.0407500
v 0.0079996 -0.0136083 0.0467500
v 0.0099690 -0.0140536 0.0467500
v -0.0092548 -0.0135917 0.0407500
v -0.0098519 -0.0139364 0.0467500
v -0.0077853 -0.0137320 0.0467500
v -0.0180048 0.0015638 0.0407500
v -0.0190638 0.0005048 0.0467500
v -0.0173763 0.0017150 0.0467500
v -0.0084052 0.0167621 0.0407500
v -0.0090948 0.0167621 0.0467500
v -0.0075310 0.0162573 0.0467500
v 0.0186019 0.0012190 0.0407500
v 0.0176237 0.0017150 0.0467500
v 0.0191066 0.0003448 0.0467500
v 0.0220000 0.0268358 0.0879047
v 0.0223379 0.0315717 0.0928453
v 0.0224988 0.0260699 0.0877518
v 0.0220000 -0.0182500 0.0407500
v 0.0220000 -0.0075777 0.0407500
v 0.0224163 -0.0210235 0.0414241
v 0.0220366 -0.0243539 0.0493951
v 0.0222351 -0.0229687 0.0492378
v 0.0225000 -0.0237500 0.0499500
v 0.0220737 0.0244993 0.0491556
v 0.0224967 0.0241275 0.0499196
v 0.0224887 0.0250241 0.0486581
v 0.0225000 0.0212500 0.0873189
v -0.0225000 0.0216306 0.0892323
v 0.0225000 0.0216306 0.0892323
v -0.0219374 -0.0260158 0.0464524
v -0.0225000 -0.0257500 0.0487500
v -0.0225046 -0.0244257 0.0442902
v -0.0222743 -0.0210563 0.0413841
v -0.0220000 -0.0239069 0.0430931
v -0.0225046 -0.0244257 0.0442902
v -0.0220000 0.0182500 0.0407500
v -0.0220000 0.0075777 0.0407500
v -0.0224221 0.0209377 0.0413788
v -0.0220737 -0.0233444 0.0494993
v -0.0225000 -0.0231500 0.0497892
v -0.0224972 -0.0225799 0.0491277
v -0.0220737 -0.0233444 0.0494993
v -0.0220737 -0.0244993 0.0491556
v -0.0224967 -0.0241275 0.0499196
v -0.0220737 -0.0233444 0.0494993
v -0.0223697 -0.0229237 0.0482023
v -0.0224972 -0.0225799 0.0491277
v -0.0220366 0.0243539 0.0493951
v -0.0225660 0.0253451 0.0492168
v -0.0225000 0.0237500 0.0499500
v -0.0220366 0.0243539 0.0493951
v -0.0222351 0.0229687 0.0492378
v -0.0225000 0.0237500 0.0499500
v -0.0222351 0.0229687 0.0492378
v -0.0223497 0.0232112 0.0479407
v -0.0224967 0.0225484 0.0490079
v -0.0220366 0.0243539 0.0493951
v -0.0223284 0.0243399 0.0480333
v -0.0224967 0.0249516 0.0484922
v 0.0186019 -0.0012190 0.0467500
v 0.0191066 0.0003448 0.0467500
v 0.0225000 -0.0075777 0.0467500
v -0.0173763 0.0017150 0.0467500
v -0.0131250 -0.0000000 0.0467500
v -0.0225000 0.0127902 0.0467500
v 0.0225000 -0.0216306 0.0922323
v -0.0225000 -0.0212500 0.0903189
v -0.0225000 -0.0216306 0.0922323
v -0.0225000 0.0212500 0.0873189
v -0.0225000 0.0212500 0.0487500
v -0.0224967 0.0225484 0.0490079
v -0.0225000 0.0227145 0.0908544
v -0.0225000 0.0216306 0.0892323
v -0.0225000 0.0212500 0.0873189
v -0.0222351 0.0229687 0.0492378
v -0.0225000 0.0212500 0.0873189
v -0.0225000 0.0237500 0.0499500
v -0.0225000 0.0227145 0.0908544
v -0.0225660 0.0253451 0.0492168
v -0.0225000 0.0237500 0.0499500
v -0.0223693 0.0255248 0.0459088
v -0.0225660 0.0253451 0.0492168
v -0.0224967 0.0249516 0.0484922
v 0.0014816 -0.0254403 0.1625053
v 0.0020535 -0.0258896 0.1629339
v 0.0018745 -0.0238670 0.1633224
v 0.0020852 -0.0206857 0.1617872
v 0.0014816 -0.0220597 0.1589946
v 0.0020138 -0.0198764 0.1609226
v 0.0014816 -0.0220597 0.1589946
v 0.0019795 -0.0231009 0.1580637
v 0.0020138 -0.0198764 0.1609226
v 0.0017907 0.0245625 0.1568401
v 0.0017015 0.0257508 0.1572845
v 0.0017900 0.0262870 0.1576660
v 0.0020854 0.0268141 0.1617877
v 0.0020315 0.0275316 0.1608008
v 0.0019787 0.0269262 0.1629529
v 0.0019807 0.0254664 0.1572384
v 0.0017907 0.0245625 0.1568401
v 0.0017900 0.0262870 0.1576660
v 0.0019833 0.0228407 0.1569981
v 0.0019807 0.0254664 0.1572384
v 0.0017907 0.0245625 0.1568401
v 0.0019833 0.0228407 0.1569981
v 0.0017907 0.0245625 0.1568401
v 0.0018310 0.0216441 0.1572570
v 0.0019833 0.0228407 0.1569981
v 0.0019960 0.0213306 0.1577703
v 0.0018310 0.0216441 0.1572570
v 0.0004167 0.0025209 0.1633497
v 0.0003092 0.0022187 0.1643513
v -0.0001659 0.0020348 0.1633472
v 0.0004999 -0.0060000 0.1643500
v 0.0003163 -0.0060006 0.1693366
v 0.0003535 -0.0049995 0.1694539
v 0.0019934 -0.0241954 0.1646108
v 0.0017149 -0.0252025 0.1645278
v 0.0019943 -0.0263595 0.1636924
v -0.0082477 -0.0160006 0.1550839
v -0.0080678 -0.0149997 0.1557922
v -0.0080910 -0.0149970 0.1677922
v -0.0182248 -0.0160353 0.0927430
v -0.0181515 -0.0149641 0.0928858
v -0.0181012 -0.0160354 0.1049592
v -0.0283760 -0.0149288 0.1314988
v -0.0264752 -0.0149354 0.1384302
v -0.0278936 -0.0160694 0.1340569
v -0.0264752 -0.0149354 0.1384302
v -0.0229079 -0.0149485 0.1446675
v -0.0253697 -0.0160606 0.1407996
v -0.0176800 -0.0149660 0.1500233
v -0.0229079 -0.0149485 0.1446675
v -0.0215516 -0.0160475 0.1463278
v -0.0281434 0.0149297 0.1220249
v -0.0284531 0.0160716 0.1236658
v -0.0286180 0.0149283 0.1280084
v -0.0082055 0.0160010 0.1552124
v -0.0081943 0.0149994 0.1553444
v -0.0080088 0.0149995 0.1683585
v 0.0004121 0.0325938 0.0537522
v -0.0008032 0.0314385 0.0537546
v 0.0001529 0.0319754 0.0527483
v 0.0004127 -0.0277884 0.0487478
v -0.0007963 -0.0266336 0.0487455
v 0.0001550 -0.0271714 0.0497517
v 0.0002886 -0.0321705 0.0527477
v 0.0004043 -0.0327246 0.0537473
v -0.0005298 -0.0314879 0.0537557
v 0.0002886 -0.0321705 0.0527477
v -0.0014914 -0.0313413 0.0527413
v -0.0005298 -0.0314879 0.0537557
v 0.0004165 -0.0266746 0.0807491
v 0.0000042 -0.0265468 0.0817522
v -0.0227649 -0.0263481 0.0806485
v -0.0000000 -0.0251183 0.1611917
v -0.0000000 -0.0240517 0.1621558
v -0.0020000 -0.0248432 0.1617382
v -0.0000000 -0.0248166 0.1597858
v -0.0000000 -0.0251183 0.1611917
v -0.0020000 -0.0251524 0.1602973
v -0.0000000 -0.0248166 0.1597858
v -0.0000000 -0.0234483 0.1593442
v -0.0020000 -0.0240592 0.1593091
v -0.0000000 -0.0223817 0.1603083
v -0.0000000 -0.0234483 0.1593442
v -0.0020000 -0.0226568 0.1597618
v -0.0000000 -0.0226834 0.1617141
v -0.0000000 -0.0223817 0.1603083
v -0.0020000 -0.0223476 0.1612027
v -0.0000000 -0.0240517 0.1621558
v -0.0000000 -0.0226834 0.1617141
v -0.0020000 -0.0234408 0.1621909
v -0.0000000 0.0223817 0.1611917
v -0.0000000 0.0234483 0.1621558
v -0.0020000 0.0226568 0.1617382
v -0.0000000 0.0226834 0.1597858
v -0.0000000 0.0223817 0.1611917
v -0.0020000 0.0223476 0.1602973
v -0.0000000 0.0226834 0.1597858
v -0.0000000 0.0240517 0.1593442
v -0.0020000 0.0234408 0.1593091
v -0.0000000 0.0251183 0.1603083
v -0.0000000 0.0240517 0.1593442
v -0.0020000 0.0248432 0.1597618
v -0.0000000 0.0248166 0.1617141
v -0.0000000 0.0251183 0.1603083
v -0.0020000 0.0251524 0.1612027
v -0.0000000 0.0234483 0.1621558
v -0.0000000 0.0248166 0.1617141
v -0.0020000 0.0240592 0.1621909
v -0.0111539 0.0149893 0.1537904
v -0.0081943 0.0149994 0.1553444
v -0.0080088 0.0149995 0.1683585
v -0.0181721 0.0149647 0.0927978
v -0.0181393 0.0149644 0.1050080
v -0.0221986 0.0149507 0.0909285
v 0.0017015 0.0197484 0.1607500
v 0.0017015 0.0199576 0.1594731
v -0.0249399 0.0197075 0.1598125
v 0.0017907 0.0198065 0.1613762
v 0.0017015 0.0197484 0.1607500
v -0.0236932 0.0196155 0.1607569
v 0.0017015 0.0202845 0.1587492
v 0.0017015 0.0199576 0.1594731
v -0.0261919 0.0201491 0.1586918
v 0.0017015 0.0217492 0.1572845
v -0.0274889 0.0218235 0.1570693
v -0.0274473 0.0216671 0.1571557
v 0.0017015 0.0209854 0.1578570
v -0.0274473 0.0216671 0.1571557
v -0.0271410 0.0210101 0.1576296
v 0.0017015 -0.0202845 0.1587492
v -0.0254119 -0.0205903 0.1580093
v -0.0239648 -0.0198458 0.1593849
v -0.0200011 -0.0149581 0.0917769
v -0.0181238 -0.0149645 0.1051031
v -0.0229811 -0.0149479 0.1102306
v -0.0272604 0.0160672 0.0863711
v -0.0279283 0.0160681 0.0911726
v -0.0225500 0.0160508 0.0863506
v 0.0001550 0.0271714 0.0807483
v -0.0012950 0.0265404 0.0807422
v -0.0012008 0.0335882 0.0807439
v 0.0001529 0.0319754 0.0527483
v 0.0003871 0.0371316 0.0527495
v -0.0012001 0.0373849 0.0527426
v -0.0072604 -0.0368824 0.0669186
v -0.0012000 -0.0367554 0.0669636
v -0.0012074 -0.0375059 0.0669278
v 0.0037795 -0.0365086 0.0660877
v 0.0037838 -0.0354046 0.0645521
v -0.0109626 -0.0358896 0.0649956
v 0.0004165 -0.0266746 0.0807491
v -0.0227649 -0.0263481 0.0806485
v -0.0012004 -0.0300080 0.0807409
v -0.0228949 0.0265844 0.0470060
v -0.0227459 0.0245435 0.0455781
v -0.0226876 0.0257633 0.0462558
v -0.0225405 0.0263564 0.0498512
v -0.0225683 0.0261263 0.0506713
v -0.0225500 0.0260460 0.0506064
v -0.0226176 0.0267055 0.0498512
v -0.0226369 0.0262102 0.0507392
v -0.0225683 0.0261263 0.0506713
v -0.0225579 0.0251657 0.0459799
v -0.0227459 0.0245435 0.0455781
v -0.0226876 0.0257633 0.0462558
v -0.0225279 -0.0264383 0.0498671
v -0.0226500 -0.0267995 0.0498825
v -0.0225645 -0.0253281 0.0514009
v -0.0304478 -0.0160783 0.0994825
v -0.0301875 -0.0223861 0.1019382
v -0.0271931 -0.0224033 0.0965257
v -0.0020000 0.0223476 0.1602973
v -0.0020000 0.0234408 0.1593091
v -0.0020001 0.0218014 0.1596250
v -0.0333237 0.0149114 0.1525501
v -0.0373121 0.0148981 0.1460725
v -0.0374939 0.0077061 0.1472131
v -0.0153862 0.0149746 0.1661901
v -0.0237005 0.0149453 0.1618195
v -0.0208122 0.0077061 0.1643718
v -0.0136032 0.0243154 0.1648761
v -0.0145737 0.0263553 0.1638994
v -0.0132482 0.0325394 0.1622952
v -0.0255383 0.0261145 0.1573465
v -0.0263415 0.0253643 0.1569258
v -0.0275674 0.0289891 0.1542509
v -0.0071987 -0.0242705 0.1654807
v -0.0093304 -0.0284851 0.1635222
v -0.0012018 -0.0286265 0.1646694
v -0.0272604 0.0160672 0.0863711
v -0.0225500 0.0160508 0.0863506
v -0.0254506 0.0222889 0.0863629
v -0.0222044 0.0332189 0.0947986
v -0.0012001 0.0336876 0.0964899
v -0.0011995 0.0328489 0.0935912
v 0.0002743 0.0372453 0.0497510
v 0.0003871 0.0371303 0.0487495
v -0.0012001 0.0373836 0.0487426
v -0.0225690 0.0206230 0.0484843
v -0.0225571 0.0217605 0.0510958
v -0.0225497 0.0232341 0.0498136
v -0.0225485 0.0246585 0.0516188
v -0.0225497 0.0232341 0.0498136
v -0.0225499 0.0245881 0.0495075
v -0.0225405 0.0263564 0.0498512
v -0.0225496 0.0247286 0.0480868
v -0.0225499 0.0245881 0.0495075
v -0.0243862 -0.0293903 0.1083092
v -0.0246381 -0.0292887 0.1086159
v -0.0232656 -0.0293658 0.1056449
v -0.0011001 0.0367335 0.0142839
v -0.0011001 0.0380445 0.0196932
v -0.0011393 0.0367021 0.0008723
v -0.0012034 0.0375855 0.0487413
v -0.0011337 0.0374861 0.0384459
v -0.0011340 0.0385362 0.0384453
v -0.0012001 0.0336876 0.0964899
v -0.0012042 0.0336876 0.1003687
v -0.0012001 0.0338167 0.1003521
v -0.0012125 -0.0375625 0.0487413
v -0.0011502 -0.0375321 0.0384256
v -0.0011601 -0.0385196 0.0384461
v -0.0012003 -0.0286819 0.0920099
v -0.0012194 -0.0295170 0.0939651
v -0.0012001 -0.0297153 0.0939258
v -0.0012001 -0.0373821 0.0487426
v -0.0012125 -0.0375625 0.0487413
v -0.0012001 -0.0374822 0.0497574
v -0.0011133 -0.0367872 0.0137169
v -0.0011243 -0.0367048 0.0008644
v -0.0011001 -0.0380115 0.0181522
v -0.0011502 -0.0375321 0.0384256
v -0.0011001 -0.0380115 0.0181522
v -0.0011601 -0.0385196 0.0384461
v -0.0011502 -0.0375321 0.0384256
v -0.0011001 -0.0374839 0.0384460
v -0.0011601 -0.0385196 0.0384461
v -0.0225497 0.0232341 0.0498136
v -0.0225499 0.0245881 0.0495075
v -0.0245497 0.0242823 0.0498474
v -0.0225497 0.0232341 0.0498136
v -0.0245497 0.0242823 0.0498474
v -0.0245497 0.0226526 0.0492823
v -0.0225500 0.0226500 0.0487500
v -0.0225497 0.0232341 0.0498136
v -0.0245497 0.0226526 0.0492823
v -0.0225497 0.0230868 0.0477714
v -0.0245500 0.0227671 0.0481825
v -0.0245497 0.0238378 0.0475335
v -0.0225497 0.0230868 0.0477714
v -0.0225496 0.0247286 0.0480868
v -0.0245497 0.0238378 0.0475335
v -0.0225496 0.0247286 0.0480868
v -0.0245497 0.0238378 0.0475335
v -0.0245499 0.0248896 0.0485055
v -0.0225497 -0.0242659 0.0498136
v -0.0245499 -0.0235055 0.0498896
v -0.0245497 -0.0248474 0.0492823
v -0.0225497 -0.0248136 0.0482341
v -0.0225497 -0.0242659 0.0498136
v -0.0245497 -0.0248474 0.0492823
v -0.0225497 -0.0248136 0.0482341
v -0.0245497 -0.0248474 0.0492823
v -0.0245497 -0.0242823 0.0476526
v -0.0225497 -0.0248136 0.0482341
v -0.0225499 -0.0235130 0.0476454
v -0.0245497 -0.0242823 0.0476526
v -0.0207889 -0.0233340 0.1632286
v -0.0202160 -0.0241317 0.1632228
v -0.0203277 -0.0238502 0.1631857
v -0.0203676 -0.0237569 0.1635369
v -0.0214943 -0.0226009 0.1632726
v -0.0205961 -0.0235050 0.1634165
v -0.0225330 -0.0219547 0.1623009
v -0.0235785 -0.0216548 0.1618531
v -0.0245960 -0.0214274 0.1612390
v -0.0211638 -0.0227330 0.1628783
v -0.0225330 -0.0219547 0.1623009
v -0.0209774 -0.0229116 0.1629506
v -0.0245139 -0.0258578 0.1595756
v -0.0261859 -0.0250940 0.1587434
v -0.0243478 -0.0259344 0.1598109
v -0.0261859 -0.0250940 0.1587434
v -0.0243478 -0.0259344 0.1598109
v -0.0255924 -0.0255652 0.1591561
v -0.0261859 -0.0250940 0.1587434
v -0.0255924 -0.0255652 0.1591561
v -0.0266959 -0.0248808 0.1585977
v -0.0210291 -0.0258466 0.1622970
v -0.0206881 -0.0256101 0.1625321
v -0.0215577 -0.0260643 0.1618836
v -0.0221293 -0.0262739 0.1615006
v -0.0210291 -0.0258466 0.1622970
v -0.0215577 -0.0260643 0.1618836
v -0.0202160 -0.0241317 0.1632228
v -0.0203277 -0.0238502 0.1631857
v -0.0201241 -0.0245405 0.1631331
v -0.0210121 -0.0259654 0.1623548
v -0.0205735 -0.0255585 0.1627132
v -0.0202193 -0.0250967 0.1631006
v -0.0200915 -0.0245284 0.1630748
v -0.0202873 -0.0251558 0.1627628
v -0.0202174 -0.0249845 0.1629160
v -0.0207962 -0.0257046 0.1620806
v -0.0199838 -0.0250936 0.1626661
v -0.0205314 -0.0254835 0.1623740
v -0.0221424 -0.0261081 0.1611399
v -0.0209064 -0.0257176 0.1620640
v -0.0217132 -0.0260115 0.1616146
v -0.0243478 -0.0259344 0.1598109
v -0.0255924 -0.0255652 0.1591561
v -0.0238203 -0.0261009 0.1601858
v -0.0201108 -0.0249615 0.1627865
v -0.0205314 -0.0254835 0.1623740
v -0.0202444 -0.0251644 0.1626873
v -0.0206881 -0.0256101 0.1625321
v -0.0202873 -0.0251558 0.1627628
v -0.0211786 -0.0258706 0.1620880
v -0.0206881 -0.0256101 0.1625321
v -0.0202873 -0.0251558 0.1627628
v -0.0202174 -0.0249845 0.1629160
v -0.0231248 0.0257794 0.1619628
v -0.0227600 0.0255716 0.1622661
v -0.0240804 0.0260556 0.1612991
v -0.0223728 0.0250331 0.1627742
v -0.0227372 0.0253856 0.1626180
v -0.0224238 0.0249521 0.1629183
v -0.0223728 0.0250331 0.1627742
v -0.0222939 0.0241139 0.1631592
v -0.0224238 0.0249521 0.1629183
v -0.0223728 0.0250331 0.1627742
v -0.0222584 0.0243924 0.1630770
v -0.0222939 0.0241139 0.1631592
v -0.0222016 0.0243823 0.1630412
v -0.0222939 0.0241139 0.1631592
v -0.0225282 0.0235280 0.1631444
v -0.0227600 0.0255716 0.1622661
v -0.0230734 0.0256996 0.1621093
v -0.0223728 0.0250331 0.1627742
v -0.0222939 0.0241139 0.1631592
v -0.0223255 0.0244162 0.1631558
v -0.0224834 0.0238428 0.1632648
v -0.0289759 0.0224379 0.1587432
v -0.0292169 0.0227398 0.1585416
v -0.0285468 0.0217649 0.1594061
v -0.0233015 0.0228085 0.1631766
v -0.0240417 0.0222357 0.1628515
v -0.0243680 0.0220211 0.1627329
v -0.0222939 0.0241139 0.1631592
v -0.0228469 0.0233058 0.1632840
v -0.0225282 0.0235280 0.1631444
v -0.0233015 0.0228085 0.1631766
v -0.0240417 0.0222357 0.1628515
v -0.0234868 0.0226427 0.1630432
v -0.0224961 0.0238551 0.1634099
v -0.0228469 0.0233058 0.1632840
v -0.0233014 0.0227756 0.1632477
v -0.0297822 0.0349380 0.1526109
v -0.0269219 0.0347644 0.1557266
v -0.0219869 0.0347982 0.1597426
v -0.0389961 -0.0307694 0.1287810
v -0.0387590 -0.0308229 0.1237666
v -0.0386082 -0.0306327 0.1210450
v -0.0000001 0.0385575 0.0749079
v -0.0000005 0.0399371 0.0754737
v -0.0000102 0.0400483 0.0592179
v -0.0204082 -0.0337397 0.0785378
v -0.0178319 -0.0357666 0.0770890
v -0.0162677 -0.0366339 0.0760625
v -0.0000013 -0.0298317 0.0847055
v -0.0000001 -0.0313084 0.0848046
v 0.0000051 -0.0311185 0.0919978
v -0.0000001 -0.0386000 0.0384460
v -0.0000001 -0.0399220 0.0291271
v -0.0000031 -0.0400384 0.0456417
v -0.0000048 -0.0333593 0.0779067
v -0.0000001 -0.0348626 0.0784526
v -0.0000002 -0.0397014 0.0746338
v -0.0000001 -0.0379221 0.0160718
v -0.0000001 -0.0393874 0.0159020
v -0.0000001 -0.0399220 0.0291271
v -0.0224967 -0.0311398 0.0861874
v -0.0255672 -0.0311038 0.0957134
v -0.0246885 -0.0309532 0.0926321
v -0.0103276 -0.0387589 0.0749209
v -0.0125224 -0.0381461 0.0754844
v -0.0162677 -0.0366339 0.0760625
v -0.0301192 0.0256049 0.0503761
v -0.0297987 0.0261643 0.0489231
v -0.0299105 0.0258338 0.0496772
v -0.0299105 0.0258338 0.0496772
v -0.0298191 0.0259960 0.0487724
v -0.0297479 0.0259073 0.0491592
v -0.0307943 0.0243230 0.0508188
v -0.0303829 0.0248284 0.0505428
v -0.0301710 0.0251762 0.0503095
v -0.0311693 0.0236963 0.0508177
v -0.0316485 0.0231540 0.0507579
v -0.0307943 0.0243230 0.0508188
v -0.0316595 0.0234343 0.0511451
v -0.0319074 0.0230208 0.0508155
v -0.0312311 0.0239781 0.0510098
v -0.0311292 0.0242531 0.0467449
v -0.0318881 0.0233548 0.0467175
v -0.0315314 0.0239134 0.0466647
v -0.0299542 0.0255525 0.0477419
v -0.0301932 0.0254875 0.0475216
v -0.0304357 0.0252031 0.0472437
v -0.0301932 0.0254875 0.0475216
v -0.0304952 0.0252699 0.0472267
v -0.0300427 0.0257252 0.0478728
v -0.0299542 0.0255525 0.0477419
v -0.0308395 0.0248417 0.0469198
v -0.0304357 0.0252031 0.0472437
v -0.0308395 0.0248417 0.0469198
v -0.0301932 0.0254875 0.0475216
v -0.0304357 0.0252031 0.0472437
v -0.0308395 0.0248417 0.0469198
v -0.0301932 0.0254875 0.0475216
v -0.0304952 0.0252699 0.0472267
v -0.0299542 0.0255525 0.0477419
v -0.0295140 0.0258135 0.0486676
v -0.0297135 0.0257552 0.0483077
v -0.0301932 0.0254875 0.0475216
v -0.0299810 0.0256855 0.0479102
v -0.0297967 0.0257966 0.0483209
v -0.0318881 0.0233548 0.0467175
v -0.0315314 0.0239134 0.0466647
v -0.0321586 0.0230580 0.0467892
v -0.0298855 -0.0260474 0.0488217
v -0.0299395 -0.0258980 0.0483214
v -0.0301180 -0.0258305 0.0478838
v -0.0321078 -0.0235383 0.0464431
v -0.0316429 -0.0240397 0.0465765
v -0.0310418 -0.0248655 0.0467673
v -0.0309729 -0.0241791 0.0508403
v -0.0302318 -0.0250938 0.0504012
v -0.0300131 -0.0254396 0.0500393
v -0.0302318 -0.0250938 0.0504012
v -0.0300131 -0.0254396 0.0500393
v -0.0298394 -0.0256413 0.0496243
v -0.0301217 -0.0254469 0.0501277
v -0.0298552 -0.0257943 0.0494571
v -0.0297779 -0.0258548 0.0490285
v -0.0302318 -0.0250938 0.0504012
v -0.0298394 -0.0256413 0.0496243
v -0.0296793 -0.0257015 0.0494134
v -0.0306678 -0.0244365 0.0506956
v -0.0309729 -0.0241791 0.0508403
v -0.0311588 -0.0238480 0.0508317
v -0.0296597 -0.0256617 0.0494750
v -0.0295942 -0.0257868 0.0485905
v -0.0296793 -0.0257015 0.0494134
v -0.0300131 -0.0254396 0.0500393
v -0.0301217 -0.0254469 0.0501277
v -0.0297779 -0.0258548 0.0490285
v -0.0309729 -0.0241791 0.0508403
v -0.0308105 -0.0245604 0.0507719
v -0.0314266 -0.0237636 0.0509294
vt 0.102532 0.304114
vt 0.166879 0.321679
vt 0.090957 0.230118
vt 0.158671 0.195105
vt 0.212232 0.242696
vt 0.203910 0.290933
vt -0.361639 0.017271
vt -0.317164 0.061519
vt -0.342175 -0.049244
vt -0.257825 0.049244
vt -0.282836 -0.061519
vt -0.237768 -0.017112
vt 0.195936 -0.305146
vt 0.142794 -0.322398
vt 0.209043 -0.230118
vt 0.157206 -0.197218
vt 0.102532 -0.215501
vt 0.090957 -0.289497
vt 0.166879 0.838764
vt 0.102532 0.838785
vt 0.137406 0.718865
vt 0.090164 0.718782
vt 0.203910 0.838750
vt 0.195154 0.718746
vt 0.242696 0.838756
vt 0.290933 0.838750
vt 0.308193 0.718746
vt 0.233917 0.719194
vt 0.158671 0.838745
vt 0.212232 0.838756
vt 0.210114 0.719194
vt 0.162328 0.719010
vt 0.230118 0.838732
vt 0.204753 0.718868
vt 0.233471 0.718827
vt 0.090957 0.838732
vt 0.158671 0.838745
vt 0.117978 0.718868
vt 0.162328 0.719010
vt 0.230118 0.838732
vt 0.233471 0.718827
vt 0.285931 0.718782
vt 0.304114 0.838785
vt -0.356695 0.718830
vt -0.317164 0.838739
vt -0.361639 0.838711
vt -0.304909 0.719258
vt -0.257825 0.838740
vt -0.304909 0.719258
vt -0.262084 0.718786
vt -0.317164 0.838739
vt 0.075851 0.706454
vt 0.000392 0.706576
vt 0.050176 0.718786
vt -0.017112 0.838758
vt 0.049244 0.838740
vt 0.011534 0.718631
vt -0.282836 0.838739
vt -0.237768 0.838758
vt -0.260975 0.719482
vt -0.017112 0.838758
vt 0.011534 0.718631
vt -0.051437 0.719482
vt -0.342175 0.838740
vt -0.282836 0.838739
vt -0.327009 0.719371
vt -0.260975 0.719482
vt 0.017271 0.838711
vt -0.049244 0.838740
vt -0.015925 0.713647
vt -0.058362 0.719371
vt 0.030699 0.718830
vt 0.046048 0.706379
vt 0.157206 0.838755
vt 0.102532 0.838785
vt 0.142633 0.711414
vt 0.090164 0.718782
vt 0.209043 0.838732
vt 0.157206 0.838755
vt 0.182054 0.718755
vt -0.230118 0.838732
vt -0.204831 0.718755
vt -0.248274 0.718631
vt 0.142633 0.711414
vt 0.217793 0.706452
vt -0.305146 0.838756
vt -0.230118 0.838732
vt -0.248274 0.718631
vt -0.297926 0.718899
vt 0.195936 0.838756
vt 0.199857 0.718899
vt 0.157367 0.711414
vt 0.094028 0.706417
vt 0.117978 0.718868
vt 0.142794 0.838755
vt -0.289497 0.838732
vt -0.314862 0.718868
vt -0.286144 0.718827
vt 0.090957 0.838732
vt -0.215501 0.838785
vt -0.289497 0.838732
vt -0.233685 0.718782
vt -0.286144 0.718827
vt 0.121977 0.500073
vt 0.129095 0.485199
vt 0.115663 0.486270
vt 0.100913 0.490168
vt 0.497858 -0.133204
vt 0.587545 -0.175597
vt 0.497043 -0.145429
vt 0.588207 -0.191217
vt 0.500073 0.843680
vt 0.507513 0.943750
vt 0.600923 0.943750
vt 0.604575 0.835685
vt 0.485199 0.831193
vt 0.200714 -0.350722
vt 0.176770 -0.376342
vt 0.266763 -0.220470
vt 0.043785 0.493957
vt 0.208892 0.409428
vt 0.187345 0.385730
vt 0.263954 0.418680
vt 0.469141 -0.161236
vt 0.326925 -0.188750
vt 0.331378 -0.156131
vt 0.338429 -0.361539
vt 0.304902 -0.207844
vt 0.272284 -0.203391
vt 0.237591 -0.406687
vt 0.213856 -0.439126
vt 0.101471 0.320979
vt -0.042330 0.432933
vt 0.246551 -0.360045
vt 0.197229 -0.402695
vt 0.187500 -0.378886
vt 0.091189 -0.436439
vt 0.022042 -0.494049
vt -0.420088 0.254213
vt -0.409699 0.018841
vt -0.490201 0.062615
vt 0.312284 0.203391
vt 0.335170 0.354852
vt 0.331378 0.181369
vt 0.382902 0.068823
vt 0.326925 0.148750
vt -0.198465 -0.451225
vt -0.099866 -0.368837
vt -0.312215 -0.376816
vt -0.193153 -0.440874
vt -0.285232 -0.387713
vt -0.228608 -0.348344
vt -0.440570 -0.218077
vt -0.275864 0.404380
vt -0.245813 0.363261
vt -0.250155 0.385730
vt -0.228608 0.409428
vt -0.087064 0.486951
vt 0.246551 0.397727
vt 0.245813 0.363261
vt -0.278483 -0.074978
vt -0.341361 -0.085003
vt -0.355849 -0.053021
vt -0.410437 -0.015625
vt -0.363519 -0.015925
vt -0.362523 0.046048
vt -0.324314 0.120788
vt -0.281139 0.075851
vt -0.111593 0.013021
vt -0.221017 0.000392
vt -0.168187 -0.184985
vt 0.030475 0.309953
vt 0.039094 0.350119
vt 0.487283 0.056030
vt -0.427642 -0.030542
vt -0.487756 -0.043457
vt 0.422844 -0.030217
vt 0.247399 -0.011387
vt 0.406095 0.006844
vt -0.325309 0.718750
vt -0.227700 0.943750
vt -0.366044 0.943750
vt 0.435084 0.033497
vt 0.468042 0.009858
vt 0.312284 -0.134109
vt -0.020000 -0.372141
vt 0.487849 -0.078220
vt 0.279665 -0.129656
vt 0.461309 -0.021521
vt 0.228608 0.348344
vt 0.142633 -0.192884
vt 0.094740 -0.207417
vt 0.084977 -0.100469
vt -0.331378 0.156131
vt 0.074107 0.234699
vt -0.253190 0.181369
vt -0.008619 0.297334
vt -0.034641 0.317500
vt -0.040166 0.346119
vt -0.216334 0.345389
vt -0.353792 0.356054
vt -0.353792 0.719370
vt -0.200206 0.718004
vt -0.275864 0.706224
vt 0.020000 -0.302859
vt 0.075338 -0.250383
vt 0.094028 -0.312936
vt -0.187370 0.372153
vt -0.272284 0.203391
vt 0.203400 0.717752
vt 0.356054 0.719370
vt 0.254213 0.706234
vt 0.217793 -0.216873
vt 0.253190 -0.181369
vt 0.257643 -0.148750
vt 0.211310 0.212529
vt 0.288308 0.242040
vt 0.236951 0.153088
vt 0.224843 0.265481
vt 0.062615 0.708084
vt 0.039152 0.943750
vt -0.071592 -0.496838
vt -0.327009 -0.058362
vt -0.078220 0.708412
vt 0.020674 0.831253
vt -0.149568 0.839274
vt 0.433013 -0.250000
vt 0.379702 -0.325309
vt 0.217270 0.943750
vt 0.325309 0.943750
vt 0.208100 0.307563
vt -0.069184 0.718581
vt -0.106967 0.943750
vt -0.230134 0.943750
vt 0.263954 0.708324
vt 0.388116 0.717996
vt 0.335170 0.706246
vt 0.388116 0.318350
vt 0.444981 0.218625
vt 0.061444 0.718750
vt -0.071592 0.719139
vt 0.022042 0.706215
vt -0.458986 0.203400
vt 0.197229 0.355077
vt 0.162240 0.334537
vt -0.447358 0.030542
vt -0.197229 0.402695
vt -0.034641 -0.317500
vt -0.039094 -0.350119
vt -0.046795 -0.262875
vt 0.257643 0.188750
vt 0.253190 0.156131
vt 0.279665 0.207844
vt -0.012619 -0.298406
vt 0.012619 -0.376594
vt 0.034641 -0.357500
vt 0.039094 -0.324881
vt -0.304902 0.207844
vt -0.326925 0.188750
vt -0.312284 0.134109
vt -0.279665 0.129656
vt -0.257643 0.148750
vt 0.304902 0.129656
vt 0.008619 0.377666
vt -0.020000 0.372141
vt -0.394645 -0.177294
vt -0.312284 -0.203391
vt -0.017538 -0.212201
vt -0.120147 -0.314424
vt -0.197229 -0.355077
vt -0.250155 -0.372042
vt -0.240271 -0.402695
vt -0.156907 0.843432
vt -0.150739 0.943750
vt -0.161236 0.708697
vt -0.250000 0.718750
vt -0.187370 -0.385620
vt -0.279665 -0.207844
vt 0.017264 -0.076422
vt 0.144914 0.183248
vt -0.459021 -0.023809
vt -0.304902 -0.129656
vt -0.326925 -0.148750
vt -0.331378 -0.181369
vt -0.257643 -0.188750
vt 0.151576 0.943750
vt 0.061444 0.943750
vt -0.379702 0.943750
vt -0.270309 0.943750
vt -0.099281 0.943750
vt -0.087064 0.707433
vt 0.043785 0.708758
vt 0.109255 0.943750
vt 0.100913 0.843645
vt 0.060212 0.720053
vt -0.241341 0.719054
vt -0.200206 0.460316
vt 0.338429 0.707320
vt 0.379702 0.718750
vt 0.343417 0.943750
vt 0.199429 0.718883
vt 0.236547 0.943750
vt -0.324491 -0.383037
vt -0.030780 0.943750
vt -0.174595 0.943750
vt -0.198465 0.708177
vt -0.324491 0.718523
vt -0.332796 0.943750
vt -0.383037 0.718523
vt -0.375726 0.943750
vt 0.090164 -0.233685
vt 0.169798 0.471599
vt 0.308178 0.831250
vt 0.218625 0.709286
vt 0.318350 0.717996
vt 0.157367 -0.326731
vt 0.211310 -0.307087
vt -0.253190 -0.156131
vt 0.194893 0.831250
vt 0.258090 0.831250
vt 0.396169 0.831250
vt 0.169798 0.717941
vt 0.129095 0.831193
vt 0.115663 0.836071
vt 0.121977 0.843680
vt 0.500073 0.843680
vt 0.491540 0.943750
vt 0.507513 0.943750
vt -0.497247 -0.069184
vt -0.218077 0.706264
vt -0.440240 -0.241341
vt -0.043457 0.706255
vt -0.208892 -0.409428
vt -0.272284 -0.134109
vt 0.272284 0.134109
vt -0.468905 0.006844
vt 0.213856 0.706245
vt 0.338429 0.707320
vt 0.199429 0.718883
vt 0.022042 0.706215
vt 0.061444 0.718750
vt 0.022042 -0.494049
vt 0.213856 -0.439126
vt 0.199429 -0.460743
vt 0.060212 0.720053
vt -0.078220 0.708412
vt 0.056030 0.706254
vt 0.218625 0.709286
vt 0.211310 0.212529
vt 0.162328 0.197905
vt 0.210114 0.233917
vt 0.211310 0.706371
vt 0.144914 0.706280
vt 0.162328 0.719010
vt 0.117978 0.204753
vt 0.074107 0.234699
vt 0.093122 0.233471
vt 0.090164 0.285931
vt 0.101471 0.320979
vt 0.137406 0.321684
vt 0.090164 0.285931
vt 0.101471 0.706326
vt 0.162240 0.706286
vt 0.137406 0.718865
vt 0.162240 0.334537
vt 0.195154 0.308193
vt 0.208100 0.706333
vt 0.195154 0.718746
vt 0.224843 0.265481
vt 0.210114 0.233917
vt 0.195154 0.308193
vt 0.208100 0.307563
vt 0.211310 -0.307087
vt 0.157367 -0.326731
vt 0.199857 -0.297926
vt 0.213286 -0.248274
vt 0.093122 -0.286144
vt 0.075338 -0.250383
vt 0.090164 -0.233685
vt -0.250383 0.706251
vt -0.207417 0.706313
vt -0.233685 0.718782
vt -0.312936 0.706417
vt -0.286144 0.718827
vt 0.117978 -0.314862
vt 0.094028 -0.312936
vt 0.006246 0.838781
vt 0.006250 1.018750
vt -0.006300 0.834163
vt -0.006250 1.018750
vt -0.305759 1.018750
vt -0.316767 1.018750
vt -0.304587 0.943750
vt -0.315413 0.943750
vt 0.369626 0.499315
vt 0.475109 0.388516
vt 0.129095 0.485199
vt 0.258090 0.430480
vt 0.289782 0.539930
vt 0.130543 0.604575
vt 0.396169 0.308178
vt 0.555180 0.258710
vt 0.460453 0.194893
vt 0.603947 0.113004
vt 0.502971 0.020674
vt 0.497858 -0.133204
vt 0.477847 -0.149568
vt -0.006300 0.834163
vt -0.006250 0.843750
vt -0.097114 0.843807
vt -0.191217 0.840248
vt -0.175597 0.830648
vt 0.618742 -0.097114
vt 0.596206 -0.186218
vt 0.588207 -0.191217
vt 0.587545 -0.175597
vt 0.617335 -0.006300
vt 0.225564 1.018757
vt 0.134538 0.943749
vt 0.120774 1.018750
vt 0.000000 1.018731
vt -0.134055 0.943668
vt -0.142810 1.018750
vt -0.175271 0.943750
vt -0.321071 0.943750
vt -0.214831 1.018750
vt 0.307072 1.018750
vt 0.306834 0.844121
vt -0.271982 1.018750
vt -0.006342 0.943750
vt -0.037013 0.943750
vt -0.380299 1.018750
vt -0.473482 0.943783
vt -0.487624 1.018750
vt 0.136787 0.943758
vt 0.135092 0.843513
vt 0.410788 0.943783
vt 0.241039 0.943750
vt 0.293428 1.018750
vt 0.202017 1.018750
vt 0.105473 1.018750
vt 0.105473 0.943750
vt 0.006324 0.943750
vt 0.392144 1.018750
vt -0.320307 0.943750
vt -0.351337 1.018750
vt -0.451202 1.018750
vt -0.423140 0.943750
vt -0.459975 0.943750
vt -0.320741 0.943750
vt -0.434680 1.018750
vt -0.316767 1.018750
vt -0.077721 1.018750
vt 0.021803 1.018750
vt 0.497043 0.843808
vt 0.502628 0.943750
vt 0.479865 0.943750
vt 0.477847 0.839274
vt 0.497043 0.843808
vt 0.588207 0.840248
vt 0.502628 0.943750
vt 0.585748 0.943750
vt 0.156131 0.856250
vt 0.188750 0.856250
vt 0.181369 0.706250
vt 0.148750 0.706250
vt 0.326925 0.856250
vt 0.304902 0.856250
vt 0.331378 0.706250
vt 0.207844 0.856250
vt 0.203391 0.706250
vt 0.181369 0.706250
vt 0.304902 0.856250
vt 0.279665 0.706250
vt 0.312284 0.706250
vt 0.272284 0.856250
vt 0.203391 0.856250
vt 0.181369 0.856250
vt 0.207844 0.706250
vt 0.253190 0.856250
vt 0.257643 0.706250
vt 0.279665 0.706250
vt 0.181369 0.856250
vt 0.156131 0.706250
vt 0.188750 0.706250
vt 0.148750 0.856250
vt 0.257643 0.856250
vt 0.279665 0.856250
vt 0.253190 0.706250
vt 0.129656 0.856250
vt 0.134109 0.706250
vt 0.156131 0.706250
vt 0.279665 0.856250
vt 0.304902 0.706250
vt 0.272284 0.706250
vt 0.312284 0.856250
vt 0.331378 0.856250
vt 0.326925 0.706250
vt 0.304902 0.706250
vt 0.134109 0.856250
vt 0.156131 0.856250
vt 0.129656 0.706250
vt -0.181369 0.856250
vt -0.148750 0.856250
vt -0.156131 0.706250
vt -0.188750 0.706250
vt -0.129656 0.856250
vt -0.134109 0.706250
vt -0.156131 0.706250
vt -0.257643 0.856250
vt -0.279665 0.856250
vt -0.253190 0.706250
vt -0.279665 0.856250
vt -0.304902 0.706250
vt -0.272284 0.706250
vt -0.312284 0.856250
vt -0.134109 0.856250
vt -0.156131 0.856250
vt -0.129656 0.706250
vt -0.331378 0.856250
vt -0.326925 0.706250
vt -0.304902 0.706250
vt -0.156131 0.856250
vt -0.181369 0.706250
vt -0.148750 0.706250
vt -0.188750 0.856250
vt -0.326925 0.856250
vt -0.304902 0.856250
vt -0.331378 0.706250
vt -0.207844 0.856250
vt -0.203391 0.706250
vt -0.181369 0.706250
vt -0.304902 0.856250
vt -0.279665 0.706250
vt -0.312284 0.706250
vt -0.272284 0.856250
vt -0.253190 0.856250
vt -0.257643 0.706250
vt -0.279665 0.706250
vt -0.203391 0.856250
vt -0.181369 0.856250
vt -0.207844 0.706250
vt -0.350119 0.856250
vt -0.317500 0.856250
vt -0.324881 0.706250
vt -0.357500 0.706250
vt -0.298406 0.856250
vt -0.302859 0.706250
vt -0.324881 0.706250
vt 0.034641 0.856250
vt 0.012619 0.856250
vt 0.039094 0.706250
vt 0.012619 0.856250
vt -0.020000 0.856250
vt -0.012619 0.706250
vt 0.020000 0.706250
vt -0.302859 0.856250
vt -0.324881 0.856250
vt -0.298406 0.706250
vt -0.039094 0.856250
vt -0.034641 0.706250
vt -0.012619 0.706250
vt -0.324881 0.856250
vt -0.350119 0.706250
vt -0.317500 0.706250
vt -0.357500 0.856250
vt -0.034641 0.856250
vt -0.012619 0.856250
vt -0.039094 0.706250
vt -0.376594 0.856250
vt -0.372141 0.706250
vt -0.350119 0.706250
vt -0.012619 0.856250
vt 0.012619 0.706250
vt -0.020000 0.706250
vt 0.020000 0.856250
vt -0.372141 0.856250
vt -0.350119 0.856250
vt -0.376594 0.706250
vt 0.039094 0.856250
vt 0.034641 0.706250
vt 0.012619 0.706250
vt 0.156131 0.856250
vt 0.181369 0.706250
vt 0.148750 0.706250
vt 0.188750 0.856250
vt -0.257643 0.856250
vt -0.279665 0.856250
vt -0.253190 0.706250
vt 0.207844 0.856250
vt 0.203391 0.706250
vt 0.181369 0.706250
vt -0.279665 0.856250
vt -0.304902 0.706250
vt -0.272284 0.706250
vt -0.312284 0.856250
vt 0.203391 0.856250
vt 0.181369 0.856250
vt 0.207844 0.706250
vt -0.331378 0.856250
vt -0.326925 0.706250
vt -0.304902 0.706250
vt 0.181369 0.856250
vt 0.156131 0.706250
vt 0.188750 0.706250
vt 0.148750 0.856250
vt -0.326925 0.856250
vt -0.304902 0.856250
vt -0.331378 0.706250
vt 0.129656 0.856250
vt 0.134109 0.706250
vt 0.156131 0.706250
vt -0.304902 0.856250
vt -0.279665 0.706250
vt -0.312284 0.706250
vt -0.272284 0.856250
vt -0.253190 0.856250
vt -0.257643 0.706250
vt -0.279665 0.706250
vt 0.134109 0.856250
vt 0.156131 0.856250
vt 0.129656 0.706250
vt -0.181369 0.856250
vt -0.148750 0.856250
vt -0.156131 0.706250
vt -0.188750 0.706250
vt -0.129656 0.856250
vt -0.134109 0.706250
vt -0.156131 0.706250
vt 0.326925 0.856250
vt 0.304902 0.856250
vt 0.331378 0.706250
vt 0.304902 0.856250
vt 0.272284 0.856250
vt 0.279665 0.706250
vt 0.312284 0.706250
vt 0.253190 0.856250
vt 0.257643 0.706250
vt 0.279665 0.706250
vt -0.134109 0.856250
vt -0.156131 0.856250
vt -0.129656 0.706250
vt -0.156131 0.856250
vt -0.188750 0.856250
vt -0.181369 0.706250
vt -0.148750 0.706250
vt 0.257643 0.856250
vt 0.279665 0.856250
vt 0.253190 0.706250
vt -0.207844 0.856250
vt -0.203391 0.706250
vt -0.181369 0.706250
vt 0.279665 0.856250
vt 0.304902 0.706250
vt 0.272284 0.706250
vt 0.312284 0.856250
vt -0.203391 0.856250
vt -0.181369 0.856250
vt -0.207844 0.706250
vt 0.331378 0.856250
vt 0.326925 0.706250
vt 0.304902 0.706250
vt 0.324881 0.856250
vt 0.350119 0.706250
vt 0.309953 0.706250
vt 0.365047 0.856250
vt 0.030475 0.856250
vt 0.008619 0.706250
vt 0.039094 0.706250
vt -0.000000 0.856250
vt -0.000000 0.856250
vt -0.027547 0.856250
vt 0.008619 0.706250
vt -0.020000 0.706250
vt 0.367975 0.856250
vt 0.337500 0.856250
vt 0.346119 0.706250
vt 0.372141 0.706250
vt 0.309953 0.856250
vt 0.317500 0.706250
vt 0.346119 0.706250
vt 0.337500 0.856250
vt -0.030475 0.856250
vt 0.008619 0.856250
vt -0.008619 0.706250
vt -0.034641 0.706250
vt 0.008619 0.856250
vt 0.039094 0.856250
vt 0.030475 0.706250
vt -0.008619 0.706250
vt 0.626415 0.844121
vt 0.624969 1.018750
vt 0.620000 0.838781
vt 0.620000 1.018750
vt 0.533811 1.018750
vt 0.538114 1.018750
vt 0.538114 0.843750
vt 0.533815 0.838740
vt 0.596650 0.943750
vt 0.585748 0.943750
vt 0.588207 0.840248
vt 0.596206 0.843677
vt 0.315405 0.533815
vt 0.289782 0.539930
vt 0.304591 0.540059
vt 0.306834 0.547526
vt 0.369626 0.499315
vt 0.317897 0.538114
vt 0.130543 0.604575
vt 0.130543 0.835685
vt 0.135092 0.843513
vt 0.306834 0.844121
vt 0.555180 0.258710
vt 0.503255 0.371697
vt 0.575199 0.246489
vt 0.475109 0.388516
vt 0.420344 0.462703
vt 0.369626 0.499315
vt 0.620000 0.006246
vt 0.603947 0.113004
vt 0.626415 0.006586
vt 0.113004 0.831272
vt 0.129246 0.843714
vt 0.006586 0.844121
vt 0.611722 0.129246
vt -0.006300 0.834163
vt 0.006246 0.838781
vt 0.061444 -0.496210
vt 0.135962 -0.611873
vt -0.021803 -0.624620
vt 0.502628 -0.146572
vt 0.585748 -0.192301
vt 0.446777 -0.227700
vt 0.479865 -0.150739
vt -0.175271 0.599921
vt -0.037013 0.625703
vt -0.099281 0.492003
vt -0.270309 0.422915
vt 0.125454 0.600923
vt 0.109255 0.491540
vt -0.030780 -0.499052
vt -0.304587 -0.540061
vt -0.307072 -0.544364
vt -0.161169 -0.605721
vt -0.473482 0.410788
vt -0.379702 0.325309
vt -0.321071 0.538319
vt -0.616036 0.105473
vt -0.452457 0.217270
vt -0.622471 0.006324
vt -0.578596 0.241039
vt -0.315413 -0.533811
vt -0.613258 -0.134055
vt -0.621646 -0.006342
vt -0.488424 -0.106967
vt -0.500391 0.039152
vt 0.530827 -0.334181
vt 0.123949 0.507513
vt 0.134538 0.610353
vt 0.596650 -0.186219
vt -0.446051 -0.230134
vt -0.332796 -0.375726
vt 0.431911 -0.451749
vt 0.343417 -0.366044
vt 0.321071 -0.538319
vt 0.236547 -0.440506
vt 0.151576 -0.476471
vt -0.320741 -0.540104
vt -0.459975 -0.423140
vt -0.174595 -0.470574
vt -0.538454 -0.320307
vt 0.600923 0.943750
vt 0.610353 0.943749
vt 0.610270 0.843513
vt 0.604575 0.835685
vt 0.006844 0.706253
vt 0.021441 1.006475
vt -0.018316 1.005111
vt -0.030217 0.706250
vt 0.406095 0.706253
vt 0.435084 0.706250
vt 0.412506 1.006475
vt 0.446365 1.005908
vt 0.435084 0.706250
vt 0.468042 0.706250
vt 0.446365 1.005908
vt 0.464563 1.006250
vt 0.009858 0.706250
vt -0.008865 1.005908
vt 0.015625 1.006250
vt 0.461309 0.706250
vt 0.422844 0.706250
vt 0.445225 1.005908
vt -0.021521 0.706250
vt 0.468306 1.005908
vt 0.385730 0.706252
vt 0.400235 1.006350
vt 0.360570 1.005111
vt 0.355077 0.706250
vt 0.385730 0.706252
vt 0.409428 0.706250
vt 0.400235 1.006350
vt 0.246551 0.706250
vt 0.245813 1.006250
vt 0.227615 1.005908
vt 0.208892 0.706250
vt 0.193665 1.006350
vt 0.245813 0.706250
vt 0.228608 0.706250
vt 0.249556 1.005908
vt 0.226475 1.005908
vt -0.228608 0.706250
vt -0.197229 0.706250
vt -0.209885 1.005908
vt -0.243744 1.006475
vt 0.385730 0.706253
vt 0.409428 0.706250
vt 0.400327 1.006475
vt 0.368418 1.005821
vt -0.191687 1.006250
vt 0.363261 0.706250
vt 0.402695 0.706250
vt 0.372153 0.706250
vt 0.394511 1.006250
vt 0.345389 0.706250
vt 0.351823 1.006250
vt 0.370021 1.005908
vt -0.187370 0.706250
vt -0.216334 0.706250
vt -0.187944 1.005908
vt 0.006844 0.706253
vt 0.030542 0.706250
vt 0.013693 1.006491
vt -0.447358 0.706250
vt -0.445225 1.005908
vt -0.466073 1.006491
vt -0.447358 0.706250
vt -0.409699 0.706250
vt -0.445225 1.005908
vt -0.421875 1.006250
vt -0.410437 0.706250
vt -0.427642 0.706250
vt -0.410437 1.006250
vt -0.429775 1.005908
vt -0.402695 0.706250
vt -0.372042 0.706253
vt -0.397202 1.005111
vt -0.365334 1.006298
vt -0.228608 0.706250
vt -0.226475 1.005908
vt -0.247424 1.006298
vt -0.372042 0.706253
vt -0.348344 0.706250
vt -0.365334 1.006298
vt -0.197229 0.706250
vt -0.203125 1.006250
vt -0.226475 1.005908
vt -0.228608 0.706250
vt -0.355077 0.706250
vt -0.371161 1.005908
vt -0.351823 1.006250
vt -0.385620 0.706250
vt -0.385620 0.706250
vt -0.409428 0.706250
vt -0.394511 1.006250
vt -0.208892 0.706250
vt -0.211025 1.005908
vt -0.191687 1.006250
vt -0.402695 0.706250
vt -0.378886 0.706250
vt -0.389354 1.005821
vt -0.357445 1.006475
vt -0.350722 0.706247
vt 0.246551 0.706250
vt 0.245813 1.006250
vt 0.227615 1.005908
vt 0.200714 0.706247
vt 0.193756 1.006475
vt -0.406687 0.706250
vt -0.405949 1.006250
vt -0.387752 1.005908
vt -0.360045 0.706250
vt 0.237591 0.706250
vt 0.197229 0.706250
vt 0.209885 1.005908
vt 0.234375 1.006250
vt 0.383274 1.018750
vt 0.420344 0.844016
vt 0.369626 0.836967
vt 0.423140 1.018750
vt 0.371697 0.843561
vt 0.462703 0.844016
vt 0.317897 1.018750
vt 0.317897 0.843750
vt 0.305583 1.018756
vt 0.006586 0.844121
vt 0.140506 1.018747
vt 0.006250 1.018750
vt 0.459975 1.018750
vt 0.129246 0.843714
vt 0.246489 0.843685
vt -0.307072 0.943750
vt -0.161169 0.943750
vt -0.178296 1.018750
vt -0.097114 0.843807
vt -0.006250 1.018750
vt -0.105473 1.018750
vt -0.202017 1.018750
vt -0.334181 0.943737
vt -0.186219 0.943750
vt 0.135962 0.943750
vt 0.175271 1.018750
vt 0.019239 1.018750
vt 0.321071 0.943750
vt 0.354645 1.018750
vt 0.268367 1.018750
vt -0.021803 0.943750
vt -0.006250 0.843750
vt -0.293428 1.018750
vt 0.431911 0.943750
vt 0.463061 1.018754
vt -0.186218 0.843677
vt -0.422907 1.018754
vt -0.451749 0.943750
vt -0.305759 1.018750
vt 0.008304 -0.853750
vt -0.038565 -0.853780
vt 0.021934 -0.828384
vt -0.024630 -0.828750
vt -0.067781 -0.828245
vt -0.853750 2.862463
vt -0.828457 2.897735
vt -0.828750 2.848750
vt -0.853750 2.919704
vt 0.090000 2.848750
vt 0.077080 2.897735
vt 0.038762 2.833997
vt 0.057478 -0.853750
vt 0.021934 2.937847
vt 0.034723 2.870119
vt 0.014136 2.886512
vt -0.015643 2.886670
vt -0.015643 -0.778558
vt -0.853750 2.768443
vt -0.828750 2.776928
vt -0.828261 2.815789
vt -0.076520 -0.853750
vt -0.043462 -0.853750
vt -0.085236 -0.828261
vt 0.077080 -0.828457
vt -0.828872 2.801870
vt 0.052516 -0.853750
vt 0.040116 -0.828750
vt -0.006907 -0.828817
vt -0.853750 2.816238
vt -0.853750 2.774049
vt 0.078349 -0.828872
vt -0.085236 2.815789
vt -0.021852 2.813994
vt -0.038191 2.836456
vt -0.054237 2.776928
vt -0.054237 -0.828750
vt -0.021852 -0.778499
vt -0.778530 2.833997
vt -0.006907 2.757701
vt 0.011105 2.809501
vt 0.078349 2.801870
vt 0.040116 2.768185
vt 0.011105 -0.778525
vt -0.067781 2.910016
vt -0.038827 2.862255
vt -0.088468 2.865287
vt -0.828750 2.865287
vt -0.778865 2.862255
vt -0.778847 2.836456
vt -0.778766 2.870119
vt 0.008304 -0.853750
vt -0.024630 2.935314
vt -0.076520 -0.853750
vt -0.853750 2.896129
vt -0.853750 2.851859
vt -0.828245 2.910016
vt -0.853750 2.801371
vt -0.266675 2.929788
vt -0.225773 2.956867
vt -0.258815 2.993472
vt -0.828172 3.000941
vt -0.828750 3.050012
vt -0.778481 3.033617
vt -0.202422 3.000941
vt -0.254136 3.033617
vt -0.346521 -0.828750
vt -0.301587 -0.828678
vt -0.357631 -0.853750
vt -0.828263 3.049201
vt -0.828750 3.089322
vt -0.853750 3.081280
vt -0.238541 -0.828789
vt -0.252167 -0.853750
vt -0.297714 -0.853699
vt -0.380751 3.000963
vt -0.359045 2.955174
vt -0.331040 3.003826
vt -0.828750 3.000963
vt -0.778659 3.003826
vt -0.778806 3.029813
vt -0.853750 2.960009
vt -0.853750 3.017500
vt -0.853750 3.062899
vt -0.225773 -0.828750
vt -0.266675 -0.828282
vt -0.220100 -0.853750
vt -0.293975 -0.853750
vt -0.307455 2.979384
vt -0.316913 2.930936
vt -0.316913 -0.828750
vt -0.307455 -0.778698
vt -0.281675 -0.778719
vt -0.213056 -0.853750
vt -0.281675 2.978996
vt -0.828789 3.091323
vt -0.828750 2.956867
vt -0.281911 -0.778507
vt -0.238541 3.091323
vt -0.281911 3.056947
vt -0.301587 3.108595
vt -0.346521 3.089322
vt -0.314701 3.051889
vt -0.377921 3.049201
vt -0.330469 3.029813
vt -0.853750 3.034038
vt -0.853750 2.987432
vt -0.828279 2.955174
vt -0.853750 2.945678
vt -0.208361 3.050012
vt -0.316913 -0.828750
vt -0.359045 -0.828279
vt -0.293975 -0.853750
vt -0.346521 -0.853750
vt -0.335745 -0.853750
vt -0.283979 -0.853750
vt -0.299191 -0.828817
vt -0.346521 -0.828750
vt -0.239768 -0.853750
vt -0.252167 -0.828750
vt -0.853750 3.280298
vt -0.853750 3.322488
vt -0.828872 3.308120
vt -0.213934 -0.828872
vt -0.265187 -0.853763
vt -0.270350 -0.828384
vt -0.215203 -0.828457
vt -0.225773 -0.853750
vt -0.202284 3.355000
vt -0.215203 3.403985
vt -0.253522 3.340246
vt -0.252167 3.274435
vt -0.213934 3.308120
vt -0.281179 3.315751
vt -0.281179 -0.778525
vt -0.828750 3.355000
vt -0.778530 3.340246
vt -0.270350 3.444097
vt -0.257560 3.376369
vt -0.316913 -0.828750
vt -0.307926 -0.778558
vt -0.307926 3.392920
vt -0.278148 3.392762
vt -0.853750 3.274693
vt -0.828750 3.283178
vt -0.828761 3.320449
vt -0.828457 3.403985
vt -0.778766 3.376369
vt -0.314136 3.320244
vt -0.299191 3.263951
vt -0.853750 3.368713
vt -0.853750 3.415633
vt -0.330849 -0.853774
vt -0.360065 -0.828245
vt -0.316913 3.441564
vt -0.360065 3.416267
vt -0.368803 -0.853750
vt -0.376808 -0.828761
vt -0.853750 3.358109
vt -0.853750 3.307621
vt -0.380751 3.371537
vt -0.331148 3.368409
vt -0.368803 -0.853750
vt -0.853750 3.402379
vt -0.828245 3.416267
vt -0.828750 3.371537
vt -0.778801 3.368409
vt -0.376808 3.320449
vt -0.330475 3.342706
vt -0.314136 -0.778499
vt -0.778847 3.342706
vt -0.346521 3.283178
vt -0.828872 3.476870
vt -0.828750 3.523750
vt -0.778530 3.508996
vt -0.828750 3.540288
vt -0.828261 3.490789
vt -0.778691 3.536214
vt -0.016234 3.561607
vt -0.067781 3.585016
vt -0.038959 3.536214
vt 0.052515 -0.853750
vt 0.040116 -0.828750
vt -0.006907 -0.828817
vt 0.008304 -0.853750
vt -0.043462 -0.853750
vt -0.054237 -0.828750
vt -0.853750 3.443443
vt -0.828750 3.451928
vt -0.076520 -0.853750
vt -0.085236 -0.828261
vt -0.853750 3.526859
vt -0.853750 3.476371
vt -0.828244 3.585016
vt -0.853750 3.571129
vt 0.008304 -0.853750
vt -0.038565 -0.853774
vt 0.021934 -0.828384
vt -0.021852 3.488994
vt -0.006907 3.432701
vt 0.011109 3.484476
vt -0.076520 -0.853750
vt -0.067781 -0.828244
vt -0.024630 -0.828750
vt -0.853750 3.537462
vt -0.088468 3.540288
vt -0.778847 3.511456
vt -0.085236 3.490789
vt -0.038191 3.511456
vt -0.054237 3.451928
vt -0.021852 -0.778499
vt 0.057478 -0.853750
vt 0.077080 -0.828457
vt -0.853750 3.594704
vt -0.828457 3.572735
vt 0.040116 3.443185
vt 0.078350 3.476870
vt 0.038762 3.508996
vt 0.077080 3.572735
vt 0.021934 3.612847
vt 0.034723 3.545119
vt -0.024630 3.610314
vt 0.011109 -0.778548
vt -0.853750 3.491238
vt -0.853750 3.449049
vt 0.078350 -0.828872
vt -0.778766 3.545119
vt 0.090000 3.523750
vt 0.014136 3.561512
vt -0.016234 -0.778732
vt 0.300588 -0.853750
vt 0.253719 -0.853770
vt 0.314218 -0.828384
vt 0.267654 -0.828750
vt 0.224502 -0.828245
vt 0.215764 -0.853750
vt -0.853750 3.402379
vt -0.853750 3.358109
vt -0.828245 3.416267
vt -0.853750 3.322488
vt -0.853750 3.368713
vt -0.828872 3.308120
vt -0.828750 3.355000
vt 0.332400 3.274435
vt 0.370633 3.308120
vt 0.303388 3.315751
vt 0.270431 3.320244
vt 0.285377 3.263951
vt -0.828457 3.403985
vt -0.778766 3.376369
vt -0.778530 3.340246
vt 0.331045 3.340246
vt 0.382284 3.355000
vt 0.369364 3.403985
vt 0.238046 -0.828750
vt 0.285377 -0.828817
vt 0.270431 -0.778499
vt 0.332400 -0.828750
vt 0.303388 -0.778525
vt 0.207759 3.320449
vt 0.254093 3.342706
vt -0.853750 3.415633
vt 0.358794 -0.853750
vt 0.332400 -0.853750
vt 0.369364 -0.828457
vt 0.314218 3.444097
vt 0.327007 3.376369
vt 0.306419 3.392762
vt 0.276641 3.392920
vt 0.276641 -0.778558
vt 0.267654 3.441564
vt 0.224502 3.416267
vt 0.253420 3.368409
vt 0.203816 3.371537
vt -0.828750 3.371537
vt -0.828761 3.320449
vt -0.778801 3.368409
vt -0.778847 3.342706
vt 0.238046 3.283178
vt 0.215764 -0.853750
vt 0.248822 -0.853750
vt 0.207759 -0.828761
vt -0.853750 3.280299
vt 0.344799 -0.853750
vt 0.370633 -0.828872
vt 0.300588 -0.853750
vt -0.853750 3.307621
vt -0.853750 3.274693
vt -0.828750 3.283178
vt 0.369364 3.066485
vt 0.314217 3.106597
vt 0.327007 3.038869
vt 0.276641 3.055420
vt 0.224503 3.078767
vt 0.253419 3.030909
vt 0.267654 3.104064
vt -0.828750 3.034038
vt -0.828761 2.982949
vt -0.778801 3.030909
vt 0.203816 3.034038
vt 0.207759 2.982949
vt 0.270430 2.982745
vt 0.254092 3.005208
vt -0.828457 3.066485
vt -0.778766 3.038869
vt -0.778530 3.002747
vt -0.853750 3.020609
vt -0.828245 3.078767
vt -0.853750 3.064879
vt -0.853750 2.970121
vt 0.215764 -0.853750
vt 0.248822 -0.853750
vt 0.207759 -0.828761
vt 0.314217 -0.828384
vt 0.267654 -0.828750
vt 0.276641 -0.778558
vt 0.306420 3.055262
vt -0.778847 3.005208
vt -0.828872 2.970620
vt -0.828750 3.017500
vt 0.370633 2.970620
vt 0.331046 3.002747
vt 0.303388 2.978251
vt 0.332400 2.936935
vt 0.285377 2.926451
vt 0.238046 -0.828750
vt 0.285377 -0.828817
vt 0.270430 -0.778499
vt 0.238046 2.945678
vt 0.382284 3.017500
vt -0.853750 3.031213
vt -0.853750 3.088454
vt 0.349762 -0.853750
vt 0.369364 -0.828457
vt 0.300588 -0.853750
vt 0.253718 -0.853774
vt 0.224503 -0.828245
vt 0.215764 -0.853750
vt 0.332400 -0.828750
vt 0.303388 -0.778525
vt -0.853750 2.937193
vt -0.828750 2.945678
vt 0.344799 -0.853750
vt 0.300588 -0.853750
vt -0.853750 2.984988
vt -0.853750 2.942799
vt 0.370633 -0.828872
vt -0.248351 -0.840983
vt -0.292506 -0.703750
vt -0.335766 -0.840997
vt -0.703750 3.297290
vt -0.703750 3.434239
vt -0.841524 3.367866
vt -0.841251 3.449190
vt -0.840984 3.520620
vt -0.703750 3.545661
vt 0.321166 -0.840984
vt 0.293450 -0.703750
vt 0.231673 -0.841524
vt 0.164535 -0.703750
vt 0.146579 -0.841251
vt 0.231997 -0.703750
vt 0.347303 -0.703750
vt 0.293040 -0.841524
vt 0.018684 -0.703750
vt 0.055883 -0.840984
vt -0.055849 -0.841524
vt -0.092512 -0.703750
vt -0.164406 -0.840984
vt -0.198910 -0.703750
vt -0.840823 3.260694
vt -0.703750 3.544505
vt -0.703750 3.464990
vt -0.840997 3.507036
vt -0.840997 3.384201
vt -0.703750 3.333182
vt -0.840997 3.240991
vt -0.703750 3.223466
vt -0.703750 3.111820
vt -0.840983 3.129333
vt -0.703750 3.004965
vt -0.840997 3.020420
vt -0.703750 2.939060
vt -0.840983 2.922374
vt -0.703750 2.879556
vt -0.840997 2.837839
vt -0.346186 -0.703750
vt -0.263577 -0.703750
vt -0.307006 -0.840997
vt -0.180875 -0.840997
vt -0.129091 -0.703750
vt 0.189127 3.436520
vt 0.215764 3.402379
vt 0.253719 3.437680
vt -0.411621 3.001397
vt -0.331903 2.880559
vt -0.378505 2.987432
vt -0.346521 2.945678
vt -0.293975 2.924470
vt -0.213056 3.062899
vt -0.202284 3.017500
vt -0.180313 3.125000
vt 0.008304 2.938366
vt -0.220100 2.960009
vt -0.107500 2.938233
vt -0.154986 2.936607
vt -0.181637 2.929537
vt 0.300588 3.107116
vt 0.215764 3.307621
vt 0.253718 3.100180
vt 0.253125 3.247500
vt 0.248822 3.274693
vt 0.000000 3.272969
vt -0.283979 3.265384
vt -0.239768 3.280298
vt -0.291109 3.182904
vt -0.038735 -0.841464
vt 0.201023 3.358109
vt 0.146875 3.440645
vt 0.248822 2.937193
vt 0.135571 3.001902
vt 0.194843 2.932469
vt 0.215764 2.970121
vt 0.201023 3.020609
vt 0.215764 3.064879
vt -0.252167 3.098065
vt -0.145669 2.916213
vt -0.703750 3.148914
vt -0.398455 3.395376
vt -0.440118 3.285748
vt -0.383544 3.358109
vt 0.210841 3.498948
vt -0.125198 3.618483
vt -0.230860 3.574246
vt -0.126845 3.498858
vt -0.265187 3.442464
vt -0.343469 3.478885
vt -0.330849 3.437680
vt -0.381767 3.247500
vt -0.448972 3.141258
vt -0.091261 3.526859
vt -0.148314 3.436398
vt -0.189075 3.520439
vt -0.210734 3.458170
vt -0.225773 3.415633
vt 0.125601 3.619874
vt -0.018178 3.637328
vt 0.057478 3.594704
vt -0.218018 -0.853742
vt -0.218018 2.791190
vt -0.307006 2.837839
vt -0.368803 3.402379
vt 0.300588 3.444616
vt -0.368803 3.307621
vt -0.335745 3.274693
vt -0.076520 3.476371
vt -0.043462 3.443443
vt 0.124869 3.469117
vt 0.052515 3.449049
vt 0.083923 3.491238
vt 0.008304 3.434134
vt 0.008304 3.613366
vt -0.038565 3.606430
vt -0.076520 3.571129
vt -0.297714 3.108659
vt -0.018623 -0.703750
vt 0.092810 -0.703750
vt 0.091771 -0.841263
vt 0.196701 -0.841305
vt -0.703750 2.878566
vt -0.841251 2.893504
vt -0.841524 2.827339
vt -0.840984 2.970792
vt 0.148425 3.520439
vt 0.090278 3.537462
vt -0.202006 3.368713
vt -0.357631 3.081280
vt -0.380751 3.034038
vt -0.703750 3.004381
vt -0.841390 3.074887
vt -0.841338 3.166875
vt 0.376206 3.322488
vt 0.399735 3.396047
vt 0.382562 3.368713
vt 0.358794 3.415633
vt 0.287032 3.537801
vt 0.057478 2.919704
vt 0.090278 2.862463
vt 0.107500 2.938233
vt 0.256450 2.814717
vt 0.300588 2.927884
vt 0.207304 2.867838
vt 0.142621 2.855412
vt 0.159572 2.765493
vt 0.099244 2.747025
vt 0.130196 2.920095
vt 0.083923 2.816238
vt 0.360904 2.915048
vt 0.052516 2.774049
vt 0.445504 3.258381
vt 0.300588 3.265384
vt 0.448032 3.140749
vt 0.376095 3.160094
vt 0.311407 3.147748
vt 0.294859 3.200014
vt 0.328099 3.230060
vt 0.370717 3.216275
vt -0.091261 2.851859
vt -0.076520 2.896129
vt 0.427361 3.041007
vt 0.449772 3.074887
vt -0.853754 3.140749
vt 0.008304 2.759134
vt -0.012667 2.735305
vt -0.043462 2.768443
vt -0.116076 2.751192
vt -0.076520 2.801371
vt -0.122359 2.890620
vt 0.349762 3.088454
vt -0.038565 2.931430
vt -0.172101 2.847513
vt -0.215252 2.897321
vt 0.344799 2.942799
vt 0.376206 2.984988
vt 0.231673 3.587520
vt 0.146579 3.625302
vt 0.462465 3.166875
vt -0.853774 3.258381
vt 0.426269 3.367866
vt -0.853757 3.396047
vt 0.380940 3.449190
vt 0.321166 3.520620
vt 0.287032 -0.853774
vt 0.125601 -0.853754
vt -0.853744 3.001397
vt -0.380300 2.922374
vt -0.853740 2.880559
vt 0.332400 3.435565
vt -0.208361 3.322488
vt 0.091771 2.732102
vt 0.382562 3.031213
vt -0.853747 3.141258
vt -0.459368 3.129333
vt -0.433754 3.020420
vt -0.180875 2.758551
vt -0.116076 -0.853754
vt -0.038735 2.723459
vt -0.012667 -0.853733
vt 0.099244 -0.853756
vt 0.159572 -0.853750
vt 0.196701 2.766417
vt 0.256450 -0.853756
vt 0.293040 2.827339
vt 0.358542 2.893504
vt 0.344799 3.280299
vt -0.334154 3.232641
vt -0.335766 3.507036
vt -0.248351 3.576866
vt -0.230860 -0.853768
vt -0.164406 3.619750
vt -0.125198 -0.853750
vt -0.055849 3.646218
vt -0.018178 -0.853758
vt 0.055883 3.646498
vt 0.410523 2.970792
vt -0.380141 3.200014
vt -0.370717 3.156224
vt -0.328099 3.142440
vt -0.853739 3.041007
vt -0.853740 3.478885
vt -0.420069 3.384201
vt -0.853743 3.285748
vt -0.461135 3.240991
vt -0.853758 2.915048
vt -0.307283 -0.703750
vt -0.329774 -0.840908
vt -0.306694 -0.840908
vt -0.352156 -0.703750
vt -0.353125 -0.841250
vt -0.329774 3.155139
vt -0.328099 3.142440
vt -0.291109 3.182904
vt -0.291109 -0.853279
vt -0.345225 -0.840908
vt -0.334154 -0.853279
vt -0.380141 -0.853629
vt -0.364563 -0.841250
vt -0.367717 -0.703750
vt -0.337500 -0.703750
vt -0.353125 -0.841250
vt -0.370717 -0.853599
vt -0.328099 -0.853629
vt -0.329774 -0.840908
vt -0.368611 3.178525
vt -0.364563 3.201875
vt -0.380141 3.200014
vt -0.840908 3.178525
vt -0.853629 3.200014
vt -0.853599 3.156224
vt -0.353125 3.159187
vt -0.370717 3.156224
vt -0.161025 -0.840908
vt -0.191831 -0.840908
vt -0.148314 -0.853575
vt -0.158892 -0.703750
vt -0.190271 -0.703750
vt -0.210734 -0.853419
vt -0.840908 3.501614
vt -0.853337 3.520439
vt -0.853419 3.458170
vt -0.841250 3.478533
vt -0.703750 3.493189
vt -0.168750 -0.841250
vt -0.145669 -0.840908
vt -0.189075 -0.853337
vt -0.126845 -0.853337
vt -0.703750 3.509913
vt -0.703750 3.480950
vt -0.840908 3.500780
vt -0.162017 -0.703750
vt -0.840908 3.469668
vt 0.190996 3.455453
vt 0.159885 3.447727
vt 0.189127 3.436520
vt 0.159885 -0.840908
vt 0.146875 -0.853750
vt 0.189127 -0.853449
vt 0.137639 3.470808
vt 0.146875 3.440645
vt 0.124869 3.469117
vt -0.840908 3.470808
vt -0.840908 3.501614
vt -0.853700 3.469117
vt -0.853337 3.520439
vt 0.183406 -0.703750
vt 0.191831 -0.840908
vt 0.168750 -0.841250
vt 0.148425 -0.853337
vt 0.210841 -0.853529
vt -0.703750 3.463878
vt -0.840908 3.455453
vt -0.841250 3.478533
vt -0.853449 3.436520
vt -0.853529 3.498948
vt 0.321875 3.159187
vt 0.306389 3.178525
vt 0.311407 3.147748
vt 0.345226 3.155139
vt 0.329775 3.217362
vt 0.328099 3.230060
vt 0.294859 3.200014
vt 0.310437 -0.841250
vt 0.329775 -0.840908
vt 0.294859 -0.853629
vt 0.306389 3.178525
vt 0.310437 3.201875
vt 0.329775 -0.840908
vt 0.360581 -0.840908
vt 0.328099 -0.853629
vt 0.370717 -0.853599
vt -0.840908 3.177385
vt -0.853383 3.160094
vt -0.853599 3.216275
vt -0.840908 3.208496
vt 0.176475 2.862855
vt 0.153125 2.866903
vt 0.142621 2.855412
vt 0.137639 2.886241
vt 0.183406 -0.703750
vt 0.177615 -0.840908
vt 0.146504 -0.840908
vt 0.194843 -0.853279
vt 0.130196 -0.853337
vt 0.144941 -0.703750
vt -0.703750 2.924184
vt -0.703750 2.887233
vt -0.841250 2.909591
vt 0.183406 -0.703750
vt 0.195813 -0.841250
vt 0.177615 -0.840908
vt -0.840908 2.885101
vt -0.853337 2.867838
vt -0.853279 2.932469
vt -0.168750 2.862716
vt -0.191831 2.871720
vt -0.172101 2.847513
vt -0.146504 2.870886
vt -0.191831 2.871720
vt -0.200000 2.893966
vt -0.215252 2.897321
vt -0.190996 2.917047
vt -0.703750 2.924184
vt -0.850573 2.929537
vt -0.840908 2.917047
vt -0.198967 -0.703750
vt -0.154094 -0.703750
vt -0.190996 -0.840908
vt -0.181637 -0.850573
vt -0.215252 -0.853383
vt -0.137500 2.893966
vt -0.146504 2.870886
vt -0.122359 2.890620
vt -0.145669 2.916213
vt -0.840908 2.916213
vt -0.853279 2.890620
vt -0.853629 2.936607
vt -0.703747 2.858960
vt -0.778530 2.833997
vt -0.778766 2.870119
vt 0.011105 -0.778525
vt 0.038762 -0.778530
vt 0.029244 -0.703753
vt -0.021852 -0.778499
vt -0.011023 -0.703751
vt -0.703753 2.819906
vt -0.034641 -0.703750
vt -0.778847 2.836456
vt -0.703754 2.858924
vt -0.778865 2.862255
vt -0.703750 2.828750
vt -0.778499 2.813994
vt -0.778558 2.886670
vt -0.778865 2.862255
vt -0.703750 2.883391
vt -0.703754 2.858924
vt -0.015643 -0.778558
vt 0.010751 -0.703743
vt 0.014136 -0.778523
vt -0.020000 -0.703750
vt 0.010751 -0.703743
vt 0.034723 -0.778766
vt 0.014136 -0.778523
vt -0.703743 2.888534
vt -0.703747 2.858960
vt -0.778766 2.870119
vt -0.281675 -0.778719
vt -0.258815 -0.778658
vt -0.281533 -0.703743
vt -0.307455 -0.778698
vt -0.312284 -0.703750
vt -0.703747 3.007290
vt -0.703743 2.977716
vt -0.778658 2.993472
vt -0.703750 2.982859
vt -0.778659 3.003826
vt -0.778698 2.979384
vt -0.703754 3.007326
vt -0.778832 3.051889
vt -0.778806 3.029813
vt -0.703750 3.037500
vt -0.703754 3.007326
vt -0.778659 3.003826
vt -0.314701 -0.778832
vt -0.326925 -0.703750
vt -0.312284 -0.703750
vt -0.314701 -0.778832
vt -0.312284 -0.703750
vt -0.281533 -0.703743
vt -0.281911 -0.778507
vt -0.281533 -0.703743
vt -0.257643 -0.703750
vt -0.254136 -0.778481
vt -0.281911 -0.778507
vt -0.703747 3.007290
vt -0.778658 2.993472
vt -0.778481 3.033617
vt -0.703750 3.037500
vt -0.703747 3.365211
vt -0.778530 3.340246
vt -0.778766 3.376369
vt -0.778499 3.320244
vt -0.703750 3.335000
vt -0.778847 3.342706
vt -0.703754 3.365175
vt -0.778801 3.368409
vt -0.314136 -0.778499
vt -0.281179 -0.778525
vt -0.292284 -0.703750
vt -0.312284 -0.703750
vt -0.326925 -0.703750
vt -0.263039 -0.703754
vt -0.253522 -0.778530
vt -0.703754 3.326156
vt -0.778558 3.392920
vt -0.778801 3.368409
vt -0.703750 3.389641
vt -0.703754 3.365175
vt -0.307926 -0.778558
vt -0.312284 -0.703750
vt -0.281533 -0.703743
vt -0.278148 -0.778523
vt -0.281533 -0.703743
vt -0.257560 -0.778766
vt -0.278148 -0.778523
vt -0.703743 3.394784
vt -0.703747 3.365211
vt -0.778766 3.376369
vt 0.028418 -0.703751
vt -0.012451 -0.703753
vt 0.011109 -0.778548
vt 0.038762 -0.778530
vt -0.703749 3.533960
vt -0.778530 3.508996
vt -0.778766 3.545119
vt -0.021852 -0.778499
vt -0.703751 3.493698
vt -0.778691 3.536214
vt -0.703751 3.513575
vt -0.703746 3.552742
vt -0.778499 3.488994
vt -0.778847 3.511456
vt -0.016234 -0.778732
vt -0.029395 -0.703746
vt 0.010751 -0.703744
vt -0.703753 3.484286
vt 0.014136 -0.778523
vt -0.778732 3.561607
vt 0.010751 -0.703744
vt 0.034723 -0.778766
vt 0.014136 -0.778523
vt -0.703744 3.563534
vt -0.703749 3.533960
vt -0.778766 3.545119
vt -0.703747 3.365211
vt -0.778530 3.340246
vt -0.778766 3.376369
vt -0.703750 3.335000
vt 0.303388 -0.778525
vt 0.331045 -0.778530
vt 0.303034 -0.703743
vt 0.326925 -0.703750
vt 0.270431 -0.778499
vt 0.303388 -0.778525
vt 0.303034 -0.703743
vt 0.262995 -0.703741
vt -0.778847 3.342706
vt -0.703754 3.365175
vt -0.778801 3.368409
vt -0.703741 3.326068
vt -0.778499 3.320244
vt -0.778801 3.368409
vt -0.703754 3.365175
vt -0.703750 3.389641
vt -0.778558 3.392920
vt 0.276641 -0.778558
vt 0.303034 -0.703743
vt 0.306419 -0.778523
vt 0.272284 -0.703750
vt 0.303034 -0.703743
vt 0.327007 -0.778766
vt 0.306419 -0.778523
vt -0.703743 3.394784
vt -0.703747 3.365211
vt -0.778766 3.376369
vt 0.270430 -0.778499
vt 0.303388 -0.778525
vt 0.292284 -0.703750
vt 0.331046 -0.778530
vt 0.321528 -0.703754
vt -0.778530 3.002747
vt -0.703747 3.027710
vt -0.703754 2.988656
vt 0.272284 -0.703750
vt -0.778766 3.038869
vt 0.276641 -0.778558
vt 0.262996 -0.703743
vt 0.303034 -0.703741
vt 0.306420 -0.778523
vt -0.778499 2.982745
vt -0.703754 3.007326
vt -0.778847 3.005208
vt -0.703743 3.046432
vt -0.778801 3.030909
vt -0.778558 3.055420
vt -0.703750 2.982859
vt -0.703741 3.057284
vt -0.703747 3.027710
vt -0.778766 3.038869
vt 0.303034 -0.703741
vt 0.327007 -0.778766
vt 0.306420 -0.778523
vt -0.703750 3.200906
vt -0.841250 3.201875
vt -0.840908 3.178525
vt -0.703750 3.156033
vt -0.841250 3.159187
vt -0.337500 -0.703750
vt -0.315979 -0.703750
vt -0.345225 -0.840908
vt -0.314419 -0.840908
vt -0.703750 3.210059
vt -0.703750 3.171594
vt -0.840908 3.208496
vt -0.840908 3.177385
vt -0.158892 -0.703750
vt -0.161025 -0.840908
vt -0.137944 -0.840908
vt -0.703750 3.480950
vt -0.703750 3.447991
vt -0.840908 3.469668
vt -0.703750 3.493189
vt -0.841250 3.478533
vt -0.840908 3.456288
vt -0.703750 3.454725
vt -0.198967 -0.703750
vt -0.162017 -0.703750
vt -0.190996 -0.840908
vt -0.168750 -0.841250
vt 0.198967 -0.703750
vt 0.162017 -0.703750
vt 0.190996 -0.840908
vt 0.159885 -0.840908
vt 0.162017 -0.703750
vt 0.138208 -0.703750
vt 0.159885 -0.840908
vt -0.703750 3.468675
vt -0.840908 3.470808
vt -0.840908 3.447727
vt -0.703750 3.468675
vt -0.703750 3.500055
vt -0.840908 3.470808
vt -0.840908 3.501614
vt 0.144941 -0.703750
vt 0.183406 -0.703750
vt 0.146504 -0.840908
vt 0.168750 -0.841250
vt -0.703750 3.508751
vt -0.703750 3.463878
vt -0.840908 3.500780
vt -0.841250 3.478533
vt 0.347359 -0.703750
vt 0.345226 -0.840908
vt 0.368306 -0.840908
vt -0.703750 3.179517
vt -0.703750 3.155708
vt -0.840908 3.177385
vt 0.309699 -0.703750
vt 0.321875 -0.841250
vt 0.345226 -0.840908
vt 0.347359 -0.703750
vt -0.703750 3.167409
vt -0.703750 3.214051
vt -0.840908 3.178525
vt -0.841250 3.201875
vt 0.359021 -0.703750
vt 0.360581 -0.840908
vt 0.329775 -0.840908
vt 0.318659 -0.703750
vt -0.703750 3.179517
vt -0.840908 3.177385
vt -0.840908 3.208496
vt -0.703750 3.210059
vt 0.178609 -0.703750
vt 0.176475 -0.840908
vt 0.199556 -0.840908
vt -0.703750 2.887233
vt -0.703750 2.863424
vt -0.840908 2.885101
vt 0.140949 -0.703750
vt 0.153125 -0.841250
vt 0.176475 -0.840908
vt 0.178609 -0.703750
vt -0.703750 2.915488
vt -0.840908 2.917047
vt -0.840908 2.886241
vt -0.703750 2.875125
vt -0.183406 -0.703750
vt -0.168750 -0.841250
vt -0.146504 -0.840908
vt -0.138533 -0.703750
vt -0.703750 2.908622
vt -0.841250 2.893966
vt -0.840908 2.871720
vt -0.703750 2.863749
vt -0.703750 2.924184
vt -0.703750 2.879311
vt -0.840908 2.916213
vt -0.841250 2.893966
vt 0.539080 0.621260
vt 0.543906 0.621066
vt 0.535439 0.572070
vt 0.521499 0.618600
vt 0.519109 0.617686
vt 0.473653 -0.576152
vt 0.483154 -0.621258
vt 0.467620 -0.619691
vt 0.467055 -0.579610
vt 0.525868 -0.567114
vt 0.534477 -0.569679
vt 0.529112 -0.607857
vt 0.490550 -0.569881
vt 0.500615 -0.567605
vt 0.496825 -0.620089
vt 0.514855 -0.566254
vt 0.507455 -0.617713
vt 0.009998 3.994934
vt 0.009998 4.005000
vt 0.523548 3.997495
vt 0.523548 -0.611210
vt 0.009998 -0.593750
vt 0.542863 -0.593750
vt 0.545434 -0.585716
vt 0.009998 -0.607500
vt 0.538961 -0.599312
vt 0.448586 -0.607587
vt 0.461257 -0.617807
vt 0.543539 -0.576349
vt 0.452406 -0.612699
vt 0.009998 4.018750
vt 0.483154 4.018485
vt 0.496825 4.010835
vt 0.009998 4.032500
vt 0.452406 4.038684
vt 0.461257 4.032078
vt 0.467620 4.027888
vt 0.009998 4.042565
vt 0.507455 4.005231
vt 0.009998 -0.607500
vt 0.009998 -0.593750
vt 0.584767 0.603275
vt 0.579733 0.607843
vt 0.009998 0.593750
vt 0.009998 3.994934
vt 0.569269 4.000476
vt 0.560929 4.005168
vt 0.507297 0.607659
vt 0.009998 0.617566
vt 0.509501 0.611023
vt 0.009998 0.607500
vt 0.569269 0.614302
vt 0.009998 4.032500
vt 0.519109 4.032293
vt 0.509501 4.040150
vt 0.507297 4.042476
vt 0.009998 4.042565
vt 0.591198 0.593750
vt 0.539080 4.018582
vt 0.009998 4.005000
vt 0.543906 4.015497
vt 0.009998 4.018750
vt 0.009998 0.607500
vt 0.506106 0.603947
vt 0.521499 4.030539
vt 0.607500 3.994934
vt 0.617566 4.005000
vt 0.631928 4.011798
vt 0.621250 4.018750
vt 0.617566 4.032500
vt 0.607500 4.042565
vt 0.593750 4.046251
vt 0.601273 4.053815
vt 0.009998 0.593750
vt 0.009998 0.580000
vt 0.002577 0.601273
vt 0.580000 3.994934
vt 0.593750 3.991250
vt 0.586223 3.983687
vt 0.009998 0.593750
vt 0.009998 0.607500
vt 0.002577 0.586223
vt -0.617566 4.005000
vt -0.607500 3.994934
vt -0.600702 3.980572
vt -0.593750 3.991250
vt -0.580000 3.994934
vt -0.569934 4.005000
vt -0.566250 4.018750
vt -0.558686 4.011226
vt 0.009998 4.018750
vt 0.009998 4.032500
vt 0.002577 4.011226
vt -0.593750 4.046251
vt -0.607500 4.042565
vt -0.586798 4.056929
vt -0.580000 4.042565
vt 0.009998 4.018750
vt 0.009998 4.005000
vt 0.002577 4.026275
vt -0.617566 4.032500
vt -0.621250 4.018750
vt -0.628814 4.026275
vt -0.523503 1.178844
vt -0.554188 1.149687
vt -0.531367 1.177013
vt -0.519249 1.206246
vt -0.513993 1.206211
vt -0.566136 1.212824
vt -0.554188 1.149687
vt -0.591624 1.189273
vt -0.592457 1.137957
vt -0.616363 1.144484
vt -0.662671 1.176574
vt -0.672458 1.203414
vt -0.662951 1.202536
vt -0.632651 1.147976
vt -0.658750 1.234071
vt -0.623227 1.216624
vt 0.564681 -0.554188
vt 0.764858 -0.542332
vt 0.725514 -0.593889
vt 0.567736 -0.662671
vt 0.567674 -0.632651
vt 0.682367 -0.643197
vt 0.567736 1.176574
vt 0.682367 1.150776
vt 0.650448 1.202325
vt 0.786599 1.203360
vt 0.764858 1.151092
vt 0.567679 1.178844
vt 0.566229 1.203414
vt 0.567608 1.206211
vt 0.567679 -0.523503
vt 0.567727 -0.592457
vt 0.563896 -0.616363
vt 0.596166 1.231514
vt 0.836841 1.233633
vt 0.603364 1.205889
vt 0.569356 1.206189
vt 0.836841 1.203868
vt 0.568243 1.231314
vt -0.447393 1.206189
vt -0.519249 1.206246
vt -0.474565 1.231250
vt -0.452182 1.231314
vt 0.596167 1.205986
vt 0.836841 1.203868
vt 0.838436 1.233655
vt 0.587131 1.231479
vt 0.452182 1.206186
vt 0.430180 1.231479
vt 0.459178 1.231240
vt 0.568243 1.206186
vt 0.596167 1.205986
vt 0.587131 1.231479
vt 0.656657 1.180133
vt 0.665958 1.203429
vt 0.666897 1.203428
vt 0.658858 1.178781
vt 0.658750 1.203429
vt 0.631620 1.148784
vt 0.620341 1.205852
vt 0.662817 1.235797
vt 0.662683 1.176671
vt 0.672657 1.203419
vt 0.567663 1.178842
vt 0.567674 1.206206
vt 0.563659 1.205719
vt 0.555882 1.148409
vt 0.517484 1.205719
vt 0.631620 1.148784
vt 0.592407 1.137982
vt 0.523567 1.178842
vt 0.713017 1.231250
vt 0.695804 1.206229
vt 0.667816 1.231456
vt 0.672793 1.206199
vt 0.937264 1.231250
vt 0.706509 1.206254
vt 0.937255 1.206250
vt 0.563748 1.212824
vt 0.613747 1.197133
vt 0.613747 1.224863
vt 0.563741 -0.591624
vt 0.613747 -0.602701
vt 0.613747 -0.574211
vt 0.563748 -0.566136
vt 0.563742 1.216624
vt 0.613747 1.212636
vt 0.613747 1.191020
vt 0.563741 -0.591624
vt 0.563742 -0.623227
vt 0.613747 -0.602701
vt 0.563742 1.216624
vt 0.613747 1.240367
vt 0.613747 1.212636
vt 0.563748 1.245626
vt 0.563748 -0.602427
vt 0.563748 -0.574811
vt 0.613747 -0.584799
vt 0.613747 -0.613290
vt 0.563748 1.239702
vt 0.613747 1.224863
vt 0.613747 1.246480
vt 0.563748 1.212824
vt 0.563748 0.587823
vt 0.613741 0.566315
vt 0.613741 0.607057
vt 0.563748 1.191137
vt 0.563742 1.216623
vt 0.613741 1.205443
vt 0.563742 1.216623
vt 0.613747 1.240366
vt 0.613741 1.205443
vt 0.563748 1.245626
vt 0.563748 0.585073
vt 0.563748 0.612688
vt 0.613747 0.602700
vt 0.613747 0.574210
vt 0.563748 1.239702
vt 0.563741 1.205852
vt 0.613747 1.224864
vt 0.613747 1.246480
vt -0.818076 1.318835
vt -0.937837 1.318750
vt -0.804231 1.343819
vt -0.936270 1.344070
vt -0.706509 1.231246
vt -0.695804 1.231271
vt -0.713017 1.206250
vt -0.667816 1.206044
vt -0.938102 1.206242
vt -0.937214 1.231250
vt -0.672793 1.231301
vt 0.074564 1.231509
vt 0.563750 1.234071
vt 0.046419 1.206044
vt 0.562720 1.202536
vt 0.603364 -0.425236
vt 0.567608 -0.513993
vt 0.569356 -0.447393
vt 0.786599 -0.511505
vt 0.836841 -0.422617
vt 0.563838 -0.519249
vt 0.785542 0.511817
vt 0.836841 0.422617
vt 0.596167 0.427058
vt 0.568243 0.452182
vt 0.563750 0.474566
vt 0.567674 0.513905
vt 0.563659 0.517484
vt 0.731004 0.588949
vt 0.564918 0.555882
vt 0.567703 0.592407
vt 0.564632 0.631620
vt 0.671983 0.653771
vt 0.567638 0.662683
vt 0.775177 1.164445
vt 0.785542 1.204314
vt 0.567674 1.206206
vt 0.567663 1.178842
vt 0.775177 0.528092
vt 0.567663 0.523567
vt 0.651302 1.202937
vt 0.671983 1.160297
vt 0.567638 1.176671
vt 0.566536 1.203419
vt 0.000000 0.961148
vt 0.123430 1.205690
vt -0.027486 0.690782
vt 0.434987 0.351523
vt 0.516825 0.706288
vt 0.543508 0.357090
vt 0.098092 0.705170
vt -0.000002 0.375998
vt 0.352854 0.705170
vt 0.312034 0.363833
vt -0.063776 0.972665
vt 0.065514 0.947731
vt 0.055959 0.657276
vt 0.311670 0.706978
vt 0.338819 0.358698
vt 0.423603 0.756084
vt 0.265081 1.204991
vt 0.203291 0.718451
vt 0.158346 0.336657
vt 0.078712 0.745059
vt -0.000009 0.376014
vt -0.027452 0.691617
vt 0.000000 0.961150
vt -0.092835 0.706976
vt -0.084504 0.365100
vt -0.212094 0.772623
vt -0.417482 0.961142
vt -0.340976 0.767800
vt -0.429391 0.838324
vt 0.154130 0.331857
vt 0.577510 1.203359
vt 0.614923 0.785068
vt 0.605110 0.358699
vt -0.491082 0.369379
vt -0.598437 0.353260
vt -0.583832 0.748278
vt -0.366606 0.353770
vt 0.119224 3.219144
vt 0.113247 3.233518
vt 0.128476 3.237594
vt 0.015037 3.136039
vt 0.027620 3.149176
vt 0.090091 3.142605
vt 0.000000 1.863737
vt -0.027500 0.961148
vt 0.457498 0.957642
vt 0.412220 0.369141
vt 0.024369 1.344070
vt -0.027498 0.961148
vt 0.515176 0.723004
vt 0.524281 0.357093
vt 0.591601 0.357623
vt 0.688916 0.358654
vt 0.645800 0.706973
vt -0.707306 0.785068
vt -0.692199 0.358699
vt 0.676197 0.706973
vt 0.588949 1.133548
vt 0.653162 0.925533
vt 0.600053 1.203231
vt 0.672557 0.925533
vt 0.490409 0.706973
vt 0.449945 0.989233
vt 0.588125 0.706973
vt 0.326197 0.717604
vt 0.162443 0.785350
vt 0.279148 1.031284
vt 0.361882 0.961138
vt 0.804427 2.813236
vt 0.731101 2.764062
vt 0.687692 2.881669
vt 0.457001 2.904504
vt 0.485586 2.910301
vt 0.679620 2.910730
vt 0.119240 3.186249
vt 0.119194 3.136189
vt 0.523685 2.654560
vt 0.655024 2.631015
vt -0.495019 2.682561
vt -0.594268 2.649465
vt -0.700075 2.934821
vt -0.344738 2.881940
vt -0.161177 2.473051
vt -0.274781 2.472583
vt 0.530999 1.203582
vt -0.308680 1.884779
vt 0.101511 0.368036
vt 0.260192 0.350840
vt 0.650448 1.202325
vt 0.682367 1.150776
vt -0.509739 3.203390
vt -0.343674 3.053917
vt -0.553022 3.113680
vt -0.703369 2.449418
vt -0.700973 2.819392
vt -0.534360 2.917939
vt -0.157756 3.025102
vt -0.372766 2.480931
vt 0.453412 2.767905
vt 0.409530 2.478397
vt 0.347504 2.644756
vt 0.216629 2.697749
vt 0.070265 2.981414
vt 0.074548 2.473155
vt 0.806098 2.640432
vt -0.593889 1.135743
vt -0.542332 1.151092
vt -0.511505 1.203360
vt -0.422617 1.203868
vt -0.422617 1.233633
vt -0.529301 1.274286
vt -0.577128 1.968770
vt -0.494731 2.089217
vt -0.417482 1.803840
vt 0.511799 1.234956
vt 0.419262 1.233655
vt 0.361882 1.803840
vt 0.534395 1.278308
vt -0.643197 1.150776
vt -0.028610 0.377043
vt -0.027500 0.376989
vt 0.024956 1.331250
vt 0.025000 1.231250
vt 0.443821 2.000960
vt 0.328766 1.995377
vt 0.422617 1.203868
vt 0.511817 1.204314
vt 0.528092 1.164445
vt 0.193968 1.994247
vt 0.037492 1.764181
vt -0.140248 1.999952
vt -0.511819 1.233186
vt -0.148630 3.214248
vt 0.017129 3.236229
vt -0.334156 3.210218
vt 0.406858 1.204251
vt -0.580537 1.301133
vt 0.653771 1.160297
vt 0.563517 1.793329
vt 0.025000 1.206250
vt 0.362881 -0.004753
vt 0.213896 -0.004753
vt 0.213169 0.190517
vt 0.361646 0.190517
vt 0.504172 -0.004753
vt 0.502457 0.190517
vt 0.365317 1.204465
vt 0.671983 1.160297
vt 0.651302 1.202937
vt 0.106191 1.205824
vt 0.253754 2.908547
vt -0.004753 3.820951
vt -0.004753 3.938108
vt 0.190517 3.935550
vt 0.190517 3.818792
vt 0.190517 3.246328
vt 0.106719 3.208567
vt 0.211312 -0.200441
vt 0.046039 -0.199849
vt 0.049637 -0.006103
vt 0.001061 0.020265
vt -0.208957 0.020195
vt -0.243428 0.356961
vt 0.627110 -0.200441
vt 0.634776 -0.004753
vt 0.742843 -0.200441
vt 0.252493 3.049036
vt 0.372165 2.910123
vt -0.061011 2.454927
vt 0.060173 0.190517
vt 0.389034 0.019987
vt 0.568461 0.019872
vt 0.751923 -0.004753
vt 0.632617 0.190517
vt 0.749366 0.190517
vt 0.348881 -0.388144
vt 0.358499 -0.200441
vt 0.484723 -0.388144
vt -0.004753 3.690339
vt 0.190517 3.688624
vt 0.803829 2.911175
vt -0.004753 3.400054
vt -0.004753 3.549042
vt 0.190517 3.547808
vt 0.190517 3.399327
vt 0.204956 0.020239
vt 0.500415 0.381222
vt 0.398141 0.019860
vt 0.385893 0.355338
vt 0.143406 2.139774
vt -0.402483 0.020281
vt -0.581464 0.020144
vt 0.711603 0.020144
vt 0.564350 0.020284
vt 0.384351 0.020075
vt 0.498084 -0.200441
vt -0.200441 3.397472
vt 0.335642 -0.550961
vt 0.205645 -0.388144
vt -0.200441 3.813286
vt -0.200441 3.929028
vt -0.200441 3.684252
vt -0.200441 3.544661
vt 0.230539 2.426871
vt 0.000000 0.020568
vt 0.191440 0.019908
vt 0.591684 1.996663
vt 0.536820 2.175435
vt 0.657626 2.047888
vt -0.283821 2.100595
vt -0.384797 2.106644
vt 0.715294 0.020270
vt 0.608372 0.358654
vt 0.577058 0.020270
vt 0.696473 2.430975
vt 0.605810 2.428171
vt 0.771676 2.472710
vt 0.519679 2.350697
vt -0.658750 2.047155
vt -0.658762 2.031387
vt -0.035969 2.126837
vt 0.083566 2.204758
vt 0.189943 0.021469
vt 0.000000 0.021469
vt 0.380551 2.215780
vt 0.252309 0.766803
vt 0.250989 1.205069
vt 0.369354 1.204425
vt 0.436055 1.204097
vt -0.589573 2.147522
vt 0.661583 2.047267
vt 0.744181 2.147522
vt 0.675297 2.047155
vt -0.703867 2.230886
vt -0.671154 2.047267
vt 0.663078 2.230886
vt 0.656593 2.213452
vt 0.660467 2.325570
vt 0.685397 2.316706
vt 0.724468 2.427637
vt -0.659749 2.015069
vt -0.154565 2.203047
vt -0.462440 3.533286
vt -0.466389 3.395151
vt -0.700800 3.504156
vt -0.468105 3.666426
vt 0.025118 1.318750
vt 0.025000 1.231250
vt 0.025192 1.206242
vt 0.372152 3.409981
vt 0.372607 3.734793
vt 0.372332 3.572972
vt 0.466577 1.203938
vt -0.702986 2.427637
vt -0.583224 2.426737
vt -0.483542 2.424554
vt 0.403464 0.374303
vt 0.616232 0.373541
vt -0.702343 3.683721
vt -0.704983 3.867102
vt -0.472305 3.790107
vt 0.713895 -0.464800
vt 0.597477 -0.583442
vt 0.610288 -0.388144
vt -0.700107 3.356854
vt -0.699845 3.202780
vt 0.131909 3.137043
vt 0.573127 2.320334
vt 0.572500 2.321389
vt 0.572500 2.534529
vt 0.585615 2.638797
vt 0.732914 2.449418
vt 0.684040 2.819993
vt 0.619375 2.715215
vt 0.871481 2.819392
vt 0.373034 3.894433
vt 0.765208 0.373034
vt 0.642361 -0.704983
vt -0.464800 3.896599
vt 0.402054 -0.573649
vt 0.566994 -0.534636
vt 0.487305 -0.538711
vt 0.567740 2.304768
vt 0.561148 2.301311
vt 0.046773 -0.366520
vt 0.131751 3.136299
vt 0.025487 3.236227
vt 0.954334 0.860956
vt 0.935375 0.691617
vt 0.938218 0.961148
vt 0.954463 1.863516
vt 0.406858 0.844715
vt 0.530999 0.774334
vt 0.566536 0.672657
vt 0.563807 0.666897
vt 0.025273 0.706509
vt 0.025000 0.937255
vt 0.265081 0.901689
vt 0.365317 0.863475
vt 0.028056 0.695804
vt 0.563750 0.665958
vt 0.044412 0.672793
vt 0.074564 0.663019
vt 0.106191 0.932717
vt 0.600053 0.721727
vt 0.563750 0.658750
vt 0.651302 0.674321
vt -0.602701 1.191020
vt -0.609769 1.169564
vt -0.560392 1.179472
vt -0.622240 1.212636
vt -0.565260 1.224863
vt -0.574211 1.197133
vt -0.543726 1.234793
vt -0.584799 1.246480
vt -0.584672 1.268891
vt -0.633186 1.250996
vt -0.613290 1.240367
vt -0.642949 1.204667
vt 0.574210 1.240366
vt 0.580647 1.267823
vt 0.543968 1.233830
vt 0.602700 1.246480
vt 0.638587 1.246704
vt 0.566315 1.205443
vt 0.550449 1.193750
vt 0.584671 1.168609
vt 0.622240 1.224864
vt 0.607057 1.191315
vt 0.633185 1.186504
vt 0.562720 -0.662951
vt 0.025000 -0.713017
vt 0.046419 -0.667816
vt 0.466577 -0.813261
vt 0.436055 -0.830189
vt 0.566229 -0.672458
vt 0.650448 -0.675122
vt 0.577510 -0.739393
vt 0.369354 -0.862589
vt 0.250989 -0.905434
vt 0.123430 -0.931593
vt 0.025192 -0.938102
vt 0.351352 3.810899
vt 0.438703 4.129002
vt 0.625608 4.015230
vt 0.206051 3.879758
vt 0.002481 4.061034
vt 0.449512 4.067506
vt 0.512490 4.024353
vt 0.002493 4.004028
vt 0.002496 3.970036
vt 0.002493 4.004028
vt 0.607218 3.967196
vt 0.512490 4.024353
vt 0.002496 0.593750
vt 0.002496 0.621875
vt 0.607218 0.630797
vt 0.002494 0.552530
vt 0.641466 0.573799
vt 0.002528 0.579614
vt 0.002489 0.539453
vt 0.479460 0.563194
vt 0.064996 0.581250
vt 0.064974 4.075284
vt 0.250069 4.149736
vt 0.444976 4.077927
vt 0.065451 4.181014
vt 0.566994 -0.534636
vt 0.002492 -0.580693
vt 0.002496 -0.545036
vt 0.597477 -0.583442
vt 0.002492 -0.580693
vt 0.597477 -0.583442
vt 0.560712 -0.625876
vt 0.002499 3.981008
vt 0.560712 3.966515
vt 0.500621 3.996683
vt 0.002496 4.018750
vt 0.414730 4.045142
vt 0.002460 4.062070
vt 0.002499 -0.636911
vt 0.554653 1.474321
vt 0.554584 1.803840
vt 0.632191 1.803840
vt 0.548293 1.690189
vt 0.546115 1.671479
vt 0.689653 3.055146
vt 0.673525 3.125159
vt 0.700058 3.153138
vt 0.624727 2.930638
vt 0.929222 3.155052
vt 0.924701 3.149697
vt 0.929377 3.149521
vt 0.929570 3.019350
vt 0.924077 3.029555
vt 0.925350 2.913222
vt 0.928488 3.149367
vt 0.930360 3.136298
vt 0.881919 3.035276
vt 0.881902 2.913214
vt 0.927820 3.159915
vt 0.923858 3.159224
vt 0.924973 3.153945
vt 0.933970 2.913262
vt 0.934283 2.982700
vt 0.675912 2.982700
vt 0.651898 2.913262
vt 0.643412 2.913342
vt 0.881880 3.150445
vt 0.691683 3.019350
vt 0.705140 3.150600
vt 0.709056 3.136298
vt 0.702910 0.881882
vt 0.706637 0.923858
vt 0.700053 0.924634
vt 0.674596 0.924079
vt 0.674706 0.881885
vt 0.699117 0.881879
vt 0.636188 2.913405
vt 0.632239 2.914081
vt 0.700555 3.158453
vt 0.674433 3.158492
vt 0.709297 0.881886
vt 0.881886 3.158657
vt 0.708193 3.155052
vt 0.934117 3.150600
vt 0.624673 2.921305
vt 0.623815 2.926589
vt 0.627666 2.916863
vt 0.705911 3.159915
vt 0.705911 0.927820
vt 0.803083 3.130481
vt 0.608425 3.059421
vt 0.601461 3.187576
vt 0.402932 2.938777
vt 0.402925 3.135806
vt 0.803614 2.939445
vt 0.640037 2.938247
vt 0.943034 0.402594
vt 0.980414 0.402745
vt 0.957269 0.372350
vt 0.986385 0.372150
vt 0.673362 0.373294
vt 0.683334 0.401673
vt 0.402716 2.938984
vt 0.372251 2.938586
vt 0.372096 3.143375
vt 0.402835 3.232505
vt 0.402745 3.421527
vt 0.372150 3.411377
vt 0.719870 0.806857
vt 0.750756 0.375641
vt 0.987563 0.372251
vt 0.990081 0.402716
vt 0.829027 2.684445
vt 0.832659 2.684423
vt 0.832659 2.412249
vt 0.568878 2.684423
vt 0.567626 2.684413
vt 0.568878 2.412249
vt 0.564439 2.684384
vt 0.562858 2.684371
vt 0.564406 2.412249
vt 0.567626 2.684413
vt 0.450036 0.924631
vt 0.449370 0.882146
vt 0.275300 0.881991
vt -0.000274 2.485860
vt 0.178250 2.535212
vt 0.177016 2.494442
vt 0.459508 2.657949
vt 0.450622 2.665476
vt 0.446944 2.680416
vt 0.452336 2.647356
vt 0.076875 2.472449
vt 0.000000 2.469362
vt 0.179273 2.488903
vt 0.272637 2.526511
vt 0.000000 2.464972
vt 0.310568 2.532786
vt 0.371737 2.572403
vt 0.445545 2.621705
vt 0.436329 2.619558
vt 0.460303 2.645690
vt 0.450036 2.619947
vt 0.330744 2.596677
vt 0.923949 2.662980
vt 0.881980 2.657645
vt 0.931012 2.657949
vt 0.924772 2.683501
vt 0.881958 2.683386
vt 0.926674 2.645690
vt 0.024108 2.511681
vt 0.310568 0.928702
vt 0.150152 0.924186
vt 0.120745 0.882138
vt 0.009701 2.506999
vt 0.000000 0.882070
vt 0.179273 0.932508
vt 0.078096 0.928332
vt 0.076875 0.934365
vt 0.000001 0.925204
vt 0.882146 2.615608
vt 0.924631 2.619947
vt 0.924673 2.624463
vt 0.000000 0.931334
vt 0.371737 0.934545
vt 0.445545 0.933423
vt 0.373985 0.928333
vt 0.933423 2.621705
vt 0.452260 2.624463
vt 0.441443 2.673872
vt 0.935500 2.647356
vt 0.933700 2.680416
vt 0.446944 2.680416
vt 0.441443 2.673872
vt 0.441002 2.675202
vt 0.330744 2.596677
vt 0.472730 1.803840
vt 0.585508 1.803840
vt 0.572484 2.116941
vt 0.861730 2.672224
vt 0.709883 2.621030
vt 0.809969 2.496860
vt 0.873317 2.596049
vt 0.536464 2.393289
vt 0.642016 2.378774
vt 0.593087 2.626884
vt 0.875495 2.365789
vt 0.545663 2.120842
vt 0.507738 2.129280
vt 0.518338 2.167198
vt 0.524173 1.903743
vt 0.425521 1.942965
vt 0.428295 2.002182
vt 0.465051 2.040638
vt 0.373102 1.858215
vt 0.684694 1.929307
vt 0.734873 2.407901
vt -0.528689 1.993963
vt -0.634707 2.025951
vt -0.530190 1.803840
vt -0.410818 2.129978
vt -0.404735 1.803840
vt -0.290673 2.099045
vt -0.585200 1.803840
vt -0.740334 1.803840
vt -0.730730 1.995436
vt 0.672239 1.803840
vt 0.687419 1.995436
vt 0.589155 1.860624
vt 0.566195 1.989626
vt -0.762966 2.139403
vt -0.723509 2.197364
vt -0.769545 2.313396
vt -0.769443 2.748374
vt -0.766827 2.919900
vt -0.774192 2.904881
vt 0.495148 2.099560
vt 0.629375 1.951391
vt 0.728957 1.929307
vt 0.671959 1.803840
vt 0.671907 2.167168
vt 0.348295 2.096047
vt 0.405081 1.803840
vt 0.469697 2.001994
vt 0.670236 2.164755
vt 0.759486 2.164755
vt 0.761189 2.167168
vt 0.778235 1.951391
vt 0.887262 2.767679
vt 0.886515 2.748374
vt 0.930426 2.904881
vt 0.746329 2.308707
vt 0.773950 2.407901
vt 0.726131 2.308707
vt 0.640102 2.310153
vt 0.829417 2.310153
vt 0.759242 2.496860
vt 0.556771 2.263254
vt 0.613142 2.365789
vt 0.427810 2.408264
vt 0.482159 2.689687
vt 0.288888 2.528953
vt 0.699117 3.163568
vt 0.660896 3.337626
vt 0.832531 3.650848
vt 0.525142 2.248217
vt 0.120745 2.470744
vt 0.275300 2.513620
vt 0.635964 2.438177
vt 0.449370 2.615608
vt 0.709297 3.158657
vt 0.911752 3.464937
vt 0.943571 3.360948
vt 0.953390 3.186179
vt 0.711598 3.150445
vt 0.961575 3.157758
vt 0.697782 3.035276
vt 0.945738 3.034455
vt 0.674706 3.163596
vt 0.000001 2.137781
vt 0.000000 2.461245
vt 0.702910 3.163046
vt 0.846619 3.639589
vt 0.571387 3.550649
vt 0.770880 3.757964
vt 0.432700 3.707239
vt 0.681927 3.862530
vt 0.575907 3.954927
vt 0.456392 4.031104
vt 0.964834 3.045174
vt 0.942287 2.919900
vt 0.879892 2.776718
vt 0.828934 2.633539
vt 0.764820 2.498231
vt 0.977518 3.131821
vt 0.966873 3.200004
vt 0.953798 3.046202
vt 0.923332 2.918196
vt 0.960917 3.190458
vt 0.000000 1.957424
vt 0.317105 1.955782
vt 0.232296 1.917183
vt 0.000008 1.897163
vt 0.000000 2.039466
vt 0.400780 1.999924
vt 0.470373 2.106448
vt 0.445060 2.036484
vt 0.783421 2.638819
vt 0.849498 2.746684
vt 0.868609 2.763024
vt 0.854576 2.828797
vt 0.920016 2.918743
vt 0.882867 2.816024
vt 0.821811 2.712306
vt 0.940974 2.956124
vt 0.970065 3.139237
vt 0.965542 3.035891
vt 0.877607 2.956124
vt 0.869405 3.035891
vt 0.868686 2.883340
vt 0.772706 2.596049
vt 0.831124 2.672224
vt 0.876520 2.763024
vt 0.870464 2.807863
vt 0.454113 2.203549
vt 0.165662 2.484621
vt 0.223407 2.099989
vt 0.000000 2.017444
vt 0.528047 1.989130
vt 0.544355 2.011704
vt 0.000003 2.117083
vt 0.645202 2.182442
vt 0.450436 2.355818
vt 0.001020 2.338146
vt 0.024783 2.352103
vt 0.014996 2.350123
vt 0.469175 2.359421
vt 0.594954 2.051507
vt 0.635114 2.106494
vt 0.000000 1.945549
vt 0.464069 1.953661
vt 0.076518 2.408734
vt 0.000000 -0.888142
vt 0.125360 -0.991126
vt 0.239678 -0.961023
vt 0.411025 -0.904187
vt 0.464069 -0.878666
vt 0.000047 -0.990784
vt 0.875335 3.139237
vt 0.869213 3.186204
vt 0.865822 2.988831
vt 0.926193 2.883340
vt 0.895049 2.807863
vt 0.624511 2.065734
vt 0.671785 2.139403
vt -0.526753 2.164341
vt -0.037607 2.197612
vt -0.160878 2.096319
vt -0.027491 1.979616
vt 0.096220 2.098021
vt -0.737331 2.402387
vt -0.615067 2.408954
vt -0.665892 2.656009
vt -0.627117 2.196447
vt -0.509773 2.459857
vt -0.082047 2.479218
vt -0.177531 2.436276
vt -0.339837 2.412488
vt 0.274836 3.803646
vt 0.723067 2.197364
vt 0.773129 2.402387
vt 0.710589 2.313396
vt 0.051261 2.785025
vt -0.448525 2.674189
vt -0.667768 0.961141
vt -0.608243 1.158305
vt -0.618661 1.162805
vt 0.613745 -0.609769
vt 0.774069 -0.615789
vt 0.794175 -0.593026
vt -0.407921 0.961140
vt -0.541792 1.190358
vt -0.572015 1.161922
vt -0.571799 1.161384
vt -0.500220 0.961140
vt 0.865898 0.961140
vt 0.820394 1.161384
vt 0.820243 1.161922
vt -0.573367 0.732544
vt -0.587147 0.961141
vt -0.595882 1.159233
vt -0.561863 1.268386
vt -0.542058 1.247564
vt -0.636832 1.174167
vt -0.741218 0.961141
vt -0.651202 1.193930
vt -0.657524 1.218749
vt -0.650646 1.243572
vt -0.641002 1.261002
vt -0.618834 1.276345
vt -0.597626 1.280218
vt -0.333727 0.753822
vt -0.218039 0.735747
vt 0.296241 0.737842
vt 0.397203 0.961137
vt 0.146369 0.673926
vt 0.053978 0.793519
vt -0.100328 0.737875
vt -0.635523 1.263483
vt -0.536641 1.219076
vt -0.595618 1.278216
vt -0.577521 1.276626
vt 0.574425 1.276273
vt 0.585341 1.280048
vt 0.591895 1.115481
vt 0.595618 1.159283
vt 0.577120 1.160884
vt 0.557002 1.172754
vt 0.505873 0.781562
vt 0.411375 0.961137
vt 0.552343 1.174317
vt 0.541106 1.192235
vt 0.535671 1.232294
vt 0.810787 1.280048
vt 0.809233 1.277639
vt 0.810667 1.803840
vt 0.647653 0.786031
vt 0.615616 1.161392
vt 0.555922 1.263231
vt 0.159307 1.491193
vt 0.254903 0.743076
vt 0.312419 1.875991
vt 0.424500 1.917228
vt 0.462700 1.032138
vt 0.186449 1.854967
vt 0.125360 1.863387
vt 0.000048 1.845139
vt 0.612274 0.723553
vt 0.502900 0.727647
vt 0.615912 1.277475
vt 0.671263 0.961141
vt 0.473186 0.747506
vt 0.592736 0.739934
vt 0.675511 0.958314
vt 0.737474 0.958314
vt 0.740588 1.803840
vt 0.656498 1.218716
vt 0.651490 1.193695
vt 0.586625 1.277639
vt 0.618743 1.274738
vt 0.636471 1.263718
vt 0.651301 1.243086
vt 0.636435 1.175170
vt 0.618834 1.161155
vt 0.000000 1.854840
vt 0.291176 1.885988
vt 0.411025 1.930956
vt 0.239678 1.887439
vt 0.457901 1.929158
vt 0.558996 1.996866
vt 0.413435 1.918086
vt 0.000047 1.867056
vt -0.000011 1.861816
vt -0.771591 2.505187
vt 0.653359 2.147278
vt 0.653515 2.130195
vt 0.788563 2.703513
vt 0.305898 4.092364
vt 0.116866 3.852276
vt 0.000006 4.144636
vt 0.000000 3.861250
vt 0.462507 2.657645
vt 0.750705 2.686010
vt 0.771029 2.690253
vt 0.862183 2.876038
vt 0.831014 2.909763
vt 0.450278 2.683386
vt 0.658106 2.913214
vt 0.107080 1.477779
vt 0.218624 1.476147
vt 0.217311 0.717458
vt 0.000641 1.873996
vt 0.193645 1.901190
vt 0.221599 1.737518
vt 0.388538 1.979033
vt 0.327661 0.733969
vt 0.468448 2.073308
vt 0.091645 0.761640
vt 0.312138 1.937996
vt 0.000000 1.418069
vt -0.000016 0.683582
vt 0.783373 2.505187
vt 0.701487 2.358271
vt 0.507829 0.532496
vt 0.522426 0.346803
vt 0.658003 0.346803
vt 0.346803 3.571963
vt 0.154324 3.577587
vt 0.154324 3.421363
vt 0.346803 3.417985
vt 0.148708 3.213158
vt 0.340575 3.217470
vt 0.000134 0.493490
vt 0.000181 0.310848
vt 0.221512 0.346803
vt 0.218605 0.614799
vt 0.375906 0.346803
vt 0.366875 0.610542
vt 0.346803 3.717862
vt 0.631018 0.614768
vt 0.779796 0.346803
vt 0.758009 0.532496
vt 0.532496 3.951437
vt 0.346803 3.973432
vt 0.346803 3.852626
vt 0.532496 3.834006
vt 0.609050 3.689500
vt 0.532496 3.561185
vt 0.530042 0.154324
vt 0.154324 3.725613
vt -0.044589 3.577728
vt -0.044589 3.421449
vt -0.034729 3.224526
vt 0.000387 0.149431
vt 0.224743 0.154324
vt 0.381387 0.154324
vt 0.532496 3.411510
vt 0.667596 0.154324
vt 0.791166 0.154324
vt 0.154324 3.984908
vt 0.154324 3.862342
vt 0.494118 -0.506927
vt 0.351310 -0.595990
vt 0.488411 -0.762480
vt -0.766957 3.530069
vt -0.509263 3.560298
vt -0.515176 3.697858
vt -0.762481 3.655666
vt -0.765411 3.767119
vt -0.512006 3.825656
vt -0.518878 3.939276
vt 0.625266 -0.514909
vt 0.581656 -0.768599
vt 0.676818 -0.767501
vt 0.744649 -0.518878
vt -0.767501 3.890350
vt 0.418590 -0.768602
vt -0.510391 3.414481
vt 0.323241 -0.767658
vt 0.208378 -0.514920
vt 0.158298 -0.767077
vt 0.058391 -0.595990
vt 0.000012 -0.388806
vt -0.000057 -0.739791
vt 0.060739 -0.432116
vt 0.149490 0.869431
vt 0.000051 0.874912
vt 0.000011 0.701949
vt 0.058271 0.703069
vt 0.319567 0.875534
vt 0.703069 3.545987
vt 0.614043 3.255551
vt 0.501783 3.191494
vt 0.487243 0.703069
vt 0.727283 0.703069
vt 0.703069 3.920421
vt 0.703069 3.807750
vt -0.044589 3.725808
vt 0.703069 3.402379
vt 0.696605 3.147458
vt -0.378652 3.137941
vt -0.212212 3.210531
vt -0.432116 3.257121
vt -0.768449 3.271482
vt -0.764237 3.131821
vt -0.595856 3.227137
vt -0.768274 3.379810
vt 0.221646 -0.241417
vt 0.365431 -0.432116
vt 0.062517 -0.241417
vt 0.189943 -0.898901
vt 0.000000 -0.941152
vt 0.000000 -0.918750
vt 0.376131 -0.241417
vt 0.522739 -0.241417
vt 0.658398 -0.241417
vt 0.780264 -0.241417
vt -0.241417 3.973904
vt -0.241417 3.853026
vt 0.432419 0.028693
vt 0.431069 0.024675
vt 0.558107 0.024675
vt 0.384351 -0.834758
vt 0.564350 -0.725369
vt 0.427273 -0.838572
vt 0.613745 1.169564
vt 0.613751 1.204667
vt 0.758267 1.183429
vt 0.758267 -0.632583
vt 0.613737 -0.560392
vt 0.809970 -0.577454
vt 0.432419 0.028693
vt 0.431068 0.024675
vt 0.558107 0.024675
vt 0.149002 0.028693
vt 0.000000 0.028693
vt 0.148537 0.024675
vt 0.293415 0.024675
vt 0.294334 0.028693
vt -0.241417 3.718181
vt 0.559856 0.028693
vt 0.671405 0.024675
vt 0.673508 0.028693
vt -0.673509 0.028693
vt -0.671404 0.024675
vt -0.558108 0.024675
vt -0.559857 0.028693
vt -0.431068 0.024675
vt -0.432419 0.028693
vt -0.293415 0.024675
vt 0.148537 -0.937820
vt 0.000000 -0.949510
vt 0.147862 -0.933561
vt 0.381525 -0.044589
vt 0.530234 -0.044589
vt -0.241417 3.572194
vt -0.241417 3.418123
vt 0.000153 -0.071516
vt 0.224823 -0.044589
vt -0.044589 3.862586
vt 0.667838 -0.044589
vt 0.791453 -0.044589
vt -0.044589 3.985197
vt 0.851496 3.660358
vt 0.914239 3.531015
vt 0.153191 4.137890
vt 0.149490 4.151652
vt 0.319567 4.103967
vt 0.449183 4.054062
vt 0.596008 3.957972
vt 0.702816 3.862483
vt 0.782075 3.766804
vt 0.000051 4.158746
vt 0.904996 3.514742
vt 0.953691 3.384066
vt 0.970920 3.274121
vt 0.961218 3.240847
vt 0.975443 3.186204
vt 0.382427 2.754020
vt 0.513770 3.041896
vt 0.267970 3.039768
vt 0.053735 3.042441
vt 0.696853 3.008841
vt 0.614487 2.791182
vt 0.716173 2.735565
vt 0.280973 2.870641
vt -0.380728 2.842381
vt -0.170077 2.833674
vt -0.688876 2.870821
vt -0.615764 3.020269
vt 0.663738 2.786158
vt 0.942487 3.344308
vt 0.733132 3.439861
vt 0.764129 3.316135
vt 0.776182 3.158922
vt 0.757216 3.021192
vt 0.753789 3.006188
vt 0.701744 2.853507
vt 0.901910 3.518696
vt 0.595657 2.689565
vt 0.516667 2.608601
vt 0.501409 2.587484
vt 0.500000 2.405816
vt 0.496350 2.386031
vt 0.481575 2.367046
vt 0.406441 3.846325
vt 0.312452 4.094717
vt 0.322224 3.891551
vt 0.265362 3.914402
vt 0.145273 3.949266
vt 0.000008 4.145123
vt 0.000000 3.961250
vt 0.455864 4.032403
vt 0.513104 3.769439
vt 0.573313 3.958331
vt 0.678133 3.868630
vt 0.840962 3.650868
vt 0.626813 3.643790
vt 0.681008 3.556378
vt 0.787904 3.767119
vt 0.773491 3.761644
vt 0.158298 4.151139
vt 0.193933 4.130581
vt 0.323241 4.107689
vt 0.418590 4.069230
vt 0.581656 3.969081
vt 0.676818 3.890350
vt 0.000212 4.158944
vt 0.857023 3.647621
vt 0.915027 3.530069
vt 0.944360 3.380024
vt 0.956103 3.379810
vt 0.971829 3.271482
vt 0.871174 3.660358
vt 0.449183 0.868607
vt 0.702816 0.870801
vt 0.596008 0.871219
vt 0.870801 3.862483
vt 0.871801 3.766804
vt 0.868737 3.531015
vt 0.870642 3.274121
vt 0.871896 3.384066
vt 0.000046 4.152241
vt -0.160613 3.044267
vt 0.507196 2.887504
vt 0.000212 -0.773028
vt 0.488411 4.034024
vt -0.770565 3.647621
vt -0.776168 3.200004
vt -0.221462 0.359296
vt -0.097451 0.359296
vt 0.832514 1.250418
vt 0.836221 1.212378
vt 0.843516 1.219076
vt 0.840261 1.247564
vt 0.826909 1.268386
vt 0.822695 1.255038
vt 0.830669 1.230088
vt -0.637745 1.250388
vt -0.644057 1.237380
vt -0.633040 1.254431
vt 0.767844 -0.630195
vt 0.762408 -0.637745
vt 0.762487 -0.633040
vt 0.772458 -0.625804
vt 0.783447 -0.614593
vt 0.786524 -0.607764
vt 0.054313 0.512911
vt -0.618052 1.274042
vt -0.341841 0.359296
vt -0.454405 0.521343
vt -0.563902 0.359296
vt -0.664217 0.515144
vt 0.604987 0.388671
vt 0.736665 0.515144
vt 0.580649 0.359253
vt 0.572592 0.181238
vt 0.674284 0.032645
vt 0.812377 -0.570348
vt 0.807226 -0.581666
vt 0.797488 -0.589071
vt -0.581666 1.271729
vt -0.548550 1.250418
vt -0.564473 1.265481
vt -0.647218 1.230266
vt -0.646488 1.224476
vt 0.772458 1.262303
vt 0.762408 1.250388
vt 0.767844 1.258209
vt 0.796297 -0.599564
vt 0.753530 -0.640845
vt 0.761914 -0.632279
vt 0.773805 -0.617210
vt 0.793165 -0.597007
vt 0.822695 -0.553585
vt 0.832514 -0.548550
vt -0.596229 1.274955
vt -0.599564 1.273977
vt 0.751135 1.224476
vt 0.747967 1.219737
vt 0.755189 1.237380
vt -0.652474 1.217347
vt -0.646626 1.241814
vt -0.656207 1.218749
vt -0.628451 1.267512
vt -0.560501 0.032645
vt 0.126524 0.324146
vt 0.000000 0.032645
vt 0.093485 0.032645
vt 0.447933 0.336294
vt 0.420693 0.616587
vt 0.581648 0.359332
vt 0.681653 0.516625
vt 0.617370 0.359332
vt 0.720750 0.516625
vt 0.514796 0.359332
vt 0.410210 0.691667
vt -0.674284 0.032645
vt -0.432917 0.032645
vt 0.286142 0.359332
vt 0.149173 0.032645
vt 0.294673 0.032645
vt 0.432917 0.032645
vt 0.403780 0.359332
vt 0.500133 0.032645
vt -0.648177 1.235631
vt -0.649056 1.218809
vt -0.294673 0.032645
vt -0.215155 0.032645
vt -0.149173 0.032645
vt 0.754571 1.230266
vt 0.752235 1.218826
vt 0.564115 0.032645
vt -0.790277 0.723553
vt 0.821851 1.265481
vt 0.816214 1.276626
vt -0.576112 1.165839
vt -0.597495 1.163549
vt 0.795069 -0.597019
vt 0.797867 -0.597495
vt 0.814859 -0.576112
vt -0.647512 1.203922
vt -0.645533 1.201324
vt -0.647349 1.218826
vt 0.755726 1.201324
vt 0.752986 1.207244
vt 0.751426 1.200241
vt -0.643221 1.200241
vt -0.615972 1.166527
vt 0.766340 1.256104
vt 0.755348 1.241279
vt 0.755446 1.234998
vt 0.634320 1.259829
vt 0.631818 1.258701
vt 0.643851 1.242147
vt 0.645941 1.234998
vt 0.647520 1.233425
vt 0.620767 1.266450
vt 0.615732 1.270544
vt 0.597494 1.273951
vt -0.548419 1.184154
vt 0.834642 1.184154
vt -0.649354 1.194536
vt 0.794925 0.591781
vt 0.776514 0.615667
vt 0.795144 0.597427
vt 0.796526 0.593707
vt 0.812210 0.575230
vt 0.777429 0.617806
vt 0.777882 0.620767
vt 0.797867 0.597494
vt 0.758269 0.632581
vt 0.763421 1.254275
vt 0.751852 1.239814
vt -0.634320 1.177671
vt 0.649350 1.242940
vt 0.829309 1.232970
vt 0.839497 1.218559
vt 0.828209 1.196129
vt 0.812890 0.564469
vt -0.651167 1.206666
vt 0.616818 1.271847
vt 0.642345 1.252478
vt 0.756710 1.235631
vt 0.753903 1.218809
vt 0.834642 -0.548419
vt 0.826623 -0.551915
vt 0.809970 1.167446
vt 0.814859 1.165839
vt 0.826623 1.184166
vt 0.802857 -0.595618
vt 0.776807 -0.628451
vt -0.625804 1.262303
vt -0.637579 1.255754
vt 0.753530 1.242165
vt 0.762487 1.254431
vt 0.763558 -0.636309
vt 0.784931 -0.615972
vt 0.777882 -0.620767
vt 0.763419 -0.633416
vt 0.763419 1.183226
vt 0.800053 -0.596229
vt 0.778379 -0.616382
vt -0.642345 1.185022
vt -0.636309 1.184642
vt -0.643793 1.194247
vt -0.620767 1.171050
vt 0.757561 -0.639918
vt -0.639918 1.192170
vt -0.633416 1.183226
vt 0.396467 0.765530
vt 0.937820 0.148536
vt 0.949510 0.000000
vt 0.933560 0.147861
vt 0.149173 0.032645
vt 0.232257 0.032645
vt 0.232257 -0.924864
vt 0.149002 -0.940758
vt 0.294334 -0.905867
vt 0.294672 0.032645
vt 0.903038 -0.293415
vt 0.846020 -0.431068
vt 0.898935 -0.292082
vt 0.933560 -0.147862
vt 0.937820 -0.148536
vt 0.945197 0.000000
vt -0.000012 0.049679
vt 0.898935 0.292082
vt 0.903038 0.293414
vt 0.842177 0.429110
vt 0.846020 0.431068
vt 0.764680 0.555573
vt 0.768169 0.558107
vt 0.668355 0.668355
vt 0.671405 0.671404
vt 0.555572 0.764680
vt 0.292083 -0.898936
vt 0.294334 0.028693
vt 0.359868 0.032645
vt 0.359868 -0.883070
vt 0.432419 -0.848670
vt 0.432916 0.032645
vt 0.560502 0.032645
vt 0.293415 -0.903038
vt 0.558107 0.768169
vt 0.429111 0.842177
vt 0.431069 0.846019
vt 0.292083 0.898936
vt 0.293415 0.903037
vt 0.147862 0.933560
vt 0.148537 0.937820
vt 0.000000 0.945197
vt 0.000000 0.949510
vt 0.711603 -0.581464
vt 0.826173 -0.402483
vt 0.761408 -0.553195
vt 0.294334 0.028693
vt 0.293415 0.024675
vt 0.148537 0.024675
vt 0.149002 0.028693
vt 0.000000 0.024675
vt 0.000000 0.028693
vt 0.000000 -0.945198
vt 0.000000 0.024675
vt 0.147228 -0.929565
vt 0.894873 -0.208957
vt 0.918956 0.001061
vt 0.929565 -0.147229
vt 0.432419 0.028693
vt -0.294334 0.028693
vt -0.148536 0.024675
vt -0.149002 0.028693
vt 0.000000 0.024675
vt 0.000000 0.028693
vt 0.148536 0.024675
vt 0.149001 0.028693
vt 0.293414 0.024675
vt 0.842177 -0.429111
vt 0.429111 -0.842177
vt 0.431069 -0.846019
vt 0.555572 -0.764681
vt 0.558107 -0.768170
vt 0.668355 -0.668356
vt 0.671405 -0.671404
vt 0.764680 -0.555573
vt 0.768169 -0.558108
vt 0.559856 0.028693
vt 0.671404 0.024675
vt 0.673508 0.028693
vt 0.673508 0.028693
vt 0.671405 0.024675
vt 0.558107 0.024675
vt 0.559856 0.028693
vt 0.431069 0.024675
vt 0.828741 0.398141
vt 0.715294 0.577058
vt 0.674284 0.032645
vt 0.674284 0.032645
vt 0.560502 0.032645
vt 0.432916 0.032645
vt 0.895833 0.204956
vt 0.560501 0.032645
vt 0.744370 0.961141
vt 0.403253 0.032645
vt 0.811901 0.500133
vt 0.848669 0.432419
vt 0.770575 0.559856
vt 0.928992 -0.215155
vt 0.905866 -0.294334
vt 0.940757 -0.149002
vt 0.191440 0.899390
vt 0.000000 0.918970
vt 0.294672 0.032645
vt 0.149173 0.032645
vt 0.000000 0.032645
vt 0.389034 0.832876
vt 0.568461 0.722485
vt 0.613736 1.233830
vt 0.833793 1.242245
vt 0.239066 0.359253
vt 0.102973 0.359253
vt 0.000156 0.740851
vt 0.111264 0.729007
vt 0.370416 0.359253
vt 0.494422 0.359253
vt 0.812890 1.264212
vt 0.773806 0.617210
vt 0.613746 0.633185
vt 0.613757 0.584671
vt 0.761914 0.632277
vt 0.795074 0.595941
vt 0.797488 0.589071
vt 0.812065 0.569070
vt 0.748374 1.217978
vt 0.613746 1.186504
vt 0.754699 1.196112
vt 0.094864 0.359252
vt 0.274320 0.386332
vt 0.761914 1.182593
vt 0.613737 1.179472
vt 0.613757 -0.584672
vt 0.613746 1.250996
vt 0.761914 1.254906
vt -0.000003 1.885849
vt 0.815888 -0.564087
vt 0.613746 -0.633186
vt 0.613728 1.234793
vt -0.000001 1.158897
vt 0.613749 1.193750
vt 0.613746 1.246704
vt 0.758269 1.254072
vt 0.613761 0.580647
vt 0.613746 0.638587
vt 0.613736 0.543968
vt 0.763421 0.633415
vt 0.613749 0.550449
vt 0.812065 1.170799
vt 0.613728 -0.543726
vt 0.766234 1.180957
vt 0.762488 1.183069
vt 0.575230 1.269318
vt 0.784523 0.615732
vt 0.809233 0.586625
vt 0.785193 0.616818
vt 0.653371 1.221308
vt 0.651218 1.218688
vt 0.840919 1.192235
vt 0.844271 1.232294
vt 0.649629 1.194328
vt 0.767844 0.630195
vt 0.762488 0.633040
vt 0.776933 0.618163
vt 0.766234 0.633125
vt 0.821853 1.172019
vt 0.832453 1.187042
vt 0.830360 1.172754
vt 0.647166 1.198653
vt 0.647725 1.195256
vt 0.632548 1.174706
vt 0.616818 1.165653
vt 0.000000 0.311607
vt 0.766340 0.633360
vt 0.769329 0.631818
vt 0.770414 0.634320
vt 0.649983 1.212979
vt 0.646327 1.211312
vt 0.751341 1.223935
vt 0.564471 1.172019
vt 0.816532 1.160884
vt 0.543481 1.242508
vt 0.539129 1.218559
vt 0.837483 1.242508
vt 0.830907 1.263231
vt 0.825703 1.258804
vt 0.825703 0.557414
vt 0.758213 0.647166
vt 0.754699 0.641329
vt 0.641329 1.196112
vt 0.646084 1.217978
vt 0.633125 1.180957
vt 0.637555 1.181762
vt 0.772588 0.632548
vt 0.766857 0.637555
vt 0.605802 1.164326
vt 0.791100 0.605802
vt 0.802858 0.595618
vt 0.785193 0.616818
vt 0.578703 1.166522
vt 0.548595 1.187042
vt 0.571456 2.596476
vt 0.564406 2.534529
vt 0.560110 2.534529
vt 0.564406 2.387249
vt 0.568878 2.534529
vt 0.560110 2.387249
vt 0.602365 2.010969
vt 0.538313 1.734766
vt 0.636001 1.803840
vt 0.491891 2.016286
vt 0.500621 -0.651925
vt 0.560712 -0.625876
vt 0.454329 -0.708219
vt 0.642361 -0.704983
vt 0.254220 -0.711755
vt 0.211809 -0.606764
vt 0.370535 -0.609008
vt 0.414730 -0.648136
vt 0.011294 0.710964
vt 0.064981 0.580917
vt -0.027485 0.611476
vt -0.027461 0.416896
vt 0.038789 0.818381
vt 0.601461 3.187576
vt 0.402880 3.349016
vt 0.559015 3.243349
vt 0.803022 3.287841
vt 0.559015 3.663714
vt 0.621253 3.776313
vt 0.804943 3.638075
vt 0.402637 3.611564
vt 0.559015 3.529879
vt 0.402637 3.611564
vt 0.402090 3.858346
vt 0.621253 3.776313
vt 0.559015 3.898394
vt 0.250069 0.606896
vt 0.065451 0.606233
vt 0.191021 0.815826
vt 0.328294 0.722284
vt 0.450436 -0.778695
vt 0.469175 -0.778699
vt 0.468269 -0.736523
vt -0.778674 2.386031
vt -0.778691 2.405816
vt -0.739481 2.387577
vt 0.481575 -0.778694
vt -0.778694 2.367046
vt -0.736523 2.358367
vt 0.145273 -0.778730
vt 0.000000 -0.741181
vt -0.003424 -0.716262
vt 0.291993 -0.737069
vt 0.019953 -0.738858
vt 0.024783 -0.778695
vt -0.778695 2.338146
vt -0.741182 2.313012
vt -0.741185 2.167135
vt 0.001020 -0.778695
vt 0.014996 -0.778696
vt 0.009558 -0.737558
vt -0.737558 2.347074
vt -0.733104 2.334510
vt -0.716884 3.969092
vt -0.736798 3.965556
vt -0.733596 3.971044
vt -0.026750 -0.716884
vt -0.019889 -0.716703
vt -0.023952 -0.736798
vt -0.019833 -0.740759
vt -0.726150 2.664330
vt -0.726974 2.635059
vt -0.731400 2.718256
vt -0.705786 2.715215
vt -0.726424 2.743823
vt 0.603872 2.696945
vt 0.618894 2.718256
vt 0.585689 2.635059
vt -0.705941 2.638797
vt -0.726341 2.572162
vt -0.706189 2.534529
vt -0.735707 2.696945
vt -0.734935 2.711589
vt -0.782387 2.117083
vt -0.778679 2.587484
vt -0.778687 2.608601
vt -0.739376 2.592032
vt -0.717531 2.308401
vt 0.443799 -0.708428
vt 0.579653 -0.706060
vt 0.513104 -0.778680
vt -0.778741 2.853507
vt -0.703123 2.978314
vt -0.704259 2.819993
vt -0.778695 3.006188
vt -0.778695 3.021192
vt -0.778702 3.158922
vt -0.702873 3.330280
vt -0.778699 3.316135
vt -0.778678 3.439861
vt -0.702665 3.144982
vt -0.703862 3.507078
vt -0.778691 3.556378
vt -0.778673 3.643790
vt -0.706060 3.702477
vt -0.778680 3.769439
vt -0.704710 3.596957
vt 0.129971 -0.713944
vt 0.293771 -0.711053
vt 0.265362 -0.778691
vt 0.322224 -0.778691
vt 0.406441 -0.778689
vt 0.000000 -0.778691
vt -0.778693 2.786158
vt -0.778658 2.689565
vt -0.738229 2.691577
vt 0.595657 -0.778658
vt 0.603872 -0.735707
vt 0.596806 -0.738229
vt -0.020332 -0.740608
vt -0.015436 -0.721306
vt -0.025133 -0.717517
vt -0.734618 2.305863
vt -0.740608 2.311558
vt -0.717517 2.307680
vt -0.716119 2.301532
vt -0.000168 -0.717531
vt 0.000000 -0.741182
vt -0.000009 0.920176
vt -0.027500 0.920784
vt -0.026208 0.941442
vt 0.000004 0.946039
vt 0.882070 2.461245
vt 0.936855 2.485860
vt 0.925204 2.462786
vt 0.934798 2.469362
vt 0.931334 2.464972
vt 0.842812 2.450455
vt 0.841174 2.507513
vt 0.936250 2.506999
vt 0.178250 0.936250
vt 0.008277 0.841174
vt 0.178250 0.839691
vt 0.330744 0.938601
vt 0.322880 0.838429
vt 0.024108 0.936250
vt 0.009701 0.936250
vt 0.450278 0.881958
vt 0.450931 0.924772
vt 0.446944 0.933700
vt 0.441002 0.936246
vt 0.750705 0.881957
vt 0.567626 0.833791
vt 0.568878 0.832659
vt 0.571463 0.829027
vt 0.573193 0.809582
vt 0.769680 0.806011
vt 0.771029 0.881956
vt 0.788563 0.881947
vt 0.793141 0.805594
vt 0.881947 2.703513
vt 0.805594 2.710279
vt 0.804471 2.828033
vt 0.882968 2.828797
vt 0.564439 0.835624
vt 0.804345 2.873939
vt 0.562858 0.836075
vt 0.881907 2.876038
vt 0.452957 0.839800
vt 0.705911 0.927820
vt 0.700555 0.932773
vt 0.674433 0.933728
vt 0.674596 0.924079
vt 0.700053 0.924634
vt 0.809607 3.565761
vt 0.811499 3.690438
vt 0.881836 3.550649
vt 0.750520 0.376525
vt 0.991182 0.485586
vt 1.012253 0.372165
vt 0.937708 3.125159
vt 0.808535 2.930638
vt 0.807754 3.090717
vt 0.116866 0.881855
vt 0.274836 0.881927
vt 0.156910 0.816572
vt -0.000225 0.844345
vt 0.881866 3.707239
vt 0.448795 0.811499
vt 0.312283 0.813868
vt 0.432700 0.881866
vt 0.000000 0.881865
vt 0.723573 0.402396
vt 0.719870 0.806877
vt 0.830827 0.804888
vt 0.831014 0.881897
vt 0.636188 0.808338
vt 0.658106 0.881902
vt 0.636188 0.936250
vt 0.656999 0.925350
vt 0.643412 0.936250
vt 0.891637 0.803829
vt 0.938272 0.679620
vt 0.881885 3.163596
vt 0.807676 3.256563
vt 0.881905 3.337626
vt 0.808306 3.418165
vt 0.651898 0.933970
vt 0.632239 0.808406
vt -0.018018 0.819787
vt 0.936250 2.930638
vt 0.933728 3.158492
vt 0.924079 3.162464
vt 0.632239 0.936250
vt 0.627666 0.936250
vt 0.627666 0.808486
vt 0.808486 2.916863
vt 0.936250 2.921305
vt 0.936250 2.916863
vt 0.808538 2.921305
vt 0.936250 2.926589
vt 0.808552 2.926589
vt -0.020197 0.843827
vt -0.022056 0.819926
vt 0.820046 3.868477
vt 0.843827 3.862913
vt 0.819926 3.863963
vt 0.836556 3.871196
vt 0.839972 3.865556
vt -0.026563 0.820046
vt -0.023952 0.839972
vt 0.402396 2.912642
vt 0.405830 2.936270
vt 0.806877 2.912674
vt 0.806857 2.936250
vt 0.750756 2.936519
vt 0.723573 2.912642
vt 0.750520 2.912408
vt 0.375641 2.936519
vt 0.405830 2.936270
vt 0.402396 2.912642
vt 1.012253 2.910123
vt 0.987563 2.938586
vt 0.750756 2.936519
vt 0.750520 2.912408
vt 1.034716 3.057348
vt 0.957269 3.435567
vt 0.967169 3.572972
vt 0.886668 3.734793
vt 0.765208 3.894433
vt 0.589414 3.590992
vt 0.653717 3.475868
vt 0.673362 3.451433
vt 0.483872 3.712646
vt 1.018076 3.409981
vt -0.643793 1.194247
vt -0.647512 1.203922
vt -0.642345 1.185022
vt 0.755726 1.201324
vt 0.755870 1.203922
vt 0.759323 1.194247
vt 0.748374 1.217978
vt 0.751635 1.211312
vt 0.751341 1.223935
vt 0.755446 1.234998
vt 0.810165 0.578703
vt 0.795074 0.595941
vt 0.812065 0.569070
vt 0.791100 0.605802
vt 0.603810 1.166026
vt 0.618163 1.171134
vt 0.595941 1.165138
vt 0.791100 0.605802
vt 0.776933 0.618163
vt 0.789748 0.603810
vt 0.795074 0.595941
vt -0.000168 2.308401
vt 0.562912 2.341136
vt 0.561148 2.301311
vt 0.000824 2.334510
vt 0.019953 2.351647
vt 0.291993 2.354435
vt 0.009558 2.347074
vt 0.468269 2.358367
vt 0.793005 3.683721
vt 0.880543 3.504156
vt 0.707418 3.507078
vt 0.763124 3.330280
vt -0.020317 -0.944579
vt -0.028610 -0.923176
vt 0.000003 -0.947673
vt -0.000002 -0.919843
vt 0.960990 1.873397
vt 0.998240 1.885849
vt 1.002868 1.873996
vt 0.999991 1.418069
vt 0.881897 2.909763
vt 0.881907 2.876038
vt 0.804888 2.910115
vt 0.804345 2.873939
vt 0.000000 3.648750
vt -0.100134 3.624967
vt 0.000000 3.636250
vt -0.102916 3.637154
vt -0.195248 3.591686
vt 0.102916 3.637154
vt 0.102916 -0.691250
vt 0.000000 -0.703750
vt 0.100134 -0.703750
vt 0.200671 3.602948
vt 0.100134 3.624967
vt 0.195248 3.591686
vt 0.288364 3.547847
vt 0.280570 3.538074
vt 0.361597 3.474614
vt 0.351824 3.466820
vt 0.416698 3.386921
vt 0.405436 3.381498
vt 0.450904 3.289166
vt 0.000000 -0.691250
vt -0.102916 -0.691250
vt -0.100134 -0.703750
vt -0.200671 3.602948
vt -0.280570 3.538074
vt -0.288364 3.547847
vt -0.351824 3.466820
vt -0.361597 3.474614
vt -0.405436 3.381498
vt -0.416698 3.386921
vt -0.438718 3.286384
vt -0.450904 3.289166
vt -0.691250 3.083334
vt -0.691250 3.186250
vt -0.653750 3.186250
vt -0.102916 -0.691250
vt -0.200671 -0.691250
vt -0.200671 -0.653750
vt -0.653750 3.083334
vt -0.691250 2.985579
vt -0.653750 2.985579
vt -0.691250 2.897886
vt -0.653750 2.897886
vt -0.691250 2.824653
vt -0.653750 2.824653
vt -0.288364 -0.691250
vt -0.288364 -0.653750
vt -0.102916 -0.653750
vt -0.653750 3.289166
vt -0.200671 -0.691250
vt -0.102916 -0.653750
vt -0.200671 -0.653750
vt -0.288364 -0.691250
vt -0.288364 -0.653750
vt -0.361597 -0.691250
vt -0.361597 -0.653750
vt -0.691250 3.386921
vt -0.691250 3.474614
vt -0.653750 3.474614
vt -0.653750 3.386921
vt -0.691250 3.289166
vt 0.288364 -0.691250
vt 0.361597 -0.653750
vt 0.288364 -0.653750
vt -0.691250 3.186250
vt -0.653750 3.083334
vt -0.653750 3.186250
vt -0.691250 3.289166
vt -0.653750 3.289166
vt -0.691250 3.386921
vt -0.653750 3.386921
vt -0.691250 3.474614
vt -0.653750 3.474614
vt 0.361597 -0.691250
vt -0.691250 3.083334
vt 0.200671 -0.691250
vt 0.200671 -0.653750
vt 0.102916 -0.691250
vt 0.102916 -0.653750
vt 0.000000 -0.691250
vt 0.000000 -0.653750
vt -0.102916 -0.691250
vt -0.653750 2.985579
vt -0.691250 2.985579
vt -0.653750 2.897886
vt -0.691250 2.897886
vt -0.653750 2.824653
vt -0.691250 2.824653
vt 0.288364 -0.691250
vt 0.200671 -0.653750
vt 0.288364 -0.653750
vt 0.200671 -0.691250
vt 0.102916 -0.653750
vt 0.102916 -0.691250
vt 0.000000 -0.653750
vt 0.000000 -0.691250
vt -0.566312 3.597700
vt -0.288364 3.547847
vt -0.483744 3.692206
vt -0.385628 3.770451
vt 0.416698 3.386921
vt 0.450904 3.289166
vt 0.655364 3.432212
vt -0.200671 3.602948
vt -0.275118 3.829920
vt -0.102916 3.637154
vt 0.000000 3.648750
vt -0.155765 3.868699
vt 0.288364 3.547847
vt 0.436443 3.733532
vt 0.331708 3.802667
vt 0.200671 3.602948
vt 0.216312 3.851990
vt 0.361597 3.474614
vt 0.527150 3.646807
vt 0.600914 3.545279
vt -0.416698 3.386921
vt -0.361597 3.474614
vt -0.630678 3.489969
vt -0.031405 3.885545
vt 0.102916 3.637154
vt 0.093963 3.879915
vt -0.674774 3.372476
vt 0.536563 2.717469
vt 0.600914 2.827221
vt 0.527150 2.725693
vt 0.611645 2.820809
vt 0.667067 2.935896
vt 0.655364 2.940288
vt 0.611645 3.551691
vt 0.536563 3.655031
vt 0.527150 3.646807
vt 0.667067 3.436605
vt 0.600914 3.545279
vt 0.655364 3.432212
vt 0.701050 3.313472
vt -0.031966 3.898032
vt -0.155765 3.868699
vt -0.031405 3.885545
vt -0.158546 3.880886
vt -0.275118 3.829920
vt -0.280030 3.841414
vt -0.385628 3.770451
vt -0.576425 3.605047
vt -0.630678 3.489969
vt -0.566312 3.597700
vt -0.492382 3.701241
vt -0.483744 3.692206
vt 0.220175 3.863878
vt 0.093963 3.879915
vt 0.216312 3.851990
vt 0.444236 3.743305
vt 0.337631 3.813674
vt 0.331708 3.802667
vt 0.095641 -0.641250
vt -0.031405 -0.653750
vt 0.093963 -0.653750
vt 0.095641 3.892302
vt -0.641940 3.495392
vt -0.686824 3.375801
vt -0.674774 3.372476
vt -0.392514 3.780884
vt 0.436443 3.733532
vt -0.031966 -0.641250
vt -0.611645 2.820809
vt -0.527150 2.725693
vt -0.576425 2.767453
vt 0.566312 2.774800
vt 0.576425 2.767453
vt 0.536563 2.717469
vt 0.630678 2.882531
vt 0.641940 2.877108
vt 0.611645 2.820809
vt 0.674774 3.000024
vt 0.566312 3.597700
vt 0.483744 3.692206
vt 0.576425 3.605047
vt 0.611645 3.551691
vt 0.641940 3.495392
vt 0.630678 3.489969
vt 0.667067 3.436605
vt 0.686824 3.375801
vt 0.674774 3.372476
vt 0.701050 3.313472
vt 0.709632 3.250118
vt 0.697182 3.248997
vt 0.708750 3.248997
vt 0.696250 3.250118
vt 0.696250 3.186250
vt -0.216312 3.851990
vt -0.331708 3.802667
vt -0.220175 3.863878
vt -0.158546 3.880886
vt -0.095641 3.892302
vt -0.093963 3.879915
vt -0.031966 3.898032
vt -0.600914 3.545279
vt -0.655364 3.432212
vt -0.611645 3.551691
vt -0.641940 3.495392
vt -0.667067 3.436605
vt -0.688751 3.311240
vt -0.686824 3.375801
vt 0.385628 3.770451
vt 0.275118 3.829920
vt 0.392514 3.780884
vt 0.337631 3.813674
vt 0.280030 3.841414
vt 0.155765 3.868699
vt 0.220175 3.863878
vt 0.158546 3.880886
vt 0.031405 3.885545
vt 0.095641 3.892302
vt 0.031966 3.898032
vt 0.031405 0.708750
vt -0.093963 0.708750
vt 0.031966 0.696250
vt 0.708750 3.186250
vt 0.696250 3.186250
vt 0.696250 3.250118
vt -0.701050 3.313472
vt -0.700000 3.186250
vt -0.709632 3.250118
vt 0.708750 3.311240
vt 0.696250 3.313472
vt -0.527150 3.646807
vt -0.536563 3.655031
vt -0.492382 3.701241
vt -0.576425 3.605047
vt -0.337631 3.813674
vt -0.436443 3.733532
vt -0.392514 3.780884
vt -0.444236 3.743305
vt -0.280030 3.841414
vt 0.667067 2.935896
vt 0.686824 2.996699
vt 0.536563 3.655031
vt 0.492382 3.701241
vt 0.444236 3.743305
vt -0.667067 2.935896
vt -0.600914 2.827221
vt -0.641940 2.877108
vt -0.655364 2.940288
vt 0.709632 3.122382
vt 0.712500 3.186250
vt 0.697182 3.123502
vt 0.701050 3.059028
vt 0.708750 3.123502
vt 0.696250 3.122382
vt 0.696250 3.122382
vt -0.688751 3.061260
vt -0.709632 3.122382
vt -0.686824 2.996699
vt -0.701050 3.059028
vt 0.696250 2.877108
vt -0.641250 2.820809
vt 0.696250 2.820809
vt -0.641250 3.186250
vt 0.696250 3.186250
vt 0.696250 3.250118
vt 0.696250 3.122382
vt -0.641250 3.059028
vt 0.696250 2.996699
vt 0.696250 3.059028
vt -0.641250 2.935896
vt 0.696250 2.767453
vt 0.696250 2.935896
vt 0.492382 0.696250
vt 0.444236 -0.641250
vt 0.444236 0.696250
vt 0.536563 -0.641250
vt 0.696250 2.767453
vt -0.641250 2.717469
vt 0.696250 2.717469
vt 0.696250 2.671259
vt 0.337631 -0.641250
vt 0.220175 -0.641250
vt 0.280030 0.696250
vt 0.337631 0.696250
vt 0.444236 -0.641250
vt 0.392514 0.696250
vt 0.095641 -0.641250
vt 0.031966 0.696250
vt 0.095641 0.696250
vt 0.158546 0.696250
vt 0.220175 -0.641250
vt -0.220175 0.696250
vt -0.280030 -0.641250
vt -0.280030 0.696250
vt -0.158546 -0.641250
vt -0.158546 -0.641250
vt -0.031966 -0.641250
vt -0.095641 0.696250
vt -0.158546 0.696250
vt 0.158546 0.696250
vt 0.220175 -0.641250
vt 0.220175 0.696250
vt 0.280030 0.696250
vt 0.095641 -0.641250
vt 0.095641 0.696250
vt 0.337631 -0.641250
vt -0.362096 2.545512
vt -0.355741 2.481255
vt -0.358953 2.576439
vt -0.423332 2.559356
vt -0.219723 2.392604
vt -0.415695 2.462627
vt -0.550000 2.387249
vt -0.449956 2.500530
vt -0.731902 3.222811
vt -0.701823 2.962864
vt -0.702500 3.186250
vt -0.678224 3.245133
vt -0.689950 3.385157
vt -0.600581 3.261899
vt -0.558161 2.672478
vt -0.713106 3.369105
vt -0.728820 3.073434
vt -0.474277 3.350122
vt -0.497005 3.382576
vt -0.495960 3.127940
vt 0.006250 2.691289
vt 0.007136 2.682628
vt 0.130054 2.710626
vt 0.006250 2.387249
vt 0.190896 2.383373
vt 0.137370 2.423924
vt 0.237204 2.424474
vt 0.550000 2.387249
vt 0.384305 2.462627
vt 0.306553 2.562540
vt 0.217335 2.480794
vt 0.350044 2.500530
vt -0.160696 2.720147
vt -0.234833 2.661650
vt -0.259251 2.586074
vt 0.365738 2.549153
vt -0.007108 -0.733920
vt -0.024181 -0.721003
vt -0.160696 -0.730509
vt -0.137979 2.448215
vt -0.006250 2.387249
vt -0.007108 2.682681
vt -0.183653 2.489577
vt -0.236000 2.451398
vt 0.509504 3.391929
vt 0.490673 3.368993
vt 0.695491 3.384256
vt -0.331294 2.818157
vt -0.388095 2.669385
vt -0.683883 3.133025
vt -0.625000 3.108750
vt -0.586250 3.119133
vt -0.351250 2.712101
vt -0.288136 2.720467
vt -0.155350 2.394551
vt -0.024181 2.699084
vt 0.693331 2.934598
vt 0.714444 3.017925
vt 0.587463 2.721431
vt -0.006250 2.691289
vt -0.557883 3.147500
vt -0.430932 2.951114
vt 0.550000 2.339413
vt -0.006250 2.352249
vt -0.550000 2.339413
vt 0.006250 2.352249
vt 0.152586 2.473895
vt 0.234833 2.628318
vt 0.259251 2.703894
vt 0.272263 2.775820
vt 0.336901 2.720579
vt 0.363582 2.855255
vt 0.732534 3.206515
vt 0.714967 3.349778
vt 0.699232 3.222254
vt 0.608321 3.263973
vt 0.554424 2.625319
vt 0.434262 2.473346
vt 0.449956 2.521970
vt 0.415695 2.559873
vt 0.394678 2.639056
vt 0.586250 3.119133
vt 0.661004 3.112018
vt 0.550000 2.298860
vt -0.550000 2.298860
vt 0.435901 2.956698
vt 0.542625 3.192192
vt 0.489242 3.106142
vt -0.547358 3.202910
vt -0.733750 2.387249
vt -0.733884 2.682628
vt -0.728750 2.691289
vt -0.728750 2.352249
vt -0.615188 1.217204
vt -0.580128 1.199265
vt -0.603750 1.236071
vt -0.584370 1.238089
vt 0.770812 3.532014
vt 0.770812 3.492583
vt 0.830331 3.520272
vt -0.364351 0.770812
vt -0.324529 0.770812
vt -0.380136 0.830998
vt 0.770812 3.551669
vt 0.830998 3.569832
vt 0.830998 3.524115
vt 0.770812 3.512237
vt -0.288355 0.830331
vt -0.333887 0.830998
vt -0.324529 3.482694
vt -0.296053 3.512237
vt -0.288355 3.443523
vt -0.364351 3.492583
vt -0.380136 3.441486
vt -0.414478 3.474605
vt 0.830331 3.474605
vt 0.830331 3.477814
vt -0.255420 3.477814
vt 0.829239 3.566520
vt -0.307401 3.551669
vt -0.291565 3.602581
vt -0.257225 3.569832
vt -0.347224 0.770812
vt -0.337729 0.830331
vt -0.291565 0.830331
vt -0.347224 3.561557
vt -0.375698 3.532014
vt -0.383397 3.600728
vt -0.416029 3.566520
vt -0.383397 0.830331
vt -0.307401 0.770812
vt 0.307400 3.492583
vt 0.291565 3.441670
vt 0.257273 3.474605
vt 0.770812 3.492583
vt 0.830331 3.474605
vt 0.830998 3.520136
vt 0.296053 3.532014
vt 0.255236 3.566386
vt 0.288355 3.600728
vt 0.770812 3.512237
vt 0.830331 3.523979
vt 0.830331 3.477814
vt 0.375698 3.512237
vt 0.416331 3.477814
vt 0.383582 3.443475
vt 0.307400 0.770812
vt 0.347223 0.770812
vt 0.291565 0.830331
vt 0.347223 3.482694
vt 0.383582 0.830998
vt 0.337865 0.830998
vt 0.770812 3.551669
vt 0.830331 3.569647
vt 0.364351 0.770812
vt 0.324528 0.770812
vt 0.380270 0.829239
vt 0.334023 0.830331
vt 0.364351 3.551669
vt 0.380270 3.602279
vt 0.414478 3.569647
vt 0.288355 0.830331
vt 0.324528 3.561557
vt 0.770812 3.532014
vt 0.830998 3.566386
vt 0.324528 0.770812
vt 0.288355 0.830331
vt 0.333887 0.830998
vt 0.307401 0.770812
vt 0.347224 0.770812
vt 0.291482 0.829239
vt 0.770812 2.860263
vt 0.830998 2.848385
vt 0.830331 2.894685
vt 0.770812 2.820831
vt 0.324528 2.889806
vt 0.296053 2.860263
vt 0.288355 2.928977
vt 0.770812 2.879918
vt 0.830998 2.898080
vt 0.829239 2.852004
vt 0.375698 2.840486
vt 0.416331 2.806063
vt 0.383093 2.771851
vt 0.770812 2.840486
vt 0.830331 2.806063
vt 0.255420 2.894685
vt 0.347224 2.810943
vt 0.337729 0.830331
vt 0.380136 0.830998
vt 0.383093 0.829239
vt 0.364351 0.770812
vt 0.364351 2.879918
vt 0.380136 2.931014
vt 0.414527 2.898080
vt 0.307401 2.820831
vt 0.291482 2.770221
vt 0.257273 2.802853
vt 0.830331 2.802853
vt -0.364351 2.820831
vt -0.380187 2.769919
vt -0.414399 2.803156
vt -0.347224 0.770812
vt -0.337865 0.830998
vt -0.291565 0.830331
vt -0.324528 2.810943
vt -0.296053 2.840486
vt -0.288355 2.771772
vt -0.324528 0.770812
vt -0.288355 0.830331
vt -0.334246 0.829239
vt -0.380187 0.830331
vt -0.364351 0.770812
vt -0.307401 2.879918
vt -0.291565 2.930830
vt -0.257273 2.897895
vt 0.770812 2.840486
vt 0.770812 2.879918
vt 0.830998 2.852363
vt -0.383582 0.830998
vt 0.770812 2.860263
vt 0.830331 2.848521
vt 0.830998 2.894635
vt -0.375698 2.860263
vt -0.416516 2.894635
vt -0.383582 2.929025
vt -0.347224 2.889806
vt 0.829239 2.805980
vt -0.255722 2.805980
vt 0.830331 2.897895
vt -0.307401 0.770812
vt 0.770812 2.820831
vt 0.829239 2.803156
vt 0.504876 -0.658751
vt 0.478939 -0.721140
vt 0.509504 -0.721568
vt -0.658751 3.389967
vt -0.658774 3.354809
vt -0.721140 3.366780
vt 0.490673 -0.734208
vt 0.005258 -0.658750
vt -0.119463 -0.658750
vt -0.024181 -0.721003
vt -0.331294 -0.729317
vt -0.160696 -0.730509
vt -0.259002 -0.721245
vt -0.732348 3.127940
vt -0.726916 2.951114
vt -0.721250 3.090454
vt -0.730319 3.106142
vt -0.734208 3.368993
vt -0.721691 3.191026
vt -0.658750 2.841698
vt -0.727999 2.855255
vt -0.730341 2.956698
vt -0.658774 3.354809
vt -0.658773 3.117282
vt 0.245398 -0.658750
vt 0.363582 -0.727999
vt 0.344877 -0.658750
vt -0.721140 3.366780
vt 0.129631 -0.658750
vt 0.272263 -0.729421
vt 0.130054 -0.726797
vt -0.658768 2.853864
vt -0.658837 3.006473
vt -0.729317 2.818157
vt -0.658750 3.170936
vt -0.658759 3.329520
vt -0.722229 3.350122
vt -0.658750 2.941248
vt -0.359139 -0.658768
vt -0.236255 -0.658750
vt -0.730873 3.382576
vt -0.658750 3.387874
vt -0.694937 3.148786
vt -0.733019 3.112018
vt -0.733019 3.222254
vt -0.694937 3.206531
vt 0.587535 3.165970
vt 0.586250 3.119133
vt 0.661004 3.112018
vt 0.645281 -0.694937
vt 0.587535 -0.694937
vt 0.661004 -0.733019
vt -0.694937 3.223715
vt -0.733652 3.263973
vt -0.733099 3.192192
vt 0.587535 3.165970
vt 0.604719 3.223715
vt 0.542625 3.192192
vt 0.662464 -0.694937
vt 0.699232 -0.733019
vt 0.608321 -0.733652
vt 0.604719 3.223715
vt 0.662464 3.206531
vt 0.608321 3.263973
vt 0.275035 -0.694937
vt 0.234833 -0.733597
vt 0.306553 -0.733164
vt 0.332781 2.607520
vt 0.275035 2.624704
vt 0.306553 2.562540
vt 0.275035 2.624704
vt 0.292219 2.682449
vt 0.234833 2.628318
vt 0.259251 2.703894
vt 0.292219 -0.694937
vt 0.336901 -0.733597
vt 0.259251 -0.733571
vt 0.292219 2.682449
vt 0.349965 2.665264
vt 0.336901 2.720579
vt -0.733920 2.682681
vt -0.733750 2.387249
vt -0.728750 2.691289
vt -0.728750 2.352249
vt -0.695812 2.673459
vt -0.733597 2.661650
vt -0.733482 2.720467
vt -0.322389 2.684807
vt -0.351250 2.712101
vt -0.388095 2.669385
vt -0.355085 2.646153
vt -0.282957 2.673459
vt -0.276204 2.622679
vt -0.234833 2.661650
vt -0.694937 2.622679
vt -0.733571 2.586074
vt -0.322389 -0.695812
vt -0.288136 -0.733482
vt -0.351250 -0.733750
vt -0.288136 2.720467
vt -0.276204 2.622679
vt -0.323848 2.605552
vt -0.259251 2.586074
vt -0.323848 -0.695812
vt -0.358953 -0.733298
vt -0.259251 -0.733571
vt -0.323848 2.605552
vt -0.355085 2.646153
vt -0.358953 2.576439
vt -0.694937 2.646153
vt -0.733597 2.669385
vt -0.733298 2.576439
vt -0.664432 3.197598
vt -0.702500 3.186250
vt -0.683883 3.133025
vt -0.694937 3.206531
vt -0.733571 3.202910
vt -0.733652 3.261899
vt -0.634889 3.226073
vt -0.678224 3.245133
vt -0.634889 -0.695812
vt -0.600581 -0.733652
vt -0.678224 -0.733536
vt -0.587535 3.206531
vt -0.600581 3.261899
vt -0.695812 3.197598
vt -0.733536 3.245133
vt -0.733750 3.186250
vt -0.647305 3.149954
vt -0.596525 3.156707
vt -0.647305 3.149954
vt -0.586250 3.119133
vt -0.557883 3.147500
vt -0.547358 3.202910
vt -0.647305 -0.694937
vt -0.683883 -0.733536
vt -0.625000 -0.733750
vt -0.625000 3.108750
vt -0.587535 3.206531
vt -0.427708 3.520272
vt -0.443232 3.620208
vt -0.416029 3.566520
vt 0.521796 3.522365
vt 0.427708 3.523979
vt 0.414478 3.569647
vt 0.243909 3.520136
vt -0.010713 3.802480
vt 0.255236 3.566386
vt 0.243909 2.848385
vt -0.005258 2.868722
vt 0.093983 2.884241
vt 0.182552 2.927198
vt 0.255420 2.894685
vt 0.253669 2.996289
vt 0.288355 2.928977
vt 0.299954 3.083974
vt 0.198746 3.774250
vt 0.288355 3.600728
vt 0.324499 3.715348
vt 0.334023 3.613958
vt 0.433336 3.630090
vt 0.380270 3.602279
vt 0.337865 3.430159
vt 0.317528 3.180992
vt 0.302009 3.280233
vt 0.259052 3.368802
vt -0.182552 3.445301
vt -0.253669 3.376211
vt -0.255420 3.477814
vt -0.243909 3.524115
vt -0.093983 3.488259
vt 0.005258 3.503778
vt -0.618652 3.120051
vt -0.615214 3.249801
vt -0.383582 2.929025
vt -0.416516 2.894635
vt -0.553849 2.885093
vt -0.427708 2.848521
vt 0.333887 2.942341
vt 0.616218 3.197822
vt 0.383582 3.443475
vt 0.416331 3.477814
vt 0.583463 3.397944
vt 0.291565 3.441670
vt -0.380136 3.441486
vt -0.587721 3.385820
vt -0.414478 3.474605
vt -0.528642 3.511491
vt -0.257225 3.569832
vt -0.291565 3.602581
vt -0.210875 3.770010
vt -0.337729 3.613958
vt -0.335383 3.708517
vt -0.383397 3.600728
vt -0.337865 2.942341
vt -0.302009 3.092267
vt -0.259052 3.003698
vt -0.291565 2.930830
vt -0.189961 2.932581
vt 0.550000 2.816495
vt 0.414527 2.898080
vt 0.563569 2.897684
vt -0.257273 2.897895
vt -0.102276 2.886296
vt -0.243909 2.852363
vt -0.000000 2.412249
vt 0.257273 2.802853
vt 0.291482 2.770221
vt -0.550000 2.412249
vt -0.380187 2.769919
vt -0.334246 2.758762
vt -0.288355 2.771772
vt -0.333887 3.430159
vt -0.317528 3.191508
vt -0.299954 3.288526
vt 0.708750 3.393324
vt 0.708736 3.163835
vt 0.821250 3.257037
vt 0.820843 3.108832
vt 0.829689 3.397944
vt 0.708750 3.568562
vt 0.708750 2.432959
vt 0.817958 2.380085
vt 0.829699 2.897684
vt 0.829689 3.522365
vt -0.069916 0.821250
vt 0.011415 0.708692
vt 0.069916 0.821250
vt -0.261032 0.708750
vt 0.708750 2.883390
vt 0.198746 0.829689
vt 0.832001 3.249801
vt 0.829256 3.120051
vt 0.708719 3.240756
vt 0.829689 3.385820
vt 0.829689 3.511491
vt 0.708750 3.470836
vt 0.380136 2.931014
vt 0.830435 3.620208
vt 0.337729 2.758542
vt 0.548303 2.378706
vt 0.383093 2.771851
vt 0.416331 2.806063
vt 0.427487 2.852004
vt -0.414399 2.803156
vt -0.335383 0.829689
vt -0.441632 0.708750
vt 0.189961 3.439919
vt 0.257273 3.474605
vt 0.102276 3.486204
vt 0.562541 2.380085
vt 0.708750 3.103781
vt 0.820901 2.880231
vt 0.708750 2.872244
vt -0.288355 3.443523
vt 0.283799 0.708750
vt 0.324499 0.829689
vt -0.210875 0.829689
vt 0.620865 3.108832
vt 0.833851 3.197822
vt 0.620978 3.257037
vt -0.069916 3.807327
vt 0.069916 3.807327
vt -0.010713 0.833851
vt -0.255722 2.805980
vt 0.708750 3.628502
vt -0.443232 0.830435
vt 0.498856 0.708750
vt 0.433336 0.830435
vt 0.830435 3.630090
vt 0.362500 -0.603750
vt 0.362500 -0.584370
vt 0.550915 -0.608847
vt 0.555878 -0.574217
vt 0.362500 1.238089
vt 0.362500 1.199265
vt 0.551843 1.228890
vt 0.557796 1.197235
vt 0.362500 0.607372
vt 0.559244 0.573092
vt 0.557796 0.604660
vt 0.362500 0.571434
vt 0.708750 3.530744
vt 0.708750 3.561220
vt 0.770812 3.551669
vt 0.770812 3.512237
vt -0.323257 0.708750
vt -0.347224 0.770812
vt -0.307401 0.770812
vt -0.363423 0.708750
vt 0.708750 3.552601
vt 0.770812 3.532014
vt 0.770812 3.561557
vt 0.708750 3.513507
vt 0.708750 3.513507
vt 0.708750 3.483032
vt 0.770812 3.492583
vt 0.770812 3.532014
vt -0.348494 0.708750
vt -0.324529 0.770812
vt -0.364351 0.770812
vt -0.308328 0.708750
vt 0.708750 3.491651
vt 0.770812 3.512237
vt 0.770812 3.482694
vt 0.708750 3.530744
vt 0.708750 3.530744
vt 0.708750 3.561220
vt 0.770812 3.551669
vt 0.770812 3.512237
vt 0.348495 0.708750
vt 0.308329 0.708750
vt 0.324528 0.770812
vt 0.364351 0.770812
vt 0.708750 3.552601
vt 0.708750 3.513507
vt 0.770812 3.532014
vt 0.770812 3.561557
vt 0.708750 3.513507
vt 0.708750 3.483032
vt 0.770812 3.492583
vt 0.770812 3.532014
vt 0.323257 0.708750
vt 0.363423 0.708750
vt 0.347223 0.770812
vt 0.307400 0.770812
vt 0.708750 3.491651
vt 0.708750 3.530744
vt 0.770812 3.512237
vt 0.770812 3.482694
vt 0.708750 2.858993
vt 0.770812 2.879918
vt 0.770812 2.840486
vt 0.708750 2.889468
vt 0.348495 0.708750
vt 0.308329 0.708750
vt 0.324528 0.770812
vt 0.364351 0.770812
vt 0.708750 2.880850
vt 0.708750 2.841756
vt 0.770812 2.860263
vt 0.770812 2.889806
vt 0.708750 2.841756
vt 0.708750 2.811280
vt 0.770812 2.820831
vt 0.770812 2.860263
vt 0.323257 0.708750
vt 0.363423 0.708750
vt 0.347224 0.770812
vt 0.307401 0.770812
vt 0.708750 2.819899
vt 0.708750 2.858993
vt 0.770812 2.840486
vt 0.770812 2.810943
vt 0.708750 3.337638
vt 0.708750 3.186250
vt 0.829714 3.288526
vt 0.000000 0.708750
vt -0.005258 0.830970
vt -0.102276 0.829715
vt 0.830970 3.191508
vt 0.708750 3.186250
vt 0.708750 3.321541
vt 0.830970 3.180992
vt 0.708750 3.050959
vt 0.828538 3.092267
vt 0.000000 0.708750
vt 0.005258 0.830970
vt 0.102276 0.829714
vt 0.708750 2.909032
vt 0.829714 3.003698
vt 0.708750 3.463468
vt 0.829714 3.439919
vt 0.829714 3.368802
vt 0.151387 0.708750
vt 0.189961 0.829714
vt 0.828538 3.280233
vt -0.151387 0.708750
vt -0.189961 0.829714
vt 0.829714 2.932581
vt 0.829714 3.376211
vt -0.135290 0.708750
vt -0.277218 0.708750
vt -0.182552 0.829714
vt -0.093983 0.828538
vt -0.253669 0.829714
vt 0.135291 0.708750
vt 0.182552 0.829715
vt 0.093983 0.828538
vt 0.277218 0.708750
vt 0.829714 3.083974
vt 0.708750 3.034862
vt 0.829714 2.996289
vt 0.253669 0.829714
vt 0.708750 2.858993
vt 0.770812 2.879918
vt 0.770812 2.840486
vt 0.708750 2.889468
vt -0.323257 0.708750
vt -0.347224 0.770812
vt -0.307401 0.770812
vt -0.363423 0.708750
vt 0.708750 2.880850
vt 0.770812 2.860263
vt 0.770812 2.889806
vt 0.708750 2.841755
vt 0.708750 2.841755
vt 0.770812 2.820831
vt 0.770812 2.860263
vt 0.708750 2.811280
vt -0.348495 0.708750
vt -0.308329 0.708750
vt -0.324528 0.770812
vt -0.364351 0.770812
vt 0.708750 2.819899
vt 0.708750 2.858993
vt 0.770812 2.840486
vt 0.770812 2.810943
vt 0.702408 -0.658750
vt 0.504876 -0.658751
vt 0.509504 -0.721568
vt 0.695491 -0.729167
vt -0.494385 -0.658750
vt -0.706210 -0.658750
vt -0.689950 -0.731343
vt -0.497005 -0.730873
vt -0.642382 2.419794
vt -0.733986 2.394551
vt -0.733736 2.448215
vt -0.183653 -0.733750
vt -0.203195 -0.658750
vt -0.157187 -0.658750
vt -0.657837 2.448450
vt -0.658750 2.457959
vt -0.654944 2.438825
vt -0.137979 -0.733736
vt -0.658750 2.476661
vt -0.139284 -0.642382
vt -0.178498 -0.607013
vt -0.155350 -0.733986
vt -0.178498 -0.607013
vt -0.220867 -0.619912
vt -0.219723 -0.734042
vt -0.155350 -0.733986
vt -0.654796 2.436455
vt -0.658750 2.457959
vt -0.733717 2.451398
vt -0.183653 -0.733750
vt -0.236000 -0.733717
vt -0.203195 -0.658750
vt -0.658750 2.461125
vt -0.230585 -0.658750
vt -0.734042 2.392604
vt -0.619912 2.398407
vt -0.733745 2.424474
vt -0.733776 2.480794
vt -0.654191 2.432432
vt -0.658750 2.476661
vt 0.240058 -0.654191
vt 0.190896 -0.733502
vt 0.237204 -0.733745
vt -0.654191 2.432432
vt -0.607015 2.385503
vt -0.733502 2.383373
vt 0.142384 -0.634626
vt 0.137370 -0.733753
vt 0.190896 -0.733502
vt 0.196502 -0.607015
vt -0.657837 2.448450
vt -0.658750 2.457959
vt -0.733753 2.423924
vt -0.733757 2.473895
vt -0.654944 2.438825
vt -0.634626 2.409604
vt -0.658750 2.483382
vt 0.217335 -0.733776
vt 0.165147 -0.658750
vt 0.217813 -0.658750
vt 0.152586 -0.733757
vt -0.658750 2.669501
vt -0.729680 2.721431
vt -0.720847 2.620109
vt -0.658750 3.015558
vt -0.658750 3.214847
vt -0.730429 3.206515
vt -0.729719 3.349778
vt -0.658750 3.386883
vt -0.729167 3.384256
vt -0.732514 3.017925
vt -0.721355 2.934598
vt -0.713765 2.339992
vt -0.657544 2.447117
vt -0.658750 2.457959
vt -0.567862 2.346360
vt -0.643750 2.237261
vt -0.633628 1.230420
vt -0.644105 2.422604
vt -0.650075 2.265701
vt -0.658750 2.684078
vt -0.695812 2.684807
vt -0.694937 2.646153
vt -0.658750 2.653603
vt -0.284953 -0.658750
vt -0.282957 -0.695812
vt -0.322389 -0.695812
vt -0.325119 -0.658750
vt -0.658750 2.675459
vt -0.658750 2.636365
vt -0.695812 2.673459
vt -0.694937 2.622679
vt -0.658750 2.614509
vt -0.694937 2.646153
vt -0.695812 2.605552
vt -0.658750 2.653603
vt -0.637619 -0.658750
vt -0.634889 -0.695812
vt -0.664432 -0.695812
vt -0.658750 3.194869
vt -0.658750 3.225344
vt -0.695812 3.197598
vt -0.597453 -0.658750
vt -0.587535 -0.694937
vt -0.634889 -0.695812
vt -0.637619 -0.658750
vt -0.612381 -0.658750
vt -0.652547 -0.658750
vt -0.647305 -0.694937
vt -0.596525 -0.695812
vt -0.658750 3.194869
vt -0.695812 3.197598
vt -0.694937 3.149954
vt -0.658750 3.155775
vt -0.658750 3.194869
vt -0.658750 3.225344
vt -0.694937 3.223715
vt -0.694937 3.165970
vt 0.652547 -0.658750
vt 0.662464 -0.694937
vt 0.604719 -0.694937
vt 0.612381 -0.658750
vt -0.658750 3.177631
vt -0.658750 3.147156
vt -0.694937 3.148786
vt -0.694937 3.206531
vt 0.597453 -0.658750
vt 0.587535 -0.694937
vt 0.645281 -0.694937
vt 0.637619 -0.658750
vt -0.658750 2.653603
vt -0.658750 2.684078
vt -0.694937 2.682449
vt -0.694937 2.624704
vt 0.299881 -0.658750
vt 0.340047 -0.658750
vt 0.292219 -0.694937
vt 0.349965 -0.694937
vt -0.658750 2.636365
vt -0.694937 2.607520
vt -0.694937 2.665264
vt -0.658750 2.605890
vt 0.325119 -0.658750
vt 0.284953 -0.658750
vt 0.332781 -0.694937
vt 0.275035 -0.694937
vt -0.658750 2.559356
vt -0.658750 2.500530
vt -0.733750 2.545512
vt -0.733750 2.481255
vt -0.384305 -0.658750
vt -0.434262 -0.658750
vt -0.415695 -0.733750
vt -0.658750 2.500530
vt -0.658750 2.462627
vt -0.733750 2.481255
vt -0.355741 -0.733750
vt -0.658750 2.473346
vt -0.733750 2.500530
vt -0.733750 2.462627
vt -0.658750 2.534582
vt -0.658750 2.521970
vt -0.733750 2.549153
vt -0.733750 2.500530
vt 0.350044 -0.658750
vt 0.396153 -0.658750
vt 0.365738 -0.733750
vt 0.415695 -0.733750
vt 0.396153 -0.658750
vt 0.448623 -0.658750
vt 0.415695 -0.733750
vt -0.658750 2.526945
vt -0.733750 2.521970
vt -0.733750 2.559873
vt -0.658750 2.526945
vt -0.658750 2.466991
vt -0.733750 2.521970
vt -0.733750 2.473346
vt 0.429995 -0.658750
vt 0.384305 -0.733750
vt 0.434262 -0.733750
vt 0.365738 -0.658750
vt -0.658750 2.473346
vt -0.733750 2.500530
vt -0.733750 2.462627
vt -0.658750 2.521970
vt -0.701823 2.962864
vt -0.577961 2.682669
vt -0.558161 2.672478
vt -0.562500 2.551821
vt -0.658750 3.383888
vt -0.730429 3.222811
vt -0.721581 3.369105
vt -0.658750 3.214847
vt -0.658737 2.983220
vt -0.730604 2.962864
vt -0.721250 3.073434
vt -0.658750 2.668014
vt -0.658750 2.459730
vt -0.721250 2.551821
vt -0.721040 2.682669
vt 0.550000 2.237261
vt -0.550000 2.237261
vt -0.548434 1.161311
vt 0.559233 1.147721
vt 0.550000 1.218750
vt -0.550000 1.077329
vt 0.558493 1.083032
vt -0.562615 1.107255
vt 0.549668 1.157264
vt -0.559233 1.147721
vt -0.550000 1.218750
vt -0.558493 1.083032
vt 0.550000 1.077329
vt 0.610643 1.107255
vt 0.527160 1.035228
vt 0.597671 1.077329
vt 0.562615 1.107255
vt -0.362500 1.238089
vt -0.362500 1.209370
vt -0.555878 1.230946
vt -0.558741 1.198518
vt -0.362500 0.574411
vt -0.362500 0.598059
vt -0.558741 0.580281
vt -0.558209 0.608497
vt 0.194633 1.018750
vt 0.246297 1.018750
vt 0.199990 1.168750
vt 0.249225 1.168750
vt 0.610643 1.107255
vt 0.643750 1.218750
vt 0.625604 1.216452
vt 0.527160 1.035228
vt 0.573092 1.205058
vt 0.531250 1.218750
vt 0.527444 1.199616
vt 0.564497 1.228192
vt 0.516605 1.183395
vt 0.500384 1.172556
vt 0.604660 1.197235
vt 0.481250 1.168750
vt 0.456250 1.031250
vt -0.189443 1.168750
vt 0.648155 1.157264
vt 0.612482 1.228890
vt 0.583610 1.237482
vt 0.557031 0.527160
vt 0.562500 0.456250
vt 0.550000 0.456250
vt 0.550000 0.189443
vt -0.516605 1.183395
vt -0.580281 1.198518
vt -0.500384 1.172556
vt -0.574217 1.230946
vt -0.563709 1.225196
vt -0.531250 1.218750
vt -0.531250 2.257972
vt -0.608497 1.200833
vt -0.587301 1.188695
vt -0.608847 1.234878
vt -0.623791 1.212304
vt -0.525588 1.035602
vt -0.638121 1.147721
vt -0.633628 1.230420
vt -0.656250 1.218750
vt -0.597141 1.083032
vt -0.481250 1.168750
vt -0.189443 1.168750
vt -0.527444 1.199616
vt 0.562559 2.339992
vt 0.550000 2.339413
vt 0.550000 2.298860
vt -0.713765 2.339992
vt -0.697138 2.298860
vt -0.670895 2.272617
vt -0.650075 2.265701
vt 0.551843 0.583610
vt 0.562417 0.603188
vt 0.562500 0.578750
vt 0.583610 1.237482
vt 0.612482 1.228890
vt 0.603188 1.247989
vt 0.562500 2.457959
vt 0.311375 2.459730
vt 0.429995 2.466991
vt 0.570420 2.669501
vt 0.448623 2.526945
vt 0.396153 2.564577
vt 0.325119 2.605890
vt 0.365738 2.473346
vt 0.217813 2.476661
vt 0.240058 2.432432
vt 0.350044 2.521970
vt -0.526406 1.034601
vt -0.456250 1.031250
vt -0.456250 1.018750
vt -0.189443 1.018750
vt -0.573092 1.205058
vt -0.526406 1.034601
vt -0.610643 1.107255
vt -0.500384 1.172556
vt -0.456250 1.031250
vt -0.612482 1.228890
vt -0.604660 1.197235
vt -0.625604 1.216452
vt -0.481250 1.168750
vt -0.189443 1.168750
vt -0.516605 1.183395
vt 0.531250 2.182972
vt 0.567862 2.271360
vt 0.540765 2.230807
vt 0.531250 1.218750
vt 0.578750 1.244731
vt -0.567862 2.346360
vt -0.531250 2.257972
vt -0.540765 2.305807
vt -0.593750 1.248750
vt -0.574217 1.230946
vt 0.694105 2.397604
vt 0.789291 2.321134
vt 0.817958 2.380085
vt 0.567862 2.271360
vt 0.643750 2.162261
vt 0.651747 2.193794
vt 0.603188 1.247989
vt -0.603188 1.247989
vt -0.625604 1.216452
vt -0.643750 2.237261
vt -0.531250 2.257972
vt -0.531250 1.218750
vt -0.578750 1.244731
vt -0.643750 1.218750
vt -0.567862 2.346360
vt 0.580281 1.198518
vt 0.500384 1.172556
vt 0.516605 1.183395
vt 0.638121 1.147721
vt 0.597141 1.083032
vt 0.608497 1.200833
vt 0.523442 1.034471
vt 0.481250 1.168750
vt 0.319756 1.168750
vt 0.587301 1.188695
vt -0.596674 4.083061
vt -0.604885 4.115270
vt -0.647241 4.073348
vt -0.637225 3.971383
vt -0.653158 4.018750
vt -0.667453 3.999933
vt -0.654234 3.944250
vt -0.618653 3.924889
vt -0.550819 3.930916
vt -0.530297 3.941683
vt -0.503749 3.982108
vt -0.658988 4.092311
vt -0.676942 4.074768
vt -0.695966 4.016011
vt -0.690859 4.004422
vt -0.662631 3.946523
vt -0.577524 3.951592
vt -0.507114 3.968731
vt -0.680386 3.968731
vt -0.496909 4.023064
vt -0.000008 4.031409
vt 0.037039 4.062633
vt 0.037715 4.018750
vt 0.051338 4.073348
vt 0.051224 3.999933
vt 0.609963 3.951596
vt 0.684989 3.982233
vt 0.688290 4.020021
vt 0.636660 3.930959
vt 0.680386 3.968731
vt 0.657176 3.941651
vt 0.620340 4.114550
vt 0.530148 4.093159
vt 0.577665 4.092348
vt 0.629703 4.081023
vt 0.596909 4.118714
vt 0.548866 4.108182
vt 0.593750 3.918711
vt 0.541102 3.931424
vt 0.566164 3.922589
vt 0.614063 3.921002
vt 0.045774 0.541102
vt 0.042536 0.524636
vt 0.042536 0.543730
vt 0.042536 0.566164
vt 0.050789 4.020021
vt 0.043841 4.024483
vt 0.041340 4.064555
vt 0.673155 4.073823
vt 0.688290 4.020021
vt 0.684245 4.064555
vt 0.048396 3.982233
vt 0.125000 4.108750
vt 0.136621 4.086615
vt 0.142594 4.090989
vt 0.145562 4.094529
vt 0.148436 4.100047
vt 0.125000 4.083750
vt 0.055467 4.108784
vt 0.149921 4.105910
vt 0.150013 4.240804
vt -0.125000 4.108750
vt -0.093207 4.081967
vt -0.063022 4.108757
vt -0.133481 4.085232
vt -0.052959 4.083713
vt -0.147135 4.097129
vt -0.142594 4.090989
vt -0.150000 4.108750
vt -0.139221 4.088188
vt -0.542955 3.957447
vt 0.044814 3.946523
vt 0.042536 3.968731
vt -0.648556 -0.572819
vt -0.655316 -0.560708
vt 0.042536 -0.573493
vt -0.624056 -0.621034
vt -0.641456 -0.593750
vt 0.042536 -0.621341
vt -0.550819 3.930916
vt -0.618653 3.924889
vt -0.563300 3.921792
vt 0.042536 -0.643770
vt 0.042536 -0.593750
vt -0.598235 -0.646091
vt 0.044814 -0.662631
vt -0.542955 -0.677407
vt 0.043258 -0.563300
vt -0.662631 3.946523
vt -0.643770 3.932114
vt 0.049493 -0.550819
vt 0.044760 -0.530297
vt 0.049898 -0.654234
vt 0.049313 -0.618653
vt -0.593750 3.918711
vt 0.049466 4.004422
vt 0.043909 4.016011
vt -0.463621 4.000543
vt -0.635297 -0.514757
vt -0.546502 -0.373790
vt -0.500026 -0.373953
vt -0.511585 -0.401084
vt -0.455620 -0.400882
vt -0.558525 -0.401233
vt -0.206192 -0.400016
vt -0.393573 -0.400678
vt -0.219688 -0.374880
vt -0.400016 3.877098
vt -0.374880 3.869950
vt -0.374992 3.894805
vt 0.928257 1.218738
vt 0.931134 1.243775
vt 0.694709 1.243805
vt 0.679284 1.218707
vt -0.019908 1.243863
vt -0.563512 1.246281
vt -0.032374 1.218555
vt 0.003875 1.218707
vt -0.562679 1.215490
vt -0.679284 1.243793
vt -0.930137 1.243766
vt -0.694710 1.218695
vt -0.929206 1.218730
vt -0.019908 1.218637
vt -0.563163 1.216214
vt -0.032374 1.243945
vt -0.563197 1.246679
vt -0.818116 1.343682
vt -0.930144 1.343766
vt -0.804261 1.318692
vt -0.929213 1.318730
vt -0.570664 1.211538
vt -0.564225 1.212107
vt -0.569840 1.251255
vt -0.570646 1.162692
vt 0.664610 1.175150
vt 0.668722 1.190506
vt 0.644082 1.156396
vt -0.572373 1.175150
vt -0.567250 1.216217
vt -0.567011 1.190506
vt -0.638624 1.215535
vt -0.565924 1.247151
vt -0.565924 1.169020
vt 0.532665 1.162692
vt 0.570002 1.140798
vt 0.532244 1.169020
vt -0.563550 1.201886
vt 0.535599 1.169395
vt 0.571051 1.147036
vt 0.613588 1.139452
vt 0.629143 1.149497
vt 0.664150 1.215490
vt 0.674175 1.216217
vt -0.751692 1.279366
vt -0.776900 1.198424
vt -0.572373 0.664610
vt -0.568646 0.613588
vt -0.676084 0.644988
vt -0.745121 0.565720
vt -0.745121 1.137750
vt -0.568446 0.570002
vt -0.570646 0.532665
vt -0.676084 1.151593
vt 0.520508 1.201886
vt 0.577170 1.194285
vt 0.566250 1.218750
vt 0.618215 1.202170
vt -0.566873 1.210075
vt -0.567285 1.146472
vt -0.527650 1.182256
vt -0.567798 1.259160
vt -0.567770 1.218497
vt -0.770393 1.246536
vt -0.774195 1.178847
vt -0.567711 1.178182
vt -0.740633 -0.570313
vt -0.774195 -0.518494
vt -0.567772 -0.553508
vt -0.567711 -0.523889
vt -0.567704 -0.593930
vt -0.587825 1.191136
vt -0.572798 1.237688
vt -0.518786 1.223329
vt -0.560091 1.286009
vt -0.620341 1.205853
vt -0.606647 1.245341
vt -0.659155 1.216214
vt -0.567761 -0.634321
vt -0.684655 -0.636803
vt -0.638362 1.215433
vt -0.684655 1.146220
vt -0.569279 1.178268
vt -0.569279 -0.664040
vt -0.523889 1.178182
vt -0.512918 1.218497
vt -0.662285 1.179266
vt -0.659948 1.180613
vt -0.672548 1.216225
vt -0.627410 1.151491
vt -0.523711 1.259160
vt -0.527552 1.256887
vt -0.657710 1.181902
vt -0.568607 1.216213
vt -0.565433 1.216225
vt -0.634321 1.148842
vt -0.593930 1.137970
vt -0.567761 1.148842
vt -0.565924 1.179266
vt -0.563495 -0.567285
vt -0.553508 1.148644
vt 0.044749 3.941651
vt -0.638458 3.933664
vt -0.593312 3.960503
vt 0.042536 3.968731
vt 0.044749 0.657176
vt 0.042536 0.643770
vt -0.638458 0.652862
vt 0.044768 0.614063
vt -0.658538 0.634106
vt -0.557403 3.982513
vt 0.042536 0.593750
vt -0.680547 0.600011
vt -0.683080 0.593750
vt 0.048396 3.982233
vt 0.042536 0.566164
vt -0.687222 0.545588
vt -0.688593 0.570647
vt -0.683080 0.593750
vt 0.043841 4.024483
vt 0.048396 3.982233
vt -0.483293 4.027968
vt 0.041340 4.064555
vt -0.408111 4.071257
vt 0.012497 0.125000
vt -0.574670 0.047950
vt -0.572262 0.127041
vt -0.571870 0.129696
vt -0.030081 4.242334
vt -0.402889 4.163106
vt 0.012497 4.108750
vt -0.220435 4.220892
vt 0.007908 4.233415
vt -0.631827 2.846249
vt -0.511585 2.291454
vt -0.452531 2.623980
vt -0.444048 4.108452
vt -0.665719 3.960438
vt -0.393573 3.787010
vt -0.200388 4.187195
vt -0.206192 3.877098
vt -0.966327 3.524835
vt -0.538789 3.658194
vt -1.021208 3.213786
vt -0.829334 3.783349
vt -0.634243 3.519989
vt -0.455620 2.318575
vt -0.703586 3.050622
vt -0.715451 3.200210
vt -0.697341 3.351422
vt -0.995325 2.964166
vt -0.558525 2.264861
vt -0.761196 2.487062
vt -0.695653 2.332008
vt -0.920921 2.740388
vt -0.526691 2.287257
vt -1.017484 3.395462
vt -0.661941 2.914152
vt -0.713509 3.940674
vt -0.515212 4.089513
vt -0.527611 3.673167
vt -0.641687 3.505764
vt -0.847888 3.785943
vt -0.452217 2.626291
vt -0.458390 2.311730
vt -0.574527 2.755765
vt -0.948680 3.608775
vt -0.706781 3.313379
vt -0.711327 3.091645
vt -0.546502 2.276854
vt -0.933628 2.731746
vt -0.989018 2.874111
vt -0.343006 3.817344
vt -1.023973 3.013605
vt -1.038587 3.196820
vt -0.749670 2.430642
vt 0.373730 2.158764
vt 0.658750 2.128736
vt 0.401270 2.158764
vt 0.401257 2.255346
vt -0.030086 0.939638
vt -0.564412 0.670604
vt -0.175291 0.921837
vt -0.548860 0.757519
vt -0.437429 0.829723
vt -0.567250 0.674175
vt -0.638624 0.677821
vt -0.562679 0.664150
vt 0.003875 0.679284
vt -0.030003 0.934589
vt 0.009677 0.928257
vt -0.218382 0.912564
vt -0.311371 0.884358
vt -0.032374 0.663510
vt -0.568607 -0.674544
vt -0.565433 -0.672548
vt -0.545378 -0.758414
vt -0.547461 -0.756877
vt -0.030312 -0.939063
vt -0.214591 -0.912927
vt -0.563163 -0.659155
vt -0.019908 -0.665841
vt 0.010318 -0.694710
vt -0.030003 -0.934553
vt -0.302627 -0.886893
vt -0.434196 -0.829774
vt 0.007816 -0.929206
vt -0.638362 -0.680172
vt -0.028106 0.021610
vt -0.249389 0.021469
vt -0.027831 0.342924
vt -0.703899 0.019842
vt -0.552416 0.019917
vt -0.569347 0.354412
vt -0.332517 0.364943
vt -0.206658 0.360316
vt 0.448527 0.380789
vt 0.291170 0.364617
vt 0.383963 0.019913
vt 0.195953 0.020301
vt 0.001753 0.020244
vt 0.161868 0.357741
vt -0.017232 0.361946
vt -0.373147 0.019704
vt -0.188097 0.020058
vt -0.365320 0.351285
vt -0.189643 0.357122
vt -0.434772 0.020272
vt -0.573147 0.362691
vt -0.449606 0.354247
vt -0.592274 0.019842
vt -0.173942 1.211272
vt -0.184715 1.048096
vt -0.065469 1.054203
vt -0.283960 1.296697
vt -0.296606 1.082382
vt -0.579395 0.692674
vt -0.467586 0.816238
vt -0.405895 1.115451
vt -0.518494 1.178847
vt -0.515496 1.016526
vt 0.657923 2.016183
vt 0.458334 1.989464
vt 0.610989 1.844535
vt 0.510355 1.834865
vt 0.403575 1.827740
vt 0.235728 1.980327
vt 0.291858 1.823068
vt 0.126369 1.819138
vt 0.004071 1.984890
vt -0.059342 1.822862
vt -0.196904 1.928041
vt -0.339712 2.002595
vt -0.292474 1.833724
vt 0.071071 1.374945
vt -0.051087 1.376232
vt 0.078114 1.207871
vt -0.508919 2.016438
vt -0.463685 1.849944
vt -0.657665 2.046315
vt -0.612310 1.866679
vt -0.658702 2.016212
vt -0.742007 2.015360
vt 0.538723 1.395441
vt 0.639834 1.458371
vt 0.429771 1.380287
vt 0.313753 1.376277
vt 0.193338 1.374421
vt -0.048350 1.209204
vt -0.516085 1.410549
vt -0.622837 1.509926
vt -0.171502 1.377133
vt -0.404769 1.373119
vt -0.541536 1.882145
vt -0.536349 1.686987
vt -0.571502 1.545100
vt -0.535362 1.660123
vt -0.706039 1.882145
vt -0.708728 1.545100
vt -0.570313 1.137575
vt -0.636803 1.146220
vt -0.630638 1.019158
vt -0.598946 0.815107
vt -0.437429 1.216730
vt -0.548860 1.216331
vt 0.453511 1.045172
vt 0.565720 1.137750
vt 0.509978 1.198424
vt -0.588478 1.004017
vt -0.028756 0.960639
vt -0.120818 0.706981
vt -0.188601 1.087940
vt -0.243971 0.706981
vt -0.318024 1.022508
vt -0.362723 0.706981
vt -0.434196 1.216759
vt -0.513551 1.246536
vt 0.440013 1.208796
vt 0.324523 1.207599
vt 0.372616 1.053336
vt 0.203159 1.207316
vt 0.223295 1.055751
vt 0.086002 1.057157
vt -0.564017 1.298439
vt -0.647266 1.284645
vt -0.684655 1.146220
vt -0.638362 1.215433
vt -0.694072 1.019158
vt 0.192232 2.128050
vt -0.090536 2.128019
vt 0.532708 1.279366
vt 0.599492 1.302245
vt 0.644489 2.128574
vt 0.445057 2.128264
vt -0.271619 2.128126
vt -0.466012 2.128303
vt -0.436176 0.711207
vt -0.517680 0.367091
vt -0.554269 1.018413
vt -0.547461 1.216307
vt -0.301047 0.789121
vt -0.422566 0.708793
vt -0.527517 0.708793
vt -0.031661 0.799651
vt -0.189711 0.794613
vt 0.644988 1.151593
vt 0.636870 0.948938
vt -0.688582 0.948938
vt -0.676084 1.151593
vt -0.638624 1.215535
vt 0.087412 0.705174
vt 0.232631 0.705174
vt 0.372068 0.705174
vt -0.030312 1.218533
vt -0.129703 0.747706
vt -0.126612 0.357098
vt -0.027490 0.635021
vt -0.545378 1.216316
vt -0.214591 1.217750
vt -0.302627 1.217375
vt 0.579154 0.354017
vt 0.502258 0.705174
vt 0.619963 0.705174
vt 0.676349 0.356751
vt -0.622566 0.356751
vt -0.699902 0.705174
vt -0.404793 0.360785
vt -0.263920 0.348673
vt -0.215872 0.705173
vt -0.291470 0.799159
vt -0.160069 1.039037
vt -0.028343 0.961148
vt -0.311371 1.217275
vt -0.218382 1.217743
vt -0.027503 0.357097
vt -0.623498 0.708793
vt -0.696875 0.708793
vt -0.028483 0.021807
vt -0.724023 0.354412
vt -0.175291 1.217938
vt -0.030086 1.218532
vt 0.554675 0.020300
vt -0.432096 0.020275
vt -0.249389 0.021469
vt -0.595740 0.019897
vt 0.699976 0.019897
vt 0.704405 1.856818
vt 0.728755 1.692713
vt 0.737229 1.724977
vt 0.747441 1.743226
vt -0.563750 0.658750
vt -0.654716 -0.466012
vt -0.701836 -0.271619
vt -0.718246 0.192232
vt -0.724525 -0.090536
vt -0.669763 0.445057
vt -0.594730 0.644489
vt -0.563750 -0.658750
vt -0.596287 -0.612209
vt -0.546352 -0.707019
vt -0.705096 3.870160
vt -0.702752 3.718130
vt -0.560708 3.918799
vt -0.550122 3.516163
vt -0.550122 3.380616
vt -0.402676 3.524835
vt -0.700947 3.524925
vt -0.550122 3.764391
vt -0.402198 3.783349
vt -0.401633 3.960438
vt -0.550122 3.644966
vt -0.554020 3.090501
vt -0.402882 3.213786
vt -0.554861 3.215691
vt -0.444048 -0.400855
vt -0.555890 -0.490503
vt -0.665719 -0.401633
vt -0.655316 -0.560708
vt -0.635297 -0.514757
vt -0.599119 -0.496145
vt -0.624056 -0.621034
vt -0.636169 -0.705096
vt -0.641456 -0.593750
vt -0.554020 2.968075
vt -0.402774 2.964166
vt -0.554020 2.968075
vt -0.560659 2.793297
vt -0.402521 2.740388
vt -0.559653 2.548454
vt -0.778690 3.632275
vt -0.704315 3.558884
vt -0.705691 3.677276
vt -0.778699 3.516899
vt -0.703123 3.399170
vt -0.000003 -0.778691
vt -0.119342 -0.778715
vt -0.000003 -0.743682
vt -0.030003 -0.742896
vt -0.706248 2.585313
vt -0.705760 2.690567
vt -0.728112 2.662167
vt -0.778691 3.706769
vt -0.734145 2.641123
vt -0.727271 2.621226
vt -0.734757 2.707731
vt -0.778649 2.714098
vt -0.738102 2.686026
vt -0.778694 2.833269
vt -0.727286 2.718496
vt -0.704249 2.820789
vt -0.615378 -0.778649
vt -0.615951 -0.732217
vt -0.619714 -0.727286
vt -0.732217 2.715399
vt -0.778704 2.962881
vt -0.703323 2.943118
vt -0.249232 -0.778691
vt -0.196462 -0.712760
vt -0.778687 2.590741
vt -0.739307 2.590658
vt -0.728022 2.567609
vt -0.778695 3.074953
vt -0.702610 3.147810
vt -0.030003 -0.715659
vt -0.778701 3.224367
vt -0.778694 3.368589
vt -0.274306 -0.778691
vt -0.347634 -0.778699
vt -0.574405 -0.778691
vt -0.600726 -0.705691
vt -0.481993 -0.707783
vt -0.464738 -0.778696
vt -0.348506 -0.710115
vt -0.628810 4.007433
vt -0.601479 3.982728
vt -0.642464 3.990625
vt -0.621081 4.043455
vt -0.621875 4.067464
vt -0.593750 4.075000
vt -0.586020 4.054771
vt -0.558690 4.030067
vt -0.552447 4.059293
vt -0.537500 4.018750
vt -0.566419 3.994046
vt -0.593750 3.962500
vt -0.621875 3.970036
vt -0.650000 4.018750
vt -0.545036 3.990625
vt -0.565625 3.970036
vt -0.642464 4.046875
vt 0.621081 3.994046
vt 0.628810 4.030067
vt 0.642464 3.990625
vt 0.586021 3.982728
vt 0.593750 3.962500
vt 0.565625 3.970036
vt 0.601480 4.054771
vt 0.642464 4.046875
vt 0.650000 4.018750
vt 0.566419 4.043455
vt 0.565625 4.067464
vt 0.609835 4.073537
vt 0.621875 3.970036
vt 0.607104 4.185110
vt 0.580956 4.190121
vt 0.606062 4.118323
vt 0.643724 4.201520
vt 0.561490 3.887916
vt 0.561490 3.777812
vt 0.806159 3.742188
vt 0.593750 3.914912
vt 0.724727 3.856273
vt 0.628999 2.846268
vt 0.569501 2.693512
vt 0.739799 2.748080
vt 0.561490 3.385128
vt 0.802992 3.256829
vt 0.803163 3.370640
vt 0.561490 3.523822
vt 0.803760 3.502518
vt 0.561490 3.655615
vt 0.804891 3.622705
vt 0.401704 2.279316
vt 0.557223 2.159072
vt 0.564402 2.274512
vt 0.566063 2.413846
vt 0.401897 2.430642
vt 0.614963 2.545274
vt 0.618830 3.137234
vt 0.803471 2.966007
vt 0.803067 3.093599
vt 0.685627 2.660405
vt 0.804853 2.761224
vt 0.578522 2.965704
vt 0.402585 2.731746
vt 0.402754 2.874111
vt 0.402869 3.013605
vt 0.403002 3.196820
vt 0.562505 3.219938
vt -0.654798 0.503727
vt -0.713509 0.401812
vt -0.662141 0.508378
vt -0.515212 0.401120
vt -0.623498 0.492688
vt -0.721733 0.561490
vt -0.683080 0.593750
vt -0.688593 0.570647
vt 0.402855 3.395462
vt -0.686183 0.541678
vt -0.678526 0.525253
vt 0.401812 3.940674
vt 0.402276 3.785943
vt -0.687222 0.545588
vt 0.402607 3.608775
vt -0.189262 0.606809
vt -0.211070 0.815533
vt -0.030100 0.607104
vt -0.030124 0.818814
vt -0.646627 0.192653
vt -0.554379 0.147146
vt -0.558988 0.144866
vt -0.567732 0.137736
vt -0.571870 0.129696
vt -0.520304 0.192653
vt -0.030007 2.300247
vt -0.458257 2.356154
vt -0.030486 2.349127
vt -0.562719 2.303867
vt -0.555109 2.341082
vt -0.613743 0.581570
vt -0.778229 0.606327
vt -0.797202 0.583870
vt -0.814938 1.220669
vt -0.613750 1.218750
vt -0.613742 1.257651
vt -0.807130 1.251749
vt -0.807211 1.260522
vt -0.613750 -0.593750
vt -0.758913 -0.615064
vt -0.779941 -0.589198
vt -0.613742 -0.559350
vt -0.807211 -0.561916
vt -0.613752 -0.630398
vt -0.746890 -0.634815
vt -0.613752 1.205087
vt -0.824619 1.198124
vt -0.815176 1.238460
vt -0.613750 1.243750
vt -0.816970 1.188950
vt -0.816313 0.560239
vt -0.613752 0.544079
vt -0.816313 1.178762
vt -0.613773 1.182060
vt -0.613749 0.631360
vt -0.766692 0.619462
vt -0.748855 0.638813
vt -0.747750 0.637882
vt -0.613749 1.183861
vt -0.747750 1.192853
vt -0.753144 1.185521
vt -0.753144 0.632758
vt -0.218268 0.926161
vt -0.375621 0.713985
vt -0.239546 0.508475
vt -0.107966 0.774461
vt -0.000078 1.141043
vt -0.000003 0.728177
vt -0.120113 0.032645
vt -0.000003 0.032645
vt -0.102110 0.326188
vt -0.262013 0.032645
vt -0.367464 0.326188
vt -0.502714 0.740308
vt -0.811327 2.665530
vt -0.710489 2.521012
vt -0.808323 2.667446
vt -0.639180 2.392835
vt -0.671303 2.439756
vt -0.617212 2.315802
vt -0.562418 2.154685
vt -0.585281 2.186532
vt -0.574114 2.146379
vt -0.715416 2.539785
vt -0.652335 2.435309
vt -0.614875 2.351745
vt -0.560471 2.092546
vt -0.548981 2.081902
vt -0.515748 2.026722
vt -0.530695 2.032135
vt -0.765118 2.208688
vt -0.754394 2.196851
vt -0.767818 2.117618
vt -0.776515 2.097665
vt -0.796214 2.043665
vt -0.613767 1.206753
vt -0.748723 1.192030
vt -0.739854 1.214763
vt -0.741493 1.236876
vt -0.613752 1.254662
vt -0.746890 1.249615
vt -0.613744 1.170513
vt -0.760809 1.179583
vt -0.613773 -0.559027
vt -0.806711 -0.573227
vt -0.802726 -0.575287
vt -0.786932 -0.596220
vt -0.613744 -0.611324
vt -0.771159 -0.615126
vt -0.760809 -0.626876
vt -0.813638 1.186117
vt -0.813638 -0.553249
vt -0.636354 -0.704660
vt -0.638368 -0.706890
vt -0.738073 -0.602042
vt -0.406692 1.901563
vt -0.313061 1.887109
vt -0.445798 1.927224
vt -0.494271 1.983860
vt -0.537032 2.019674
vt -0.000003 0.024208
vt -0.000003 0.027343
vt -0.119973 0.028672
vt -0.119595 0.024637
vt -0.261709 0.028672
vt -0.260883 0.024637
vt -0.397405 0.028672
vt -0.396151 0.024637
vt -0.523932 0.028672
vt -0.522279 0.024637
vt -0.638368 0.028672
vt -0.636354 0.024637
vt -0.000006 1.865845
vt -0.115770 1.860290
vt 0.000001 1.860205
vt -0.735745 -0.600143
vt -0.600143 0.024637
vt -0.602042 0.028672
vt -0.483302 0.028672
vt -0.481777 0.024637
vt -0.353409 0.028672
vt -0.352294 0.024637
vt -0.215361 0.028672
vt -0.214681 0.024637
vt -0.072343 0.028672
vt -0.072115 0.024637
vt 0.072343 0.028672
vt 0.072115 0.024637
vt 0.215361 0.028672
vt 0.214681 0.024637
vt 0.353409 0.028672
vt -0.441597 1.944452
vt -0.000002 0.397549
vt -0.397868 0.032646
vt -0.530485 0.336957
vt -0.477744 0.032646
vt -0.524541 0.032646
vt -0.617127 0.774261
vt -0.564115 0.032646
vt -0.815046 2.019674
vt -0.843493 1.963444
vt -0.510206 1.963444
vt -0.266113 1.886034
vt -0.258190 1.873022
vt -0.182074 1.854687
vt -0.123793 1.874679
vt -0.461056 1.967070
vt -0.374138 1.919524
vt -0.229750 -0.963083
vt -0.374138 -0.918234
vt -0.266113 -0.961287
vt -0.229750 1.886579
vt -0.000003 1.845493
vt -0.044368 2.801867
vt 0.152809 2.671317
vt -0.073276 2.640973
vt -0.641822 2.419433
vt -0.578778 2.318753
vt -0.577915 2.289104
vt -0.699098 2.523795
vt -0.699589 2.511585
vt -0.807308 2.668136
vt -0.818587 2.696683
vt -0.558344 2.194178
vt -0.606803 2.324190
vt -0.573493 2.250214
vt 0.865586 2.194178
vt 0.871697 2.250214
vt 0.872315 2.159480
vt 0.616840 2.832336
vt 0.875324 2.989939
vt 0.868842 2.801528
vt 0.702233 2.689041
vt 0.534151 2.661760
vt 0.345664 2.807539
vt 0.349401 2.658533
vt 0.152809 2.802060
vt -0.529262 2.164752
vt -0.241496 2.807290
vt -0.245436 2.656808
vt -0.514664 2.817608
vt -0.445205 2.669770
vt -0.599002 2.676513
vt -0.772452 2.809893
vt -0.769064 2.704385
vt 0.616336 2.960214
vt 0.345664 2.942520
vt 0.152809 2.938994
vt -0.044368 2.938870
vt -0.526280 2.113215
vt -0.506942 2.070154
vt -0.297297 1.899673
vt -0.390802 1.729821
vt -0.326624 1.898872
vt -0.362147 1.495005
vt -0.411162 1.416313
vt -0.426950 1.720524
vt -0.363031 0.758817
vt -0.541127 2.159480
vt -0.657530 2.421119
vt -0.705543 2.507503
vt -0.771264 2.600037
vt -0.810245 2.666251
vt -0.494797 2.074925
vt -0.241496 2.942360
vt -0.475957 2.056087
vt -0.474785 2.033643
vt -0.465339 2.007497
vt -0.478346 2.004604
vt -0.465615 1.991060
vt -0.443270 2.003219
vt -0.492993 2.093168
vt -0.716531 2.517125
vt -0.661658 2.405338
vt -0.241496 3.081361
vt -0.433341 3.084381
vt -0.251838 3.204106
vt -0.445681 3.204887
vt -0.599395 3.088371
vt -0.605178 3.202380
vt -0.765818 3.026126
vt -0.762485 3.186249
vt -0.515145 2.945106
vt -0.762495 2.883181
vt 0.152912 2.583115
vt 0.872103 2.696431
vt -0.044368 3.079860
vt -0.772582 2.661656
vt -0.766538 2.512482
vt -0.817394 2.661656
vt -0.722523 2.512482
vt -0.773831 2.315802
vt -0.774138 2.439756
vt -0.766568 2.405338
vt -0.625327 2.315693
vt -0.597164 2.208688
vt -0.773712 2.186532
vt -0.776644 2.146379
vt -0.573377 2.097665
vt -0.554823 2.043665
vt 0.690771 3.141519
vt 0.865691 3.141978
vt 0.533125 3.084373
vt 0.345664 3.081430
vt 0.152809 3.079914
vt 0.352294 0.024637
vt 0.870691 3.186270
vt 0.442129 3.190316
vt 0.149373 3.209366
vt 0.308072 3.198091
vt -0.050905 3.214033
vt -0.000052 1.889513
vt -0.141303 1.886472
vt 0.000009 0.371629
vt -0.098926 0.032645
vt -0.091144 0.528641
vt -0.215012 0.698853
vt -0.261463 0.308711
vt -0.455317 0.353795
vt -0.452780 0.665791
vt -0.206530 0.032645
vt -0.317850 0.032645
vt -0.403253 0.032645
vt -0.000001 0.760393
vt -0.403823 1.945653
vt -0.338808 1.910506
vt -0.377843 1.917744
vt -0.428829 1.938333
vt -0.000013 1.886843
vt -0.000003 0.031455
vt -0.347235 1.931614
vt -0.401861 1.960297
vt -0.000003 2.044246
vt -0.000003 2.139476
vt -0.595740 0.699976
vt -0.732699 0.554675
vt -0.732372 0.597392
vt -0.840422 -0.373147
vt -0.734850 -0.552416
vt -0.814408 -0.479568
vt -0.877650 -0.350679
vt -0.920641 -0.213697
vt -0.899978 -0.188097
vt -0.942387 -0.071785
vt -0.918959 0.001753
vt -0.942387 0.071785
vt -0.897862 0.195953
vt -0.920641 0.213697
vt -0.835187 0.383963
vt -0.877650 0.350679
vt -0.814408 0.479568
vt -0.000003 2.462976
vt -0.633437 0.701430
vt -0.519885 0.789282
vt -0.432096 0.811031
vt -0.394336 0.858921
vt -0.258598 0.904928
vt -0.259687 0.908740
vt -0.118547 0.933656
vt -0.119046 0.937589
vt -0.000003 0.945289
vt -0.000003 0.918081
vt -0.000003 0.027343
vt -0.111751 1.372823
vt -0.766378 3.763304
vt -0.613483 3.504451
vt -0.828071 3.498773
vt -0.046555 2.512857
vt -0.025146 2.506864
vt -0.004820 2.485623
vt -0.295484 3.793474
vt -0.384411 3.741706
vt -0.325540 4.089117
vt -0.149955 3.847253
vt -0.201288 4.118152
vt -0.139100 4.138346
vt -0.000003 4.139642
vt -0.000003 3.861250
vt -0.460482 4.028731
vt -0.457367 3.682860
vt -0.573147 3.956827
vt -0.512616 3.625399
vt -0.593212 3.514365
vt -0.158899 2.529281
vt -0.315109 2.586297
vt -0.843947 3.642907
vt -0.866536 3.481831
vt -0.901099 3.517804
vt -0.867481 2.771217
vt -0.848700 2.704385
vt -0.898458 2.809893
vt -0.776908 2.974180
vt -0.965204 3.026126
vt -0.940435 2.974180
vt -0.959726 3.095045
vt -0.968975 3.094166
vt -0.965351 3.198701
vt -0.951327 3.084190
vt -0.955078 3.087449
vt -0.953395 3.186074
vt -0.927178 3.186822
vt -0.000003 1.961137
vt -0.897682 3.420146
vt -0.940033 3.383297
vt -0.962517 3.214146
vt -0.732372 -0.597392
vt -0.898222 2.958816
vt -0.883589 2.809683
vt -0.880153 2.909166
vt -0.866857 2.892367
vt -0.847849 2.879964
vt -0.832643 2.874868
vt -0.613514 2.868347
vt -0.594752 2.859273
vt -0.567215 2.821089
vt -0.473154 2.703981
vt -0.818158 0.481777
vt -0.818158 -0.481777
vt -0.881692 -0.352294
vt -0.924880 -0.214681
vt -0.946726 -0.072115
vt -0.946726 0.072115
vt -0.924880 0.214681
vt -0.881692 0.352294
vt -0.735745 0.600143
vt -0.636354 0.704660
vt -0.522279 0.792916
vt -0.396152 0.862876
vt -0.260883 0.912925
vt -0.119595 0.941907
vt -0.000003 0.948961
vt -0.119595 0.024637
vt -0.119973 0.028672
vt 0.483302 0.028672
vt 0.481777 0.024637
vt 0.602042 0.028672
vt 0.600143 0.024637
vt -0.738073 0.602042
vt -0.638368 0.706890
vt -0.636354 0.024637
vt -0.638368 0.028672
vt -0.523932 0.028672
vt -0.522279 0.024637
vt -0.397405 0.028672
vt -0.396152 0.024637
vt -0.261709 0.028672
vt -0.260883 0.024637
vt -0.524541 0.032645
vt -0.000003 0.024208
vt -0.000003 -0.945290
vt -0.000003 -0.948961
vt -0.119595 -0.941907
vt -0.119046 -0.937589
vt -0.260883 -0.912925
vt -0.259687 -0.908740
vt -0.396151 -0.862876
vt -0.394336 -0.858921
vt -0.522279 -0.792916
vt -0.519884 -0.789282
vt -0.633437 -0.701430
vt -0.706890 0.028672
vt -0.707712 0.032646
vt -0.602742 0.032646
vt -0.483864 0.032646
vt -0.353820 0.032646
vt -0.215611 0.032646
vt -0.523932 -0.795426
vt -0.397405 -0.865607
vt -0.477744 -0.825275
vt -0.639110 0.032646
vt -0.000051 -0.920236
vt -0.258598 -0.904928
vt -0.392681 -0.855318
vt -0.434772 -0.809603
vt -0.592274 -0.703899
vt -0.072428 0.032646
vt -0.261709 0.915814
vt -0.397405 0.865607
vt -0.317850 0.899049
vt -0.679580 0.032646
vt -0.639110 0.032645
vt -0.579369 0.032645
vt -0.523932 0.795426
vt -0.579369 0.757397
vt 0.483864 0.032646
vt 0.602742 0.032646
vt 0.668946 0.032646
vt -0.679580 0.668946
vt -0.000000 0.032646
vt 0.072428 0.032646
vt 0.215611 0.032646
vt 0.353820 0.032646
vt -0.564115 -0.768826
vt -0.611544 1.276214
vt -0.540962 1.313209
vt -0.578290 1.276974
vt -0.645574 1.154973
vt -0.613324 1.160876
vt -0.594275 1.158493
vt -0.548596 1.156429
vt -0.571612 1.164336
vt -0.548547 1.184197
vt -0.536007 1.218795
vt -0.435926 1.113807
vt -0.539912 1.242229
vt -0.655474 1.219645
vt -0.654956 1.206002
vt -0.732244 1.249392
vt -0.654104 1.234828
vt -0.649902 1.195184
vt -0.640076 1.177772
vt -0.573923 1.273328
vt -0.641296 1.376851
vt -0.634346 1.263795
vt -0.649557 1.241022
vt 0.588071 1.095075
vt 0.597530 1.158593
vt 0.619231 1.162546
vt 0.678821 1.150628
vt 0.637521 1.178288
vt 0.650248 1.198980
vt 0.685216 1.361084
vt 0.654108 1.223077
vt 0.640124 1.259404
vt 0.617135 1.272451
vt 0.608971 1.277614
vt 0.582760 1.357924
vt 0.585859 1.278628
vt 0.562997 1.269501
vt 0.470587 1.356023
vt 0.545461 1.252141
vt 0.542290 1.242136
vt 0.536125 1.220854
vt 0.094987 1.356298
vt -0.036288 1.357984
vt 0.118811 1.830699
vt -0.040776 1.103636
vt 0.099075 1.144358
vt 0.211620 1.367453
vt 0.217480 1.109193
vt 0.368145 1.354758
vt 0.349315 1.107298
vt 0.464982 1.112897
vt 0.542770 1.194519
vt -0.294925 1.363387
vt -0.407313 1.393707
vt -0.306614 1.825281
vt -0.159662 1.375557
vt -0.051708 1.841648
vt 0.577529 1.162552
vt 0.376083 1.825662
vt -0.405334 1.847843
vt -0.168395 1.836325
vt -0.634242 1.824529
vt -0.731086 1.627022
vt -0.717973 1.971068
vt -0.533075 1.810431
vt -0.635623 1.257612
vt -0.615043 1.270645
vt -0.614011 1.269298
vt -0.544653 1.585023
vt -0.605507 1.971068
vt -0.626124 1.627022
vt -0.672249 1.249392
vt -0.586974 1.185144
vt 0.749916 2.299032
vt 0.871170 2.421119
vt 0.870141 2.324190
vt 0.874094 2.113215
vt 0.842589 2.045468
vt -0.406757 2.409256
vt -0.594090 1.273234
vt -0.575647 1.270473
vt -0.636173 1.253193
vt -0.604479 1.271007
vt -0.753043 -0.636173
vt -0.774322 -0.604479
vt -0.750328 -0.635991
vt -0.816003 1.585023
vt -0.828502 1.873366
vt -0.644858 1.236427
vt -0.644215 1.241329
vt -0.647421 1.239405
vt -0.646369 1.225714
vt -0.651184 1.220543
vt -0.795780 1.266887
vt -0.779941 1.270207
vt -0.795780 -0.574387
vt -0.778969 -0.596200
vt -0.755796 -0.627345
vt -0.766696 -0.610911
vt -0.759867 -0.619596
vt -0.627345 1.260030
vt -0.619596 1.263304
vt -0.627612 1.257479
vt -0.634815 1.249615
vt -0.755796 1.260030
vt -0.741982 1.235335
vt -0.505492 1.613736
vt -0.519922 1.864184
vt 0.559047 1.173381
vt -0.166862 1.146584
vt -0.190709 0.956214
vt -0.317853 1.116351
vt -0.566186 0.790735
vt -0.667478 0.775526
vt -0.744630 0.775526
vt 0.057412 0.831066
vt -0.505798 1.131552
vt 0.883719 2.070154
vt 0.898915 2.004604
vt 0.908571 1.991060
vt 0.719478 2.393060
vt 0.719835 2.476926
vt 0.878602 2.600037
vt -0.600707 2.350723
vt -0.766972 2.315693
vt -0.179313 2.255576
vt -0.164756 2.115017
vt -0.285936 2.072330
vt -0.638677 1.610453
vt -0.626396 1.194616
vt -0.701083 1.361084
vt 0.741088 1.902106
vt 0.717755 1.610453
vt 0.633422 1.787888
vt 0.633087 2.033203
vt 0.539784 1.890583
vt 0.515229 2.137237
vt 0.414902 2.020006
vt 0.329637 2.241884
vt 0.290156 2.169222
vt 0.056533 2.263662
vt 0.041321 2.398423
vt -0.173031 2.357192
vt -0.173964 2.437278
vt -0.731614 1.150628
vt -0.392592 2.130750
vt -0.418181 2.275338
vt -0.510409 2.089342
vt -0.617121 2.100874
vt -0.654911 2.175694
vt 0.046051 2.134943
vt -0.616592 2.479765
vt 0.297785 2.063020
vt 0.118926 2.060773
vt -0.607571 0.961149
vt 0.505116 2.395169
vt 0.833700 1.864184
vt 0.677389 2.191721
vt 0.574897 2.279922
vt 0.729426 2.091195
vt 0.271884 2.401205
vt 0.396565 2.272041
vt -0.797807 -0.575209
vt -0.323561 0.469237
vt -0.399723 1.394377
vt -0.493217 1.176810
vt -0.307717 1.340038
vt -0.521097 1.873366
vt -0.436560 1.753907
vt -0.087576 1.797964
vt -0.049960 0.630061
vt -0.207271 0.480977
vt -0.485256 1.464943
vt -0.434931 0.488642
vt -0.653672 0.664115
vt -0.697136 0.315231
vt -0.689148 0.315231
vt -0.549541 0.326187
vt -0.075254 0.326187
vt 0.046759 0.322269
vt -0.770987 0.621042
vt -0.790886 0.598793
vt -0.788285 0.597835
vt 0.558157 1.257402
vt -0.808419 1.269501
vt -0.809910 1.257402
vt -0.822157 1.252141
vt 0.634036 1.261971
vt 0.645846 1.241931
vt 0.635266 1.256486
vt 0.540927 1.219945
vt -0.827209 1.219945
vt -0.825281 1.242136
vt -0.819355 1.240576
vt 0.697332 0.500349
vt 0.590750 0.503095
vt 0.472793 0.503026
vt 0.345648 0.502402
vt 0.211980 0.500841
vt -0.704589 0.500349
vt -0.600163 0.507770
vt -0.250611 1.629305
vt -0.000256 1.480448
vt -0.770228 0.618450
vt -0.769807 -0.623430
vt -0.767459 -0.621173
vt -0.549088 1.253852
vt -0.749559 1.194161
vt -0.753630 -0.640081
vt -0.749559 -0.638907
vt -0.640081 1.192535
vt -0.623430 1.174156
vt -0.634253 1.179895
vt -0.634540 1.177960
vt -0.621637 1.169182
vt -0.588457 1.161077
vt -0.791073 -0.600993
vt -0.788681 -0.600269
vt -0.790293 -0.594915
vt -0.776045 -0.621637
vt -0.763895 -0.634253
vt -0.645762 1.197094
vt -0.647450 1.208036
vt -0.753630 1.192535
vt -0.748487 1.208036
vt -0.638907 1.194161
vt -0.645716 1.213704
vt -0.743996 1.213704
vt -0.752950 -0.645762
vt -0.820825 1.240468
vt -0.828863 1.219841
vt -0.797807 1.268324
vt -0.799652 1.270473
vt -0.820700 -0.549088
vt -0.799652 -0.575647
vt -0.820700 1.253852
vt -0.802385 1.273328
vt -0.575209 1.268324
vt -0.785664 -0.594090
vt -0.828574 1.242229
vt -0.833580 1.218795
vt -0.540635 1.219841
vt -0.753622 -0.627612
vt -0.831894 1.220854
vt -0.830429 1.194519
vt -0.806218 0.577344
vt -0.803966 0.576450
vt 0.647739 1.213692
vt 0.645789 1.196813
vt 0.643130 1.196819
vt 0.611458 1.162882
vt 0.577867 1.165941
vt -0.808266 1.165941
vt -0.821908 1.173381
vt -0.806218 1.168233
vt -0.797202 1.167938
vt -0.803966 1.169731
vt 0.641941 1.186765
vt -0.762380 0.631748
vt -0.763111 0.633140
vt -0.777691 0.616522
vt -0.748855 1.193549
vt -0.770987 1.172995
vt 0.633140 1.180141
vt 0.631748 1.180667
vt -0.826229 1.196817
vt -0.600993 1.164413
vt -0.573227 1.170894
vt -0.802694 -0.588457
vt -0.817786 -0.559347
vt -0.828624 -0.548547
vt -0.828624 1.184197
vt -0.817786 1.179429
vt -0.784874 0.611458
vt 0.598793 1.165291
vt 0.616522 1.168949
vt -0.808266 0.577867
vt 0.644116 4.057128
vt 0.634639 4.065450
vt 0.645924 4.058797
vt 0.596377 4.085248
vt 0.611261 4.082560
vt 0.596394 4.083957
vt 0.596291 4.086210
vt 0.596117 4.087283
vt 0.612291 4.085872
vt 0.595886 4.088202
vt 0.595788 4.088507
vt 0.631441 4.078361
vt 0.629610 4.076516
vt 0.650872 4.058249
vt -0.622499 0.661419
vt -0.619513 0.658345
vt -0.597194 0.653594
vt -0.596618 0.655972
vt 0.655972 4.046165
vt 0.653594 4.044640
vt -0.562138 4.073988
vt -0.580135 4.058797
vt -0.568430 4.065450
vt 0.596070 4.081620
vt 0.626621 4.073988
vt -0.605495 0.654739
vt -0.579728 0.644116
vt -0.619513 4.027906
vt -0.605495 4.037638
vt -0.597194 4.044640
vt -0.605175 0.653844
vt -0.633061 0.657082
vt -0.632602 0.655963
vt -0.605175 4.037013
vt -0.632602 4.016525
vt -0.604736 4.036261
vt -0.579382 4.056326
vt -0.578910 4.055455
vt -0.633393 0.658239
vt -0.556752 0.582591
vt -0.555041 0.609557
vt -0.549809 0.617456
vt -0.558895 0.594895
vt -0.563206 0.588201
vt -0.602789 4.033466
vt -0.576834 4.052734
vt -0.577615 4.053619
vt -0.602010 4.032477
vt -0.604180 4.035399
vt -0.632019 4.015852
vt -0.631327 4.015030
vt -0.603523 4.034454
vt -0.578316 4.054540
vt -0.559320 4.069355
vt -0.651459 0.653050
vt -0.675549 0.650115
vt -0.668347 0.647326
vt -0.651459 4.002627
vt -0.668347 3.990234
vt -0.643424 4.002497
vt -0.630553 4.014090
vt -0.629729 4.013072
vt -0.569001 4.056651
vt -0.680323 0.638372
vt -0.643424 0.651157
vt -0.735203 0.596637
vt -0.727456 0.595276
vt -0.713026 0.617217
vt -0.704814 0.634935
vt -0.694035 0.636652
vt -0.681113 0.649607
vt -0.716599 0.605838
vt -0.685736 3.978232
vt -0.694035 3.974462
vt -0.680323 3.978222
vt -0.606094 0.660997
vt -0.581855 0.650872
vt -0.580135 0.645924
vt -0.595508 -0.652522
vt -0.573148 -0.653529
vt -0.608695 -0.648361
vt -0.612077 -0.652505
vt -0.611457 -0.651136
vt -0.641856 -0.643146
vt -0.642456 -0.644722
vt -0.647340 -0.644830
vt -0.502286 -0.613210
vt -0.508191 -0.596255
vt -0.506669 -0.595348
vt -0.500463 -0.610148
vt -0.617323 4.074058
vt -0.613210 4.076871
vt -0.610148 4.075663
vt -0.624037 4.069662
vt -0.529465 4.052200
vt -0.513285 4.059349
vt -0.542830 4.040364
vt -0.576132 4.021049
vt -0.573148 4.018383
vt -0.581929 4.016024
vt -0.576132 -0.657748
vt -0.581929 -0.655763
vt -0.608754 -0.655569
vt -0.626000 -0.654136
vt -0.553559 4.028498
vt -0.579340 4.012260
vt -0.608695 3.995272
vt -0.581386 -0.654703
vt -0.641075 -0.641534
vt -0.639809 -0.639130
vt -0.671128 -0.624863
vt -0.678296 -0.620359
vt -0.692768 -0.592009
vt -0.519904 4.052015
vt -0.522661 4.051600
vt -0.582885 -0.661692
vt -0.581892 -0.662889
vt -0.553079 -0.659171
vt -0.553216 -0.657974
vt -0.525718 -0.647065
vt -0.525728 -0.646164
vt -0.646164 4.057424
vt -0.647065 4.058006
vt -0.638962 4.067831
vt -0.517204 4.063302
vt -0.525728 4.057424
vt -0.514336 4.067831
vt -0.640253 4.063302
vt -0.625867 4.075187
vt -0.624611 4.072901
vt -0.613513 4.078326
vt -0.610771 4.078127
vt -0.604977 4.028326
vt -0.578121 4.049070
vt -0.665827 0.656168
vt -0.637290 0.660013
vt -0.647748 0.661431
vt -0.557224 0.612291
vt -0.560301 0.594816
vt -0.555607 0.613499
vt -0.560526 0.631441
vt -0.560985 0.595788
vt -0.596255 4.079643
vt -0.503102 -0.613513
vt -0.503247 -0.610771
vt -0.538943 4.047089
vt -0.558952 4.033053
vt -0.558952 -0.656984
vt -0.542830 -0.650287
vt -0.582911 -0.660433
vt -0.598610 -0.661227
vt -0.502771 -0.624037
vt -0.499595 -0.627339
vt -0.513285 -0.637087
vt -0.581386 4.015349
vt -0.595508 4.004645
vt -0.611457 3.996704
vt -0.722713 0.540535
vt -0.692382 0.533719
vt -0.716890 0.541883
vt -0.659690 4.034101
vt -0.622838 4.058624
vt -0.658763 4.031270
vt -0.692382 4.007744
vt -0.694465 4.009657
vt -0.694465 0.530216
vt -0.652348 4.042097
vt -0.631884 4.055865
vt -0.601041 4.071288
vt -0.659690 0.533534
vt -0.693577 0.527123
vt -0.693577 4.011845
vt -0.626673 4.050216
vt -0.615872 4.053940
vt -0.633035 4.043739
vt -0.661031 4.024615
vt -0.662263 4.026318
vt -0.615872 0.545591
vt -0.626673 0.542893
vt -0.589736 0.563421
vt -0.583232 0.564829
vt -0.571172 4.082099
vt -0.563206 4.078610
vt -0.589736 4.072894
vt 0.582646 4.082099
vt 0.563421 4.072894
vt 0.566068 4.076079
vt 0.570212 4.079415
vt -0.583232 4.070615
vt -0.592420 4.067791
vt 0.602847 4.078980
vt 0.569856 4.080298
vt 0.549772 4.069158
vt 0.548887 4.069929
vt 0.569389 4.081193
vt 0.568687 4.082249
vt -0.731978 0.553245
vt -0.652348 0.533304
vt -0.685329 0.526777
vt -0.609201 4.068321
vt 0.544249 4.058624
vt 0.555893 4.071288
vt -0.613853 4.060375
vt -0.587170 4.076079
vt 0.567155 4.083761
vt -0.581965 0.567958
vt -0.581507 0.567155
vt -0.561765 0.596117
vt 0.567958 4.083069
vt -0.582535 0.569389
vt -0.609152 0.548887
vt -0.608949 0.547890
vt -0.609233 4.069158
vt -0.582588 4.080298
vt -0.582538 4.079415
vt 0.550527 4.068321
vt -0.637868 4.053293
vt -0.637868 0.535274
vt -0.609201 0.550527
vt -0.631884 0.539261
vt -0.657037 0.528789
vt -0.673625 0.527156
vt -0.632019 0.654934
vt -0.586293 0.667231
vt -0.685736 0.638334
vt -0.661455 0.654046
vt 0.610404 4.078896
vt 0.623803 4.072957
vt 0.643522 4.056326
vt -0.579728 4.057128
vt 0.653844 4.037013
vt 0.654739 4.037638
vt -0.730423 0.568495
vt -0.726902 0.575076
vt 0.547890 4.070597
vt -0.582300 0.568687
vt -0.600821 0.552133
vt -0.584602 0.564062
vt -0.580099 0.568138
vt -0.713669 0.544123
vt -0.699333 0.539915
vt -0.724398 0.560948
vt -0.736865 0.564456
vt -0.613355 4.080290
vt -0.713669 3.985152
vt -0.689453 4.005853
vt -0.699333 3.991534
vt -0.612431 0.545452
vt -0.636321 0.534665
vt -0.609233 0.549772
vt -0.958367 3.369488
vt -0.974903 3.219525
vt -0.944348 3.380109
vt -0.592146 4.051045
vt -0.592582 4.052117
vt -0.623190 4.033236
vt -0.591598 4.049885
vt -0.622537 4.032159
vt -0.621763 4.030965
vt -0.590951 4.048679
vt -0.560789 4.064358
vt -0.560190 4.063262
vt -0.531408 4.074820
vt -0.530781 4.073932
vt -0.516969 4.076658
vt -0.513541 -0.583344
vt -0.516969 -0.581769
vt -0.524434 -0.572790
vt -0.511481 -0.585577
vt -0.503884 -0.593750
vt -0.505169 -0.593501
vt -0.555198 -0.554906
vt -0.606178 -0.514540
vt -0.586817 -0.538750
vt -0.623706 4.034161
vt -0.904120 3.512400
vt -0.924132 3.499835
vt -0.843723 3.646898
vt -0.862216 3.646473
vt -0.773461 3.761692
vt -0.735270 3.827203
vt -0.681571 3.863769
vt -0.504234 4.012723
vt -0.553094 3.990645
vt -0.322145 4.106518
vt -0.331253 4.088368
vt -0.197422 4.127495
vt -0.151649 4.150456
vt -0.000045 4.150442
vt -0.532373 4.076786
vt -0.518561 4.078286
vt -0.519722 4.080716
vt -0.593923 4.088423
vt -0.587624 4.085411
vt -0.596769 4.086538
vt -0.509191 -0.593923
vt -0.491907 -0.607581
vt -0.522330 -0.576510
vt -0.537358 -0.565021
vt -0.552332 -0.554983
vt -0.514903 -0.587624
vt -0.596060 -0.535924
vt -0.561299 4.065472
vt -0.561706 4.066560
vt -0.562007 4.067585
vt -0.592902 4.053073
vt -0.592902 -0.539424
vt -0.562007 -0.553080
vt -0.599567 -0.536136
vt -0.518561 -0.582786
vt -0.582786 4.078286
vt -0.583350 4.080716
vt -0.000005 4.160948
vt -0.532693 4.077781
vt -0.535479 4.077535
vt -0.555198 4.073745
vt -0.596060 4.053502
vt -0.531944 4.075786
vt -0.629041 -0.528872
vt -0.623706 -0.531751
vt -0.050003 -0.642464
vt -0.519904 -0.642615
vt -0.050003 3.990625
vt -0.050003 3.970036
vt -0.050003 4.018750
vt -0.050003 4.046875
vt -0.050006 0.609835
vt -0.569001 0.639290
vt -0.050003 0.642464
vt -0.050003 0.545036
vt -0.050003 4.067464
vt -0.050003 4.046875
vt -0.050003 0.565625
vt -0.529096 -0.568325
vt -0.050003 -0.593750
vt -0.050003 0.593750
vt -0.050003 4.067464
vt -0.050003 4.046875
vt -0.499595 4.066652
vt -0.050003 -0.621875
vt -0.050003 4.018750
vt -0.050003 3.990625
vt -0.612848 3.989391
vt -0.050003 3.970036
vt -0.654649 3.968586
vt -0.050003 -0.621875
vt -0.050003 -0.593750
vt -0.654649 -0.627350
vt -0.050003 0.621875
vt -0.650948 4.002919
vt -0.675915 3.980436
vt -0.050003 3.990625
vt -0.784984 3.770266
vt -0.424805 4.067620
vt -0.504234 -0.776823
vt -0.424805 -0.762480
vt -0.553094 -0.768052
vt -0.643780 3.923014
vt -0.151649 -0.769407
vt -0.000005 -0.769703
vt -0.044604 -0.762480
vt -0.050003 3.970036
vt -0.724398 3.968581
vt -0.050003 3.990625
vt -0.050003 0.565625
vt -0.050003 -0.565625
vt -0.675915 -0.548254
vt -0.688637 -0.580075
vt -0.050003 3.970036
vt -0.597000 4.083133
vt -0.050003 4.018750
vt -0.614901 4.030976
vt -0.637771 4.019541
vt -0.464553 4.020265
vt -0.933159 3.387726
vt -0.050003 4.018750
vt -0.553233 -0.656847
vt -0.525580 -0.648065
vt -0.648065 4.058499
vt -0.538943 -0.651607
vt -0.612843 4.085228
vt -0.685399 -0.594815
vt -0.664604 -0.619842
vt -0.667398 -0.622020
vt -0.616304 -0.657454
vt -0.552814 -0.660393
vt -0.560489 -0.662043
vt -0.550631 -0.660483
vt -0.525303 -0.649134
vt -0.603293 4.080569
vt -0.514336 -0.638962
vt -0.627417 4.077516
vt -0.505400 -0.603293
vt -0.503797 -0.613355
vt -0.509482 -0.597000
vt -0.596880 4.082091
vt -0.502854 -0.612843
vt -0.509003 -0.596769
vt -0.504966 -0.628089
vt -0.524889 -0.650226
vt -0.525587 -0.651870
vt -0.503925 -0.630855
vt -0.628089 4.078269
vt -0.630855 4.078672
vt -0.505483 -0.627417
vt -0.650226 4.059089
vt -0.589462 4.046328
vt -0.590229 4.047477
vt -0.559523 4.062234
vt -0.620897 4.029698
vt -0.652999 -0.531237
vt -0.657231 -0.527546
vt -0.672447 -0.537001
vt -0.650431 4.009311
vt -0.652999 4.012151
vt -0.672447 3.994451
vt -0.563326 4.057523
vt -0.524434 4.073766
vt -0.589462 -0.541369
vt -0.563326 -0.548868
vt -0.559523 -0.553342
vt -0.681319 3.982357
vt -0.681319 -0.545169
vt -0.683138 -0.539808
vt -0.693390 -0.549266
vt -0.696681 -0.563885
vt -0.699483 -0.580219
vt -0.616600 -0.529485
vt -0.639091 -0.529581
vt -0.639091 4.023900
vt -0.822987 2.702412
vt -0.531408 -0.571445
vt -0.514903 4.085411
vt -0.530781 -0.571051
vt -0.609924 0.356457
vt -0.592424 0.541937
vt -0.447550 0.711733
vt -0.728273 0.356457
vt 0.541937 3.893623
vt 0.356457 3.914519
vt 0.540535 3.982487
vt 0.711733 3.864497
vt 0.596637 3.953273
vt 0.564456 3.962198
vt 0.553245 3.970056
vt -0.466770 0.541937
vt -0.468491 -0.423205
vt -0.709985 -0.423205
vt -0.587704 3.869227
vt -0.580219 3.956102
vt -0.563885 3.964689
vt -0.423205 3.896232
vt -0.549266 3.973213
vt -0.480558 0.356457
vt -0.812535 -0.423205
vt -0.619252 0.164163
vt -0.739409 0.164163
vt -0.619928 -0.034850
vt -0.740217 -0.034850
vt -0.611562 -0.232407
vt -0.730227 -0.232407
vt -0.592009 3.956730
vt -0.487907 0.164163
vt -0.488440 -0.034850
vt -0.481848 -0.232407
vt 0.634935 3.968011
vt 0.711733 3.962463
vt -0.678250 0.711733
vt 0.620424 3.227793
vt 0.872569 3.270882
vt 0.711733 3.370903
vt 0.870999 3.380477
vt 0.626836 3.517805
vt 0.871025 3.535074
vt 0.620736 3.651547
vt 0.871854 3.657035
vt 0.620515 3.772992
vt 0.867834 3.781212
vt -0.549673 0.869956
vt -0.673047 0.869109
vt 0.869109 3.893164
vt -0.437315 0.869615
vt -0.322054 0.626838
vt -0.198919 0.871579
vt -0.319064 0.872144
vt -0.131796 0.720221
vt -0.084053 0.870761
vt -0.762480 3.770266
vt -0.508411 3.771160
vt -0.767479 3.646473
vt -0.967734 3.094305
vt -0.953213 2.989939
vt -0.898217 2.801528
vt -0.904803 2.857204
vt -0.842520 2.696431
vt -0.974825 3.186270
vt -0.971265 3.270882
vt -0.620359 3.958892
vt -0.770514 3.827203
vt -0.762480 3.923014
vt -0.643780 -0.762480
vt -0.835701 -0.232407
vt -0.049010 0.541937
vt 0.000004 0.593798
vt -0.000011 0.875580
vt -0.050458 0.356457
vt -0.000003 0.356457
vt 0.000024 0.124432
vt -0.051229 0.164163
vt -0.051285 -0.034850
vt -0.000106 -0.220045
vt -0.146822 -0.418249
vt -0.047320 -0.587704
vt 0.000016 -0.549584
vt -0.769236 3.219525
vt -0.232407 3.529676
vt -0.505913 3.647224
vt -0.232407 3.668094
vt 0.356457 3.666804
vt 0.356457 3.528757
vt 0.164163 3.674153
vt 0.164163 3.533994
vt -0.034850 3.674686
vt -0.034850 3.534374
vt -0.505912 3.514749
vt -0.768620 3.499835
vt 0.541937 3.378832
vt 0.356457 3.384521
vt -0.232407 3.797808
vt -0.034850 3.806175
vt 0.164163 3.805498
vt 0.356457 3.796171
vt 0.164163 3.387553
vt -0.930310 2.883181
vt -0.768566 3.369488
vt -0.587704 3.372191
vt -0.423205 3.379543
vt -0.232407 3.385054
vt -0.034850 3.387773
vt -0.201307 0.164163
vt -0.201527 -0.034850
vt -0.348128 -0.034850
vt -0.198807 -0.232407
vt -0.347748 0.164163
vt -0.342510 0.356457
vt -0.198275 0.356457
vt -0.192586 0.541937
vt -0.185944 -0.587704
vt -0.343429 -0.232407
vt 0.356457 4.019711
vt 0.164163 4.032457
vt 0.164163 3.925656
vt -0.034850 4.033381
vt -0.034850 3.926464
vt -0.232407 4.021948
vt -0.232407 3.916474
vt -0.423205 3.998782
vt -0.328822 -0.505909
vt -0.322145 -0.768847
vt -0.716890 3.985644
vt -0.753443 3.368589
vt -0.464738 3.807660
vt -0.347634 3.879484
vt -0.574405 3.706769
vt -0.633790 3.632275
vt -0.702233 3.516899
vt -0.775268 3.224367
vt -0.766969 3.074953
vt -0.743308 2.962881
vt -0.437315 4.059344
vt -0.549673 3.993565
vt -0.319064 4.106592
vt -0.000003 2.120115
vt 0.000127 2.299946
vt -0.853000 3.657035
vt -0.744555 3.815272
vt -0.910999 3.535074
vt -0.955147 3.380477
vt -0.967939 3.186251
vt -0.680850 3.866972
vt -0.119342 3.953565
vt -0.000003 3.961250
vt -0.249232 3.920082
vt -0.000011 4.158326
vt 0.873450 3.815272
vt -0.774472 3.781212
vt -0.274306 3.911083
vt -0.000003 2.034692
vt -0.450439 2.355817
vt -0.484470 2.367461
vt -0.249389 -0.884256
vt -0.028106 -0.917621
vt -0.009997 2.333531
vt -0.038993 2.351397
vt -0.000003 1.961315
vt -0.744555 0.873450
vt -0.680850 0.880082
vt -0.499500 2.397065
vt -0.000003 -0.871565
vt -0.461056 -0.865621
vt -0.000006 -0.992535
vt -0.123793 -0.980497
vt 0.873784 3.094305
vt 0.877372 3.186251
vt -0.502974 2.590741
vt -0.198919 4.140044
vt -0.084053 4.157405
vt -0.028483 0.917553
vt -0.249389 0.884256
vt -0.690162 2.833269
vt -0.615378 2.714098
vt -0.529096 -0.568325
vt -0.563326 -0.548868
vt -0.050002 -0.552447
vt -0.563326 4.057523
vt -0.614901 4.030976
vt -0.050002 4.059293
vt 0.934598 1.243935
vt 0.934589 1.218565
vt 0.939638 1.218532
vt 0.938775 1.243874
vt -0.028106 0.021610
vt -0.000003 0.060108
vt -0.000051 0.019660
vt -0.258598 0.021469
vt -0.000003 0.401794
vt -0.027503 0.453804
vt -0.938720 1.698730
vt -0.964214 1.829215
vt -0.937648 1.673195
vt -0.918885 1.674090
vt -0.563742 1.194285
vt -0.613750 1.204564
vt -0.613742 1.232056
vt -0.563750 1.218750
vt -0.563748 1.237688
vt -0.613742 1.246185
vt -0.613748 1.212636
vt -0.563741 1.202170
vt -0.563748 -0.572798
vt -0.613748 -0.587637
vt -0.613748 -0.566020
vt -0.563742 -0.606647
vt -0.563748 -0.587825
vt -0.613748 -0.572133
vt -0.613742 -0.607057
vt -0.563748 -0.566873
vt -0.563748 1.210075
vt -0.613748 1.227701
vt -0.613748 1.199210
vt -0.563748 1.237688
vt -0.778687 2.590741
vt -0.778691 2.397065
vt -0.739307 2.590658
vt -0.458257 -0.735986
vt -0.450439 -0.778695
vt -0.038993 -0.778704
vt -0.739595 2.388323
vt -0.778713 2.367461
vt -0.737223 2.362660
vt -0.484470 -0.778713
vt -0.475254 -0.737223
vt -0.030486 -0.737926
vt -0.030002 -0.742883
vt -0.030486 -0.737926
vt -0.038993 -0.778704
vt -0.009997 -0.778714
vt -0.001838 -0.743609
vt -0.777962 2.299946
vt -0.743609 2.321877
vt -0.778714 2.333531
vt -0.568325 4.071957
vt -0.593750 4.077376
vt -0.572790 4.073766
vt -0.583344 4.076604
vt -0.585577 4.076939
vt -0.506110 -0.629110
vt -0.501870 -0.617323
vt -0.502771 -0.624037
vt -0.502286 -0.613210
vt -0.506110 4.067182
vt -0.529465 4.052200
vt -0.507182 4.069070
vt -0.629110 4.067182
vt -0.628895 4.069070
vt -0.613210 4.076871
vt -0.513285 4.059349
vt -0.542830 4.040364
vt -0.550428 4.032474
vt -0.573148 4.018383
vt -0.553559 4.028498
vt -0.553559 -0.652702
vt -0.550428 -0.651477
vt -0.542830 -0.650287
vt -0.559320 0.625827
vt -0.555041 0.609557
vt -0.556459 0.609810
vt -0.557347 0.602847
vt -0.556412 0.623629
vt -0.549809 0.617456
vt -0.556412 4.069618
vt -0.559320 4.069355
vt -0.569001 4.056651
vt -0.549809 4.072666
vt -0.613483 0.881867
vt -0.613678 0.808646
vt -0.828071 0.881872
vt 0.809050 2.857608
vt 0.809240 2.844757
vt 0.881910 2.859273
vt 0.881922 2.821089
vt -0.609043 0.808769
vt -0.613514 0.881909
vt -0.836729 0.804791
vt -0.832643 0.881903
vt -0.847849 0.881907
vt -0.866857 0.881910
vt -0.876895 0.804103
vt 0.881910 2.892367
vt 0.881903 2.909166
vt 0.804103 2.901972
vt -0.593051 0.809050
vt -0.594752 0.881910
vt 0.881892 2.958816
vt 0.803701 3.419579
vt 0.803232 3.231109
vt 0.881847 3.420146
vt 0.881876 3.186822
vt 0.803276 3.112951
vt 0.803514 3.013282
vt 0.804049 3.468532
vt 0.881870 3.481831
vt -0.844789 0.804626
vt -0.866536 0.881870
vt -0.877270 0.804049
vt 0.825668 2.820756
vt 0.829378 2.819611
vt -0.013761 0.845990
vt -0.025146 0.882075
vt -0.030001 0.845417
vt -0.046555 0.882074
vt -0.030105 0.842190
vt 0.845990 2.498760
vt 0.882101 2.485623
vt 0.882075 2.506864
vt 0.846590 2.475170
vt 0.882127 2.462976
vt 0.825109 2.820775
vt 0.809504 2.820775
vt 0.836878 2.808226
vt 0.834011 2.815057
vt 0.838569 2.773565
vt 0.882025 2.703981
vt -0.535309 0.838569
vt -0.414674 0.838834
vt -0.473154 0.882025
vt -0.315109 0.881997
vt -0.292291 0.839902
vt -0.156612 0.841086
vt -0.158899 0.881973
vt -0.589286 0.809067
vt -0.600146 0.808882
vt -0.593212 0.881844
vt 0.881844 3.514365
vt 0.881865 3.625399
vt 0.810719 3.647320
vt 0.809067 3.518352
vt -0.496218 0.810719
vt -0.457367 0.881870
vt -0.384411 0.881860
vt -0.353281 0.813177
vt -0.295484 0.881872
vt -0.175775 0.816281
vt -0.149955 0.881863
vt -0.030003 0.846069
vt -0.000003 0.881865
vt -0.000003 0.846855
vt -0.030003 0.818831
vt 0.881870 3.682860
vt -0.769703 4.160948
vt -0.742688 4.124371
vt -0.732558 4.138614
vt -0.777893 4.150442
vt -0.060767 4.275110
vt 0.182372 4.273992
vt 0.124432 4.314329
vt 0.418416 4.248808
vt 0.356457 4.293063
vt -0.220045 4.299185
vt 0.000054 0.438462
vt -0.027503 0.492330
vt -0.028483 0.021807
vt -0.000003 0.020583
vt 0.607056 1.246185
vt 0.637051 1.243750
vt 0.643750 1.218750
vt 0.622240 1.212636
vt 0.631360 1.183861
vt 0.595944 1.188337
vt 0.581570 1.168402
vt 0.544079 1.205087
vt 0.569178 1.204564
vt 0.566315 1.232056
vt 0.550449 1.243750
vt 0.568750 1.262051
vt 0.611456 1.266851
vt -0.572133 1.199210
vt -0.559027 1.182060
vt -0.611324 1.170513
vt -0.566020 1.227701
vt -0.543750 1.218750
vt -0.559350 1.257651
vt -0.607057 1.191315
vt -0.642957 1.206753
vt -0.621185 1.232056
vt -0.630398 1.254662
vt -0.593750 1.268750
vt -0.587637 1.247240
vt -0.791213 0.578849
vt -0.789429 0.572339
vt -0.809910 0.558157
vt -0.613749 1.183861
vt -0.737850 1.216691
vt -0.748855 1.193549
vt -0.613750 1.218750
vt -0.754276 0.629404
vt -0.747051 0.639220
vt -0.748590 0.631682
vt -0.759189 0.616235
vt -0.759572 0.620709
vt -0.765738 0.611399
vt -0.779232 0.592408
vt -0.613750 0.568750
vt -0.772578 0.595763
vt -0.613750 0.637051
vt -0.613748 0.611456
vt -0.740836 0.637870
vt -0.613748 1.266851
vt -0.750148 1.257868
vt -0.740836 1.244960
vt -0.613750 1.243750
vt 0.608075 1.270469
vt 0.611399 1.267559
vt 0.601664 1.269773
vt -0.771888 0.601664
vt -0.750148 0.626769
vt -0.769857 0.608075
vt -0.819355 1.240576
vt -0.809910 1.257402
vt -0.815176 1.238460
vt -0.789429 1.266549
vt -0.827209 1.219945
vt -0.613750 0.568750
vt -0.613750 0.550449
vt -0.789429 0.572339
vt -0.613750 1.243750
vt 0.635266 1.256486
vt 0.639220 1.246118
vt 0.629404 1.257737
vt 0.617135 1.272451
vt 0.627924 1.262212
vt 0.608075 1.270469
vt -0.791213 0.578849
vt -0.775162 0.604234
vt -0.769857 0.608075
vt -0.758402 0.627924
vt -0.769054 0.617135
vt -0.753789 0.635266
vt -0.780777 0.599453
vt -0.791487 0.585859
vt -0.809910 1.257402
vt -0.797686 1.270387
vt -0.791213 1.268948
vt -0.791487 1.278628
vt -0.797686 0.575519
vt 0.599453 1.275246
vt 0.604234 1.271845
vt 0.578849 1.268948
vt 0.647682 1.228981
vt 0.649901 1.219310
vt 0.647739 1.213692
vt 0.646080 1.208097
vt 0.654108 1.223077
vt 0.645846 1.241931
vt 0.650248 1.198980
vt 0.645846 1.241931
vt 0.647682 1.228981
vt 0.635266 1.256486
vt 0.634036 1.261971
vt -0.737850 1.216691
vt -0.742602 1.235179
vt -0.740923 1.222872
vt -0.740836 1.244960
vt -0.742602 1.235179
vt -0.742540 1.240720
vt -0.748590 1.253819
vt -0.740836 1.244960
vt 0.643135 1.235179
vt 0.647682 1.228981
vt 0.645279 1.222872
vt 0.639220 1.246118
vt 0.631682 1.253819
vt -0.743698 1.228981
vt -0.742602 1.235179
vt -0.747051 1.246118
vt -0.753789 1.256486
vt -0.744917 1.208023
vt -0.742839 1.207692
vt -0.740923 1.222872
vt -0.746129 1.208097
vt -0.745173 1.213692
vt -0.751067 1.196819
vt 0.644914 1.208023
vt 0.643130 1.196819
vt 0.642137 1.197755
vt -0.754830 1.188040
vt -0.748855 1.193549
vt -0.737850 1.216691
vt -0.743698 1.228981
vt 0.637187 1.188040
vt -0.646369 1.225714
vt -0.642536 1.235335
vt -0.645716 1.213704
vt -0.748487 1.208036
vt -0.744447 1.225714
vt -0.743996 1.213704
vt -0.744447 1.225714
vt -0.750328 1.250982
vt -0.745984 1.240607
vt -0.741982 1.235335
vt 0.477847 0.839274
vt 0.497858 0.831259
vt 0.497043 0.843808
vt 0.144914 0.183248
vt 0.117978 0.204753
vt 0.162328 0.197905
vt 0.144914 0.706280
vt 0.074107 0.706465
vt 0.117978 0.718868
vt 0.234699 0.706465
vt 0.320979 0.706326
vt 0.285931 0.718782
vt 0.265481 0.706283
vt 0.212529 0.706371
vt 0.233917 0.719194
vt -0.278483 -0.074978
vt -0.327009 -0.058362
vt -0.260975 -0.051437
vt -0.278483 0.706545
vt -0.355849 0.706583
vt -0.327009 0.719371
vt -0.362523 0.046048
vt -0.304909 0.063807
vt -0.356695 0.030699
vt -0.362523 0.706379
vt -0.281139 0.706454
vt -0.304909 0.719258
vt -0.281139 0.075851
vt -0.262084 0.050176
vt -0.304909 0.063807
vt -0.221017 0.000392
vt -0.260975 -0.051437
vt -0.236714 0.011534
vt 0.000392 0.706576
vt -0.074978 0.706545
vt -0.051437 0.719482
vt 0.182054 -0.204831
vt 0.217793 -0.216873
vt 0.213286 -0.248274
vt -0.216873 0.706452
vt -0.307087 0.706371
vt -0.248274 0.718631
vt 0.315405 0.838740
vt 0.304591 0.838781
vt 0.304587 1.018750
vt -0.542238 1.018750
vt -0.540061 0.943750
vt -0.544364 0.943750
vt 0.620000 1.018750
vt 0.624969 1.018750
vt 0.624969 0.843750
vt -0.535881 1.018750
vt -0.540104 0.943750
vt -0.533811 0.943750
vt 0.547526 0.844121
vt 0.544364 1.018750
vt 0.540059 0.838781
vt 0.397727 0.706250
vt 0.363261 0.706250
vt 0.370021 1.005908
vt 0.228608 0.706250
vt 0.197229 0.706250
vt 0.226475 1.005908
vt -0.216334 0.706250
vt -0.227615 1.005908
vt -0.203125 1.006250
vt -0.216334 0.706250
vt -0.245813 0.706250
vt -0.227615 1.005908
vt 0.018841 0.706250
vt 0.007725 1.005908
vt 0.027063 1.006250
vt 0.018841 0.706250
vt -0.015625 0.706250
vt 0.007725 1.005908
vt -0.427642 0.706250
vt -0.459021 0.706250
vt -0.429775 1.005908
vt -0.023809 0.706250
vt 0.006844 0.706253
vt -0.018316 1.005111
vt -0.208892 0.706250
vt -0.240271 0.706250
vt -0.211025 1.005908
vt 0.258752 0.856250
vt 0.280174 1.018750
vt 0.246514 1.018750
vt -0.289582 0.856250
vt -0.304393 1.018750
vt -0.350645 1.018750
vt -0.330683 0.856250
vt -0.336746 1.018750
vt -0.280174 1.018750
vt 0.002701 0.856250
vt -0.012110 1.018750
vt -0.058361 1.018750
vt -0.038399 0.856250
vt -0.044463 1.018750
vt 0.012110 1.018750
vt 0.147671 0.856250
vt 0.128125 1.018750
vt 0.177638 1.018750
vt -0.330683 0.856250
vt -0.336746 1.018750
vt -0.265269 1.018750
vt 0.253884 0.856250
vt 0.247821 1.018750
vt 0.304393 1.018750
vt -0.345225 3.217362
vt -0.314419 3.208496
vt -0.334154 3.232641
vt -0.840908 3.208496
vt -0.853279 3.182904
vt -0.853279 3.232641
vt -0.314419 3.208496
vt -0.306694 3.177385
vt -0.291109 3.182904
vt -0.137944 3.469668
vt -0.161025 3.447422
vt -0.148314 3.436398
vt -0.191831 3.456288
vt -0.200000 3.478533
vt -0.210734 3.458170
vt -0.190996 3.501614
vt -0.168750 3.509784
vt -0.189075 3.520439
vt -0.145669 3.500780
vt -0.137944 3.469668
vt -0.126845 3.498858
vt -0.840908 3.469668
vt -0.853575 3.436398
vt -0.853337 3.498858
vt 0.146504 3.501614
vt 0.168750 3.509784
vt 0.148425 3.520439
vt 0.191831 3.500780
vt 0.200000 3.478533
vt 0.210841 3.498948
vt 0.368306 3.177385
vt 0.345226 3.155139
vt 0.376095 3.160094
vt 0.345226 -0.840908
vt 0.311407 -0.853279
vt 0.376095 -0.853383
vt -0.840908 3.178525
vt -0.853629 3.200014
vt -0.853279 3.147748
vt 0.199556 2.885101
vt 0.176475 2.862855
vt 0.207304 2.867838
vt 0.176475 -0.840908
vt 0.142621 -0.853337
vt 0.207304 -0.853337
vt -0.840908 2.886241
vt -0.853337 2.920095
vt -0.853337 2.855412
vt 0.137639 2.886241
vt 0.146504 2.917047
vt 0.130196 2.920095
vt 0.177615 2.924772
vt 0.195813 2.909591
vt 0.194843 2.932469
vt -0.146504 -0.840908
vt -0.172101 -0.853337
vt -0.122359 -0.853279
vt -0.840908 2.871720
vt -0.853383 2.897321
vt -0.853337 2.847513
vt -0.703750 3.167409
vt -0.840908 3.178525
vt -0.841250 3.159187
vt 0.318659 -0.703750
vt 0.329775 -0.840908
vt 0.310437 -0.841250
vt -0.703750 2.875125
vt -0.840908 2.886241
vt -0.841250 2.866903
vt -0.703750 2.879311
vt -0.840908 2.870886
vt -0.841250 2.893966
vt -0.183406 -0.703750
vt -0.191831 -0.840908
vt -0.168750 -0.841250
vt -0.703750 2.908622
vt -0.840908 2.917047
vt -0.841250 2.893966
vt -0.154094 -0.703750
vt -0.145669 -0.840908
vt -0.181637 -0.850573
vt 0.579733 0.607843
vt 0.584767 0.603275
vt 0.591198 0.593750
vt 0.543906 0.621066
vt 0.560929 0.617676
vt 0.541412 0.569921
vt 0.560929 0.617676
vt 0.569269 0.614302
vt 0.562153 0.566268
vt 0.569269 0.614302
vt 0.579733 0.607843
vt 0.563683 0.566247
vt 0.521237 0.579582
vt 0.509501 0.611023
vt 0.519109 0.617686
vt 0.542863 -0.593750
vt 0.538961 -0.599312
vt 0.545434 -0.585716
vt 0.009998 0.593750
vt 0.009998 0.607500
vt 0.506448 0.597508
vt 0.009998 4.042565
vt 0.002577 4.053815
vt 0.003281 4.011798
vt 0.566250 4.018750
vt 0.569934 4.005000
vt 0.555571 4.025702
vt 0.009998 3.994934
vt 0.002577 3.983687
vt 0.003281 4.025702
vt 0.009998 -0.569934
vt 0.002577 -0.558686
vt 0.003281 -0.600702
vt 0.009998 -0.617566
vt 0.002577 -0.628814
vt 0.003281 -0.586798
vt -0.658750 1.234071
vt -0.656658 1.257367
vt -0.595607 1.298350
vt 0.027194 1.318695
vt 0.057554 1.318598
vt 0.033668 1.343804
vt 0.044412 1.206199
vt 0.074564 1.205991
vt 0.046419 1.231456
vt 0.563750 1.203429
vt 0.562739 1.235797
vt 0.046419 1.231456
vt 0.563741 0.620341
vt 0.563748 0.587823
vt 0.613741 0.607057
vt 0.563741 1.205852
vt 0.613741 1.191315
vt 0.613747 1.224864
vt -0.804231 1.343819
vt -0.786118 1.318584
vt -0.818076 1.318835
vt 0.024869 1.674209
vt 0.024869 1.686249
vt 0.546115 1.671479
vt 0.024869 1.686249
vt 0.024869 1.698291
vt 0.548293 1.690189
vt 0.785503 -0.511819
vt 0.836841 -0.422617
vt 0.596166 -0.427057
vt 0.773079 1.274286
vt 0.785503 1.233186
vt 0.567674 1.231295
vt 0.027194 0.814804
vt 0.024956 0.937272
vt 0.177463 0.923198
vt 0.052023 -0.786118
vt 0.025118 -0.937837
vt 0.027390 -0.818076
vt 1.026382 3.349016
vt 1.013381 3.232505
vt 0.980414 3.421527
vt 1.037164 3.135806
vt 0.990081 2.938984
vt 1.013381 3.232505
vt 0.064996 4.151138
vt 0.065002 4.074357
vt 0.211809 4.131003
vt 0.677231 1.804570
vt 0.636001 1.803840
vt 0.682217 1.286766
vt -0.027342 -0.034827
vt 0.046039 -0.199849
vt -0.027451 -0.296603
vt 0.710424 3.149697
vt 0.705911 3.159915
vt 0.709778 3.153945
vt 0.374944 3.869762
vt 0.375000 3.895732
vt 0.400038 3.879758
vt 1.014247 0.402932
vt 0.957196 0.640037
vt 0.719870 0.806857
vt 0.025487 3.236227
vt 0.015037 3.136039
vt 0.017129 3.236229
vt 0.671123 2.015367
vt 0.573303 2.016054
vt 0.602365 2.010969
vt 0.046659 -0.715190
vt 0.064996 -0.606250
vt 0.211809 -0.606764
vt 0.046773 -0.366520
vt 0.017812 -0.492788
vt -0.027451 -0.296603
vt 0.402880 3.349016
vt 0.559015 3.529879
vt 0.625458 3.384572
vt 0.625608 0.401535
vt 0.438703 0.400821
vt 0.523842 0.540732
vt 0.064981 0.580917
vt 0.209318 0.580601
vt 0.200324 0.400026
vt 0.200844 0.374945
vt 0.403464 0.374303
vt 0.213169 0.190517
vt 0.512490 0.657225
vt 0.449512 0.630030
vt 0.462708 0.811151
vt 0.065451 0.606233
vt 0.064981 0.580917
vt 0.038789 0.818381
vt 0.000001 0.925204
vt 0.078096 0.928332
vt 0.150152 0.924186
vt 0.373985 2.567882
vt 0.450036 2.619947
vt 0.310568 2.532786
vt 0.930360 3.136298
vt 0.928488 3.149367
vt 0.924077 3.029555
vt 0.633906 3.418165
vt 0.931411 3.287841
vt 0.883032 3.496862
vt 0.671325 3.256563
vt 0.934669 3.130481
vt 0.931411 3.287841
vt 1.040416 3.246771
vt 1.018076 3.409981
vt 1.013822 3.143375
vt 0.616232 4.028056
vt 0.403464 4.147624
vt 0.353779 3.807591
vt 0.403464 4.147624
vt 0.200844 4.209097
vt 0.201386 3.895732
vt 0.832514 1.250418
vt 0.830669 1.230088
vt 0.836221 1.212378
vt 0.771836 -0.635523
vt 0.776807 -0.628451
vt 0.785672 -0.618052
vt 0.759447 1.241814
vt 0.766870 1.255754
vt 0.776807 1.267512
vt -0.646626 1.241814
vt -0.648177 1.235631
vt -0.637579 1.255754
vt 0.756710 1.235631
vt 0.759447 1.241814
vt 0.755142 1.217347
vt 0.807226 -0.581666
vt 0.786524 -0.607764
vt 0.793165 -0.597007
vt 0.800053 -0.596229
vt 0.807226 -0.581666
vt 0.821851 -0.564473
vt 0.807226 -0.581666
vt 0.812377 -0.570348
vt 0.832514 -0.548550
vt -0.645533 1.201324
vt -0.643793 1.194247
vt -0.636309 1.184642
vt 0.770414 -0.634320
vt 0.763558 -0.636309
vt 0.759323 -0.643793
vt 0.763558 1.184642
vt 0.757561 1.192170
vt 0.755726 1.201324
vt -0.639918 1.192170
vt -0.645850 1.207244
vt -0.645533 1.201324
vt 0.757561 1.192170
vt 0.751426 1.200241
vt 0.752986 1.207244
vt 0.759611 1.194536
vt 0.756269 1.206666
vt 0.755142 1.217347
vt 0.834642 -0.548419
vt 0.820243 -0.572015
vt 0.840450 -0.541792
vt 0.809970 -0.577454
vt 0.826623 -0.551915
vt 0.815888 -0.564087
vt 0.620767 1.266450
vt 0.617806 1.266540
vt 0.615667 1.267198
vt 0.769329 1.258701
vt 0.766340 1.256104
vt 0.758714 1.242147
vt 0.633360 1.256104
vt 0.645941 1.234998
vt 0.643851 1.242147
vt 0.769329 0.631818
vt 0.784523 0.615732
vt 0.777882 0.620767
vt 0.751341 1.223935
vt 0.751852 1.239814
vt 0.748374 1.217978
vt 0.645941 1.234998
vt 0.641501 1.241279
vt 0.646614 1.223935
vt 0.832453 1.187042
vt 0.828209 1.196129
vt 0.839497 1.218559
vt 0.754449 1.212979
vt 0.758213 1.198653
vt 0.754934 1.218688
vt 0.772588 1.174706
vt 0.758213 1.198653
vt 0.766857 1.181762
vt 0.766234 0.633125
vt 0.776933 0.618163
vt 0.791100 0.605802
vt 0.810165 0.578703
vt 0.821853 0.564471
vt 0.802858 0.595618
vt 0.810165 0.578703
vt 0.812065 0.569070
vt 0.832453 0.548595
vt -0.000168 2.308401
vt -0.025133 2.307680
vt -0.015436 2.312472
vt 0.928581 3.066703
vt 0.904847 2.934821
vt 0.747802 2.978314
vt -0.731483 2.595633
vt -0.735707 2.696945
vt -0.726974 2.635059
vt 0.836556 3.871196
vt 0.843827 3.862913
vt 0.839972 3.865556
vt -0.027075 3.971044
vt -0.023952 3.965556
vt -0.019833 3.962457
vt -0.919843 0.375998
vt -0.918750 0.021469
vt -0.947673 0.376100
vt -0.766827 2.919900
vt -0.764237 3.131821
vt -0.768859 3.045174
vt -0.773028 4.158944
vt -0.739791 4.177011
vt -0.739601 4.126707
vt 0.462500 3.186250
vt 0.450904 3.289166
vt 0.438718 3.286384
vt -0.450904 3.289166
vt -0.462500 3.186250
vt -0.450000 3.186250
vt -0.462500 3.186250
vt -0.450904 3.083334
vt -0.438718 3.086116
vt -0.450904 3.083334
vt -0.416698 2.985579
vt -0.405436 2.991002
vt -0.416698 2.985579
vt -0.361597 2.897886
vt -0.351824 2.905680
vt -0.361597 2.897886
vt -0.288364 2.824653
vt -0.280570 2.834426
vt -0.288364 2.824653
vt -0.200671 2.769552
vt -0.195248 2.780814
vt -0.200671 2.769552
vt -0.102916 2.735346
vt -0.100134 2.747532
vt -0.102916 2.735346
vt 0.000000 2.723750
vt 0.000000 2.736250
vt 0.000000 -0.691250
vt 0.102916 -0.691250
vt 0.100134 -0.703750
vt 0.102916 2.735346
vt 0.200671 2.769552
vt 0.195248 2.780814
vt 0.200671 2.769552
vt 0.288364 2.824653
vt 0.280570 2.834426
vt 0.288364 2.824653
vt 0.361597 2.897886
vt 0.351824 2.905680
vt 0.361597 2.897886
vt 0.416698 2.985579
vt 0.405436 2.991002
vt 0.416698 2.985579
vt 0.450904 3.083334
vt 0.438718 3.086116
vt 0.450904 3.083334
vt 0.462500 3.186250
vt 0.450000 3.186250
vt -0.462500 3.186250
vt -0.697182 3.248997
vt -0.697182 3.123502
vt -0.288364 2.824653
vt -0.385628 2.602049
vt -0.275118 2.542580
vt 0.200671 2.769552
vt 0.331708 2.569833
vt 0.436443 2.638968
vt 0.462500 3.186250
vt 0.700000 3.186250
vt 0.688751 3.311240
vt 0.000000 3.186250
vt -0.527150 3.646807
vt -0.436443 3.733532
vt 0.000000 3.186250
vt 0.483744 3.692206
vt 0.566312 3.597700
vt 0.483744 2.680294
vt 0.000000 3.186250
vt 0.566312 2.774800
vt -0.527150 2.725693
vt 0.000000 3.186250
vt -0.436443 2.638968
vt 0.444236 2.629195
vt 0.483744 2.680294
vt 0.492382 2.671259
vt -0.444236 0.696250
vt -0.492382 -0.641250
vt -0.492382 0.696250
vt -0.031966 -0.641250
vt 0.095641 -0.641250
vt 0.031966 0.696250
vt -0.641250 3.655031
vt -0.641250 3.551691
vt 0.696250 3.605047
vt -0.694937 3.165970
vt -0.733099 3.192192
vt -0.733750 3.119133
vt -0.694937 2.665264
vt -0.732915 2.639056
vt -0.733597 2.720579
vt 0.349965 2.665264
vt 0.332781 2.607520
vt 0.394678 2.639056
vt 0.332781 -0.694937
vt 0.306553 -0.733164
vt 0.394678 -0.732915
vt 0.566353 2.620109
vt 0.587463 2.721431
vt 0.554424 2.625319
vt 0.362500 1.238089
vt 0.362500 1.199265
vt 0.555878 1.230946
vt 0.362500 -0.580128
vt 0.558209 -0.608497
vt 0.558741 -0.580281
vt 0.362500 1.222813
vt 0.551843 1.237482
vt 0.559244 1.205058
vt 0.362500 0.603130
vt 0.551843 0.612482
vt 0.551843 0.583610
vt -0.565853 2.880231
vt -0.618652 3.120051
vt -0.553849 2.885093
vt -0.562500 2.413825
vt -0.562500 2.397604
vt 0.562500 2.413825
vt -0.706210 -0.658750
vt -0.713106 -0.721581
vt -0.689950 -0.731343
vt -0.658750 2.636365
vt -0.658750 2.605890
vt -0.694937 2.622679
vt -0.299881 -0.658750
vt -0.323848 -0.695812
vt -0.276204 -0.694937
vt -0.299881 -0.658750
vt -0.340047 -0.658750
vt -0.323848 -0.695812
vt -0.658750 3.216726
vt -0.658750 3.177631
vt -0.694937 3.206531
vt -0.658750 3.177631
vt -0.695812 3.156707
vt -0.694937 3.206531
vt -0.658750 3.177631
vt -0.658750 3.147156
vt -0.695812 3.156707
vt -0.658750 3.216726
vt -0.658750 3.177631
vt -0.694937 3.206531
vt -0.658750 3.155775
vt -0.658750 3.194869
vt -0.694937 3.165970
vt -0.658750 2.675459
vt -0.658750 2.636365
vt -0.694937 2.665264
vt -0.658750 2.614509
vt -0.658750 2.653603
vt -0.694937 2.624704
vt -0.658750 2.534582
vt -0.733750 2.559356
vt -0.733750 2.500530
vt -0.448106 -0.658750
vt -0.376668 -0.658750
vt -0.423332 -0.733750
vt -0.376668 -0.658750
vt -0.362096 -0.733750
vt -0.423332 -0.733750
vt -0.550000 -0.456250
vt -0.328125 -0.456250
vt -0.556857 -0.526406
vt 0.210836 -0.419836
vt 0.550000 -0.456250
vt 0.560406 -0.525588
vt 0.183165 0.354770
vt -0.206131 0.339792
vt -0.175874 0.381979
vt 0.450119 -0.039094
vt 0.227369 -0.338720
vt 0.401915 -0.024117
vt -0.164062 -0.189443
vt 0.188275 -0.351339
vt 0.179656 -0.391505
vt -0.191203 -0.348411
vt -0.164062 -0.189443
vt 0.210836 -0.419836
vt 0.328125 0.456250
vt 0.557031 0.527160
vt 0.550000 0.456250
vt -0.560553 0.523442
vt -0.164062 0.456250
vt -0.550000 0.456250
vt -0.362500 1.222813
vt -0.551843 1.237482
vt -0.559244 1.205058
vt -0.362500 -0.571434
vt -0.362500 -0.603130
vt -0.551843 -0.583610
vt -0.362500 -0.603130
vt -0.551843 -0.612482
vt -0.551843 -0.583610
vt -0.362500 1.209370
vt -0.557796 1.197235
vt -0.551843 1.228890
vt -0.362500 -0.613089
vt -0.362500 -0.589441
vt -0.557796 -0.604660
vt -0.362500 -0.589441
vt -0.559244 -0.573092
vt -0.557796 -0.604660
vt -0.362500 0.584370
vt -0.555878 0.574217
vt -0.550915 0.608847
vt -0.362500 1.198667
vt -0.362500 1.217204
vt -0.558209 1.200833
vt -0.362500 1.217204
vt -0.550915 1.234878
vt -0.558209 1.200833
vt 0.227369 1.018750
vt 0.249225 1.168750
vt 0.199990 1.168750
vt -0.231369 1.018750
vt -0.194633 1.168750
vt -0.246297 1.168750
vt -0.450119 1.018750
vt -0.434407 1.168750
vt -0.476594 1.168750
vt -0.210131 1.018750
vt -0.188275 1.168750
vt -0.227369 1.168750
vt 0.465047 1.018750
vt 0.477666 1.168750
vt 0.440593 1.168750
vt 0.651747 2.193794
vt 0.670895 2.197617
vt 0.789291 2.321134
vt -0.525588 1.035602
vt -0.456250 1.018750
vt -0.189443 1.018750
vt -0.608847 1.234878
vt -0.574217 1.230946
vt -0.593750 1.248750
vt 0.551843 1.228890
vt 0.562217 1.216452
vt 0.562417 1.247989
vt 0.562500 2.182972
vt 0.562500 2.230807
vt -0.562500 2.230807
vt -0.643750 1.218750
vt -0.610643 1.107255
vt -0.650394 1.161311
vt -0.610643 1.107255
vt -0.526406 1.034601
vt -0.597671 1.077329
vt 0.523442 1.034471
vt 0.456250 1.018750
vt 0.189443 1.018750
vt -0.583610 1.237482
vt -0.578750 1.244731
vt -0.564497 1.228192
vt -0.583610 1.237482
vt -0.612482 1.228890
vt -0.603188 1.247989
vt -0.573092 1.205058
vt -0.583610 1.237482
vt -0.564497 1.228192
vt -0.550915 0.608847
vt -0.562500 0.593750
vt -0.564150 0.633628
vt 0.608847 1.234878
vt 0.574217 1.230946
vt 0.593750 1.248750
vt 0.574217 1.230946
vt 0.580281 1.198518
vt 0.563709 1.225196
vt 0.608497 1.200833
vt 0.608847 1.234878
vt 0.623791 1.212304
vt 0.477666 0.008619
vt 0.465047 -0.030475
vt 0.562500 -0.189443
vt -0.328125 -0.000000
vt -0.562500 0.319756
vt -0.434407 0.042876
vt -0.562500 2.257972
vt -0.562500 2.305807
vt 0.562500 2.305807
vt 0.531250 2.182972
vt 0.563709 1.225196
vt 0.531250 1.218750
vt 0.567862 2.271360
vt 0.531250 2.182972
vt 0.540765 2.230807
vt 0.531250 2.182972
vt 0.593750 1.248750
vt 0.574217 1.230946
vt 0.567862 2.271360
vt 0.633628 1.230420
vt 0.593750 1.248750
vt 0.633628 1.230420
vt 0.638121 1.147721
vt 0.623791 1.212304
vt 0.037039 -0.636007
vt 0.046861 -0.596674
vt 0.051338 -0.647241
vt -0.551493 3.974866
vt -0.496909 4.023064
vt -0.517144 4.044680
vt 0.037039 -0.551493
vt 0.049488 -0.577524
vt 0.050344 -0.496909
vt 0.643770 3.932114
vt 0.657176 3.941651
vt 0.614063 3.921002
vt 0.688290 4.020021
vt 0.673155 4.073823
vt 0.670353 4.044692
vt 0.049518 0.636660
vt 0.044768 0.614063
vt 0.044749 0.657176
vt 0.636660 3.930959
vt 0.571018 3.924953
vt 0.614063 3.921002
vt 0.049582 0.571018
vt 0.045774 0.541102
vt 0.044768 0.614063
vt 0.571018 3.924953
vt 0.533265 3.944258
vt 0.541102 3.931424
vt 0.010417 4.083743
vt 0.007730 4.108784
vt -0.004147 4.083680
vt -0.150015 4.233415
vt -0.150000 4.108750
vt -0.124987 4.236348
vt -0.658988 4.092311
vt -0.604885 4.115270
vt -0.630063 4.113195
vt -0.374992 3.894805
vt -0.374926 4.194806
vt -0.400016 3.877098
vt -0.400882 2.318575
vt -0.374102 2.322145
vt -0.400886 2.623980
vt -0.373219 3.287471
vt -0.373385 3.460756
vt -0.401735 3.351422
vt -0.373385 3.460756
vt -0.373713 3.616689
vt -0.401516 3.519989
vt -0.373713 3.616689
vt -0.374151 3.750582
vt -0.401189 3.658194
vt 0.373241 3.050621
vt 0.401791 3.091645
vt 0.373207 3.200210
vt 0.374985 3.883610
vt 0.400025 3.880311
vt 0.374987 4.208963
vt 0.010304 1.343806
vt -0.020080 1.343865
vt 0.003823 1.318706
vt 0.010318 1.218695
vt -0.019908 1.218637
vt 0.003876 1.243793
vt -0.804261 1.318692
vt -0.787198 1.343894
vt -0.818116 1.343682
vt 0.007216 1.318692
vt -0.037285 1.318533
vt -0.013244 1.343894
vt 0.010413 2.018728
vt -0.569122 2.016212
vt 0.000106 2.043804
vt -0.000000 -0.601292
vt -0.000000 -0.627957
vt -0.050000 -0.621081
vt -0.000000 4.029791
vt -0.000000 3.994646
vt -0.050000 4.007433
vt -0.000000 -0.620416
vt -0.000000 -0.586209
vt -0.050000 -0.601479
vt -0.000000 -0.586209
vt -0.000000 -0.559543
vt -0.050000 -0.566419
vt -0.000000 4.007708
vt -0.000000 4.042854
vt -0.050000 4.030067
vt -0.000000 -0.567084
vt -0.000000 -0.601292
vt -0.050000 -0.586020
vt -0.000000 0.586208
vt -0.000000 0.559543
vt -0.050000 0.566419
vt -0.000000 4.029791
vt -0.000000 3.994646
vt -0.050000 4.007433
vt -0.000000 0.567084
vt -0.000000 0.601291
vt -0.050000 0.586021
vt -0.000000 0.601291
vt -0.000000 0.627957
vt -0.050000 0.621081
vt -0.000000 4.007708
vt -0.000000 4.042854
vt -0.050000 4.030067
vt -0.000000 0.620416
vt -0.000000 0.586208
vt -0.050000 0.601480
vt -0.204856 3.883610
vt -0.200219 4.208963
vt -0.278847 3.844759
vt -0.554966 2.273211
vt -0.454302 2.319946
vt -0.453483 2.625200
vt 0.042536 3.986828
vt 0.042536 4.018750
vt -0.623498 3.995312
vt 0.042536 4.018750
vt 0.044768 4.034404
vt -0.592331 4.018923
vt 0.042536 3.968731
vt 0.042536 3.986828
vt -0.654798 3.967296
vt 0.042536 0.543730
vt -0.686183 0.541678
vt -0.687222 0.545588
vt 0.042536 0.524636
vt -0.678526 0.525253
vt -0.686183 0.541678
vt -0.635297 3.950233
vt -0.599119 3.984623
vt 0.042536 3.968731
vt -0.453096 2.627579
vt -0.500026 2.294422
vt -0.574526 2.755765
vt -0.681511 2.159278
vt -0.698208 2.279316
vt -0.563750 2.158764
vt -0.032374 0.663510
vt -0.030020 0.839706
vt 0.003876 0.679284
vt 0.003823 0.799385
vt -0.030003 0.934623
vt 0.009677 0.928290
vt -0.030185 -0.937648
vt -0.181510 -0.922060
vt -0.030001 -0.918885
vt -0.274064 1.624889
vt 0.094595 1.613804
vt 0.094487 1.652193
vt -0.030010 -0.750201
vt -0.569122 -0.658702
vt 0.010413 -0.666866
vt 0.613588 1.139452
vt 0.664610 1.175150
vt 0.644082 1.156396
vt 0.651150 1.265160
vt 0.658909 1.246281
vt 0.653158 1.266784
vt 0.655256 1.268480
vt 0.653158 1.266784
vt 0.667638 1.246279
vt -0.568646 0.613588
vt -0.567190 0.644082
vt -0.563947 0.629143
vt -0.669988 1.247063
vt -0.660957 1.246679
vt -0.633203 1.285022
vt -0.401957 2.487062
vt -0.559653 2.548454
vt -0.560082 2.413143
vt 0.558690 4.007433
vt 0.586021 3.982728
vt 0.545036 3.990625
vt 0.372453 3.651812
vt 0.372784 3.813753
vt 0.192653 3.680326
vt -0.520304 0.192653
vt -0.592513 0.373631
vt -0.384654 0.374366
vt -0.331206 0.813484
vt -0.340080 0.607885
vt -0.364343 0.658882
vt -0.689186 0.724727
vt -0.638458 0.652862
vt -0.658538 0.634106
vt -0.179967 -0.606762
vt -0.030045 -0.715662
vt -0.233261 -0.712127
vt -0.636266 0.557223
vt -0.681511 0.401681
vt -0.563750 0.401270
vt -0.555109 2.369966
vt -0.029988 2.339780
vt -0.030003 2.412248
vt 0.009677 1.218738
vt -0.030003 1.218565
vt 0.006858 1.243775
vt 0.580853 1.245341
vt 0.544012 1.277395
vt 0.515576 1.212107
vt 0.580853 1.245341
vt 0.614702 1.237688
vt 0.616462 1.290471
vt 0.614702 1.237688
vt 0.618215 1.202170
vt 0.658909 1.246281
vt -0.581641 2.641123
vt -0.615951 2.715399
vt -0.609656 2.707731
vt 0.951112 0.492330
vt 0.918339 0.357097
vt 0.917553 0.021807
vt 0.939638 1.218532
vt 0.937152 0.961148
vt 0.963406 0.961131
vt 0.842190 2.509216
vt 0.842191 2.412248
vt 0.845417 2.508802
vt -0.938304 0.960639
vt -0.939063 1.218533
vt -0.962991 0.961153
vt -0.742883 2.348146
vt -0.717047 2.300247
vt -0.737926 2.349127
vt -0.937056 1.243935
vt -0.939063 1.218533
vt -0.934553 1.218565
vt -0.917621 0.021610
vt -0.919679 0.342924
vt -0.950288 0.453804
vt -0.938304 0.960639
vt -0.962991 0.961153
vt -0.950288 0.453804
vt -0.028756 -0.938304
vt -0.027503 -0.937097
vt -0.029003 -0.962991
vt -0.563748 0.614702
vt -0.563742 0.580853
vt -0.613742 0.607056
vt -0.563742 0.580853
vt -0.613742 0.566315
vt -0.613742 0.607056
vt -0.563742 1.245341
vt -0.563750 1.218750
vt -0.613742 1.232056
vt -0.563742 0.577170
vt -0.613742 0.595944
vt -0.613750 0.569178
vt -0.563742 0.577170
vt -0.563741 0.618215
vt -0.613742 0.595944
vt -0.563741 0.618215
vt -0.613748 0.622240
vt -0.613742 0.595944
vt -0.563742 -0.606647
vt -0.613742 -0.621185
vt -0.613748 -0.587637
vt -0.563742 1.245341
vt -0.563742 1.205853
vt -0.613742 1.232056
vt -0.563742 1.205853
vt -0.613742 1.191315
vt -0.613742 1.232056
vt -0.563742 -0.620341
vt -0.563748 -0.587825
vt -0.613742 -0.607057
vt -0.508191 -0.596255
vt -0.505400 -0.603293
vt -0.519722 -0.583350
vt -0.514903 4.085411
vt -0.509191 4.088423
vt -0.537358 4.081816
vt -0.589462 4.046328
vt -0.614901 4.030976
vt -0.563326 4.057523
vt -0.563326 -0.548868
vt -0.529096 -0.568325
vt -0.524434 -0.572790
vt -0.654649 3.968586
vt -0.608695 3.995272
vt -0.612848 3.989391
vt -0.654649 -0.627350
vt -0.639809 -0.639130
vt -0.608695 -0.648361
vt -0.667398 3.964942
vt -0.639809 3.978903
vt -0.654649 3.968586
vt -0.517204 -0.640253
vt -0.538943 -0.651607
vt -0.525728 -0.646164
vt -0.553233 4.037516
vt -0.525728 4.057424
vt -0.538943 4.047089
vt -0.596255 4.079643
vt -0.613513 4.078326
vt -0.603293 4.080569
vt -0.514336 -0.638962
vt -0.525303 -0.649134
vt -0.505483 -0.627417
vt -0.628895 4.069070
vt -0.624611 4.072901
vt -0.613210 4.076871
vt -0.513285 4.059349
vt -0.499595 4.066652
vt -0.519904 4.052015
vt -0.553559 4.028498
vt -0.542830 4.040364
vt -0.522661 4.051600
vt -0.595508 4.004645
vt -0.608695 3.995272
vt -0.639809 3.978903
vt -0.629110 4.067182
vt -0.624037 4.069662
vt -0.637087 4.059349
vt -0.640253 4.063302
vt -0.628895 4.069070
vt -0.646764 4.052200
vt -0.517204 4.063302
vt -0.505435 4.072901
vt -0.507182 4.069070
vt -0.569001 0.639290
vt -0.602010 0.651389
vt -0.578121 0.644485
vt -0.568430 4.065450
vt -0.559320 4.069355
vt -0.560596 4.072957
vt 0.625827 4.069355
vt 0.602847 4.078980
vt 0.623803 4.072957
vt -0.559320 0.625827
vt -0.556459 0.609810
vt -0.557347 0.602847
vt 0.609557 4.076031
vt 0.588201 4.078610
vt 0.602847 4.078980
vt -0.559320 0.625827
vt -0.576834 0.642491
vt -0.569001 0.639290
vt -0.557347 0.602847
vt -0.562084 0.596070
vt -0.558137 0.610404
vt -0.713669 3.985152
vt -0.724398 3.968581
vt -0.730423 3.963541
vt -0.582538 0.570212
vt -0.601041 0.555893
vt -0.609201 0.550527
vt -0.563206 0.588201
vt -0.571172 0.582646
vt -0.557347 0.602847
vt -0.582538 4.079415
vt -0.587170 4.076079
vt -0.601041 4.071288
vt -0.582535 0.569389
vt -0.562402 0.596377
vt -0.571172 0.582646
vt -0.673047 3.893164
vt -0.549673 3.993565
vt -0.744555 3.815272
vt -0.769236 3.219525
vt -0.765818 3.026126
vt -0.770573 3.094166
vt 0.963939 1.872698
vt 1.001207 1.480448
vt 0.998427 1.886843
vt -0.510206 -0.843493
vt -0.406692 -0.915848
vt -0.445798 -0.894164
vt -0.745793 2.117638
vt -0.777962 2.299946
vt -0.782711 2.120115
vt -0.998050 0.728177
vt -0.965000 0.961149
vt -1.000960 1.141043
vt -0.871565 1.961315
vt -0.992535 1.865845
vt -0.833982 1.947668
vt -0.948052 0.401794
vt -0.998050 0.728177
vt -0.984686 0.397549
vt -0.778496 2.154685
vt -0.777595 2.392835
vt -0.773831 2.315802
vt -0.313061 -0.953653
vt -0.406692 -0.915848
vt -0.258190 -0.968972
vt -0.752980 1.259404
vt -0.744966 1.223077
vt -0.747763 1.241931
vt -0.743698 1.228981
vt -0.747763 1.241931
vt -0.745477 1.219310
vt -0.769857 1.270469
vt -0.754276 1.257737
vt -0.759572 1.263571
vt -0.769857 0.608075
vt -0.779232 0.592408
vt -0.791213 0.578849
vt 0.585859 1.278628
vt 0.599453 1.275246
vt 0.575519 1.270387
vt -0.797202 0.583870
vt -0.778229 0.606327
vt -0.788285 0.597835
vt -0.754830 0.637187
vt -0.760892 0.630077
vt -0.748855 0.638813
vt -0.762380 1.180667
vt -0.754830 1.188040
vt -0.751067 1.196819
vt 0.638813 1.193549
vt 0.630077 1.181093
vt 0.621042 1.172995
vt -0.760892 1.181093
vt -0.754830 1.188040
vt -0.770987 1.172995
vt 0.637187 1.188040
vt 0.631748 1.180667
vt 0.621042 1.172995
vt 0.645337 1.216691
vt 0.643880 1.207692
vt 0.638813 1.193549
vt 0.644914 1.208023
vt 0.642137 1.197755
vt 0.637187 1.188040
vt -0.788285 0.597835
vt -0.803966 0.576450
vt -0.797202 0.583870
vt -0.748487 1.208036
vt -0.752950 1.197094
vt -0.747137 1.220543
vt -0.802694 -0.588457
vt -0.776045 -0.621637
vt -0.791073 -0.600993
vt -0.627345 1.260030
vt -0.635991 1.250982
vt -0.604479 1.271007
vt -0.627345 1.260030
vt -0.641032 1.240607
vt -0.635991 1.250982
vt -0.644858 1.236427
vt -0.636173 1.253193
vt -0.646369 1.225714
vt -0.641032 1.240607
vt -0.627345 1.260030
vt -0.642536 1.235335
vt -0.774322 -0.604479
vt -0.778969 -0.596200
vt -0.766696 -0.610911
vt -0.644671 1.214763
vt -0.642536 1.235335
vt -0.641543 1.236876
vt -0.744447 1.225714
vt -0.753043 1.253193
vt -0.750328 1.250982
vt -0.770263 -0.614011
vt -0.785664 -0.594090
vt -0.774322 -0.604479
vn -0.000147 0.000268 -1.000000
vn -0.000549 0.000807 -1.000000
vn 0.000036 0.000322 -1.000000
vn -0.000030 0.000085 -1.000000
vn -0.000546 -0.000212 -1.000000
vn 0.000189 0.000135 -1.000000
vn 0.000810 -0.000189 -1.000000
vn 0.000131 -0.000023 -1.000000
vn 0.000523 -0.000112 -1.000000
vn 0.000220 -0.000056 -1.000000
vn 0.000197 -0.000044 -1.000000
vn 0.000133 -0.000030 -1.000000
vn 0.000149 -0.000110 -1.000000
vn -0.000346 0.000250 -1.000000
vn 0.000130 -0.000345 -1.000000
vn -0.000292 -0.000042 -1.000000
vn -0.000837 0.000852 -0.999999
vn 0.000121 0.000164 -1.000000
vn -0.211583 -0.976045 -0.050686
vn 0.362261 -0.931556 -0.031137
vn -0.637500 -0.767795 -0.063916
vn -0.328005 -0.944236 0.028824
vn 0.207093 -0.977532 0.039283
vn 0.602370 -0.796067 0.058541
vn -0.982861 -0.179527 0.041890
vn -0.984335 -0.169820 0.047398
vn -0.981087 -0.190231 0.035796
vn -0.979853 -0.197166 0.031836
vn -0.663589 0.746856 -0.043079
vn -0.645806 0.762903 -0.030217
vn -0.623387 0.781780 -0.014442
vn -0.601849 0.798610 0.000290
vn 0.521686 0.850849 -0.062445
vn 0.393067 0.917577 -0.059580
vn 0.152461 0.987920 0.027756
vn 0.483046 0.875560 0.007863
vn 0.755707 0.654130 0.031941
vn 0.984970 -0.154022 -0.078174
vn 0.993673 -0.099178 -0.052712
vn 0.998221 0.056302 0.019603
vn 0.999775 -0.015944 -0.014024
vn 0.704418 -0.708005 -0.050249
vn 0.659162 -0.751614 -0.024121
vn 0.538012 -0.842032 0.039059
vn 0.591221 -0.806414 0.012363
vn -0.202409 -0.978504 -0.039496
vn -0.225966 -0.973685 -0.029626
vn -0.303258 -0.952903 0.003366
vn -0.274394 -0.961575 -0.009065
vn -0.954368 -0.288489 -0.077169
vn -0.934645 -0.351470 -0.053929
vn -0.802639 -0.592454 -0.069056
vn -0.816224 -0.488708 -0.308128
vn -0.778944 -0.620768 -0.088849
vn -0.755296 -0.527742 -0.388609
vn -0.700209 0.710666 -0.068279
vn -0.787071 0.616386 -0.024246
vn -0.929980 0.359343 0.077531
vn -0.881375 0.471050 0.035927
vn 0.109714 0.993860 -0.014313
vn 0.202323 0.978092 -0.049001
vn -0.104179 0.992445 0.064802
vn -0.016403 0.999337 0.032503
vn 0.979876 0.188781 -0.064837
vn 0.921781 0.383781 -0.055057
vn 0.754194 0.655053 0.045791
vn 0.968315 0.247627 -0.032355
vn 0.950511 -0.106687 -0.291800
vn 0.866394 -0.071879 -0.494160
vn 0.316373 -0.946166 -0.068402
vn 0.411049 -0.911039 -0.032357
vn 0.617739 -0.784444 0.055197
vn 0.540228 -0.841264 0.020703
vn -0.490033 -0.870476 -0.046243
vn -0.614220 -0.788636 -0.028044
vn -0.442101 -0.896226 0.036412
vn -0.810428 -0.582812 0.059473
vn -0.291753 -0.956440 0.010151
vn -0.299851 -0.952048 0.060781
vn -0.979535 0.195201 -0.049066
vn -0.983267 0.171761 -0.060703
vn -0.972688 0.229954 -0.031623
vn -0.965216 0.260971 -0.015859
vn 0.128590 0.989787 -0.061538
vn -0.372855 0.926838 -0.044171
vn 0.582052 0.812135 -0.040643
vn -0.564613 0.824766 0.031209
vn 0.403008 0.906428 -0.126383
vn 0.755707 0.654130 0.031941
vn -0.114820 0.993055 -0.025651
vn 0.225447 0.930172 -0.289748
vn 0.984970 -0.154023 -0.078174
vn 0.993673 -0.099178 -0.052712
vn 0.998221 0.056302 0.019603
vn 0.999775 -0.015944 -0.014024
vn -0.252763 0.553197 -0.793778
vn -0.252659 0.553176 -0.793826
vn -0.245508 0.551704 -0.797088
vn -0.259453 0.554546 -0.790673
vn -0.320349 -0.668058 -0.671621
vn -0.317849 -0.654131 -0.686356
vn -0.291366 -0.525352 -0.799444
vn -0.287926 -0.510255 -0.810394
vn -0.944668 0.039554 -0.325636
vn -0.852591 0.029977 -0.521719
vn -0.993550 0.074935 -0.085106
vn -0.999699 0.016106 0.018505
vn -0.998748 0.048090 -0.013761
vn 0.430991 0.254012 -0.865866
vn 0.199016 0.089169 -0.975931
vn 0.228414 -0.449685 -0.863488
vn -0.470364 0.882337 0.015443
vn 0.149151 0.988510 -0.024520
vn 0.218729 0.975786 0.000151
vn 0.008176 0.999683 -0.023793
vn 0.925889 -0.376930 -0.025576
vn 0.956781 -0.289735 -0.024956
vn -0.904159 -0.152232 -0.399151
vn -0.437333 -0.023069 -0.899003
vn -0.717633 0.106893 -0.688169
vn -0.821974 0.343198 -0.454504
vn -0.286130 -0.694116 -0.660555
vn -0.609084 -0.698286 -0.376049
vn -0.261761 -0.313406 -0.912830
vn -0.797723 -0.477090 -0.368813
vn -0.473815 -0.194030 -0.858983
vn 0.112681 -0.993389 -0.021918
vn -0.005021 -0.634550 -0.772866
vn -0.150254 -0.877333 -0.455752
vn 0.002146 -0.001359 -0.999997
vn 0.421251 -0.906810 -0.015617
vn 0.455304 -0.545932 -0.703318
vn 0.715937 -0.586748 -0.378367
vn 0.762649 -0.443550 -0.470775
vn 0.682724 -0.226602 -0.694651
vn 0.687086 0.567685 -0.453483
vn 0.672426 0.320073 -0.667381
vn 0.991054 0.132204 -0.018308
vn 0.010942 0.000685 -0.999940
vn 0.710770 -0.117520 -0.693538
vn -0.352396 0.807371 -0.473254
vn 0.045600 0.729550 -0.682405
vn 0.288639 0.815545 -0.501572
vn 0.403439 0.612285 -0.679959
vn -0.335817 0.491350 -0.803618
vn -0.632910 0.624751 -0.457286
vn -0.001049 0.000674 -0.999999
vn 0.000030 0.005479 -0.999985
vn -0.000465 -0.000733 -1.000000
vn -0.002239 -0.000846 -0.999997
vn -0.001128 -0.000756 -0.999999
vn -0.000853 0.000963 -0.999999
vn 0.001643 0.004949 -0.999986
vn 0.162738 0.117308 -0.979671
vn 0.033237 -0.024303 -0.999152
vn -0.001378 -0.004149 -0.999990
vn -0.002458 -0.001172 -0.999996
vn 0.016009 0.109699 -0.993836
vn -0.001108 0.001189 -0.999999
vn 0.102040 -0.149615 -0.983465
vn -0.004877 -0.114779 -0.993379
vn -0.036483 0.019645 -0.999141
vn 0.538126 0.842707 -0.016261
vn 0.999697 0.024613 -0.000884
vn 0.783833 0.620971 0.000944
vn 0.925179 0.379198 -0.015882
vn -0.735492 0.676587 -0.035807
vn -0.387788 0.921657 -0.013025
vn 0.872042 -0.489421 -0.002976
vn 0.919528 -0.392595 -0.018387
vn -0.181373 0.983383 0.007901
vn -0.531506 0.846928 0.014630
vn -0.762636 0.646827 0.000565
vn -0.905893 0.423500 -0.002478
vn -0.995491 0.094827 0.002460
vn -0.975885 -0.218280 0.001612
vn -0.883365 -0.468680 -0.002257
vn -0.663354 -0.748285 0.005582
vn -0.364635 -0.931150 0.000021
vn -0.069350 -0.997589 0.002769
vn 0.118481 -0.992943 -0.005118
vn 0.297453 -0.954723 0.005131
vn 0.494061 -0.869421 -0.003308
vn 0.685747 -0.727822 -0.005081
vn 0.000000 0.000000 -1.000000
vn -0.000034 -0.000018 -1.000000
vn -0.000020 -0.000016 -1.000000
vn 0.000000 0.000000 -1.000000
vn 0.000000 0.000000 -1.000000
vn -0.000000 0.000000 -1.000000
vn 0.000000 0.000000 -1.000000
vn 0.000000 0.000000 -1.000000
vn 0.000000 0.000000 -1.000000
vn -0.000000 -0.000000 -1.000000
vn -0.000000 -0.000000 -1.000000
vn 0.000000 0.000000 -1.000000
vn -0.000000 -0.000000 -1.000000
vn -0.000000 -0.000000 -1.000000
vn 0.000000 -0.000000 -1.000000
vn -0.000000 -0.000000 -1.000000
vn 0.000000 0.000000 -1.000000
vn 0.000000 0.000000 -1.000000
vn 0.000000 0.000000 -1.000000
vn 0.000000 0.000000 -1.000000
vn -0.000026 -0.000412 -1.000000
vn 0.000129 -0.000063 -1.000000
vn 0.000000 0.000000 -1.000000
vn 0.014877 -0.004362 -0.999880
vn 0.018062 0.008244 -0.999803
vn 0.013159 0.008058 -0.999881
vn -0.000000 0.000000 -1.000000
vn -0.003623 -0.000128 -0.999993
vn -0.005268 -0.000429 -0.999986
vn -0.000514 -0.002881 -0.999996
vn 0.002161 -0.006489 -0.999977
vn 0.002064 0.001815 -0.999996
vn 0.001432 0.001341 -0.999998
vn 0.000000 0.000000 -1.000000
vn 0.000000 0.000000 -1.000000
vn 0.000000 -0.000000 -1.000000
vn 0.000681 -0.001615 -0.999998
vn 0.001047 -0.001682 -0.999998
vn -0.012297 -0.011137 -0.999862
vn 0.000220 -0.000023 -1.000000
vn 0.060743 0.006403 -0.998133
vn 0.000013 -0.000012 -1.000000
vn 0.324141 0.362044 -0.873989
vn -0.103532 0.714283 -0.692157
vn -0.000365 0.013361 -0.999911
vn -0.000044 -0.000046 -1.000000
vn 0.076500 -0.162147 -0.983797
vn 0.000044 0.000210 -1.000000
vn -0.000096 0.000495 -1.000000
vn 0.001071 -0.000937 -0.999999
vn 0.004028 -0.016460 -0.999856
vn -0.000001 0.000006 -1.000000
vn 0.000019 0.000027 -1.000000
vn 0.028149 -0.010522 -0.999548
vn 0.035748 -0.021367 -0.999132
vn 0.002549 -0.000600 -0.999997
vn 0.011310 -0.006846 -0.999913
vn -0.008179 0.018913 -0.999788
vn -0.000178 0.000103 -1.000000
vn 0.007891 -0.001346 -0.999968
vn -0.000074 0.000229 -1.000000
vn -0.000009 -0.000040 -1.000000
vn -0.001397 -0.004565 -0.999989
vn 0.001137 0.001525 -0.999998
vn -0.000123 -0.000058 -1.000000
vn 0.000087 -0.000035 -1.000000
vn 0.001093 -0.000052 -0.999999
vn -0.505020 0.341312 -0.792755
vn 0.000308 -0.000066 -1.000000
vn 0.020984 0.055842 -0.998219
vn -0.000039 0.000026 -1.000000
vn 0.004060 0.014852 -0.999881
vn -0.007174 0.007023 -0.999950
vn 0.013844 0.056796 -0.998290
vn -0.000602 -0.000666 -1.000000
vn -0.000491 -0.001120 -0.999999
vn -0.000348 0.000465 -1.000000
vn -0.000426 -0.000085 -1.000000
vn -0.000649 -0.000009 -1.000000
vn 0.000340 -0.001418 -0.999999
vn 0.000037 -0.000042 -1.000000
vn 0.001682 0.001872 -0.999997
vn -0.000000 0.000000 -1.000000
vn 0.000000 0.000000 -1.000000
vn -0.000108 -0.000095 -1.000000
vn 0.001222 -0.001239 -0.999998
vn -0.004062 0.004076 -0.999983
vn 0.010988 0.071702 -0.997366
vn 0.001349 0.002402 -0.999996
vn 0.005211 0.007232 -0.999960
vn 0.000027 0.000010 -1.000000
vn 0.000218 -0.000691 -1.000000
vn -0.000225 0.000455 -1.000000
vn 0.013355 0.017191 -0.999763
vn -0.000000 0.000000 -1.000000
vn 0.000976 -0.000010 -1.000000
vn 0.002993 -0.005087 -0.999983
vn 0.000000 0.000000 -1.000000
vn 0.002320 0.005196 -0.999984
vn -0.031786 0.015437 -0.999375
vn 0.000000 0.000000 -1.000000
vn -0.000000 0.000000 -1.000000
vn 0.000000 0.000000 -1.000000
vn 0.000000 0.000000 -1.000000
vn -0.000000 0.000000 -1.000000
vn 0.000007 0.000022 -1.000000
vn 0.000153 -0.000169 -1.000000
vn 0.000051 -0.000005 -1.000000
vn 0.180907 -0.701241 -0.689590
vn 0.177407 -0.671102 -0.719825
vn 0.352811 -0.636441 -0.685906
vn 0.212330 -0.599076 -0.772026
vn 0.409400 -0.648432 -0.641816
vn 0.711462 0.197676 -0.674348
vn 0.736225 0.106933 -0.668236
vn 0.740773 0.086940 -0.666105
vn 0.757895 -0.007292 -0.652336
vn -0.349113 0.467384 -0.812202
vn -0.364519 0.775738 -0.515128
vn -0.360016 0.817774 -0.449038
vn -0.356270 0.525684 -0.772482
vn 0.509323 0.439784 -0.739716
vn 0.535692 0.281902 -0.795968
vn 0.546179 0.030071 -0.837129
vn 0.545022 0.165849 -0.821855
vn -0.396981 -0.747716 -0.532284
vn 0.149478 -0.735087 -0.661289
vn 0.308249 -0.405307 -0.860645
vn 0.294267 -0.498643 -0.815329
vn -0.114907 -0.660133 -0.742308
vn -0.455909 -0.775855 -0.436115
vn -0.625570 -0.216097 -0.749643
vn -0.513495 -0.108560 -0.851198
vn -0.673656 -0.267202 -0.689051
vn -0.538891 -0.131815 -0.831998
vn -0.659841 0.174519 -0.730858
vn -0.507807 0.404957 -0.760357
vn -0.294572 0.622872 -0.724747
vn -0.484653 0.433247 -0.759874
vn 0.449511 0.387924 -0.804646
vn 0.747748 0.258240 -0.611706
vn 0.773362 -0.249217 -0.582925
vn 0.715583 -0.025725 -0.698054
vn 0.805166 -0.362915 -0.469042
vn 0.564493 0.362580 -0.741542
vn 0.978173 -0.207791 0.000005
vn 0.999862 -0.009177 -0.013813
vn 0.999896 0.000000 -0.014437
vn 0.980497 -0.196533 -0.000794
vn -0.499792 -0.865520 -0.032927
vn -0.499737 -0.865551 -0.032917
vn -0.499730 -0.865556 -0.032915
vn -0.499799 -0.865515 -0.032929
vn -0.000535 0.023951 -0.999713
vn -0.380647 0.012615 -0.924634
vn -0.208532 0.007795 -0.977985
vn 0.618362 -0.179602 -0.765096
vn -0.012506 0.037755 -0.999209
vn 0.019184 -0.055285 -0.998286
vn 0.003667 0.012919 -0.999910
vn -0.000229 -0.001435 -0.999999
vn 0.008427 -0.000118 -0.999964
vn 0.401600 -0.027260 -0.915409
vn -0.013015 0.000415 -0.999915
vn 0.000039 0.000064 -1.000000
vn 0.000044 -0.000030 -1.000000
vn 0.000066 -0.000035 -1.000000
vn 0.449999 -0.112518 -0.885912
vn 0.665538 -0.188653 -0.722128
vn 0.781287 -0.053927 -0.621837
vn 0.021563 0.041204 -0.998918
vn 0.575929 -0.087858 -0.812765
vn -0.581608 -0.809872 0.076421
vn -0.997669 -0.065260 -0.019940
vn -0.999893 0.003363 -0.014232
vn 0.323688 0.945893 -0.022656
vn -0.601562 -0.798175 0.032242
vn 0.371098 0.928393 -0.019287
vn 0.434043 0.900755 0.015721
vn 0.266949 0.963464 -0.021782
vn 0.331592 0.942538 -0.040859
vn -0.062371 0.998051 -0.002140
vn -0.754133 0.656615 -0.011845
vn -0.985739 0.168272 -0.001781
vn -0.921170 0.389091 -0.007268
vn -0.509482 0.860315 0.016930
vn -0.254914 0.966926 0.008521
vn -0.977409 -0.211305 0.004656
vn -0.860738 -0.508999 -0.007035
vn -0.745612 -0.666377 0.002146
vn -0.999963 -0.007876 -0.003509
vn -0.972822 -0.230505 0.022034
vn -0.688566 -0.724915 -0.019363
vn 0.352485 0.935814 -0.002345
vn 0.184387 0.982847 -0.003727
vn 0.055221 0.998312 -0.018002
vn -0.162589 0.986577 -0.015190
vn -0.343012 0.939261 -0.011512
vn -0.613522 0.789429 -0.019822
vn -0.787192 0.616689 0.004859
vn -0.869576 0.493167 -0.024983
vn -0.954202 0.299057 -0.007945
vn -0.986037 0.166422 -0.005906
vn -0.913148 -0.407181 -0.019090
vn -0.807556 -0.589670 -0.011897
vn 0.214171 -0.976680 -0.015085
vn 0.209952 -0.977583 -0.015858
vn 0.184237 -0.982667 -0.020548
vn 0.180061 -0.983425 -0.021306
vn -0.448321 -0.893749 0.014831
vn -0.464716 -0.885457 -0.002302
vn -0.465436 -0.885076 -0.003061
vn -0.481924 -0.875970 -0.020622
vn -0.994910 -0.099371 -0.016719
vn -0.990553 0.135227 0.022752
vn -0.990553 -0.135227 -0.022752
vn -0.994910 0.099371 0.016719
vn -0.654987 -0.755432 0.017729
vn -0.743759 -0.668315 -0.013316
vn -0.668317 -0.743758 0.013316
vn -0.755434 -0.654985 -0.017729
vn 0.099371 -0.994910 -0.016719
vn -0.135226 -0.990554 0.022752
vn 0.135227 -0.990553 -0.022752
vn -0.099370 -0.994910 0.016719
vn 0.755433 -0.654986 0.017729
vn 0.668316 -0.743759 -0.013316
vn 0.743759 -0.668316 0.013316
vn 0.654986 -0.755433 -0.017729
vn 0.994910 0.099371 -0.016719
vn 0.990553 -0.135227 0.022752
vn 0.990553 0.135227 -0.022752
vn 0.994910 -0.099371 0.016719
vn 0.654986 0.755433 0.017729
vn 0.743759 0.668316 -0.013316
vn 0.668316 0.743758 0.013316
vn 0.755433 0.654986 -0.017729
vn -0.099370 0.994910 -0.016719
vn -0.135226 0.990554 -0.022752
vn 0.099371 0.994910 0.016719
vn 0.135227 0.990553 0.022752
vn -0.743759 0.668315 0.013316
vn -0.654986 0.755433 -0.017729
vn -0.755433 0.654986 0.017729
vn -0.668316 0.743758 -0.013316
vn -0.994910 -0.099371 -0.016719
vn -0.990553 0.135227 0.022752
vn -0.990553 -0.135227 -0.022752
vn -0.994910 0.099371 0.016719
vn -0.654986 -0.755433 0.017729
vn -0.743759 -0.668316 -0.013316
vn -0.668316 -0.743758 0.013316
vn -0.755433 -0.654986 -0.017729
vn 0.099370 -0.994910 -0.016719
vn -0.135227 -0.990553 0.022752
vn 0.135226 -0.990554 -0.022752
vn -0.099371 -0.994910 0.016719
vn 0.755433 -0.654986 0.017729
vn 0.668316 -0.743758 -0.013316
vn 0.743759 -0.668315 0.013316
vn 0.654986 -0.755433 -0.017729
vn 0.994910 0.099371 -0.016719
vn 0.990553 -0.135227 0.022752
vn 0.990553 0.135227 -0.022752
vn 0.994910 -0.099371 0.016719
vn 0.654987 0.755432 0.017729
vn 0.743759 0.668315 -0.013316
vn 0.668317 0.743758 0.013316
vn 0.755434 0.654985 -0.017729
vn -0.099371 0.994910 -0.016719
vn 0.135226 0.990554 0.022752
vn -0.135227 0.990553 -0.022752
vn 0.099370 0.994910 0.016719
vn -0.743759 0.668316 0.013316
vn -0.654986 0.755433 -0.017729
vn -0.755433 0.654986 0.017729
vn -0.668316 0.743759 -0.013316
vn -0.994910 -0.099371 -0.016719
vn -0.990553 0.135228 0.022752
vn -0.990553 -0.135227 -0.022752
vn -0.994910 0.099371 0.016719
vn -0.654987 -0.755432 0.017729
vn -0.668317 -0.743758 0.013316
vn -0.743759 -0.668315 -0.013316
vn -0.755434 -0.654985 -0.017729
vn 0.099370 -0.994910 -0.016719
vn 0.135226 -0.990554 -0.022752
vn -0.099370 -0.994910 0.016719
vn -0.135226 -0.990554 0.022752
vn 0.755433 -0.654986 0.017729
vn 0.668316 -0.743758 -0.013316
vn 0.743759 -0.668316 0.013316
vn 0.654986 -0.755433 -0.017729
vn 0.994910 0.099371 -0.016719
vn 0.990553 -0.135227 0.022752
vn 0.990553 0.135227 -0.022752
vn 0.994910 -0.099371 0.016719
vn 0.654986 0.755433 0.017729
vn 0.668316 0.743758 0.013316
vn 0.755433 0.654986 -0.017729
vn 0.743759 0.668316 -0.013316
vn -0.099370 0.994910 -0.016719
vn -0.135226 0.990554 -0.022752
vn 0.099370 0.994910 0.016719
vn 0.135226 0.990554 0.022752
vn -0.743759 0.668315 0.013316
vn -0.654987 0.755432 -0.017729
vn -0.755434 0.654985 0.017729
vn -0.668316 0.743758 -0.013316
vn -0.994910 -0.099370 -0.016719
vn -0.990553 0.135227 0.022752
vn -0.990553 -0.135226 -0.022752
vn -0.994910 0.099371 0.016719
vn -0.654986 -0.755433 0.017729
vn -0.668316 -0.743759 0.013316
vn -0.743758 -0.668316 -0.013316
vn -0.755433 -0.654986 -0.017729
vn 0.099370 -0.994910 -0.016719
vn 0.135226 -0.990553 -0.022752
vn -0.099370 -0.994910 0.016719
vn -0.135226 -0.990553 0.022752
vn 0.755432 -0.654987 0.017729
vn 0.668315 -0.743759 -0.013316
vn 0.743758 -0.668316 0.013316
vn 0.654986 -0.755433 -0.017729
vn 0.994910 0.099371 -0.016719
vn 0.990554 -0.135226 0.022752
vn 0.990553 0.135227 -0.022752
vn 0.994910 -0.099370 0.016719
vn 0.654987 0.755432 0.017729
vn 0.668316 0.743758 0.013316
vn 0.743759 0.668315 -0.013316
vn 0.755433 0.654986 -0.017729
vn -0.099370 0.994910 -0.016719
vn -0.135226 0.990553 -0.022752
vn 0.099370 0.994910 0.016719
vn 0.135226 0.990553 0.022752
vn -0.743759 0.668315 0.013316
vn -0.654987 0.755432 -0.017729
vn -0.755433 0.654986 0.017729
vn -0.668316 0.743758 -0.013316
vn -0.994910 -0.099371 -0.016719
vn -0.990554 0.135226 0.022752
vn -0.990553 -0.135227 -0.022752
vn -0.994910 0.099370 0.016719
vn -0.654987 -0.755432 0.017729
vn -0.743759 -0.668315 -0.013316
vn -0.668316 -0.743758 0.013316
vn -0.755433 -0.654986 -0.017729
vn 0.099370 -0.994910 -0.016719
vn -0.135226 -0.990553 0.022752
vn 0.135226 -0.990553 -0.022752
vn -0.099370 -0.994910 0.016719
vn 0.755433 -0.654986 0.017729
vn 0.668316 -0.743758 -0.013316
vn 0.743759 -0.668315 0.013316
vn 0.654987 -0.755432 -0.017729
vn 0.994910 0.099370 -0.016719
vn 0.990553 -0.135227 0.022752
vn 0.990553 0.135226 -0.022752
vn 0.994910 -0.099371 0.016719
vn 0.654986 0.755433 0.017729
vn 0.743758 0.668316 -0.013316
vn 0.668316 0.743759 0.013316
vn 0.755433 0.654986 -0.017729
vn -0.099370 0.994910 -0.016719
vn 0.135226 0.990553 0.022752
vn -0.135226 0.990553 -0.022752
vn 0.099370 0.994910 0.016719
vn -0.743758 0.668316 0.013316
vn -0.654986 0.755433 -0.017729
vn -0.755432 0.654987 0.017729
vn -0.668315 0.743759 -0.013316
vn -0.989343 -0.143586 -0.024158
vn -0.977135 -0.209674 -0.035278
vn -0.989343 0.143586 0.024158
vn -0.977135 0.209674 0.035278
vn -0.429062 -0.903175 -0.013462
vn -0.670151 -0.741386 0.035278
vn -0.378166 -0.925458 -0.022752
vn -0.635557 -0.771557 0.027699
vn 0.326730 -0.944951 0.017729
vn 0.206898 -0.978272 -0.013316
vn 0.309955 -0.950658 0.013316
vn 0.189517 -0.981717 -0.017729
vn 0.911302 -0.411398 -0.016719
vn 0.790232 -0.612386 0.022752
vn 0.925458 -0.378168 -0.022752
vn 0.811932 -0.583512 0.016719
vn 0.944951 0.326732 0.017729
vn 0.978271 0.206900 -0.013316
vn 0.950657 0.309957 0.013316
vn 0.981717 0.189519 -0.017729
vn 0.350409 0.936187 -0.027699
vn 0.612387 0.790230 0.022752
vn 0.567642 0.823165 0.013462
vn 0.306983 0.951061 -0.035278
vn -0.670151 0.741386 -0.035278
vn -0.306983 0.951061 0.035278
vn -0.619020 0.785003 -0.024158
vn -0.370322 0.928589 0.024158
vn 0.052542 -0.998618 -0.001428
vn 0.000002 -1.000000 0.000023
vn 0.001237 -0.999999 -0.000011
vn 0.054246 -0.998527 -0.001475
vn -0.865171 0.501477 0.000048
vn -0.866009 0.500029 0.000001
vn -0.865181 0.501459 0.000048
vn -0.866024 0.500002 0.000000
vn 0.530654 -0.847585 -0.002360
vn 0.526520 -0.850160 -0.001899
vn 0.489720 -0.871877 0.002152
vn 0.487168 -0.873305 0.002429
vn 0.258321 0.699773 -0.666024
vn 0.286940 0.623863 -0.726953
vn 0.357077 0.600107 -0.715798
vn 0.377111 0.542422 -0.750710
vn 0.259212 0.703096 -0.662167
vn 0.364658 0.609291 -0.704123
vn 0.358328 0.599918 -0.715332
vn 0.316372 0.574554 -0.754849
vn 0.720084 0.059650 -0.691318
vn 0.573491 0.498905 -0.649771
vn 0.751771 0.125102 -0.647449
vn 0.768506 0.070829 -0.635910
vn 0.629959 0.326200 -0.704801
vn 0.653311 0.046699 -0.755648
vn 0.436830 0.455812 -0.775509
vn 0.710828 0.180480 -0.679816
vn 0.617341 0.241163 -0.748819
vn 0.552146 0.366644 -0.748804
vn 0.446165 0.461230 -0.766944
vn 0.000000 0.000000 -1.000000
vn 0.000006 -0.000008 -1.000000
vn 0.000183 0.000106 -1.000000
vn -0.000000 0.000000 -1.000000
vn 0.000031 -0.000006 -1.000000
vn 0.000008 -0.000003 -1.000000
vn -0.000039 0.000056 -1.000000
vn -0.000009 0.000001 -1.000000
vn -0.000000 -0.000000 -1.000000
vn -0.000089 0.000013 -1.000000
vn -0.000198 0.000172 -1.000000
vn -0.000032 0.000094 -1.000000
vn -0.000000 0.000000 -1.000000
vn 0.000000 0.000000 -1.000000
vn -0.000000 -0.000000 -1.000000
vn 0.000000 0.000000 -1.000000
vn -0.000000 0.000000 -1.000000
vn -0.000000 0.000000 -1.000000
vn 0.000000 0.000000 -1.000000
vn 0.000000 0.000000 -1.000000
vn -0.000000 0.000000 -1.000000
vn -0.000033 -0.000003 -1.000000
vn -0.000000 -0.000005 -1.000000
vn -0.000000 0.000000 -1.000000
vn -0.000076 0.000122 -1.000000
vn -0.000050 0.000094 -1.000000
vn -0.000000 -0.000000 -1.000000
vn -0.000009 -0.000054 -1.000000
vn -0.000001 -0.000001 -1.000000
vn -0.000004 -0.000031 -1.000000
vn -0.000134 0.000119 -1.000000
vn 0.000000 0.000000 -1.000000
vn 0.000014 0.000074 -1.000000
vn -0.000072 -0.000032 -1.000000
vn 0.000000 0.000000 -1.000000
vn 0.001070 0.000592 -0.999999
vn -0.000647 -0.000676 -1.000000
vn 0.000000 0.000000 -1.000000
vn -0.000054 0.000046 -1.000000
vn -0.000030 -0.000031 -1.000000
vn -0.000000 0.000000 -1.000000
vn -0.000000 0.000000 -1.000000
vn 0.000000 0.000000 -1.000000
vn 0.000000 -0.000000 -1.000000
vn -0.771264 0.636342 -0.014818
vn -0.768608 0.639561 -0.014262
vn -0.720192 0.693760 -0.004553
vn -0.722872 0.690963 -0.005072
vn 0.911051 0.411741 0.021331
vn 0.926008 0.377065 0.018192
vn 0.998543 -0.050547 -0.018868
vn 0.999795 -0.012779 -0.015707
vn 0.676675 -0.735973 0.021333
vn 0.651697 -0.758253 0.018560
vn 0.302292 -0.953089 -0.015539
vn 0.266237 -0.963726 -0.018678
vn -0.582754 -0.812517 0.014643
vn -0.585772 -0.810350 0.014273
vn -0.635954 -0.771686 0.007940
vn -0.640647 -0.767801 0.007329
vn -0.220479 0.975199 0.019377
vn -0.981370 0.191699 0.012842
vn -0.712071 0.701866 0.018409
vn -0.988505 -0.150947 -0.008562
vn -0.948513 0.316519 -0.011803
vn -0.663135 0.748409 -0.011640
vn 0.960194 0.279172 0.009451
vn 0.951675 0.306877 0.011908
vn 0.999546 -0.025046 -0.016736
vn 0.998651 -0.048443 -0.018693
vn -0.315014 -0.948917 0.017983
vn 0.739790 -0.672624 0.016928
vn 0.263407 -0.964480 0.019874
vn 0.302299 -0.953112 -0.013861
vn -0.212416 -0.977093 -0.012955
vn -0.640445 -0.767941 -0.009808
vn -0.655062 0.755523 -0.008861
vn -0.657750 0.753188 -0.008504
vn -0.692106 0.721785 -0.003831
vn -0.693965 0.720000 -0.003572
vn 0.304838 -0.952263 0.016377
vn 0.963741 -0.266587 0.011583
vn 0.981820 0.189734 0.005583
vn -0.951613 -0.307162 0.009201
vn -0.671643 -0.740765 0.012714
vn 0.991176 -0.131907 -0.013056
vn 0.748454 -0.662985 -0.016326
vn -0.212940 -0.976979 -0.012982
vn -0.667174 -0.744859 -0.007994
vn -0.678662 0.734441 0.003926
vn -0.683523 0.729914 0.004759
vn -0.760728 0.648800 0.018741
vn -0.767548 0.640677 0.020055
vn 0.734592 -0.678466 0.007714
vn 0.739870 -0.672698 0.008367
vn 0.648186 -0.761478 -0.002330
vn 0.641111 -0.767442 -0.003106
vn -0.290363 -0.956905 0.004759
vn -0.296714 -0.954958 0.003926
vn -0.181513 -0.983210 0.018741
vn -0.171069 -0.985055 0.020055
vn -0.655088 0.755552 0.000000
vn -0.653544 0.756889 -0.000155
vn -0.626539 0.779385 -0.002822
vn -0.625056 0.780575 -0.002967
vn 0.951675 0.306877 0.011908
vn 0.956835 0.290444 0.010449
vn 0.997591 0.068802 -0.008807
vn 0.998603 0.051839 -0.010250
vn 0.739870 -0.672699 0.008304
vn 0.734619 -0.678437 0.007650
vn 0.649316 -0.760515 -0.002347
vn 0.642359 -0.766398 -0.003117
vn -0.207835 -0.978157 0.003553
vn -0.209804 -0.977738 0.003351
vn -0.173534 -0.984803 0.007063
vn -0.170918 -0.985258 0.007329
vn -0.945741 -0.324668 0.012842
vn -0.951560 -0.307144 0.013969
vn -0.780597 -0.624976 -0.008562
vn -0.795014 -0.606550 -0.007111
vn -0.741817 0.670540 0.009201
vn -0.736188 0.676722 0.008571
vn -0.633425 0.773801 -0.002150
vn -0.625056 0.780574 -0.002967
vn 0.905257 -0.424709 0.011467
vn 0.925663 0.378250 0.008624
vn 0.999648 -0.024486 0.010170
vn 0.992609 -0.121015 -0.009155
vn 0.986054 -0.166200 -0.008679
vn -0.166503 -0.985758 0.023637
vn -0.222569 -0.974600 0.024850
vn 0.266301 -0.963767 -0.015412
vn -0.212598 -0.977066 -0.011972
vn -0.640445 -0.767941 -0.009808
vn -0.976843 0.212423 0.025581
vn -0.981679 0.188580 0.027280
vn -0.796811 0.604195 -0.006364
vn -0.767941 0.640446 -0.009808
vn 0.085391 0.996187 0.017885
vn 0.098414 0.994963 0.019077
vn -0.151013 0.988523 -0.004050
vn -0.130622 0.991430 -0.002135
vn 0.994112 0.108024 0.008443
vn 0.587542 0.809009 -0.017291
vn 0.556064 0.831140 0.000000
vn 0.993431 0.114376 0.003510
vn 0.592858 0.804989 -0.022629
vn 0.978645 0.205480 -0.005712
vn 0.918723 0.394857 -0.005983
vn 0.805724 0.592205 -0.010102
vn 0.665718 0.746083 -0.013450
vn 0.742939 0.669275 0.010611
vn 0.875618 0.482821 0.013282
vn 0.973189 0.229804 0.009597
vn 0.617212 0.786797 -0.000210
vn 0.969465 -0.245192 -0.004301
vn -0.417867 -0.907907 0.033052
vn -0.408582 -0.912621 0.013555
vn 0.997660 -0.068364 0.000000
vn 0.996507 -0.083157 0.007724
vn 0.957040 -0.289947 -0.002456
vn 0.987709 -0.156294 0.001562
vn 0.848015 -0.529808 0.013180
vn 0.669175 -0.743064 0.007829
vn 0.219797 -0.975540 0.003427
vn 0.512141 -0.858888 -0.004817
vn -0.241896 -0.970260 0.009071
vn -0.061329 -0.998081 0.008521
vn -0.284573 -0.958624 0.007656
vn 0.023839 -0.999700 -0.005638
vn 0.293122 -0.956074 -0.001274
vn 0.405765 -0.913571 -0.027264
vn 0.598214 -0.801199 -0.014814
vn 0.941297 -0.337460 -0.009004
vn 0.890897 -0.454197 -0.002780
vn 0.734225 -0.678744 -0.014835
vn 0.985676 -0.168352 0.010015
vn -0.028568 -0.005115 -0.999579
vn -0.239605 -0.347122 -0.906695
vn 0.411643 -0.022128 -0.911077
vn 0.223395 -0.341920 -0.912790
vn 0.884935 -0.051132 -0.462900
vn 0.703028 -0.342527 -0.623239
vn 0.998414 -0.025624 -0.050123
vn 0.914646 -0.344016 -0.212310
vn 0.808099 -0.055354 0.586440
vn 0.871239 -0.347840 0.346337
vn 0.487018 -0.033088 0.872765
vn 0.599583 -0.342103 0.723509
vn -0.159741 -0.040756 0.986317
vn 0.067403 -0.337454 0.938926
vn -0.565788 -0.031582 0.823946
vn -0.388929 -0.349760 0.852292
vn -0.954252 -0.042858 0.295915
vn -0.806107 -0.340982 0.483657
vn -0.988913 -0.014684 -0.147768
vn -0.934208 -0.355424 0.030471
vn -0.791399 -0.339492 -0.508364
vn -0.625634 -0.055870 -0.778114
vn -0.259733 -0.712131 -0.652234
vn 0.257874 -0.737473 -0.624208
vn 0.644426 -0.731360 -0.223222
vn 0.662932 -0.718774 0.209488
vn 0.358820 -0.732730 0.578234
vn -0.207669 -0.737711 0.642384
vn -0.635755 -0.736079 0.232386
vn -0.620618 -0.705639 -0.341916
vn -0.303712 -0.312603 0.900021
vn 0.152950 -0.608064 0.779015
vn -0.130853 -0.066287 0.989183
vn 0.719112 -0.401882 0.566894
vn 0.783435 0.161494 0.600125
vn 0.929782 -0.344498 0.129720
vn 0.947757 -0.029575 0.317620
vn 0.880894 -0.349040 -0.319681
vn 0.992290 -0.040472 -0.117146
vn 0.536040 -0.345415 -0.770292
vn 0.700825 -0.004647 -0.713318
vn 0.092223 -0.344585 -0.934214
vn 0.051953 -0.007741 -0.998620
vn -0.538478 -0.343452 -0.769469
vn -0.383663 -0.039763 -0.922617
vn -0.890504 -0.339965 -0.302368
vn -0.873273 -0.033109 -0.486105
vn -0.927306 -0.335648 0.165661
vn -0.997022 -0.045655 -0.062157
vn -0.664415 -0.391216 0.636791
vn -0.772797 0.007642 0.634607
vn -0.612583 -0.750194 -0.248900
vn -0.178672 -0.741096 -0.647189
vn 0.369125 -0.732717 -0.571727
vn 0.661573 -0.718675 -0.214074
vn 0.641752 -0.731982 0.228814
vn 0.254664 -0.732566 0.631263
vn -0.185524 -0.720038 0.668675
vn -0.556226 -0.741646 0.374933
vn 0.487313 0.229206 0.842609
vn 0.447907 0.069779 0.891353
vn 0.416103 -0.032425 0.908739
vn 0.369484 -0.159587 0.915431
vn -0.232632 -0.352943 -0.906264
vn 0.403215 0.001235 -0.915104
vn 0.223387 -0.341914 -0.912794
vn 0.884938 -0.051140 -0.462892
vn 0.703006 -0.342419 -0.623323
vn 0.998385 -0.033231 -0.046067
vn 0.915507 -0.345467 -0.206153
vn 0.812287 -0.038541 0.581983
vn 0.868037 -0.345008 0.357045
vn 0.484981 -0.031771 0.873948
vn 0.595996 -0.345287 0.724959
vn 0.067407 -0.337454 0.938926
vn -0.565784 -0.031583 0.823948
vn -0.388929 -0.349762 0.852292
vn -0.954252 -0.042854 0.295918
vn -0.806108 -0.340983 0.483654
vn -0.989971 -0.029732 -0.138104
vn -0.934208 -0.355425 0.030469
vn -0.689526 -0.044756 -0.722877
vn -0.778016 -0.359311 -0.515351
vn -0.314716 -0.013853 -0.949085
vn -0.159738 -0.040758 0.986318
vn -0.259725 -0.712132 -0.652235
vn 0.257884 -0.737406 -0.624282
vn 0.647524 -0.729700 -0.219660
vn 0.668568 -0.713731 0.208821
vn 0.359294 -0.732563 0.578151
vn -0.207666 -0.737710 0.642385
vn -0.635754 -0.736079 0.232389
vn -0.620617 -0.705640 -0.341915
vn -0.028584 -0.005107 -0.999578
vn -0.239323 -0.347485 -0.906630
vn 0.411642 -0.022147 -0.911076
vn 0.222969 -0.342224 -0.912780
vn 0.884937 -0.051134 -0.462895
vn 0.703183 -0.342770 -0.622931
vn 0.998414 -0.025624 -0.050124
vn 0.914697 -0.343442 -0.213018
vn 0.808099 -0.055354 0.586440
vn 0.871259 -0.347303 0.346825
vn 0.487018 -0.033088 0.872765
vn 0.599584 -0.342102 0.723509
vn -0.159738 -0.040758 0.986318
vn 0.067413 -0.337447 0.938928
vn -0.565784 -0.031583 0.823948
vn -0.388937 -0.349756 0.852290
vn -0.954251 -0.042855 0.295918
vn -0.806106 -0.340984 0.483656
vn -0.988913 -0.014685 -0.147767
vn -0.934208 -0.355425 0.030470
vn -0.791399 -0.339491 -0.508363
vn -0.625635 -0.055867 -0.778113
vn -0.257390 -0.712408 -0.652859
vn 0.265478 -0.738570 -0.619707
vn 0.648238 -0.731050 -0.212962
vn 0.661146 -0.719036 0.214181
vn 0.358891 -0.732722 0.578200
vn -0.207645 -0.737705 0.642398
vn -0.635781 -0.736077 0.232321
vn -0.620616 -0.705640 -0.341917
vn 0.000946 -0.020979 -0.999779
vn -0.236751 -0.363399 -0.901050
vn 0.411641 -0.022157 -0.911077
vn 0.223382 -0.341910 -0.912797
vn 0.884940 -0.051143 -0.462888
vn 0.703006 -0.342416 -0.623325
vn 0.998385 -0.033231 -0.046067
vn 0.915507 -0.345467 -0.206153
vn 0.868037 -0.345008 0.357045
vn 0.484981 -0.031771 0.873947
vn 0.595996 -0.345287 0.724959
vn -0.159738 -0.040758 0.986318
vn 0.067407 -0.337454 0.938926
vn -0.565784 -0.031583 0.823948
vn -0.388929 -0.349761 0.852292
vn -0.954252 -0.042854 0.295917
vn -0.806108 -0.340983 0.483654
vn -0.989971 -0.029732 -0.138104
vn -0.934208 -0.355424 0.030469
vn -0.713324 -0.024464 -0.700407
vn -0.780413 -0.361371 -0.510262
vn -0.504484 -0.064529 -0.861007
vn 0.812287 -0.038541 0.581983
vn -0.259725 -0.712132 -0.652235
vn 0.257884 -0.737406 -0.624282
vn 0.647524 -0.729700 -0.219660
vn 0.668568 -0.713731 0.208821
vn 0.359294 -0.732563 0.578151
vn -0.207666 -0.737710 0.642385
vn -0.635754 -0.736079 0.232389
vn -0.620617 -0.705641 -0.341915
vn -0.028584 -0.005106 -0.999578
vn -0.239603 -0.347124 -0.906695
vn 0.411643 -0.022144 -0.911076
vn 0.223385 -0.341912 -0.912795
vn 0.884939 -0.051143 -0.462891
vn 0.703004 -0.342420 -0.623325
vn 0.998385 -0.033231 -0.046069
vn 0.915507 -0.345467 -0.206154
vn 0.812285 -0.038543 0.581986
vn 0.868038 -0.345005 0.357046
vn 0.484979 -0.031772 0.873948
vn 0.595995 -0.345286 0.724960
vn -0.159738 -0.040757 0.986318
vn 0.067406 -0.337454 0.938926
vn -0.565785 -0.031582 0.823947
vn -0.388929 -0.349762 0.852292
vn -0.954252 -0.042856 0.295916
vn -0.806108 -0.340982 0.483655
vn -0.988913 -0.014685 -0.147768
vn -0.934208 -0.355424 0.030470
vn -0.791398 -0.339492 -0.508365
vn -0.625633 -0.055869 -0.778115
vn -0.259730 -0.712130 -0.652235
vn 0.257887 -0.737407 -0.624280
vn 0.647528 -0.729696 -0.219661
vn 0.668580 -0.713728 0.208791
vn 0.359305 -0.732566 0.578141
vn -0.207664 -0.737711 0.642384
vn -0.635755 -0.736079 0.232386
vn -0.620617 -0.705639 -0.341918
vn -0.000000 -1.000000 0.000172
vn -0.000109 -0.999995 0.003248
vn -0.000185 -1.000000 -0.000136
vn 0.000079 -1.000000 0.000016
vn 0.000064 -1.000000 0.000032
vn 0.000076 -1.000000 -0.000314
vn -0.000127 -1.000000 -0.000518
vn -0.000067 -1.000000 0.000118
vn -0.000217 -1.000000 0.000043
vn -0.000149 -1.000000 0.000033
vn 0.000000 -1.000000 -0.000000
vn 0.001526 -0.999999 -0.000613
vn -0.000221 -1.000000 -0.000199
vn -0.000233 -1.000000 -0.000145
vn -0.000111 -1.000000 -0.000023
vn 0.000261 -1.000000 0.000454
vn -0.000088 -0.999999 -0.001249
vn -0.000488 -0.999999 0.001301
vn 0.000000 -1.000000 0.000000
vn 0.000000 -1.000000 -0.000000
vn 0.012635 -0.999770 -0.017307
vn -0.000285 -1.000000 0.000634
vn 0.000153 -1.000000 -0.000647
vn -0.000066 -1.000000 -0.000018
vn 0.000000 -1.000000 -0.000000
vn 0.000000 -1.000000 0.000000
vn 0.000000 -1.000000 0.000000
vn 0.000494 -1.000000 0.000442
vn 0.003381 -0.999994 0.000811
vn 0.007418 -0.999959 0.005157
vn -0.000043 -1.000000 -0.000365
vn -0.000068 -1.000000 0.000314
vn -0.000142 -1.000000 -0.000146
vn -0.006811 -0.999976 -0.000836
vn -0.001824 -0.999998 -0.001097
vn -0.001121 -0.999999 -0.000551
vn -0.000000 -1.000000 0.000000
vn 0.000588 -1.000000 -0.000244
vn 0.001021 -0.999999 -0.000392
vn 0.000614 -1.000000 -0.000249
vn -0.000021 -1.000000 -0.000131
vn -0.000781 -1.000000 0.000427
vn -0.002366 -0.999992 0.003151
vn -0.006753 -0.999971 0.003549
vn -0.000124 -1.000000 0.000905
vn 0.000000 -1.000000 0.000000
vn -0.000124 -1.000000 0.000333
vn -0.000162 -1.000000 0.000341
vn -0.000285 -1.000000 0.000073
vn -0.000411 -1.000000 0.000019
vn -0.000316 -1.000000 -0.000342
vn -0.000217 -1.000000 -0.000329
vn 0.002430 -0.999988 0.004142
vn -0.000153 -1.000000 0.000086
vn -0.000141 -1.000000 0.000000
vn 0.000000 -1.000000 0.000000
vn 0.000000 -1.000000 0.000000
vn -0.004862 -0.999985 -0.002404
vn -0.000059 -1.000000 0.000095
vn -0.000074 -1.000000 0.000202
vn 0.001050 -0.999999 -0.000755
vn 0.000189 -1.000000 -0.000071
vn -0.000024 -1.000000 -0.000036
vn 0.000426 -1.000000 -0.000294
vn 0.001238 -0.999998 0.001547
vn -0.000212 -0.999994 0.003463
vn -0.002884 -0.999995 -0.001525
vn 0.002405 -0.999995 -0.002200
vn -0.470919 -0.873068 0.126439
vn -0.345968 -0.915799 0.204006
vn 0.006543 -0.999975 -0.002689
vn 0.413300 -0.909382 -0.046989
vn -0.342242 -0.889701 -0.302162
vn -0.002096 -0.999996 -0.002114
vn -0.023322 -0.999728 -0.000135
vn 0.002902 -0.985041 -0.172298
vn 0.019500 -0.999810 0.000521
vn -0.252807 -0.874152 -0.414666
vn -0.116550 -0.882198 -0.456227
vn 0.001672 -0.999991 0.003870
vn 0.013252 -0.902996 -0.429444
vn 0.098487 -0.916057 -0.388768
vn 0.006546 -0.999977 -0.001835
vn 0.011509 -0.999930 -0.002876
vn -0.005795 -0.999955 -0.007554
vn 0.135820 -0.902186 -0.409407
vn 0.002787 -0.999992 0.002890
vn 0.249093 -0.890766 -0.380116
vn -0.005496 -0.999981 0.002697
vn 0.353024 -0.900102 -0.255323
vn 0.428028 -0.889903 -0.157685
vn 0.410719 -0.909184 0.068520
vn -0.003203 -0.999987 0.003842
vn -0.000292 -0.999993 -0.003634
vn 0.000380 -0.999989 -0.004614
vn 0.004991 -0.999987 0.000592
vn 0.016324 -0.999842 0.007005
vn 0.388784 -0.896368 0.213006
vn 0.316516 -0.856973 0.406713
vn 0.114318 -0.900302 0.419986
vn -0.109013 -0.905850 0.409331
vn -0.005613 -0.890197 0.455542
vn 0.002897 -0.999995 0.001137
vn -0.358213 -0.893632 0.270380
vn -0.217768 -0.900315 0.376841
vn -0.387003 -0.901689 -0.192834
vn -0.430436 -0.901953 -0.034718
vn -0.001754 -0.999997 0.001503
vn -0.012519 -0.999914 0.003812
vn 0.001330 -0.999976 -0.006798
vn 0.004509 -0.999988 0.002082
vn 0.001871 -0.999998 0.000007
vn -0.002466 -0.999987 -0.004485
vn -0.000002 -1.000000 0.000012
vn 0.000565 -0.999998 -0.001693
vn -0.000510 -1.000000 0.000248
vn -0.003935 -0.999992 0.000288
vn 0.001757 -0.999928 -0.011852
vn 0.004559 -0.999988 -0.001839
vn 0.001299 -0.999994 0.003077
vn 0.000698 -0.999926 0.012116
vn -0.000089 -1.000000 0.000111
vn -0.900008 -0.424841 0.097448
vn -0.831046 -0.402896 0.383454
vn -0.650673 -0.409721 0.639338
vn -0.517425 -0.368054 0.772534
vn -0.323165 -0.410462 0.852693
vn -0.122457 -0.405476 0.905866
vn 0.110752 -0.427328 0.897288
vn 0.305454 -0.378571 0.873717
vn 0.437263 -0.452087 0.777444
vn 0.657715 -0.388433 0.645392
vn 0.726014 -0.444189 0.524975
vn 0.843453 -0.418319 0.337040
vn 0.920550 -0.360555 0.150291
vn 0.914903 -0.403049 -0.022435
vn 0.891488 -0.398537 -0.215448
vn 0.800146 -0.425673 -0.422575
vn 0.708622 -0.378576 -0.595429
vn 0.585230 -0.417806 -0.694942
vn 0.387858 -0.407556 -0.826719
vn 0.169133 -0.385781 -0.906955
vn -0.084379 -0.401510 -0.911959
vn -0.352829 -0.407280 -0.842398
vn -0.585082 -0.428357 -0.688613
vn -0.746872 -0.426237 -0.510396
vn -0.858774 -0.408257 -0.309570
vn -0.922857 -0.364957 -0.123054
vn 0.001236 -0.983671 -0.179971
vn 0.038760 -0.855691 -0.516033
vn 0.633478 0.019968 0.773503
vn 0.050987 0.014900 0.998588
vn -0.201167 0.014359 0.979452
vn -0.429239 0.013342 0.903092
vn -0.629905 0.016595 0.776495
vn -0.946433 0.012414 0.322662
vn -0.997365 0.010155 0.071832
vn -0.988037 0.004163 -0.154158
vn -0.922226 0.012011 -0.386465
vn -0.743739 0.012482 -0.668354
vn -0.557916 0.014072 -0.829778
vn -0.284820 0.013552 -0.958485
vn -0.030372 0.009272 -0.999496
vn 0.203764 0.005609 -0.979004
vn 0.498912 0.019886 -0.866425
vn 0.750020 0.019616 -0.661124
vn 0.919188 0.020082 -0.393306
vn 0.843691 0.019616 0.536471
vn 0.996768 0.019572 -0.077910
vn -0.806640 0.014073 0.590876
vn 0.352203 0.019615 0.935718
vn 0.971109 0.019958 0.237801
vn -0.847124 0.003205 -0.531385
vn -0.598214 -0.539155 0.592833
vn -0.581055 -0.612026 0.536470
vn -0.663429 -0.293433 0.688301
vn -0.447710 -0.256772 0.856519
vn 0.170460 0.021395 0.985132
vn -0.384207 -0.047615 0.922018
vn -0.276924 -0.051444 0.959514
vn 0.522824 -0.436458 -0.732229
vn 0.701923 -0.662724 -0.260961
vn 0.538598 -0.677809 0.500486
vn 0.179877 -0.643205 0.744266
vn 0.133233 -0.691338 0.710142
vn 0.317701 -0.667670 0.673263
vn 0.751251 -0.635319 0.178862
vn 0.635312 -0.485748 -0.600356
vn 0.570920 -0.281960 -0.771070
vn 0.498483 -0.022227 -0.866614
vn 0.481189 -0.026216 -0.876225
vn 0.267703 -0.432325 0.861064
vn 0.309689 -0.333941 0.890267
vn 0.259844 -0.300156 0.917817
vn 0.297245 -0.219045 0.929336
vn 0.209809 -0.007321 0.977715
vn 0.219575 -0.005125 0.975582
vn 0.891349 -0.331111 -0.309616
vn 0.902316 -0.277211 -0.330121
vn 0.924593 -0.128077 -0.358783
vn 0.921777 -0.190258 -0.337829
vn 0.930994 0.031770 -0.363650
vn -0.309233 -0.330500 -0.891709
vn -0.330080 -0.275385 -0.902890
vn -0.358775 -0.128460 -0.924542
vn -0.568792 -0.142828 -0.809985
vn -0.969797 0.038835 -0.240804
vn -0.779101 -0.031353 -0.626113
vn -0.699874 -0.035912 -0.713363
vn 0.384471 -0.686921 0.616702
vn -0.075043 -0.756032 0.650219
vn 0.596364 -0.656380 0.462078
vn -0.138163 -0.819357 0.556386
vn 0.194670 -0.701107 0.685968
vn 0.563358 -0.683844 0.463664
vn 0.818337 -0.437669 -0.372519
vn 0.746505 -0.614547 -0.255073
vn 0.706257 -0.678155 -0.203241
vn 0.804900 -0.482015 -0.346118
vn -0.307750 -0.334269 -0.890817
vn -0.329187 -0.277833 -0.902466
vn -0.358927 -0.125901 -0.924835
vn -0.336902 -0.191789 -0.921799
vn -0.363665 0.031770 -0.930988
vn -0.890341 -0.334152 0.309250
vn -0.901303 -0.281019 0.329669
vn -0.921419 -0.192163 0.337728
vn -0.924261 -0.130898 0.358619
vn -0.930991 0.031770 0.363656
vn 0.332530 -0.785598 0.521786
vn 0.125591 -0.738875 0.662036
vn 0.292198 -0.780228 0.553049
vn 0.474362 -0.787333 0.393812
vn 0.516282 -0.638139 -0.571167
vn 0.598179 -0.715521 -0.360849
vn 0.626403 -0.770225 -0.119886
vn 0.583798 -0.664496 -0.466504
vn 0.518002 -0.624193 -0.584856
vn -0.236546 -0.638084 -0.732731
vn -0.214253 -0.665276 -0.715194
vn -0.203247 -0.678182 -0.706229
vn -0.229381 -0.646980 -0.727187
vn -0.894887 -0.437663 -0.087340
vn -0.773928 -0.614616 -0.152584
vn -0.870183 -0.481785 -0.103270
vn -0.713214 -0.678204 -0.177099
vn 0.332634 -0.785368 0.522065
vn 0.125628 -0.738713 0.662209
vn 0.292402 -0.780029 0.553223
vn 0.474639 -0.787054 0.394034
vn 0.199364 -0.429067 -0.880997
vn 0.177790 -0.329326 -0.927327
vn 0.227985 -0.305453 -0.924511
vn 0.207719 -0.221483 -0.952785
vn 0.220510 -0.008578 -0.975347
vn 0.223553 -0.009433 -0.974646
vn -0.947302 -0.274080 -0.165829
vn -0.926953 -0.330038 -0.178419
vn -0.966148 -0.195430 -0.168418
vn -0.640141 0.023730 -0.767891
vn -0.937864 -0.095772 -0.333525
vn -0.922666 -0.033501 -0.384143
vn -0.890231 -0.032109 -0.454377
vn 0.027038 -0.785368 0.618438
vn -0.222303 -0.738714 0.636304
vn -0.023382 -0.780029 0.625306
vn 0.214032 -0.787054 0.578563
vn 0.618666 -0.785190 -0.026997
vn 0.636433 -0.738587 0.222356
vn 0.625502 -0.779874 0.023316
vn 0.578819 -0.786838 -0.214137
vn 0.682934 -0.233262 -0.692236
vn 0.680760 -0.188719 -0.707779
vn 0.711085 -0.187237 -0.677717
vn 0.327395 -0.038962 -0.944084
vn 0.363256 -0.049323 -0.930383
vn -0.683543 -0.723330 -0.097791
vn -0.772450 -0.316747 -0.550447
vn -0.578234 -0.787333 0.213900
vn -0.765094 -0.403509 -0.501808
vn -0.625055 -0.780228 -0.023469
vn 0.999599 0.013908 0.024666
vn 0.948327 0.012743 0.317038
vn 0.522710 0.030464 0.851966
vn -0.289212 0.036417 0.956572
vn -0.933532 0.037484 0.356529
vn -0.992400 0.053926 -0.110607
vn -0.706901 -0.056775 0.705030
vn 0.222928 -0.042063 0.973927
vn 0.990132 -0.020398 0.138649
vn -0.985452 -0.038385 0.165564
vn 0.870957 -0.028707 0.490520
vn 0.725009 0.012046 -0.688634
vn 0.738649 0.004530 -0.674075
vn 0.777371 -0.017919 -0.628787
vn 0.764137 -0.010047 -0.644975
vn -0.005347 0.026789 -0.999627
vn 0.036743 0.011930 -0.999254
vn 0.164862 -0.033605 -0.985744
vn 0.124771 -0.019306 -0.991998
vn -0.622956 -0.007047 -0.782226
vn -0.651024 -0.021779 -0.758744
vn -0.691591 -0.044019 -0.720947
vn -0.709441 -0.054207 -0.702678
vn 0.051939 0.004261 0.998641
vn -0.271616 0.016949 0.962256
vn -0.591753 -0.009922 0.806058
vn -0.708874 -0.067299 0.702118
vn -0.297470 -0.040516 0.953871
vn 0.164864 -0.035081 0.985692
vn 0.734591 0.005973 0.678484
vn 0.719555 0.014163 0.694291
vn 0.762690 -0.009963 0.646687
vn 0.777362 -0.018649 0.628778
vn 0.797096 0.014080 -0.603688
vn 0.949358 0.012634 -0.313941
vn 0.999651 0.014814 -0.021880
vn 0.990244 -0.020144 -0.137879
vn 0.886671 -0.020738 -0.461936
vn 0.706958 -0.020387 -0.706962
vn 0.152416 0.003686 -0.988310
vn 0.155607 0.002241 -0.987817
vn 0.164959 -0.001999 -0.986298
vn 0.161635 -0.000491 -0.986850
vn -0.641798 0.007564 -0.766837
vn -0.643162 0.006704 -0.765701
vn -0.639332 0.009113 -0.768877
vn -0.637780 0.010086 -0.770153
vn -0.998131 0.041211 0.045125
vn -0.991160 0.065734 0.115239
vn -0.995921 -0.006446 -0.089997
vn -0.983710 -0.037021 -0.175911
vn 0.999567 0.013463 0.026150
vn 0.948060 0.012550 0.317843
vn 0.516252 0.020782 0.856184
vn -0.282746 0.034161 0.958586
vn -0.933531 0.037485 0.356532
vn -0.992401 0.053926 -0.110604
vn -0.732631 -0.044691 0.679157
vn -0.039703 -0.019717 0.999017
vn 0.496990 -0.013647 0.867649
vn 0.886419 -0.019708 0.462465
vn 0.990075 -0.020516 0.139032
vn -0.985453 -0.038383 0.165557
vn 0.725825 0.012132 -0.687773
vn 0.739244 0.004700 -0.673421
vn 0.777366 -0.017504 -0.628805
vn 0.764290 -0.009692 -0.644800
vn -0.005338 0.026789 -0.999627
vn 0.036754 0.011931 -0.999253
vn 0.164882 -0.033606 -0.985741
vn 0.124789 -0.019306 -0.991995
vn -0.622951 -0.007048 -0.782229
vn -0.651018 -0.021780 -0.758749
vn -0.691582 -0.044019 -0.720956
vn -0.709431 -0.054207 -0.702687
vn 0.135743 0.045264 0.989710
vn -0.285142 0.034942 0.957848
vn -0.934067 0.038117 0.355056
vn -0.992400 0.053928 -0.110611
vn -0.684398 -0.058429 0.726764
vn -0.134267 -0.039785 0.990146
vn -0.983929 -0.041146 0.173757
vn -0.003291 0.026882 -0.999633
vn 0.399286 0.023203 -0.916533
vn 0.942963 0.020363 -0.332273
vn 0.944148 0.010814 0.329343
vn 0.786494 -0.014297 0.617433
vn 0.730133 -0.048907 0.681552
vn 0.967374 -0.048834 0.248602
vn 0.707649 -0.057269 -0.704240
vn 0.197267 -0.045814 -0.979279
vn -0.622952 -0.007048 -0.782228
vn -0.651023 -0.021781 -0.758746
vn -0.691589 -0.044022 -0.720949
vn -0.709440 -0.054211 -0.702678
vn -0.998628 0.031160 -0.042087
vn -0.992401 0.053926 -0.110604
vn -0.983523 -0.041860 0.175873
vn -0.995039 -0.015743 0.098230
vn -0.663009 0.002223 0.748608
vn -0.656640 0.006472 0.754176
vn -0.637691 0.018886 0.770061
vn -0.645190 0.014013 0.763893
vn 0.175057 -0.010122 0.984506
vn 0.135085 0.007734 0.990804
vn 0.228186 -0.034065 0.973022
vn 0.261287 -0.049107 0.964011
vn 0.999567 0.013463 0.026150
vn 0.949224 0.010900 0.314413
vn 0.807951 0.034541 0.588237
vn 0.941911 -0.037717 0.333738
vn 0.976347 -0.042631 0.211965
vn 0.725826 0.012132 -0.687772
vn 0.739244 0.004700 -0.673421
vn 0.777366 -0.017504 -0.628804
vn 0.764290 -0.009692 -0.644800
vn -0.005338 0.026789 -0.999627
vn 0.036754 0.011931 -0.999253
vn 0.164882 -0.033606 -0.985741
vn 0.124790 -0.019306 -0.991995
vn -0.622950 -0.007048 -0.782230
vn -0.651018 -0.021780 -0.758750
vn -0.691582 -0.044019 -0.720956
vn -0.709431 -0.054207 -0.702687
vn 0.156685 0.023472 0.987370
vn -0.282743 0.034165 0.958587
vn -0.933533 0.037486 0.356527
vn -0.992400 0.053926 -0.110610
vn -0.732619 -0.044690 0.679170
vn -0.039697 -0.019713 0.999017
vn 0.258812 -0.007892 0.965895
vn -0.985451 -0.038385 0.165566
vn -0.005338 0.026789 -0.999627
vn 0.386165 0.022069 -0.922166
vn 0.937265 0.019050 -0.348096
vn 0.945075 0.010909 0.326672
vn 0.801075 -0.004601 0.598546
vn 0.777338 -0.020232 0.628757
vn 0.974295 -0.037121 0.222196
vn 0.706461 -0.058880 -0.705299
vn 0.199352 -0.045938 -0.978851
vn -0.622955 -0.007049 -0.782226
vn -0.651023 -0.021781 -0.758745
vn -0.691589 -0.044020 -0.720949
vn -0.709439 -0.054208 -0.702679
vn 0.780602 0.008835 0.624966
vn 0.967424 0.007704 0.253043
vn 0.985130 0.021397 -0.170476
vn 0.959513 -0.051442 0.276926
vn 0.930212 -0.052021 0.363316
vn -0.281975 0.009044 -0.959379
vn -0.276558 0.007804 -0.960966
vn -0.326729 0.019356 -0.944920
vn -0.319500 0.017682 -0.947421
vn -0.970427 -0.014339 -0.240969
vn -0.971333 -0.013318 -0.237349
vn -0.974647 -0.009433 -0.223550
vn -0.975348 -0.008577 -0.220507
vn -0.693942 0.007804 0.719989
vn -0.716719 0.000749 0.697361
vn -0.812185 -0.031981 0.582522
vn -0.796733 -0.026264 0.603760
vn 0.945791 -0.037581 0.322595
vn 0.938027 -0.043689 0.343797
vn 0.975347 -0.008577 0.220511
vn 0.971984 -0.012573 0.234712
vn 0.356505 -0.018803 -0.934104
vn 0.344467 -0.015983 -0.938663
vn 0.412123 -0.031978 -0.910567
vn 0.404722 -0.030210 -0.913941
vn -0.272034 0.000750 0.962287
vn -0.240996 0.007804 0.970495
vn -0.412121 -0.031978 0.910568
vn -0.388122 -0.026262 0.921234
vn 0.713005 0.005606 0.701136
vn 0.719975 0.007804 0.693956
vn 0.670543 -0.007321 0.741835
vn 0.677934 -0.005125 0.735105
vn 0.963704 0.005606 -0.266913
vn 0.960971 0.007804 -0.276539
vn 0.977719 -0.007321 -0.209791
vn 0.975586 -0.005125 -0.219557
vn 0.322603 -0.037581 -0.945788
vn 0.343806 -0.043690 -0.938024
vn 0.220518 -0.008578 -0.975345
vn 0.234720 -0.012574 -0.971982
vn -0.939292 -0.042723 -0.340448
vn -0.938030 -0.043688 -0.343790
vn -0.943413 -0.039499 -0.329260
vn -0.944083 -0.038963 -0.327398
vn -0.701138 0.005606 0.713004
vn -0.693958 0.007804 0.719973
vn -0.741837 -0.007320 0.670540
vn -0.735107 -0.005124 0.677932
vn 0.193506 -0.037581 0.980379
vn 0.171262 -0.043690 0.984256
vn 0.296693 -0.008578 0.954935
vn 0.282711 -0.012574 0.959123
vn 0.983676 -0.042725 -0.174804
vn 0.984254 -0.043690 -0.171278
vn 0.981299 -0.038963 -0.188506
vn 0.981650 -0.039499 -0.186557
vn -0.245573 0.000749 -0.969378
vn -0.276558 0.007804 -0.960966
vn -0.098386 -0.031980 -0.994634
vn -0.124505 -0.026264 -0.991871
vn -0.970497 0.007804 -0.240987
vn -0.968051 0.005606 -0.250689
vn -0.954664 -0.005125 -0.297643
vn -0.951628 -0.007320 -0.307167
vn -0.701130 0.005606 0.713011
vn -0.693950 0.007804 0.719981
vn -0.741829 -0.007321 0.670549
vn -0.735099 -0.005125 0.677940
vn 0.193517 -0.037581 0.980377
vn 0.171274 -0.043689 0.984254
vn 0.296702 -0.008578 0.954931
vn 0.282721 -0.012574 0.959120
vn 0.969380 0.000750 -0.245565
vn 0.960968 0.007804 -0.276549
vn 0.994635 -0.031979 -0.098382
vn 0.991872 -0.026263 -0.124499
vn -0.340452 -0.042724 0.939291
vn -0.343795 -0.043689 0.938028
vn -0.327395 -0.038962 0.944084
vn -0.329258 -0.039498 0.943413
vn 0.939290 -0.042724 0.340454
vn 0.938027 -0.043689 0.343798
vn 0.944084 -0.038961 0.327396
vn 0.943413 -0.039497 0.329259
vn -0.939290 -0.042724 -0.340454
vn -0.938027 -0.043689 -0.343798
vn -0.943413 -0.039497 -0.329259
vn -0.944084 -0.038961 -0.327395
vn -0.525307 -0.244108 -0.815147
vn -0.529268 -0.243036 -0.812901
vn -0.520334 -0.245018 -0.818057
vn -0.515499 -0.244796 -0.821180
vn -0.511358 -0.243870 -0.824039
vn -0.220390 0.473016 -0.853044
vn -0.240765 0.668357 -0.703798
vn -0.221838 0.565707 -0.794206
vn -0.463090 0.294564 -0.835930
vn 0.000000 -0.064671 0.997907
vn -0.622626 0.595716 0.507404
vn 0.000000 -0.148569 0.988902
vn -0.584559 0.798603 0.143266
vn -0.264077 0.756654 -0.598112
vn -0.471338 0.293904 -0.831541
vn -0.299209 0.840651 -0.451420
vn -0.481945 0.293178 -0.825697
vn -0.343859 0.883129 -0.319131
vn -0.492030 0.292345 -0.820025
vn -0.405195 0.901189 -0.153870
vn -0.502317 0.291591 -0.814034
vn -0.485884 0.874023 0.000702
vn -0.511203 0.290945 -0.808717
vn -0.519057 0.290145 -0.803987
vn -0.523685 0.289872 -0.801079
vn -0.000054 0.258868 -0.965913
vn 0.001052 0.499426 -0.866356
vn 0.002042 0.866056 -0.499942
vn 0.001935 0.999998 -0.000022
vn 0.001786 0.865976 0.500083
vn 0.001681 0.500009 0.866019
vn 0.001669 0.254040 0.967192
vn 0.003415 -0.474728 0.880126
vn 0.000000 -0.175869 0.984414
vn 0.001206 -0.245947 0.969282
vn 0.004140 -0.999841 0.017364
vn 0.001048 -0.963431 0.267956
vn 0.003277 -0.839858 0.542796
vn 0.000910 -0.675544 0.737319
vn 0.003095 -0.523055 -0.852293
vn 0.001274 -0.962404 -0.271619
vn 0.004374 -0.863226 -0.504798
vn 0.001599 -0.706006 -0.708205
vn -0.000021 -0.439256 -0.898362
vn -0.000147 -0.258877 0.965910
vn -0.000114 -0.499950 0.866054
vn 0.000023 -0.866001 0.500042
vn 0.000121 -1.000000 -0.000006
vn 0.000127 -0.866018 -0.500012
vn 0.000098 -0.705895 -0.708317
vn -0.622933 -0.553152 0.553152
vn -0.706492 -0.544432 0.452176
vn -0.827637 -0.558273 -0.057863
vn -0.785125 -0.598232 -0.160304
vn -0.838618 -0.532229 0.115982
vn -0.585451 0.209866 -0.783073
vn -0.664652 0.090140 -0.741696
vn -0.780142 -0.161948 -0.604277
vn -0.741748 -0.060018 -0.667988
vn -0.780147 0.161886 0.604288
vn -0.664612 -0.090139 0.741732
vn -0.585425 -0.209792 0.783112
vn -0.741750 0.060019 0.667986
vn -0.622949 0.553143 0.553143
vn -0.706509 0.452158 0.544424
vn -0.827661 -0.057833 0.558241
vn -0.785166 -0.160252 0.598192
vn -0.838626 0.115979 0.532217
vn -0.780139 -0.604291 0.161910
vn -0.664631 -0.741714 -0.090147
vn -0.585439 -0.783089 -0.209839
vn -0.741746 -0.667991 0.060013
vn -0.827637 0.057863 -0.558273
vn -0.785116 0.160329 -0.598237
vn -0.874559 -0.125530 -0.468390
vn -0.856208 -0.035589 -0.515404
vn -0.780148 0.604277 -0.161924
vn -0.664639 0.741709 0.090128
vn -0.585447 0.783090 0.209817
vn -0.741751 0.667984 -0.060022
vn -0.833670 0.491074 -0.252666
vn -0.796741 0.570197 -0.200199
vn -0.759592 0.485479 -0.432817
vn -0.806075 0.557179 -0.199487
vn -0.794346 0.486881 -0.363265
vn -0.997893 0.017215 -0.062555
vn -0.923127 0.043629 -0.382012
vn -0.918169 -0.274270 -0.285906
vn -0.952890 -0.233764 -0.193274
vn -0.917069 -0.355261 -0.181035
vn -0.993386 -0.041722 -0.106978
vn -0.999419 0.014846 0.030677
vn -0.985139 -0.149728 -0.084157
vn -0.999851 0.011837 -0.012545
vn -0.999884 0.013197 -0.007619
vn -0.999568 0.017303 0.023759
vn -0.022855 0.841608 -0.539605
vn -0.015002 0.944468 -0.328261
vn -0.023486 0.498068 -0.866820
vn -0.013848 0.016493 -0.999768
vn -0.030035 -0.453653 -0.890672
vn -0.027223 -0.839961 -0.541963
vn -0.034125 -0.938316 -0.344090
vn -0.143503 -0.239198 -0.960308
vn 0.000274 0.710338 -0.703861
vn -0.012605 0.133590 -0.990957
vn 0.020031 -0.873375 -0.486637
vn -0.006460 -0.485646 -0.874132
vn 0.007466 0.870241 -0.492570
vn -0.011764 0.999920 0.004606
vn -0.011216 0.999937 0.000000
vn -0.665154 0.738370 0.111264
vn -0.369196 0.929223 0.015477
vn -0.624224 0.780501 0.034103
vn -0.244747 0.969583 -0.002669
vn -0.987423 0.075723 -0.138786
vn -0.988694 0.110164 -0.101727
vn -0.980426 0.196797 -0.005944
vn -0.988160 0.132439 -0.077455
vn -0.042550 -0.994824 0.092275
vn -0.019310 -0.993646 -0.110883
vn -0.021079 -0.995175 -0.095828
vn -0.044076 -0.993384 0.106043
vn -0.662396 -0.735039 -0.144742
vn -0.758794 -0.651330 0.000066
vn -0.806645 -0.583364 0.094925
vn -0.725683 -0.685852 -0.054692
vn -0.999517 -0.001727 -0.031015
vn -0.999894 -0.003815 -0.014019
vn -0.996658 0.062718 -0.052344
vn -0.999192 0.037321 -0.014899
vn -0.999780 -0.001092 -0.020955
vn -0.785988 0.520974 -0.332881
vn -0.878972 0.446627 -0.167128
vn -0.995809 0.057266 -0.071304
vn -0.903058 0.358169 -0.237066
vn -0.953035 0.284504 -0.103832
vn -0.997388 -0.027306 -0.066863
vn -0.993462 -0.003180 -0.114116
vn -0.800291 -0.558261 -0.218811
vn -0.964073 -0.002319 -0.265628
vn -0.929562 -0.304773 -0.207433
vn -0.624932 -0.736214 -0.259710
vn -0.984882 -0.163369 0.057607
vn -0.999999 -0.001103 -0.000751
vn -0.988714 -0.147200 0.027882
vn -0.999999 -0.001185 0.000000
vn -0.908807 -0.406258 0.094999
vn -0.814114 -0.578606 -0.049330
vn -0.858804 -0.508686 0.060774
vn 0.067051 -0.784012 0.617114
vn 0.059050 -0.546624 0.835294
vn -0.031935 -0.675293 0.736858
vn -0.080369 -0.209115 0.974583
vn -0.057192 -0.950094 0.306678
vn 0.117725 0.649840 0.750898
vn 0.091388 0.682216 0.725417
vn 0.073160 0.703522 0.706898
vn 0.038797 0.741290 0.670063
vn 0.114478 0.807262 -0.578984
vn 0.063446 0.865959 -0.496073
vn -0.043241 0.950766 -0.306877
vn 0.016791 0.909241 -0.415930
vn 0.045191 -0.079958 -0.995773
vn 0.090276 -0.208906 -0.973760
vn -0.057179 0.209454 -0.976145
vn -0.012218 0.082911 -0.996482
vn 0.090269 -0.947769 -0.305917
vn 0.045183 -0.902361 -0.428607
vn -0.057191 -0.740641 -0.669462
vn -0.012230 -0.821531 -0.570033
vn 0.120863 0.729053 0.673701
vn 0.016593 0.580211 0.814297
vn -0.128352 0.324917 0.936992
vn -0.037576 0.491425 0.870109
vn 0.038598 0.890229 -0.453875
vn 0.114488 0.807262 -0.578982
vn -0.088791 0.971539 -0.219610
vn -0.012262 0.931334 -0.363960
vn 0.045190 -0.079956 -0.995774
vn 0.090276 -0.208909 -0.973759
vn -0.057182 0.209472 -0.976141
vn -0.012221 0.082924 -0.996481
vn 0.120019 -0.968330 -0.218933
vn 0.067059 -0.926438 -0.370426
vn -0.057190 -0.740621 -0.669485
vn 0.004860 -0.848201 -0.529652
vn -0.996469 0.023359 0.080642
vn -0.994340 0.018786 0.104574
vn -0.999018 0.041497 -0.015501
vn -0.998481 0.044630 -0.032308
vn -0.984970 0.162878 -0.057481
vn -0.988757 0.146877 -0.028064
vn -0.999970 0.001185 -0.007706
vn -0.908807 0.406258 -0.095002
vn -0.814111 0.578609 0.049335
vn -0.858804 0.508686 -0.060773
vn -0.999979 0.001042 -0.006385
vn -0.010152 0.991037 -0.133202
vn -0.010235 0.991232 -0.131733
vn -0.007663 0.984192 -0.176939
vn -0.007874 0.984847 -0.173245
vn -0.010294 0.000407 -0.999947
vn -0.009241 -0.000084 -0.999957
vn -0.008776 0.010665 -0.999905
vn -0.008782 -0.000096 -0.999961
vn -0.011278 0.002799 -0.999932
vn -0.009693 0.008718 -0.999915
vn -0.008368 -0.001032 -0.999964
vn -0.008803 -0.000060 -0.999961
vn -0.008871 -0.000357 -0.999961
vn -0.009099 -0.000227 -0.999959
vn 0.109682 -0.012067 -0.993894
vn 0.058696 -0.006781 -0.998253
vn -0.008749 -0.000107 -0.999962
vn -0.029240 -0.493478 -0.869267
vn -0.034036 0.832269 -0.553326
vn -0.020377 0.936503 -0.350066
vn -0.031457 0.469552 -0.882344
vn -0.027150 -0.000606 -0.999631
vn -0.019123 -0.841374 -0.540115
vn -0.003791 -0.940953 -0.338517
vn -0.012139 -0.926860 -0.375210
vn 0.004588 0.908761 -0.417292
vn 0.006622 0.602529 -0.798070
vn 0.005638 -0.222716 -0.974867
vn -0.007402 -0.808234 -0.588814
vn -0.885165 0.465278 -0.000195
vn -0.886341 0.463033 0.000398
vn -0.891369 -0.453155 0.010566
vn -0.895747 -0.444553 -0.003147
vn -0.010190 -0.999948 0.000074
vn -0.010280 -0.999947 0.000083
vn -0.027867 -0.999611 0.001181
vn 0.520907 0.852863 -0.035789
vn -0.075732 0.997110 0.005948
vn -0.827753 0.560932 0.013427
vn -0.768591 0.639690 0.008116
vn -0.676600 0.736351 0.000810
vn -0.722957 0.690785 0.012235
vn -0.855963 0.516848 0.013987
vn -0.855200 0.518274 -0.004886
vn -0.811993 0.583665 0.001904
vn -0.826888 0.562317 -0.007540
vn -0.861806 -0.507040 -0.014191
vn -0.851813 -0.523566 -0.017138
vn -0.867225 -0.497344 0.023853
vn -0.684923 -0.728609 0.003097
vn -0.716494 -0.697593 0.000059
vn -0.784755 -0.619690 0.011991
vn -0.850503 -0.525528 0.021551
vn -0.994409 0.081062 -0.067679
vn -0.925159 -0.377418 -0.040446
vn -0.973103 -0.230368 -0.000512
vn -0.996614 -0.031899 -0.075787
vn -0.960224 0.274542 -0.050956
vn -0.026136 -0.999644 0.005315
vn -0.037202 -0.998780 0.032482
vn -0.020461 -0.998717 0.046318
vn -0.451663 -0.892188 -0.000684
vn -0.123436 -0.992349 0.002505
vn -0.642634 -0.766150 0.005918
vn -0.381448 -0.924372 0.005857
vn -0.034665 -0.999387 0.004857
vn -0.026136 -0.999658 -0.000012
vn -0.749045 -0.662462 0.008625
vn -0.713142 0.700977 0.007751
vn -0.744374 0.663506 0.075280
vn -0.737001 0.669711 0.091192
vn 0.326525 0.944888 -0.023821
vn -0.026110 0.999649 0.004410
vn -0.050132 0.998702 0.009029
vn 0.189310 0.981769 -0.017055
vn -0.270874 0.962596 0.005927
vn -0.608200 0.793784 -0.000106
vn -0.520915 0.853608 -0.000470
vn -0.459570 0.888141 0.000562
vn -0.995577 0.018171 0.092175
vn -0.989391 -0.104517 -0.100904
vn -0.992128 0.111522 0.056965
vn -0.398564 0.222284 -0.889796
vn -0.521508 0.216401 -0.825349
vn -0.570894 0.226380 -0.789198
vn -0.632140 0.258538 -0.730450
vn -0.058401 -0.997664 0.035446
vn -0.051594 0.998288 0.027558
vn -0.114218 0.992667 0.039567
vn -0.897703 0.440538 0.007488
vn -0.857423 0.510740 0.063008
vn -0.798118 0.601829 0.028458
vn -0.895647 0.444746 -0.004177
vn -0.884649 0.466096 0.012302
vn -0.949040 0.315057 0.007934
vn -0.934866 0.353989 0.026773
vn -0.973008 0.229783 0.021346
vn -0.988261 0.151555 0.019243
vn -0.999360 -0.035754 0.001039
vn -0.997394 0.071958 0.005268
vn -0.997833 -0.065690 0.003828
vn -0.956735 -0.290951 0.002244
vn -0.878979 -0.476514 -0.018161
vn -0.919186 -0.393823 0.000038
vn -0.913132 -0.407607 0.006861
vn -0.884711 -0.464609 0.037738
vn -0.834070 -0.551650 -0.003083
vn -0.735067 -0.677780 0.017046
vn -0.552958 -0.833207 0.002079
vn -0.127332 0.105063 -0.986280
vn -0.998735 0.000914 -0.050271
vn -0.999129 -0.032610 -0.026026
vn -0.998292 0.010999 0.057380
vn -0.996511 0.059515 0.058509
vn -0.092491 -0.995483 0.021439
vn -0.216846 -0.975851 0.026332
vn -0.277127 -0.960818 0.005492
vn -0.021069 0.995820 -0.088876
vn -0.021832 0.992877 -0.117130
vn -0.016912 0.999839 0.005936
vn -0.017378 0.999849 0.000079
vn -0.865660 0.411193 0.285575
vn -0.892976 0.422895 0.154123
vn -0.831048 0.520530 0.195979
vn -0.790967 -0.610778 0.036349
vn -0.991527 -0.050238 0.119790
vn -0.992422 0.048126 0.113063
vn -0.965151 0.218523 0.143986
vn -0.944882 0.288549 0.154715
vn -0.966577 -0.219266 0.132859
vn -0.931902 -0.311926 0.185096
vn -0.954834 -0.212695 0.207492
vn -0.813805 -0.507190 0.283690
vn -0.757914 -0.570915 0.315630
vn -0.762539 -0.537141 0.360574
vn -0.790437 -0.440003 0.426153
vn -0.834817 -0.421959 0.353597
vn -0.975860 -0.217916 0.014479
vn -0.939925 -0.340441 0.025333
vn -0.987376 -0.150977 0.047903
vn -0.998651 0.024325 0.045871
vn -0.957494 0.284276 0.048906
vn -0.912307 0.405094 0.059959
vn -0.792886 0.599422 0.109655
vn -0.725954 0.685909 0.050195
vn -0.389777 0.915383 0.100742
vn -0.089493 0.995702 0.023839
vn -0.432338 0.897994 0.081796
vn -0.326273 0.939758 0.101983
vn -0.128604 0.990226 0.053975
vn -0.930420 0.299198 0.211659
vn -0.817643 -0.542340 0.193202
vn -0.842641 -0.505674 0.185068
vn -0.834392 -0.547185 0.066165
vn -0.931725 -0.353543 0.083046
vn -0.993387 -0.071440 0.089876
vn -0.985345 0.152855 0.075695
vn -0.487733 0.872979 0.004860
vn -0.388350 0.921499 0.004915
vn -0.132604 0.991133 0.008495
vn -0.018052 0.999837 0.000271
vn -0.998514 0.013368 -0.052826
vn -0.994522 -0.034524 -0.098658
vn -0.996103 0.082578 -0.030986
vn -0.985863 0.163944 -0.034586
vn -0.968071 0.248553 -0.032567
vn -0.961816 0.262373 0.077910
vn -0.950168 0.304254 -0.067901
vn -0.949754 0.294341 -0.106448
vn -0.879200 0.297399 -0.372239
vn -0.802488 0.312150 -0.508503
vn -0.702454 0.298186 -0.646253
vn -0.132583 0.141419 -0.981031
vn -0.126250 0.065324 -0.989845
vn -0.129286 -0.018465 -0.991435
vn -0.201123 -0.018517 -0.979391
vn -0.453599 -0.107874 -0.884653
vn -0.360912 -0.036273 -0.931894
vn -0.448980 -0.061659 -0.891412
vn -0.656337 -0.061109 -0.751989
vn -0.601688 -0.107134 -0.791513
vn -0.727358 -0.102888 -0.678502
vn -0.702406 -0.059002 -0.709327
vn -0.800731 -0.055501 -0.596448
vn -0.845020 -0.107466 -0.523825
vn -0.880000 -0.055349 -0.471738
vn -0.934689 -0.050825 -0.351813
vn -0.968131 -0.106709 -0.226574
vn -0.922802 -0.106523 -0.370256
vn -0.983127 -0.047308 -0.176699
vn -0.264566 0.231211 -0.936241
vn -0.593168 0.181247 -0.784412
vn -0.468471 0.181496 -0.864635
vn -0.956693 0.219147 -0.191609
vn -0.914900 0.223201 -0.336361
vn -0.868855 0.211528 -0.447602
vn -0.767655 0.216270 -0.603269
vn -0.689964 0.221699 -0.689057
vn -0.331199 0.185489 -0.925149
vn -0.216377 0.165614 -0.962161
vn -0.973672 0.112245 -0.198403
vn -0.934035 0.112368 -0.339045
vn -0.874855 0.112626 -0.471110
vn -0.797183 0.112859 -0.593095
vn -0.702313 0.113433 -0.702773
vn -0.595042 0.109252 -0.796235
vn -0.481857 0.113820 -0.868826
vn -0.337486 0.148461 -0.929550
vn -0.173718 0.120742 -0.977366
vn -0.979362 0.023833 -0.200704
vn -0.939738 0.023453 -0.341091
vn -0.880248 0.023452 -0.473933
vn -0.802099 0.023453 -0.596730
vn -0.706943 0.023457 -0.706881
vn -0.603692 0.028462 -0.796709
vn -0.474014 0.023454 -0.880205
vn -0.356559 0.000285 -0.934273
vn -0.187681 0.015967 -0.982100
vn -0.019966 0.999800 0.000563
vn -0.014145 0.999897 0.002581
vn -0.182030 -0.982946 0.026135
vn -0.330055 -0.943513 0.029109
vn -0.338911 -0.940360 0.029366
vn -0.442197 -0.896737 0.018023
vn -0.461951 -0.886439 0.028762
vn -0.209090 0.977820 0.012217
vn -0.097833 0.995149 0.010388
vn -0.777304 -0.629030 0.010987
vn -0.618446 -0.785778 0.008809
vn -0.419058 -0.907945 0.005155
vn -0.973968 -0.226441 0.010500
vn -0.902400 -0.430817 0.008405
vn -0.774553 0.632372 0.013144
vn -0.899079 0.437610 0.012440
vn -0.973465 0.228478 0.012791
vn -0.096749 -0.995265 0.009325
vn -0.219153 -0.975690 -0.000877
vn -0.999872 0.000261 0.015973
vn -0.421769 0.906633 0.011248
vn -0.611283 0.791355 0.009496
vn -0.476473 0.878730 0.028395
vn -0.543765 0.838709 0.029778
vn -0.383656 0.922876 0.033286
vn -0.170168 0.985224 0.019382
vn -0.330194 0.943643 0.022567
vn -0.113714 0.993194 0.025182
vn -0.579323 0.814614 0.028092
vn -0.261837 0.964852 0.022401
vn -0.085589 0.995758 0.033761
vn -0.665579 0.746089 0.018862
vn -0.667595 0.744160 0.023301
vn -0.997980 -0.053370 0.034452
vn -0.964217 0.264184 0.022178
vn -0.995011 0.095520 0.028797
vn -0.995613 0.090119 0.025175
vn -0.917404 0.397376 0.021511
vn -0.846455 0.531853 0.025424
vn -0.782844 0.621719 0.024892
vn -0.757419 0.652538 0.022591
vn -0.563871 -0.825438 0.026477
vn -0.653494 -0.756486 0.025960
vn -0.560612 -0.827636 0.027060
vn -0.777441 -0.628411 0.026177
vn -0.685430 -0.727669 0.026161
vn -0.748023 -0.663162 0.026032
vn -0.936381 -0.349897 0.027630
vn -0.959056 -0.281884 0.027438
vn -0.908051 -0.418019 0.026517
vn -0.856041 -0.516174 0.027525
vn -0.837749 -0.545314 0.028460
vn -0.982713 -0.184160 0.018970
vn -0.993737 -0.108637 0.026187
vn -0.833631 -0.115272 0.540159
vn -0.986322 -0.087100 0.139936
vn -0.902231 -0.338834 0.266776
vn -0.913588 -0.299111 0.275482
vn -0.959658 -0.196447 0.201157
vn -0.860375 -0.363500 0.357242
vn -0.853320 -0.370364 0.366983
vn -0.898768 -0.335215 0.282572
vn -0.942491 -0.233573 0.239069
vn -0.991504 0.000304 0.130074
vn -0.976479 -0.124217 0.176234
vn -0.967386 0.193486 0.163487
vn -0.983196 0.131134 0.127005
vn -0.740002 0.634898 0.222040
vn -0.921336 0.332106 0.202102
vn -0.979197 0.177257 0.098758
vn -0.980886 -0.099204 0.167396
vn -0.888607 -0.334758 0.313551
vn -0.944471 0.276829 0.177032
vn -0.990915 0.086220 0.103216
vn -0.893922 -0.220447 0.390264
vn -0.019183 0.999816 -0.000127
vn -1.000000 0.000989 -0.000027
vn -1.000000 0.000100 -0.000170
vn -0.999999 0.001043 -0.000019
vn -1.000000 0.000048 -0.000179
vn -0.005236 0.000000 -0.999986
vn -0.005268 -0.000626 -0.999986
vn -0.005246 0.000183 -0.999986
vn -0.005111 -0.000253 -0.999987
vn -0.005218 0.000408 -0.999986
vn -0.005247 -0.000024 -0.999986
vn -0.005238 -0.000150 -0.999986
vn -0.005355 -0.001601 -0.999984
vn -0.005266 0.005051 -0.999973
vn -0.005679 0.000049 -0.999984
vn -0.005158 0.000051 -0.999987
vn -0.005250 -0.000044 -0.999986
vn -0.005458 -0.000102 -0.999985
vn -0.005267 -0.000070 -0.999986
vn -0.005525 -0.000326 -0.999985
vn -0.005252 -0.000045 -0.999986
vn 1.000000 0.000433 -0.000281
vn 1.000000 0.000035 -0.000171
vn 1.000000 0.000181 -0.000050
vn 1.000000 0.000018 0.000059
vn 1.000000 -0.000295 -0.000397
vn 1.000000 0.000848 -0.000167
vn 1.000000 0.000389 -0.000210
vn 1.000000 0.000109 -0.000116
vn 1.000000 0.000164 0.000004
vn 1.000000 -0.000006 -0.000018
vn 1.000000 0.000053 -0.000307
vn 1.000000 0.000847 -0.000005
vn 1.000000 -0.000017 0.000471
vn 1.000000 0.000087 0.000343
vn 1.000000 -0.000186 -0.000378
vn 1.000000 0.000061 -0.000464
vn 1.000000 0.000575 -0.000362
vn 1.000000 -0.000154 0.000219
vn 1.000000 0.000123 0.000556
vn 1.000000 0.000188 0.000437
vn 1.000000 -0.000188 -0.000072
vn 1.000000 -0.000010 -0.000528
vn 1.000000 0.000042 -0.000131
vn -0.005624 -0.027756 -0.999599
vn 0.001259 -0.087427 -0.996170
vn -0.005788 -0.001111 -0.999983
vn -0.006782 -0.001348 -0.999976
vn -0.012966 -0.001365 -0.999915
vn -0.005357 0.000263 -0.999986
vn -0.004808 -0.000599 -0.999988
vn -0.007811 -0.000496 -0.999969
vn -0.005200 -0.000040 -0.999986
vn -0.004751 -0.000410 -0.999989
vn -0.005531 0.000409 -0.999985
vn -0.005577 0.000745 -0.999984
vn -0.003201 0.999995 -0.000382
vn -0.003637 0.999993 -0.000262
vn -0.002855 0.999996 -0.000477
vn -0.003929 0.999992 -0.000182
vn -0.024446 0.960993 0.275491
vn -0.022980 0.955946 0.292643
vn -0.000692 0.846470 0.532436
vn -0.004591 0.869890 0.493225
vn -0.014351 0.769526 -0.638455
vn -0.013139 0.780903 -0.624514
vn 0.003768 0.910028 -0.414529
vn 0.001538 0.896101 -0.443848
vn -0.008353 0.258791 -0.965897
vn -0.017035 -0.347695 -0.937453
vn -0.013019 -0.043905 -0.998951
vn -0.001876 0.155836 -0.987781
vn -0.002726 0.122186 -0.992503
vn -0.017196 -0.643471 0.765277
vn -0.017819 -0.659031 0.751905
vn 0.000987 -0.157127 0.987578
vn -0.016564 -0.627561 0.778391
vn -0.004492 0.999980 -0.004465
vn -0.004390 0.999979 -0.004720
vn -0.004815 0.999982 -0.003662
vn -0.004736 0.999981 -0.003859
vn -0.004644 0.631474 -0.775383
vn -0.004640 0.631443 -0.775408
vn -0.004696 0.631867 -0.775062
vn -0.004698 0.631885 -0.775048
vn -0.021072 -0.918849 0.394047
vn -0.020269 -0.999188 0.034826
vn -0.019665 -0.706527 -0.707413
vn -0.017714 -0.322082 -0.946546
vn -0.009539 -0.351383 -0.936183
vn -0.010643 -0.237435 -0.971345
vn -0.002366 -0.830395 -0.557170
vn -0.001318 -0.995858 0.090914
vn -0.587645 0.809119 -0.000688
vn -0.580047 0.814583 -0.000352
vn -0.633529 0.773719 -0.000333
vn -0.625896 0.779906 -0.000350
vn -0.631347 0.775500 -0.000333
vn 0.878096 0.466262 0.107460
vn 0.993293 0.111107 0.032012
vn 0.949614 0.271740 0.156177
vn 0.550967 0.821151 0.148818
vn 0.575722 0.814959 -0.066228
vn 0.326799 0.820036 0.469834
vn 0.208766 0.943506 0.257320
vn 0.685975 0.262620 0.678579
vn 0.242197 0.017166 0.970075
vn 0.681425 0.026148 0.731421
vn 0.932082 0.042034 0.359801
vn 0.828643 0.404172 0.387293
vn 0.379431 0.923256 -0.060263
vn 0.042271 0.998886 0.020978
vn 0.002741 0.999996 -0.000756
vn 0.105505 0.993847 -0.033730
vn 0.000000 1.000000 0.000000
vn 0.000000 1.000000 0.000000
vn 0.000000 1.000000 0.000000
vn 0.000000 1.000000 0.000000
vn 0.000000 1.000000 0.000000
vn 0.007415 0.026851 0.999612
vn -0.042258 0.983628 0.175188
vn 0.996942 0.022670 0.074780
vn 0.067811 0.029031 0.997276
vn 0.360108 0.027810 0.932496
vn 0.812008 0.024356 0.583138
vn 0.887134 0.394981 -0.238710
vn 0.977282 0.070018 -0.200043
vn 0.912626 0.270095 -0.306859
vn 0.537815 0.822673 -0.184291
vn 0.522832 0.832883 -0.181527
vn 0.003293 0.029294 0.999565
vn 0.976132 0.052975 -0.210620
vn 0.950739 0.024266 -0.309042
vn -0.974843 -0.199134 0.100132
vn -0.962253 -0.245707 0.117036
vn -0.967111 -0.244233 0.071037
vn -0.944373 -0.302574 0.128874
vn -0.969110 -0.206270 0.135199
vn -0.956805 -0.229822 0.178060
vn -0.937275 -0.311052 0.157361
vn -0.535417 0.017652 -0.844404
vn -0.171662 -0.015111 -0.985040
vn -0.055052 -0.083241 -0.995008
vn -0.055864 -0.091152 -0.994269
vn -0.345508 0.002863 -0.938412
vn -0.633131 0.129610 -0.763116
vn -0.976233 -0.134001 -0.170329
vn -0.976792 0.196880 -0.084356
vn -0.991190 0.050045 0.122626
vn -0.981446 -0.097821 -0.164909
vn -0.983725 -0.169002 0.061025
vn -0.988686 0.080079 0.126834
vn -0.026365 -0.010866 0.999593
vn -0.015558 -0.004208 0.999870
vn -0.009998 -0.000782 0.999950
vn -0.008727 0.000001 0.999962
vn -0.778839 -0.627223 0.000000
vn -0.814692 -0.579894 0.000000
vn -0.747444 -0.664324 0.000000
vn -0.670913 -0.741536 0.000000
vn -0.431922 -0.901911 0.000276
vn -0.498420 -0.866936 0.000275
vn -0.389867 -0.920871 0.000275
vn -0.274394 -0.961617 0.000271
vn 0.004565 0.997885 -0.064843
vn 0.002046 0.999966 -0.008047
vn 0.138996 0.913377 -0.382652
vn 0.245382 0.966300 0.077789
vn 0.041480 0.996710 -0.069638
vn -0.010943 0.999370 0.033764
vn -0.005318 0.999581 0.028457
vn 0.659131 0.681419 0.318142
vn 0.434550 0.891295 0.129456
vn 0.841870 0.533507 0.081394
vn 0.872528 0.432931 -0.226417
vn 0.885646 0.226860 0.405173
vn 0.958567 0.125621 0.255673
vn 0.744566 0.271787 -0.609716
vn 0.538652 0.740566 -0.401766
vn 0.826514 0.418741 -0.376206
vn 0.194032 0.956592 -0.217448
vn 0.425336 0.893627 -0.143249
vn 0.020838 0.920709 -0.389694
vn 0.077060 0.185006 -0.979711
vn 0.199931 0.263164 -0.943807
vn 0.097186 0.608578 -0.787520
vn 0.056740 0.864005 -0.500275
vn 0.040397 0.578166 -0.814919
vn 0.069982 0.960066 -0.270878
vn 0.246306 0.533617 -0.809065
vn 0.408745 0.450099 -0.793938
vn 0.253951 0.874743 -0.412715
vn 0.411951 0.622544 -0.665384
vn 0.903146 -0.014924 0.429073
vn 0.996997 -0.009857 0.076806
vn 0.760996 0.036886 -0.647708
vn 0.099556 0.051561 -0.993695
vn 0.135762 0.086490 -0.986959
vn 0.369872 0.086859 -0.925014
vn -0.367551 0.693583 0.619555
vn -0.411492 0.687452 0.598401
vn -0.276661 0.700828 0.657494
vn -0.330768 0.697369 0.635822
vn 0.047060 -0.670894 0.740059
vn 0.046655 0.299904 0.952828
vn 0.049603 0.961523 0.270209
vn 0.053335 0.757357 -0.650820
vn 0.050841 -0.174161 -0.983404
vn 0.047682 -0.956087 -0.289178
vn 0.068816 -0.788215 0.611540
vn 0.048935 0.144740 0.988259
vn 0.034962 0.853987 0.519119
vn 0.037453 0.946161 -0.321521
vn 0.060004 0.206124 -0.976684
vn 0.078606 -0.840797 -0.535613
vn 0.057471 -0.515170 -0.855159
vn 0.086882 0.712152 0.696628
vn 0.101291 0.295900 0.949833
vn 0.230279 -0.435376 0.870298
vn 0.079999 -0.105168 0.991231
vn 0.011483 -0.576562 0.816973
vn 0.184967 -0.968984 0.163881
vn 0.037846 -0.970140 -0.239573
vn -0.006945 -0.720513 -0.693406
vn 0.069620 0.363507 -0.928986
vn 0.089590 0.644493 -0.759343
vn 0.052080 0.015389 -0.998524
vn 0.052016 -0.158629 -0.985967
vn 0.024780 0.999680 -0.005129
vn 0.118993 0.923869 0.363741
vn 0.030998 0.589917 0.806869
vn 0.099111 -0.365011 0.925713
vn 0.090598 -0.649464 0.754976
vn -0.179527 0.081772 0.980349
vn 0.092168 -0.993995 0.058987
vn 0.013057 -0.922635 -0.385454
vn 0.078911 -0.703809 -0.705992
vn 0.114890 -0.278217 -0.953622
vn -0.006123 0.560993 -0.827798
vn 0.059027 0.146719 -0.987416
vn 0.012541 0.985889 -0.166930
vn 0.075344 0.980847 -0.179617
vn 0.140856 0.889330 -0.435031
vn 0.070689 0.898174 -0.433921
vn 0.006791 -0.086291 -0.996247
vn 0.054576 -0.344587 -0.937167
vn 0.027449 -0.348763 -0.936809
vn 0.013268 -0.085344 -0.996263
vn 0.092922 -0.287743 -0.953189
vn 0.148847 -0.308360 -0.939552
vn 0.039501 -0.114155 -0.992677
vn 0.179716 -0.248003 -0.951944
vn 0.214243 -0.214966 -0.952832
vn 0.274783 -0.207051 -0.938948
vn 0.087152 -0.076595 -0.993246
vn 0.273498 -0.139440 -0.951712
vn 0.288309 -0.094435 -0.952869
vn 0.339801 -0.059014 -0.938644
vn 0.110545 -0.025933 -0.993533
vn 0.307443 0.000541 -0.951566
vn 0.299999 0.046568 -0.952802
vn 0.290754 0.094182 -0.952151
vn 0.278492 0.143402 -0.949673
vn 0.247430 0.179092 -0.952210
vn 0.216420 0.215502 -0.952219
vn 0.181546 0.252779 -0.950339
vn 0.141985 0.275547 -0.950744
vn 0.095461 0.292459 -0.951501
vn 0.046520 0.305571 -0.951032
vn 0.022907 0.302368 -0.952916
vn 0.154289 0.971718 -0.178772
vn 0.273827 0.856587 -0.437353
vn 0.297960 0.938106 -0.176572
vn 0.367821 0.859250 -0.355524
vn 0.419512 0.792139 -0.443312
vn 0.474045 0.862392 -0.177657
vn 0.529238 0.728429 -0.435084
vn 0.578768 0.796366 -0.175584
vn 0.636691 0.636700 -0.435014
vn 0.694800 0.697094 -0.176952
vn 0.720452 0.535575 -0.440577
vn 0.785072 0.593269 -0.178029
vn 0.776783 0.475054 -0.413440
vn 0.804221 0.399363 -0.440157
vn 0.885373 0.431121 -0.173922
vn 0.856324 0.278242 -0.435076
vn 0.936192 0.304714 -0.175198
vn 0.884168 0.151961 -0.441763
vn 0.967601 0.179260 -0.177803
vn 0.910702 0.075885 -0.406034
vn 0.898476 -0.007228 -0.438964
vn 0.984076 -0.013013 -0.177272
vn 0.888049 -0.130049 -0.440972
vn 0.974792 -0.134281 -0.178182
vn 0.886193 -0.211738 -0.412104
vn 0.851399 -0.285690 -0.439887
vn 0.931213 -0.320457 -0.173637
vn 0.802299 -0.408795 -0.434975
vn 0.877976 -0.445586 -0.174960
vn 0.728445 -0.529253 -0.435039
vn 0.795874 -0.579035 -0.176927
vn 0.636989 -0.636170 -0.435353
vn 0.697822 -0.694018 -0.177157
vn 0.613893 -0.760812 -0.210476
vn 0.518569 -0.730978 -0.443573
vn 0.547089 -0.817302 -0.180862
vn 0.415579 -0.796062 -0.439976
vn 0.461371 -0.869190 -0.177892
vn 0.345062 -0.843392 -0.411852
vn 0.276971 -0.850693 -0.446776
vn 0.307625 -0.935697 -0.172737
vn 0.214051 -0.886449 -0.410355
vn 0.132275 -0.888361 -0.439680
vn 0.143252 -0.973724 -0.177033
vn 0.070813 -0.908825 -0.411125
vn 0.052977 0.673137 -0.737618
vn 0.105454 0.665794 -0.738646
vn 0.208301 0.641090 -0.738657
vn 0.306027 0.600605 -0.738662
vn 0.396196 0.545321 -0.738683
vn 0.476656 0.476648 -0.738651
vn 0.545350 0.396220 -0.738649
vn 0.600639 0.306037 -0.738630
vn 0.641104 0.208303 -0.738644
vn 0.665811 0.105454 -0.738631
vn 0.674106 -0.000000 -0.738635
vn 0.665810 -0.105451 -0.738632
vn 0.641099 -0.208304 -0.738648
vn 0.600644 -0.306038 -0.738626
vn 0.545350 -0.396220 -0.738649
vn 0.476653 -0.476642 -0.738657
vn 0.396188 -0.545314 -0.738693
vn 0.306024 -0.600597 -0.738670
vn 0.208301 -0.641090 -0.738657
vn 0.105454 -0.665794 -0.738646
vn 0.052979 -0.673159 -0.737598
vn -0.011217 0.015625 -0.999815
vn 0.000000 0.000000 -1.000000
vn 0.057692 0.048018 -0.997179
vn 0.055904 0.068594 -0.996077
vn 0.034376 0.077063 -0.996433
vn 0.074506 0.017310 -0.997070
vn 0.079069 0.036337 -0.996207
vn 0.059442 -0.051089 -0.996924
vn 0.064000 -0.029187 -0.997523
vn 0.074978 -0.018565 -0.997012
vn 0.002687 0.059893 -0.998201
vn 0.019566 0.086996 -0.996017
vn 0.069254 0.001381 -0.997598
vn 0.029696 -0.071633 -0.996989
vn 0.045694 -0.055920 -0.997389
vn 0.002101 0.999997 -0.001515
vn -0.000159 1.000000 0.000044
vn -0.000502 1.000000 0.000367
vn 0.000089 1.000000 0.000019
vn -0.000004 1.000000 0.000845
vn 0.987674 0.136519 -0.076574
vn 0.998024 0.037363 -0.050526
vn 0.411441 0.910463 -0.042106
vn 0.473723 0.880471 -0.018888
vn 0.593521 0.804475 -0.023515
vn 0.678184 0.734883 -0.003601
vn 0.688727 0.723412 -0.048274
vn 0.765183 0.643472 -0.020948
vn 0.806368 0.591413 0.001007
vn 0.855142 0.517970 -0.020955
vn 0.911455 0.409920 -0.034870
vn 0.902120 0.430895 0.022584
vn 0.924075 0.382192 0.003744
vn 0.956047 0.292392 -0.021924
vn 0.985855 0.165091 -0.028879
vn 0.999080 0.041561 -0.010557
vn 0.454247 0.888061 -0.070763
vn 0.591376 0.803229 -0.071395
vn 0.774492 0.629218 -0.065176
vn 0.849549 0.523771 -0.062691
vn 0.910194 0.408438 -0.068741
vn 0.955216 0.287803 -0.068794
vn 0.994953 -0.097610 -0.023259
vn 0.974814 -0.221591 -0.025193
vn 0.941290 -0.336872 -0.022133
vn 0.888359 -0.456639 -0.047945
vn 0.912011 -0.410165 -0.000980
vn 0.870180 -0.492693 0.006324
vn 0.814907 -0.579237 -0.020277
vn 0.806640 -0.590998 -0.007302
vn 0.738147 -0.672933 -0.047968
vn 0.741209 -0.671225 -0.008120
vn 0.679489 -0.733648 -0.007404
vn 0.370564 -0.925209 -0.081667
vn 0.993358 -0.093934 -0.066460
vn 0.971980 -0.226233 -0.063822
vn 0.929085 -0.361830 -0.076676
vn 0.817124 -0.571713 -0.073842
vn 0.621455 -0.781147 -0.060021
vn 0.556650 -0.828088 -0.066422
vn 0.466014 0.866652 -0.178172
vn 0.998238 0.039028 0.044692
vn 0.735371 -0.677371 -0.019952
vn 0.775785 -0.630872 -0.012560
vn 0.869446 -0.481291 -0.111457
vn 0.793323 -0.591461 -0.144265
vn 0.773583 -0.631483 -0.052905
vn 0.747191 -0.639660 -0.180389
vn 0.825892 -0.561699 -0.048964
vn 0.793972 -0.605942 -0.049431
vn 0.802817 -0.577484 -0.148318
vn 0.438333 -0.821897 -0.363800
vn 0.403618 -0.484353 -0.776205
vn 0.778315 -0.575537 -0.250965
vn 0.656698 -0.678943 -0.328305
vn 0.943651 -0.201904 -0.262215
vn 0.798291 0.482193 -0.360862
vn 0.744888 -0.218609 -0.630358
vn 0.766154 0.061196 -0.639737
vn 0.825438 -0.552762 -0.114484
vn 0.766984 -0.641662 -0.002132
vn 0.901370 -0.432864 -0.012665
vn 0.707142 0.666602 -0.235779
vn 0.745773 0.664133 0.052433
vn 0.845005 0.534679 -0.009246
vn 0.255946 0.623558 -0.738693
vn 0.081424 0.875918 -0.475540
vn 0.627912 -0.538098 -0.562297
vn 0.609391 -0.364218 -0.704264
vn 0.368141 -0.046571 -0.928603
vn 0.525271 -0.107967 -0.844058
vn 0.586092 0.128862 -0.799932
vn 0.116127 0.614751 -0.780126
vn 0.640060 0.454130 -0.619749
vn 0.609454 0.652920 -0.449735
vn 0.863257 -0.199167 0.463810
vn 0.323765 -0.153931 0.933532
vn 0.818364 -0.572178 0.053782
vn 0.926038 -0.267540 0.266225
vn 0.823912 -0.540915 0.169059
vn 0.805761 -0.556137 0.203618
vn 0.799693 -0.598038 0.053314
vn 0.793441 -0.597612 0.115374
vn 0.793170 -0.608605 -0.021935
vn 0.818394 -0.574636 0.004904
vn 0.098624 0.915753 0.389449
vn 0.717926 0.247954 0.650462
vn 0.283175 0.558557 0.779632
vn 0.204698 0.413973 0.886975
vn 0.123367 0.166632 0.978271
vn 0.731006 -0.384397 0.563800
vn 0.553045 -0.374460 0.744259
vn 0.429493 0.891643 0.143207
vn 0.779138 0.601166 0.177604
vn 0.942236 0.254021 0.218322
vn 0.814467 -0.279037 0.508706
vn 0.595024 0.322784 0.736041
vn 0.772017 -0.580822 0.258136
vn 0.956607 0.234364 0.173137
vn 0.859097 -0.017076 0.511527
vn 0.448822 -0.833351 0.322622
vn 0.198071 -0.811188 0.550220
vn 0.583506 -0.621788 0.522399
vn 0.248733 0.521613 -0.816120
vn 0.507707 -0.298813 -0.808050
vn 0.279069 -0.636465 -0.719050
vn 0.347677 0.174529 -0.921228
vn -0.025997 0.126791 -0.991589
vn 0.820170 0.569756 -0.051954
vn 0.928210 0.251353 -0.274314
vn 0.825440 0.539783 -0.165174
vn 0.797230 0.576213 -0.180009
vn 0.788202 0.614022 -0.041407
vn 0.811892 0.581802 -0.048347
vn 0.127972 -0.835292 -0.534706
vn 0.407371 -0.160170 -0.899108
vn 0.197191 -0.154806 -0.968065
vn 0.692267 0.336550 -0.638358
vn 0.434586 0.259904 -0.862314
vn 0.673550 -0.602848 -0.427674
vn 0.712141 -0.507076 -0.485519
vn 0.889957 -0.381558 -0.249781
vn 0.831070 0.195677 -0.520608
vn 0.694077 -0.023309 -0.719524
vn -0.019990 -0.960248 -0.278433
vn 0.742660 0.667633 -0.052187
vn 0.986493 -0.152818 0.058974
vn 0.853025 -0.013288 -0.521701
vn 0.758283 0.409888 -0.506950
vn 0.844059 0.536076 0.013673
vn 0.995851 0.062133 -0.066488
vn 0.393516 0.918846 0.029455
vn 0.806243 0.591031 -0.025579
vn 0.745154 0.646044 -0.165444
vn 0.422438 0.855981 -0.298064
vn 0.202181 0.900878 -0.384111
vn 0.390583 0.770767 -0.503352
vn 0.736132 0.616101 -0.280229
vn 0.775333 0.629512 0.050730
vn 0.808869 0.586099 0.047108
vn 0.789215 0.594037 0.155753
vn 0.833776 0.551860 -0.016386
vn 0.744184 0.647750 0.163127
vn 0.800824 0.573628 0.172136
vn 0.786076 0.617748 0.021723
vn 0.837950 0.520155 0.165162
vn 0.916120 0.347986 0.199073
vn 0.458227 0.786822 0.413448
vn -0.010369 -0.024300 0.999651
vn 0.773522 0.574271 0.268098
vn 0.650620 0.678465 0.341143
vn 0.815183 -0.577783 0.040534
vn 0.770525 0.229820 0.594536
vn 0.773148 -0.217108 0.595908
vn 0.937162 0.150260 0.314879
vn 0.796728 0.405454 0.448142
vn 0.752543 -0.610739 0.246327
vn 0.314489 -0.793981 0.520280
vn 0.164926 -0.285913 0.943956
vn 0.335737 -0.608603 0.718946
vn 0.701699 0.581526 0.411638
vn 0.570075 0.235304 0.787176
vn 0.612828 -0.237043 0.753825
vn 0.472479 -0.221845 0.852965
vn 0.781542 -0.499363 0.373937
vn 0.112489 0.991510 -0.065228
vn 0.099403 0.994902 -0.017009
vn 0.213853 0.976513 -0.026249
vn 0.332722 0.942847 -0.018340
vn 0.051632 0.995810 -0.075472
vn 0.276992 0.958658 -0.065189
vn 0.054199 0.997951 -0.033989
vn -0.000193 -1.000000 -0.000097
vn -0.000006 -1.000000 0.000031
vn 0.000012 -1.000000 -0.000035
vn -0.000456 -0.999930 0.011791
vn 0.000099 -1.000000 -0.000184
vn 0.496101 -0.865867 -0.064487
vn 0.096437 -0.993208 -0.065099
vn 0.075514 -0.986274 -0.146836
vn 0.389361 -0.920775 -0.023913
vn 0.502931 -0.863905 -0.027006
vn 0.620699 -0.783709 -0.023108
vn 0.255655 -0.966453 -0.024689
vn 0.127817 -0.991470 -0.025494
vn 0.069160 -0.997348 -0.022677
vn 0.242859 -0.967844 -0.065552
vn 0.375632 -0.924530 -0.064377
vn 0.000525 0.999998 0.001904
vn 0.000321 0.999999 0.001160
vn 0.002618 0.999984 0.004972
vn -0.000065 0.999998 -0.001838
vn 0.000300 1.000000 -0.000412
vn 0.038379 0.914795 0.402092
vn 0.005794 0.835355 0.549680
vn 0.002054 0.955066 0.296387
vn 0.002888 0.996712 0.080970
vn 0.042743 0.999081 -0.003090
vn 0.114503 0.942526 0.313902
vn 0.351050 0.935860 0.030491
vn 0.264125 0.952609 0.150909
vn 0.213798 0.952759 0.215732
vn 0.128793 0.949674 0.285536
vn 0.069869 0.982240 0.174136
vn 0.048780 0.877253 0.477544
vn 0.064883 0.848367 0.525418
vn 0.024699 0.832930 0.552827
vn 0.000255 1.000000 -0.000094
vn 0.000191 1.000000 0.000003
vn 0.000237 1.000000 0.000910
vn 0.001396 0.999998 0.001672
vn 0.001102 0.999999 0.000751
vn 0.000110 1.000000 0.000324
vn -0.000219 1.000000 0.000213
vn 0.001790 0.999998 0.000545
vn 0.000610 1.000000 0.000216
vn 0.000329 0.999999 0.001276
vn -0.004215 0.999896 0.013801
vn 0.049840 0.998539 -0.020876
vn 0.001969 0.999984 -0.005210
vn 0.002453 0.999988 -0.004344
vn 0.000726 0.999988 -0.004741
vn 0.296292 -0.950318 0.095426
vn 0.348386 -0.889627 0.295279
vn 0.432589 -0.896931 0.091551
vn 0.580085 -0.814454 -0.012914
vn 0.168444 -0.973683 0.153520
vn 0.067448 -0.997722 0.001419
vn 0.060706 -0.993053 0.100795
vn 0.151921 -0.988392 -0.000823
vn 0.473839 -0.880610 -0.001275
vn 0.904190 0.427127 -0.001886
vn 0.878160 0.478250 -0.010564
vn 0.810575 0.585599 -0.006484
vn 0.660807 0.750540 -0.004907
vn 0.728637 0.684644 -0.018732
vn 0.528354 0.848548 -0.028428
vn 0.678359 -0.734700 -0.006700
vn 0.825120 -0.564957 0.000964
vn 0.909930 -0.414690 -0.007746
vn 0.856508 -0.516095 -0.006369
vn 0.959042 -0.278297 -0.052817
vn 0.994435 0.098741 -0.036732
vn 0.101282 0.994852 -0.003476
vn 0.373524 0.927615 -0.003107
vn 0.261839 0.965109 0.002372
vn 0.227758 0.973714 -0.002619
vn 0.439506 0.897876 -0.025550
vn 0.109546 0.990933 -0.077787
vn 0.240190 0.959233 -0.148934
vn 0.209118 0.970599 0.119193
vn 0.567136 0.734675 -0.372303
vn 0.472682 0.838368 -0.271497
vn 0.110301 0.993160 -0.038300
vn 0.405292 0.896263 -0.180145
vn 0.412591 0.903201 -0.118309
vn 0.533269 0.835158 -0.134668
vn 0.467007 0.878516 -0.100573
vn 0.424499 0.905006 -0.027649
vn 0.293304 0.955307 0.036899
vn 0.068160 0.994384 0.080958
vn 0.003192 -0.999984 0.004696
vn -0.000102 -1.000000 -0.000338
vn 0.000338 -0.999999 -0.001104
vn 0.001103 -0.999999 -0.000380
vn 0.000362 -1.000000 -0.000669
vn 0.001440 -0.999999 0.000951
vn 0.001232 -0.999999 -0.000972
vn 0.001299 -0.999999 -0.001107
vn 0.000780 -1.000000 -0.000277
vn 0.000918 -1.000000 -0.000125
vn 0.000890 -1.000000 -0.000182
vn -0.000026 -1.000000 0.000089
vn 0.003466 -0.999994 -0.000921
vn 0.001107 -0.999999 0.000622
vn 0.000989 -0.999999 0.000830
vn 0.002362 -0.999994 0.002519
vn 0.000440 -0.999999 0.000912
vn 0.000552 -0.999999 0.001139
vn 0.000589 -0.999999 0.001169
vn 0.001357 -0.999998 0.001666
vn -0.000240 -1.000000 0.000389
vn 0.559225 -0.795414 -0.233632
vn 0.604054 -0.768654 -0.210450
vn 0.013622 -0.999894 -0.005149
vn 0.197651 -0.977175 -0.077870
vn 0.092055 -0.995711 0.009272
vn 0.433013 -0.900408 -0.042007
vn 0.278752 -0.956308 0.088159
vn 0.163446 -0.932599 0.321784
vn 0.563239 -0.817357 -0.121202
vn 0.386016 -0.908660 -0.159150
vn 0.521731 -0.853021 -0.012322
vn 0.058016 -0.900721 0.430506
vn 0.537796 -0.843066 0.003901
vn 0.136015 -0.855274 0.500006
vn 0.052993 -0.764421 0.642536
vn -0.070255 -0.806191 0.587470
vn 0.105275 -0.773133 0.625446
vn 0.044832 -0.713135 0.699592
vn 0.171117 -0.900068 0.400744
vn 0.034206 -0.947450 0.318070
vn 0.021089 -0.842114 0.538888
vn 0.019412 -0.686351 0.727011
vn 0.205489 -0.857511 0.471646
vn 0.394504 -0.904052 0.164490
vn 0.004522 -0.978325 0.207027
vn 0.007555 -0.845708 0.533593
vn 0.009041 -0.685347 0.728160
vn 0.065100 0.997152 -0.038076
vn 0.042514 0.998853 0.022009
vn 0.062593 0.979018 0.193920
vn 0.171104 0.940972 0.292054
vn 0.111657 0.993180 0.033556
vn 0.072551 0.997359 -0.003271
vn 0.307734 0.950137 0.050389
vn 0.608309 -0.789610 -0.080469
vn 0.543711 -0.824377 -0.157419
vn 0.799966 -0.572729 -0.178989
vn 0.202805 -0.978047 -0.047887
vn 0.816756 -0.574840 -0.049683
vn 0.546902 -0.837050 0.015652
vn 0.337566 -0.940262 -0.044229
vn 0.167986 -0.985763 -0.007250
vn 0.198671 -0.977728 -0.067658
vn 0.727726 -0.635378 -0.258281
vn 0.509008 -0.843355 -0.172229
vn 0.727968 -0.663439 -0.172948
vn 0.759267 -0.599439 -0.253352
vn 0.642209 -0.756826 -0.121585
vn 0.692107 -0.720030 -0.050451
vn 0.999555 -0.028732 -0.008039
vn 0.986458 -0.158249 -0.043096
vn 0.916427 -0.392318 -0.079052
vn 0.847592 -0.529973 -0.026787
vn 0.974730 0.219632 -0.040788
vn 0.631347 0.774466 -0.040042
vn 0.558121 0.822198 -0.111763
vn 0.981172 0.127511 -0.145062
vn 0.992290 0.052154 -0.112429
vn 0.867852 0.449380 -0.211876
vn 0.884751 0.359320 -0.296824
vn 0.806508 0.528340 -0.265334
vn 0.741348 0.581661 -0.334775
vn 0.715564 0.566103 -0.409261
vn 0.829199 0.427728 -0.359830
vn 0.959836 0.211087 -0.184819
vn 0.924661 0.332510 -0.185580
vn 0.629261 0.726258 -0.276729
vn 0.716358 0.654695 -0.241257
vn 0.898951 0.424573 -0.107822
vn 0.664068 0.737727 -0.121546
vn 0.755094 0.646478 -0.109081
vn 0.825493 0.559686 -0.072882
vn 0.892300 0.450935 -0.021431
vn 0.777477 -0.626565 -0.054280
vn 0.798366 -0.583074 -0.150451
vn 0.858413 -0.499426 -0.117048
vn 0.941060 0.334538 -0.049900
vn 0.996846 -0.034430 -0.071505
vn 0.839128 -0.502130 -0.209116
vn 0.899154 -0.391788 -0.194999
vn 0.852120 -0.440311 -0.282875
vn 0.953671 -0.270621 -0.131437
vn 0.981065 -0.152930 -0.118842
vn 0.989706 -0.061577 -0.129188
vn 0.304065 0.952624 -0.007232
vn 0.348113 0.936545 -0.041243
vn 0.263871 0.959527 -0.098390
vn 0.838399 0.544996 0.008147
vn 0.722088 0.620897 -0.305084
vn 0.604175 0.736667 -0.303801
vn 0.722395 0.562644 -0.401966
vn 0.247742 0.959037 -0.137378
vn 0.743048 0.666846 -0.056524
vn 0.644301 0.746924 -0.164258
vn 0.768730 0.584739 -0.259105
vn 0.796453 0.591070 -0.127667
vn 0.356319 0.924410 -0.136024
vn 0.852457 0.480193 -0.206715
vn 0.147636 -0.988888 0.017453
vn 0.014591 -0.991426 0.129855
vn 0.014947 0.972408 0.232808
vn 0.060459 -0.698439 0.713111
vn 0.064620 -0.382447 0.921715
vn 0.045833 -0.188556 0.980992
vn 0.109632 0.034198 0.993384
vn 0.041788 0.295181 0.954527
vn 0.104893 0.188176 0.976518
vn 0.110814 0.109791 0.987758
vn 0.768303 0.617111 0.169954
vn 0.488593 0.605062 0.628632
vn 0.800686 0.593296 0.083071
vn 0.421131 0.906753 0.021187
vn 0.244363 0.952397 0.182283
vn 0.305726 0.940946 0.145439
vn 0.391204 0.910078 0.136810
vn 0.182944 0.948220 0.259634
vn 0.221954 0.946123 0.235768
vn 0.069408 0.919304 0.387379
vn 0.240676 0.677032 0.695488
vn 0.131663 0.554293 0.821842
vn 0.046800 0.660278 0.749562
vn 0.374396 0.574899 0.727543
vn 0.578504 0.602766 0.549551
vn 0.697895 0.596924 0.395758
vn 0.639278 0.607046 0.472037
vn 0.765343 0.571278 0.296467
vn 0.947432 -0.293530 -0.127325
vn 0.906053 -0.356144 -0.228537
vn 0.938060 -0.280797 -0.202968
vn 0.965310 -0.204546 -0.162290
vn 0.984216 -0.099337 -0.146460
vn 0.957728 0.190993 -0.215127
vn 0.928742 0.267610 -0.256559
vn 0.912996 0.299928 -0.276552
vn 0.866148 0.351928 -0.354873
vn 0.957746 0.284969 -0.038934
vn 0.995040 0.000114 -0.099471
vn 0.998498 0.041720 0.035503
vn 0.989648 0.095684 -0.106962
vn 0.981955 0.189017 0.006023
vn 0.973756 0.199541 -0.109468
vn 0.956202 0.211888 -0.201941
vn 0.941785 0.296492 -0.158539
vn 0.980083 0.112926 -0.163355
vn 0.988779 0.012384 -0.148874
vn 0.981038 -0.186674 -0.052124
vn 0.991622 -0.086769 -0.095691
vn 0.998507 -0.038344 0.038906
vn 0.758788 -0.645936 0.083715
vn 0.797703 -0.580924 0.161855
vn 0.756222 -0.590273 0.282321
vn 0.631252 -0.704250 0.324888
vn 0.791953 -0.426301 0.437125
vn 0.553599 -0.593964 0.583725
vn 0.661152 -0.568554 0.489514
vn 0.321320 -0.647154 0.691336
vn 0.477555 -0.598310 0.643402
vn 0.255472 -0.602593 0.756052
vn 0.436338 -0.521520 0.733230
vn 0.129258 -0.609815 0.781932
vn 0.041976 -0.924826 0.378068
vn 0.106185 -0.904389 0.413286
vn 0.185643 -0.949283 0.253768
vn 0.183126 -0.936453 0.299199
vn 0.096990 -0.950364 0.295638
vn 0.307066 -0.922235 0.234933
vn 0.239621 -0.944107 0.226370
vn 0.400506 -0.912164 0.086903
vn 0.293886 -0.950227 0.103444
vn 0.255305 -0.954949 0.151297
vn 0.991668 0.123149 0.037805
vn 0.976198 -0.201674 0.079781
vn 0.572083 -0.243401 0.783247
vn 0.452632 -0.239820 0.858842
vn 0.077139 -0.212837 0.974038
vn 0.067771 -0.116618 0.990862
vn 0.966415 0.245290 0.076645
vn 0.935803 0.290735 0.199364
vn 0.896296 0.290473 0.335080
vn 0.853289 0.242442 0.461648
vn 0.766547 0.290394 0.572780
vn 0.673658 0.289652 0.679916
vn 0.452198 0.299588 0.840098
vn 0.576475 0.245142 0.779475
vn 0.333396 0.244552 0.910517
vn 0.074318 0.292853 0.953265
vn 0.012530 -0.271373 0.962393
vn 0.323431 -0.293819 0.899479
vn 0.681037 -0.245580 0.689840
vn 0.774217 -0.239780 0.585742
vn 0.849932 -0.243298 0.467355
vn 0.908414 -0.241103 0.341544
vn 0.957274 -0.286102 0.042105
vn 0.993855 -0.105165 0.034546
vn 0.958384 0.201232 0.202500
vn 0.917772 0.199562 0.343321
vn 0.782657 0.203005 0.588419
vn 0.687224 0.199320 0.698566
vn 0.460081 0.195836 0.866010
vn 0.197144 0.243384 0.949683
vn 0.971648 0.123658 0.201515
vn 0.929462 0.125765 0.346820
vn 0.870805 0.128188 0.474623
vn 0.792787 0.123918 0.596769
vn 0.696890 0.125999 0.706023
vn 0.590223 0.128465 0.796953
vn 0.466345 0.125779 0.875615
vn 0.336282 0.129769 0.932778
vn 0.192923 0.129481 0.972633
vn 0.978285 0.043593 0.202630
vn 0.936596 0.042799 0.347787
vn 0.876586 0.042798 0.479339
vn 0.798212 0.042797 0.600854
vn 0.703122 0.042797 0.709780
vn 0.593306 0.042796 0.803839
vn 0.471059 0.042797 0.881063
vn 0.338945 0.042797 0.939832
vn 0.192655 0.041962 0.980369
vn 0.978186 -0.039400 0.203962
vn 0.936735 -0.039189 0.347838
vn 0.876715 -0.039190 0.479411
vn 0.798332 -0.039188 0.600942
vn 0.703226 -0.039188 0.709885
vn 0.593395 -0.039187 0.803957
vn 0.471128 -0.039189 0.881194
vn 0.338996 -0.039190 0.939971
vn 0.191175 -0.038796 0.980789
vn 0.096594 -0.046985 0.994214
vn 0.971047 -0.125148 0.203486
vn 0.929833 -0.127292 0.345263
vn 0.870169 -0.127563 0.475956
vn 0.792404 -0.127697 0.596481
vn 0.697887 -0.127981 0.704680
vn 0.589169 -0.127848 0.797831
vn 0.467818 -0.127365 0.874599
vn 0.338073 -0.123484 0.932984
vn 0.194715 -0.124059 0.972983
vn 0.947227 -0.244550 0.207260
vn 0.334706 -0.194680 0.921993
vn 0.192356 -0.243588 0.950612
vn -0.183444 0.983030 0.000000
vn -0.191871 0.981420 0.000000
vn -0.543779 0.839229 0.000000
vn -0.305792 0.952098 0.000783
vn -0.183444 0.983030 0.001035
vn -0.183444 0.983028 0.002206
vn -0.641117 -0.767226 0.018258
vn -0.620818 -0.783881 0.010720
vn -0.586340 -0.810063 -0.001726
vn -0.601675 -0.798732 0.003756
vn -0.544712 0.375518 -0.749850
vn -0.539109 0.364061 -0.759488
vn -0.545576 0.377304 -0.748323
vn -0.543679 0.373393 -0.751659
vn -0.295040 0.291218 -0.910024
vn -0.331944 0.334310 -0.882071
vn -0.348458 0.353664 -0.868043
vn -0.307848 0.306149 -0.900834
vn -0.030755 -0.237747 -0.970840
vn -0.027640 -0.242210 -0.969830
vn -0.075722 -0.285258 -0.955455
vn -0.015278 -0.206206 -0.978389
vn -0.086835 -0.289272 -0.953300
vn -0.993858 -0.098518 0.050397
vn -0.964291 -0.254795 -0.072269
vn -0.957437 -0.274787 -0.088349
vn -0.988839 -0.148529 0.011702
vn -0.888791 -0.227245 -0.398009
vn -0.848899 -0.277621 -0.449773
vn -0.883205 -0.252037 -0.395508
vn -0.866622 -0.263051 -0.423994
vn -0.824398 -0.275612 -0.494374
vn -0.830698 -0.179043 -0.527148
vn -0.798368 -0.195612 -0.569513
vn -0.792128 -0.198604 -0.577140
vn -0.739555 -0.221628 -0.635563
vn -0.159442 -0.278830 -0.947012
vn -0.196441 -0.286960 -0.937585
vn -0.206324 -0.289068 -0.934810
vn -0.255229 -0.299100 -0.919455
vn -0.982749 0.137860 0.123282
vn -0.074396 -0.000234 -0.997229
vn -0.393038 0.016320 -0.919378
vn -0.731937 0.018062 -0.681133
vn -0.881400 0.061879 0.468299
vn -0.962452 -0.009659 0.271279
vn -0.897663 -0.262275 0.354136
vn -0.984488 0.118312 0.129559
vn -0.967830 -0.031285 0.249651
vn -0.878018 -0.038698 -0.477060
vn -0.999272 0.000327 0.038156
vn -0.970184 0.015558 0.241869
vn -0.920529 -0.036977 0.388921
vn -0.376708 -0.047317 0.925123
vn -0.009914 -0.003750 0.999944
vn -0.215088 0.010875 0.976534
vn -0.649200 0.022900 0.760273
vn -0.954841 -0.003077 0.297100
vn -0.921554 0.020697 0.387698
vn -0.749835 0.017016 0.661406
vn -0.658523 -0.018723 0.752328
vn -0.161638 -0.004249 -0.986841
vn -0.377969 -0.016128 -0.925678
vn -0.568991 -0.009806 -0.822285
vn -0.743137 0.005352 -0.669118
vn -0.854660 0.022960 -0.518679
vn -0.911415 0.008541 -0.411401
vn -0.983785 -0.001741 -0.179343
vn -0.998079 -0.002447 0.061913
vn -0.963463 0.004010 0.267812
vn -0.881035 0.003441 0.473039
vn -0.760624 0.416398 0.498060
vn -0.785678 0.224423 0.576494
vn -0.840796 0.096862 0.532616
vn -0.845641 0.015297 0.533532
vn -0.097453 -0.000923 0.995240
vn -0.909728 -0.015758 0.414906
vn -0.433731 -0.018566 0.900851
vn -0.999694 -0.012203 0.021507
vn -0.999962 -0.007655 0.004280
vn -0.698091 -0.004659 -0.715994
vn -0.270386 -0.000125 -0.962752
vn -0.076637 -0.004761 -0.997048
vn -0.083346 -0.020320 0.996313
vn -0.997185 -0.024990 0.070700
vn -0.365270 0.015403 0.930774
vn -0.669897 -0.018543 0.742222
vn -0.909059 0.015443 0.416382
vn -0.947963 -0.012242 -0.318146
vn -0.858371 -0.032297 0.512013
vn -0.909409 -0.017912 0.415517
vn -0.760905 0.017256 0.648633
vn -0.964996 0.020006 0.261500
vn -0.985831 -0.029073 0.165204
vn -0.988497 0.014974 -0.150499
vn -0.999453 -0.011494 0.030997
vn -0.870046 -0.017511 -0.492659
vn -0.808830 -0.004318 -0.588026
vn -0.664005 -0.025405 -0.747297
vn -0.192132 -0.012700 -0.981287
vn -0.313670 -0.007687 -0.949501
vn -0.438919 -0.014348 -0.898412
vn -0.510026 -0.012943 -0.860061
vn -0.082211 0.000000 -0.996615
vn -0.999972 -0.005771 0.004694
vn -0.938237 0.015024 0.345668
vn -0.793356 0.026622 0.608176
vn -0.760849 -0.026919 0.648370
vn -0.331051 -0.012436 0.943531
vn -0.145468 0.084014 0.985789
vn 0.209240 0.188541 0.959516
vn 0.050188 0.066023 0.996555
vn -0.035415 0.000286 -0.999373
vn -0.034654 0.001225 -0.999399
vn -0.034788 0.001060 -0.999394
vn -0.034089 0.001922 -0.999417
vn -0.976575 0.001433 0.215172
vn -0.904076 0.015852 0.427077
vn -0.999491 0.025036 -0.019764
vn -0.999917 0.001705 -0.012770
vn -0.999848 0.008318 -0.015350
vn -0.989326 -0.037318 0.140856
vn -0.976404 -0.039202 0.212364
vn -0.963830 0.105190 -0.244880
vn -0.011510 0.006820 0.999910
vn -0.008719 -0.000032 0.999962
vn -0.008665 -0.000232 0.999962
vn -0.008734 0.000033 0.999962
vn -0.008650 -0.000313 0.999963
vn -0.008361 0.000830 0.999965
vn -0.287517 -0.009922 0.957724
vn -0.267927 -0.002930 0.963435
vn -0.486069 0.010816 0.873854
vn -0.309098 0.009772 0.950980
vn -0.222181 -0.005753 0.974989
vn -0.669235 -0.042549 0.741832
vn -0.640472 0.001254 0.767981
vn -0.170261 -0.009447 0.985354
vn -0.945046 -0.000852 0.326937
vn -0.984839 -0.001987 0.173457
vn -0.378875 0.020678 0.925217
vn -0.803124 0.004642 0.595794
vn -0.474134 0.005113 0.880438
vn -0.269537 -0.000041 0.962990
vn -0.413522 0.001706 0.910492
vn -0.605746 0.010603 0.795587
vn -0.987261 -0.010680 0.158752
vn -0.947384 -0.003376 0.320083
vn -0.762676 -0.003727 0.646770
vn -0.417002 -0.013070 0.908812
vn -0.096908 0.005114 0.995280
vn 0.012257 0.295381 0.955301
vn 0.010311 0.422341 0.906378
vn -0.006693 0.600599 0.799523
vn 0.026953 0.398769 0.916655
vn 0.027930 0.372248 0.927713
vn -0.732261 0.021272 -0.680692
vn -0.252738 0.003832 -0.967527
vn -0.572352 0.008493 -0.819964
vn -0.990593 -0.001396 0.136833
vn -0.972817 0.000000 0.231577
vn -0.008825 0.000020 -0.999961
vn -0.929807 0.000000 -0.368048
vn -0.999542 0.000000 0.030256
vn -0.690565 0.000000 -0.723270
vn -0.350497 0.000000 -0.936564
vn -0.089086 0.000025 -0.996024
vn -0.999615 -0.003108 0.027568
vn -0.999631 -0.006050 0.026493
vn -0.008925 -0.000177 -0.999960
vn -0.009789 -0.001182 -0.999951
vn -0.348678 0.000000 -0.937243
vn -0.091521 -0.002062 -0.995801
vn -0.689330 0.000000 -0.724447
vn -0.929491 0.000000 -0.368845
vn -0.999540 0.000000 0.030342
vn -0.971976 -0.005491 0.235018
vn -0.985595 0.004012 0.169075
vn -0.015567 -0.014251 -0.999777
vn -0.995622 0.011108 -0.092814
vn -0.932148 -0.018577 -0.361602
vn -0.814919 0.027601 -0.578917
vn -0.682039 0.020172 -0.731037
vn -0.475108 0.005854 -0.879908
vn -0.242485 0.012879 -0.970070
vn -0.009095 -0.001094 -0.999958
vn -0.008732 -0.000057 -0.999962
vn -0.008731 -0.000060 -0.999962
vn -0.001331 -0.002341 -0.999996
vn 0.017607 0.010199 -0.999793
vn -0.008715 -0.000113 -0.999962
vn -0.011270 -0.000926 -0.999936
vn -0.302520 0.002433 -0.953140
vn -0.642914 -0.027932 -0.765429
vn -0.871094 0.042446 -0.489279
vn -0.102173 0.022978 -0.994501
vn -0.999401 0.025626 0.023255
vn -0.972947 0.026618 -0.229490
vn -0.844182 0.014714 -0.535855
vn -0.638224 0.018729 -0.769623
vn -0.398476 0.013860 -0.917074
vn -0.076539 0.021565 -0.996833
vn -0.159167 0.038563 -0.986498
vn -0.013175 0.001328 -0.999912
vn -0.020332 -0.005775 -0.999777
vn -0.999983 -0.005795 -0.000005
vn -0.998445 -0.009022 -0.055006
vn -0.999980 -0.005921 -0.002143
vn -0.998335 -0.009136 -0.056952
vn -0.705094 -0.709066 0.008175
vn -0.725459 -0.685872 0.057349
vn -0.715278 -0.698105 0.032051
vn -0.692508 -0.721142 -0.019685
vn -0.009154 -0.999946 -0.004917
vn -0.016777 -0.999260 -0.034621
vn -0.016964 -0.999190 -0.036489
vn -0.008962 -0.999941 -0.006081
vn -0.003513 -0.999994 -0.000024
vn -0.003479 -0.999994 0.000012
vn -0.004229 -0.999991 0.000681
vn -0.003475 -0.999994 0.000014
vn -0.004150 -0.999991 0.000701
vn -0.003255 -0.999995 0.000091
vn -0.003483 -0.999994 0.000018
vn -0.003453 -0.999994 0.000075
vn -0.003217 -0.999995 0.000099
vn -0.003220 -0.999995 0.000099
vn 0.639029 0.613548 0.463897
vn 0.598191 0.653007 0.464488
vn 0.608235 0.643667 0.464482
vn 0.641517 0.611012 0.463810
vn 0.126094 -0.991692 0.025458
vn -0.207301 -0.978123 0.017394
vn -0.158268 -0.987218 0.018741
vn 0.026255 -0.999383 0.023310
vn 0.425283 0.436003 0.793118
vn 0.031622 0.107474 0.993705
vn 0.411062 0.424641 0.806664
vn 0.004227 0.083713 0.996481
vn 0.604960 0.327479 0.725797
vn 0.624109 0.300546 0.721221
vn 0.575876 0.268247 0.772276
vn 0.629469 0.332303 0.702384
vn -0.010433 0.871544 0.490206
vn -0.010552 0.858126 0.513331
vn -0.010498 0.858584 0.512566
vn -0.013057 0.894326 0.447225
vn -0.009606 0.954490 0.298088
vn -0.008677 0.949087 0.314895
vn -0.013426 0.943279 0.331729
vn -0.041399 0.932314 0.359272
vn -0.017685 0.999844 -0.000006
vn -0.017686 0.999844 -0.000032
vn -0.017685 0.999844 -0.000003
vn -0.017685 0.999844 0.000023
vn -0.034132 -0.001398 -0.999416
vn -0.036063 -0.003656 -0.999343
vn -0.030906 0.002374 -0.999519
vn -0.034041 -0.001291 -0.999420
vn -0.999857 0.015368 -0.007110
vn -0.998720 0.015935 -0.047998
vn -0.999883 0.015248 0.001308
vn -0.999672 0.015554 -0.020338
vn -0.750315 0.013029 -0.660952
vn -0.744963 0.008150 -0.667056
vn -0.734386 -0.001322 -0.678731
vn -0.740102 0.003769 -0.672484
vn 0.552838 -0.707108 0.440872
vn 0.635190 -0.707097 0.310720
vn 0.157346 -0.707106 0.689379
vn 0.306803 -0.707103 0.637085
vn 0.440877 -0.707100 0.552844
vn -0.306803 -0.707103 0.637085
vn -0.157346 -0.707106 0.689379
vn 0.000001 -0.707113 0.707101
vn -0.637083 -0.707104 0.306804
vn -0.552837 -0.707108 0.440874
vn -0.440878 -0.707100 0.552843
vn -0.669526 -0.704875 0.234278
vn 0.669529 -0.704871 0.234279
vn 0.637083 -0.707104 0.306803
vn 0.552838 -0.707108 0.440873
vn 0.440878 -0.707100 0.552843
vn 0.306804 -0.707103 0.637085
vn 0.157346 -0.707106 0.689379
vn 0.000001 -0.707113 0.707101
vn -0.157347 -0.707106 0.689379
vn -0.306804 -0.707103 0.637085
vn -0.440879 -0.707100 0.552842
vn -0.552837 -0.707108 0.440874
vn -0.637084 -0.707104 0.306802
vn -0.669526 -0.704875 0.234278
vn 1.000000 0.000000 -0.000000
vn 0.974928 0.000000 0.222521
vn 0.900969 0.000000 0.433884
vn 0.781831 0.000000 0.623490
vn 0.623490 0.000000 0.781832
vn 0.433884 0.000000 0.900969
vn 0.222522 0.000000 0.974928
vn 0.000000 -0.000000 1.000000
vn -0.222522 -0.000000 0.974928
vn -0.433884 0.000000 0.900969
vn -0.623490 0.000000 0.781832
vn -0.781831 0.000000 0.623490
vn -0.900969 0.000000 0.433884
vn -0.974928 0.000000 0.222521
vn -1.000000 0.000000 0.000000
vn -0.974928 0.000000 -0.222521
vn -0.900969 0.000000 -0.433884
vn -0.781831 0.000000 -0.623490
vn -0.623490 0.000000 -0.781831
vn -0.433884 0.000000 -0.900969
vn -0.222521 0.000000 -0.974928
vn 0.000000 0.000000 -1.000000
vn 0.222521 0.000000 -0.974928
vn 0.433884 0.000000 -0.900969
vn 0.623490 0.000000 -0.781831
vn 0.781831 0.000000 -0.623490
vn 0.900969 0.000000 -0.433884
vn 0.974928 0.000000 -0.222521
vn -0.974928 0.000000 0.222521
vn -0.900969 0.000000 0.433884
vn -0.781831 0.000000 0.623490
vn -0.623490 0.000000 0.781832
vn -0.433884 0.000000 0.900969
vn -0.222522 0.000000 0.974928
vn 0.000000 0.000000 1.000000
vn 0.222522 0.000000 0.974928
vn 0.433884 0.000000 0.900969
vn 0.623490 0.000000 0.781832
vn 0.781831 0.000000 0.623490
vn 0.900969 0.000000 0.433884
vn 0.974928 0.000000 0.222521
vn 1.000000 0.000000 0.000000
vn 0.974928 0.000000 -0.222521
vn 0.900969 0.000000 -0.433884
vn 0.781831 0.000000 -0.623490
vn 0.623490 0.000000 -0.781831
vn 0.433884 0.000000 -0.900969
vn 0.222521 0.000000 -0.974928
vn 0.000000 -0.000000 -1.000000
vn -0.222521 -0.000000 -0.974928
vn -0.433884 0.000000 -0.900969
vn -0.623490 0.000000 -0.781831
vn -0.781831 0.000000 -0.623490
vn -0.900969 0.000000 -0.433884
vn -0.974928 0.000000 -0.222521
vn -1.000000 0.000000 -0.000000
vn 0.000000 -1.000000 0.000000
vn 0.000000 -1.000000 0.000000
vn 0.000000 -1.000000 0.000000
vn 0.000000 -1.000000 0.000000
vn 0.000000 -1.000000 0.000000
vn 0.000000 -1.000000 0.000000
vn 0.000000 -1.000000 0.000000
vn 0.000000 -1.000000 0.000000
vn 0.000000 -1.000000 0.000000
vn 0.000000 -1.000000 0.000000
vn 0.000000 -1.000000 0.000000
vn 0.000000 -1.000000 0.000000
vn 0.000000 -1.000000 0.000000
vn 0.000000 -1.000000 0.000000
vn 0.000000 -1.000000 0.000000
vn 0.000000 -1.000000 0.000000
vn 0.000000 -1.000000 0.000000
vn 0.000000 -1.000000 0.000000
vn 0.000000 -1.000000 0.000000
vn 0.000000 -1.000000 0.000000
vn 0.000000 -1.000000 0.000000
vn 0.000000 -1.000000 0.000000
vn 0.000000 -1.000000 0.000000
vn 0.000000 -1.000000 0.000000
vn 0.000000 -1.000000 0.000000
vn 0.000000 -1.000000 0.000000
vn 0.000000 -1.000000 0.000000
vn 0.607014 -0.707108 -0.362674
vn 0.573216 -0.705677 -0.416465
vn 0.638367 -0.705677 -0.307421
vn 0.573216 -0.705677 -0.416465
vn 0.607013 -0.707108 -0.362674
vn 0.638367 -0.705677 -0.307421
vn -0.663355 -0.705676 0.248961
vn -0.637081 -0.707107 0.306802
vn -0.572066 -0.707102 0.415630
vn 0.661028 -0.707102 0.251095
vn -0.488655 -0.707107 0.511093
vn -0.389542 -0.707109 0.590131
vn -0.277912 -0.707104 0.650207
vn -0.157346 -0.707104 0.689381
vn -0.031726 -0.707100 0.706402
vn 0.094917 -0.707108 0.700706
vn 0.218508 -0.707105 0.672501
vn 0.335076 -0.707107 0.622675
vn 0.440874 -0.707107 0.552838
vn 0.532502 -0.707108 0.465232
vn 0.607016 -0.707106 0.362675
vn 0.683000 -0.705677 0.188496
vn 0.662020 -0.707105 0.248460
vn 0.607016 -0.707106 0.362675
vn 0.532502 -0.707108 0.465232
vn 0.440874 -0.707107 0.552838
vn 0.335076 -0.707107 0.622675
vn 0.218509 -0.707105 0.672501
vn 0.094917 -0.707108 0.700706
vn -0.031726 -0.707100 0.706402
vn -0.157346 -0.707104 0.689381
vn -0.277912 -0.707104 0.650207
vn -0.389541 -0.707109 0.590131
vn -0.488655 -0.707106 0.511094
vn -0.572066 -0.707102 0.415629
vn -0.637081 -0.707107 0.306802
vn -0.663355 -0.705676 0.248961
vn -0.693501 0.720454 0.001319
vn -0.686554 0.713791 -0.138371
vn -0.691249 0.713726 0.113005
vn -0.535441 0.713727 0.451548
vn -0.607465 0.713726 0.348686
vn -0.659964 0.713725 0.234616
vn -0.228051 0.713724 0.662262
vn -0.342636 0.713727 0.610897
vn -0.446210 0.713727 0.539899
vn 0.143903 0.713725 0.685485
vn 0.019192 0.713720 0.700168
vn -0.106133 0.713728 0.692336
vn 0.475117 0.713726 0.514644
vn 0.375587 0.713729 0.591206
vn 0.263989 0.713724 0.648775
vn 0.671826 0.713724 0.198110
vn 0.625654 0.713727 0.314883
vn 0.559378 0.713721 0.421542
vn 0.678337 0.713726 -0.174513
vn 0.698597 0.713725 -0.050586
vn 0.696403 0.713725 0.074966
vn 0.584155 0.706955 -0.398720
vn 0.636274 0.713727 -0.292829
vn -0.520998 0.773374 -0.361183
vn -0.651363 0.713724 -0.257534
vn -0.594908 0.713728 -0.369698
vn -0.643355 0.763375 -0.057903
vn -0.707108 0.707105 0.000000
vn -0.686092 0.714199 -0.138554
vn -0.565026 0.813998 -0.134729
vn -0.650328 0.714198 -0.258835
vn -0.531887 0.814000 -0.233452
vn -0.593657 0.714201 -0.370794
vn -0.473945 0.823105 -0.312849
vn 0.553116 0.706751 -0.441096
vn 0.574278 0.714200 -0.400153
vn 0.487847 0.814001 -0.315290
vn 0.636500 0.714200 -0.291181
vn 0.536308 0.813998 -0.223116
vn 0.678265 0.714199 -0.172851
vn 0.567527 0.813999 -0.123769
vn 0.698229 0.714198 -0.048964
vn 0.580506 0.813999 -0.020444
vn 0.695751 0.714198 0.076496
vn 0.574826 0.814000 0.083537
vn 0.670912 0.714197 0.199498
vn 0.550673 0.814000 0.184834
vn 0.624506 0.714200 0.316087
vn 0.508824 0.813997 0.280193
vn 0.558035 0.714195 0.422520
vn 0.450612 0.814001 0.366540
vn 0.473619 0.714200 0.515367
vn 0.377921 0.814003 0.441107
vn 0.373985 0.714202 0.591652
vn 0.293088 0.813996 0.501507
vn 0.262333 0.714197 0.648926
vn 0.198829 0.814001 0.545774
vn 0.142246 0.714198 0.685338
vn 0.098183 0.814002 0.572505
vn 0.017588 0.714192 0.699728
vn -0.005620 0.813997 0.580841
vn -0.107632 0.714201 0.691616
vn -0.109246 0.813993 0.570509
vn -0.229397 0.714198 0.661286
vn -0.209354 0.814000 0.541825
vn -0.343787 0.714200 0.609696
vn -0.302735 0.814001 0.495736
vn -0.447128 0.714200 0.538512
vn -0.386390 0.813999 0.433715
vn -0.536097 0.714200 0.450020
vn -0.457625 0.813998 0.357754
vn -0.607837 0.714199 0.347065
vn -0.514147 0.814000 0.270292
vn -0.660041 0.714198 0.232954
vn -0.554150 0.813997 0.174144
vn -0.691028 0.714199 0.111356
vn -0.576338 0.813998 0.072398
vn 0.898661 -0.002019 -0.438639
vn 0.936233 -0.002088 -0.351374
vn 0.983927 -0.002088 -0.178557
vn 0.996432 -0.002019 -0.084372
vn 0.834573 0.000000 -0.550897
vn 0.858449 0.000000 -0.512899
vn 0.900969 -0.000065 -0.433883
vn 0.936235 0.000000 -0.351375
vn 0.963963 -0.000065 -0.266037
vn 0.983930 0.000000 -0.178557
vn 0.995974 -0.000065 -0.089639
vn 1.000000 0.000000 0.000000
vn 0.998993 0.000000 0.044865
vn 0.690075 -0.002079 -0.723735
vn 0.694873 -0.002018 -0.719129
vn 0.657940 0.000000 -0.753070
vn 0.691063 -0.000065 -0.722794
vn 0.753071 0.000000 -0.657939
vn 0.781831 0.000000 -0.623490
vn 0.393024 -0.002145 -0.919526
vn 0.473867 -0.002088 -0.880594
vn 0.550895 -0.002145 -0.834572
vn 0.431499 -0.000126 -0.902113
vn 0.473868 0.000000 -0.880596
vn 0.515167 -0.000126 -0.857090
vn 0.217364 -0.002019 -0.976089
vn 0.222521 -0.002145 -0.974926
vn 0.089638 0.000000 -0.995974
vn 0.134233 0.000000 -0.990950
vn 0.181160 -0.000126 -0.983454
vn -0.310314 -0.002079 -0.950632
vn -0.309016 -0.002145 -0.951054
vn -0.351375 0.000000 -0.936235
vn -0.348897 -0.000126 -0.937161
vn -0.134233 -0.002145 0.990948
vn -0.135585 -0.002080 0.990764
vn -0.175956 -0.000126 0.984398
vn -0.178560 0.000000 0.983929
vn 0.393024 -0.002145 0.919526
vn 0.309017 -0.002087 0.951054
vn 0.221191 -0.002079 0.975228
vn 0.353851 -0.000126 0.935302
vn 0.309016 0.000000 0.951057
vn 0.222521 -0.000065 0.974928
vn 0.178560 0.000000 0.983929
vn -0.001210 -0.979278 -0.202519
vn -0.000243 -0.979057 -0.203587
vn -0.047497 -0.870435 0.489986
vn -0.049707 -0.906194 0.419931
vn -0.000621 -0.997505 -0.070589
vn -0.030787 -0.968150 0.248471
vn -0.015256 -0.870358 0.492182
vn 0.017292 -0.998495 0.052050
vn -0.001513 -0.983927 0.178564
vn 0.020610 -0.999516 0.023315
vn 0.064980 -0.997879 -0.003846
vn 0.049711 -0.998609 -0.017563
vn 0.561387 -0.789527 -0.247973
vn 0.060639 -0.998144 0.005559
vn 0.019647 -0.999806 0.001064
vn -0.008080 -0.999967 -0.000646
vn -0.022982 -0.999700 -0.008472
vn 0.012922 -0.999844 0.012065
vn -0.009976 -0.999941 0.004384
vn -0.000775 -0.999983 0.005787
vn 0.002280 -0.999997 0.000284
vn -0.024175 -0.998107 0.056555
vn -0.014654 -0.999527 0.027049
vn -0.002687 -0.997338 -0.072868
vn -0.006052 -0.955336 0.295460
vn 0.364053 -0.931353 0.006886
vn 0.031556 -0.999415 -0.013192
vn 0.277177 -0.935722 0.218166
vn 0.157521 -0.979639 0.124474
vn 0.009096 -0.998983 0.044169
vn 0.090151 -0.731935 0.675385
vn -0.034553 -0.941574 0.335029
vn -0.028054 -0.998028 0.056154
vn -0.104974 -0.992537 0.062054
vn -0.068877 -0.996832 0.039775
vn -0.107438 -0.993611 0.034548
vn 0.114042 -0.993388 0.013192
vn -0.146061 -0.988188 0.046380
vn -0.450680 -0.885698 0.111475
vn -0.058871 -0.998215 -0.010034
vn -0.545905 -0.835505 -0.062604
vn -0.115812 -0.993116 0.017531
vn 0.043050 -0.999064 0.004297
vn 0.008773 -0.999954 0.003912
vn 0.005287 -0.999975 0.004609
vn 0.001668 -0.999997 -0.002049
vn 0.002075 -0.999998 0.000412
vn -0.011236 -0.999896 -0.009073
vn 0.025862 -0.999648 0.005865
vn 0.019514 -0.999761 -0.009892
vn 0.014130 -0.999891 -0.004296
vn -0.009305 -0.999931 -0.007133
vn -0.022957 -0.999627 -0.014799
vn -0.105060 -0.994465 -0.001214
vn -0.043804 -0.998904 0.016470
vn 0.005157 -0.999869 0.015319
vn 0.000000 -0.831470 -0.555570
vn 0.000000 -0.831470 -0.555570
vn -0.048975 -0.997570 0.049559
vn 0.053382 -0.998214 -0.026805
vn 0.000788 -0.999998 0.001591
vn 0.000637 -0.999997 -0.002350
vn 0.002615 -0.992325 -0.123627
vn 0.000686 -0.995286 -0.096982
vn -0.000260 -0.999996 -0.002905
vn -0.000019 -1.000000 -0.000033
vn -0.002308 -0.999993 0.002894
vn 0.000321 -1.000000 0.000196
vn 0.000014 -1.000000 0.000007
vn 0.001316 -0.999978 0.006544
vn -0.006380 -0.999858 0.015577
vn 0.004199 -0.999965 0.007206
vn 0.000388 -0.999999 0.000979
vn 0.002943 -0.997055 -0.076636
vn -0.002406 -0.994289 -0.106695
vn 0.000332 -0.999991 0.004119
vn -0.001064 -0.999989 0.004546
vn 0.002097 -0.999996 0.001646
vn 0.049751 -0.998716 0.009532
vn 0.001435 -0.999992 0.003635
vn -0.000591 -0.999999 0.001204
vn -0.000079 -1.000000 0.000056
vn -0.002615 -0.999996 -0.000455
vn 0.000987 -0.995200 -0.097856
vn 0.000802 -0.923704 -0.383107
vn 0.000845 -0.924152 -0.382025
vn -1.000000 0.000000 0.000000
vn -0.985505 -0.169624 0.002789
vn -0.999999 -0.001000 0.000016
vn -0.984590 -0.174855 0.002876
vn 1.000000 0.000000 -0.000000
vn 1.000000 0.000000 0.000000
vn 1.000000 -0.000000 -0.000000
vn 1.000000 0.000000 -0.000000
vn -0.495495 0.701944 -0.511623
vn 0.196545 0.703383 -0.683097
vn 0.688600 0.704844 -0.170368
vn 0.493129 0.701932 0.513921
vn -0.195319 0.701945 0.684926
vn -0.691632 0.701934 0.170098
vn -0.653018 0.660310 0.370887
vn -0.752329 0.657903 -0.034130
vn -0.653320 0.657781 -0.374829
vn -0.353203 0.660435 -0.662626
vn 0.001001 0.660708 -0.750643
vn 0.394168 0.662114 -0.637366
vn 0.645088 0.666248 -0.374134
vn 0.749227 0.661358 0.035566
vn 0.647705 0.660310 0.380090
vn 0.346608 0.657903 0.668601
vn 0.002048 0.657781 0.753206
vn -0.397250 0.660434 0.637196
vn -0.493614 0.705800 -0.508126
vn 0.198356 0.704308 -0.681620
vn 0.692381 0.701056 -0.170672
vn 0.494631 0.702820 0.511258
vn -0.198374 0.701058 0.684957
vn -0.690076 0.702822 0.172731
vn -0.648006 0.661109 0.378185
vn -0.749996 0.660794 -0.029285
vn -0.652637 0.661335 -0.369730
vn -0.349455 0.664250 -0.660797
vn 0.008324 0.660027 -0.751196
vn 0.404091 0.659978 -0.633356
vn 0.656221 0.656995 -0.371122
vn 0.752247 0.658355 0.026317
vn 0.651519 0.661109 0.372100
vn 0.346458 0.659978 0.666630
vn -0.006709 0.656995 0.753865
vn -0.398916 0.658355 0.638306
vn -0.491813 0.701981 -0.515113
vn 0.195333 0.701943 -0.684924
vn 0.691635 0.701932 -0.170093
vn 0.494927 0.705237 0.507629
vn -0.195056 0.706721 0.680073
vn -0.686487 0.706721 0.171116
vn -0.650689 0.660689 0.374291
vn -0.747566 0.663429 -0.031726
vn -0.646341 0.656309 -0.389232
vn -0.350139 0.657557 -0.667100
vn -0.002049 0.657782 -0.753206
vn 0.397251 0.660434 -0.637196
vn 0.653018 0.660311 -0.370886
vn 0.751788 0.658716 0.030126
vn 0.654560 0.661715 0.365629
vn 0.349456 0.664249 0.660798
vn -0.001198 0.660690 0.750658
vn -0.397540 0.664249 0.633036
vn -0.494623 0.702820 -0.511265
vn 0.198388 0.701056 -0.684955
vn 0.690827 0.701943 -0.173302
vn 0.491840 0.704845 0.511163
vn -0.196761 0.704844 0.681528
vn -0.690389 0.703392 0.169123
vn -0.647546 0.665847 0.370583
vn -0.751018 0.659282 -0.036329
vn -0.651520 0.661109 -0.372098
vn -0.346457 0.659978 -0.666631
vn 0.006708 0.656995 -0.753865
vn 0.402656 0.657556 -0.636779
vn 0.651272 0.657781 -0.378377
vn 0.749505 0.661731 0.018825
vn 0.646554 0.666247 0.371595
vn 0.349080 0.662717 0.662532
vn 0.001467 0.666248 0.745729
vn -0.399230 0.662717 0.633578
vn -0.632188 -0.114113 0.766366
vn -0.662522 -0.134590 0.736851
vn -0.584196 -0.405466 0.703074
vn -0.710498 0.034157 0.702870
vn -0.747598 0.065161 0.660947
vn -0.903218 -0.428183 -0.029273
vn -0.749930 -0.661146 -0.022161
vn -0.967996 -0.249701 -0.025161
vn 0.964775 -0.019912 0.262322
vn 0.938621 -0.264409 0.221538
vn 0.873265 -0.059574 0.483590
vn 0.635502 -0.112783 0.763817
vn 0.518794 0.168530 0.838123
vn 0.324640 -0.044313 0.944799
vn 0.056316 -0.007878 0.998382
vn -0.272573 -0.063228 0.960055
vn -0.561418 -0.095657 0.821985
vn -0.743776 -0.086098 0.662860
vn -0.889749 -0.092569 0.446965
vn -0.980963 -0.099742 0.166623
vn 0.825835 -0.071091 0.559412
vn -0.996051 -0.080962 -0.036437
vn 0.994194 -0.102342 0.033242
vn 0.938538 0.003334 0.345160
vn 0.910708 -0.304412 0.279184
vn 0.744221 -0.060965 0.665145
vn 0.500213 -0.051634 0.864362
vn 0.219032 -0.050611 0.974404
vn -0.014885 -0.012627 0.999809
vn -0.278252 -0.071654 0.957832
vn -0.487563 -0.037901 0.872265
vn -0.695294 -0.037627 0.717739
vn -0.862198 -0.064314 0.502471
vn -0.988316 -0.077558 0.131214
vn 0.996494 0.007497 0.083326
vn 0.905512 0.035365 0.422844
vn -0.745655 -0.628300 0.221895
vn -0.758200 -0.604969 0.243200
vn -0.765816 -0.589569 0.256776
vn -0.771676 -0.576978 0.267605
vn 0.221895 -0.628303 0.745653
vn 0.140218 -0.708848 0.691284
vn 0.126616 -0.720961 0.681310
vn 0.068010 -0.769109 0.635489
vn 0.577683 -0.797953 -0.171911
vn 0.621403 -0.651065 -0.435859
vn 0.613081 -0.707984 -0.350557
vn 0.620272 -0.536911 -0.571829
vn -0.287330 -0.646612 -0.706636
vn -0.326225 -0.612309 -0.720177
vn -0.199357 -0.715166 -0.669921
vn -0.255949 -0.672454 -0.694475
vn 0.171947 -0.797853 0.577811
vn 0.435920 -0.651052 0.621373
vn 0.350615 -0.707936 0.613103
vn 0.572011 -0.536860 0.620150
vn 0.669859 -0.715229 -0.199340
vn 0.674133 -0.708524 -0.208659
vn 0.675429 -0.706437 -0.211524
vn 0.678811 -0.700869 -0.219085
vn -0.176024 -0.786848 -0.591512
vn 0.015364 -0.693074 -0.720703
vn 0.170162 -0.585264 -0.792787
vn -0.019378 -0.713345 -0.700545
vn 1.000000 0.000000 0.000000
vn 0.986587 -0.163214 0.002684
vn 1.000000 -0.000968 0.000016
vn 0.985749 -0.168202 0.002766
vn -0.500095 -0.741614 -0.447117
vn -0.728616 -0.677351 0.101557
vn -0.708008 -0.689389 -0.153191
vn -0.776428 -0.578209 0.250665
vn 0.521541 -0.720217 -0.457473
vn 0.521765 -0.721605 -0.455024
vn 0.201010 -0.748096 -0.632414
vn 0.360814 -0.709765 -0.605018
vn -0.238601 -0.689277 -0.684080
vn -0.222917 -0.720236 0.656938
vn -0.157845 -0.652405 0.741251
vn -0.128945 -0.619875 0.774034
vn -0.081031 -0.562922 0.822529
vn 0.495143 -0.772491 0.397607
vn 0.712040 -0.631093 0.307765
vn 0.654269 -0.677319 0.336407
vn 0.805437 -0.536999 0.250806
vn -0.452220 -0.677391 -0.580206
vn -0.605344 -0.578260 -0.546968
vn 0.656907 -0.720267 0.222910
vn 0.654934 -0.721631 0.224300
vn 0.648168 -0.748110 -0.142161
vn 0.704410 -0.709728 0.009689
vn 0.473007 -0.689283 -0.548774
vn 0.137150 -0.741656 -0.656610
vn -0.221223 -0.689388 -0.689786
vn -0.680381 -0.720239 0.135413
vn -0.679357 -0.721618 0.133197
vn -0.444445 -0.761815 0.471281
vn -0.627152 -0.714210 0.310780
vn -0.315241 -0.723766 0.613829
vn 0.075648 -0.692386 0.717550
vn -0.005573 -0.729407 0.684058
vn 0.300857 -0.607519 0.735123
vn 0.003995 0.999940 -0.010202
vn 0.005273 0.999949 0.008642
vn -0.026611 0.999623 0.006802
vn -0.029899 0.999521 -0.007966
vn 0.871873 0.468923 -0.141237
vn 0.566540 0.824032 0.002054
vn 0.907447 0.396105 0.140145
vn 0.675344 0.687249 0.267580
vn 0.617527 0.692455 0.373050
vn 0.491169 0.688105 0.534101
vn 0.394028 0.692746 0.604024
vn 0.226139 0.676606 0.700761
vn 0.146004 0.414586 0.898221
vn -0.002753 0.827869 0.560915
vn -0.145782 0.386791 0.910571
vn -0.242308 0.691919 0.680099
vn -0.401445 0.688848 0.603597
vn -0.517041 0.698250 0.495091
vn -0.603481 0.692739 0.394871
vn -0.694674 0.682963 0.225809
vn -0.697978 0.711432 0.081795
vn -0.725422 0.683702 -0.079456
vn 0.002991 0.999957 -0.008761
vn -0.007459 0.999972 -0.000835
vn -0.008613 0.999949 0.005285
vn -0.001363 0.999982 0.005790
vn -0.001023 0.999991 -0.004168
vn 0.037842 0.999279 -0.003103
vn 0.001098 0.999999 -0.000772
vn -0.007449 0.999957 0.005531
vn -0.003293 0.999965 0.007638
vn 0.010755 0.999941 -0.001210
vn 0.009884 0.999936 -0.005505
vn 0.005802 0.999982 0.001368
vn -0.004102 0.999991 0.000947
vn -0.003143 0.999310 -0.037007
vn -0.000736 0.999999 -0.001149
vn 0.005504 0.999957 0.007449
vn 0.011322 0.999930 0.003290
vn 0.000339 0.999922 -0.012467
vn -0.005506 0.999936 -0.009885
vn -0.010203 0.999940 -0.003995
vn -0.008760 0.999957 -0.002991
vn -0.000856 0.999972 0.007466
vn -0.041980 0.998958 -0.017918
vn -0.003748 0.999991 0.002168
vn 0.001423 0.999970 -0.007564
vn -0.012462 0.999922 -0.000337
vn -0.009884 0.999936 0.005505
vn -0.003995 0.999940 0.010202
vn -0.003636 0.999993 0.000839
vn 0.010349 0.999934 -0.005060
vn 0.001857 0.999937 0.011090
vn 0.004137 0.999887 0.014480
vn -0.005293 0.999981 0.003257
vn -0.009182 0.999937 0.006440
vn 0.005505 0.999936 0.009884
vn 0.010202 0.999940 0.003995
vn 0.008760 0.999957 0.002991
vn -0.002640 0.999997 0.000008
vn 0.010211 0.999948 0.000851
vn 0.021709 0.999594 -0.018467
vn 0.106333 0.986223 0.126716
vn 0.027113 0.999602 0.007768
vn -0.013923 0.999668 0.021684
vn -0.000125 0.999826 0.018657
vn -0.083252 0.996522 0.003563
vn -0.006372 0.999928 -0.010163
vn -0.005126 0.999957 -0.007735
vn 0.001720 0.999039 -0.043801
vn -0.000932 0.999826 -0.018634
vn -0.003563 0.996522 -0.083252
vn 0.010163 0.999928 -0.006372
vn 0.007734 0.999957 -0.005126
vn 0.043800 0.999039 0.001720
vn 0.013523 0.999908 -0.000587
vn 0.083252 0.996522 -0.003563
vn 0.006372 0.999928 0.010163
vn 0.005126 0.999957 0.007733
vn -0.001720 0.999039 0.043800
vn 0.001626 0.999886 0.015020
vn 0.003563 0.996522 0.083252
vn -0.010163 0.999928 0.006372
vn -0.007733 0.999957 0.005126
vn -0.043800 0.999039 -0.001720
vn -0.018636 0.999826 0.000930
vn 0.665662 0.741394 -0.085026
vn 0.185282 0.982682 -0.002632
vn -0.973874 0.016498 -0.226488
vn 0.021118 0.999705 0.011972
vn -0.990860 0.022242 -0.133050
vn -0.993601 0.028536 0.109286
vn -0.411319 0.011592 0.911418
vn -0.707469 0.021354 0.706422
vn -0.891582 0.027071 0.452049
vn 0.024742 -0.021836 0.999455
vn 0.452637 0.007887 0.891660
vn 0.788178 0.022992 0.615017
vn 0.940663 0.011707 0.339139
vn 0.999523 0.000137 -0.030871
vn 0.999995 0.001752 -0.002757
vn 0.001443 0.999976 0.006765
vn 0.005811 0.999958 0.007154
vn -0.002291 0.999993 0.003112
vn 0.992418 0.024953 -0.120352
vn 0.999678 0.025228 -0.002558
vn -0.972992 0.007656 -0.230712
vn -0.006606 0.079930 -0.996779
vn -0.003494 0.103602 -0.994613
vn -0.029379 -0.095606 -0.994986
vn -0.031014 -0.108372 -0.993626
vn 0.038134 -0.996690 -0.071796
vn 0.043783 -0.993130 -0.108514
vn -0.004802 -0.979842 0.199717
vn -0.011011 -0.971224 0.237914
vn 0.065093 0.517756 0.853049
vn 0.070687 0.546700 0.834340
vn 0.013435 0.241112 0.970404
vn 0.021483 0.285238 0.958216
vn -0.906262 -0.028521 -0.421753
vn -0.957315 -0.087449 -0.275499
vn -0.836301 0.027089 -0.547601
vn -0.739103 0.086019 -0.668078
vn -0.240062 -0.087448 -0.966811
vn -0.087878 -0.028520 -0.995723
vn 0.056086 0.027089 -0.998058
vn 0.209019 0.086019 -0.974121
vn 0.717249 -0.087448 -0.691308
vn 0.818383 -0.028519 -0.573965
vn 0.892390 0.027091 -0.450452
vn 0.948125 0.086020 -0.306037
vn 0.957317 -0.087447 0.275494
vn 0.906261 -0.028519 0.421755
vn 0.836294 0.027092 0.547612
vn 0.739091 0.086021 0.668091
vn 0.240082 -0.087449 0.966806
vn 0.087887 -0.028521 0.995722
vn -0.056096 0.027091 0.998058
vn -0.209039 0.086021 0.974117
vn -0.717238 -0.087449 0.691319
vn -0.818375 -0.028522 0.573976
vn -0.948126 0.086019 0.306036
vn -0.892388 0.027089 0.450456
vn -0.906262 -0.028521 -0.421752
vn -0.957316 -0.087449 -0.275498
vn -0.836301 0.027089 -0.547601
vn -0.739102 0.086019 -0.668078
vn -0.240062 -0.087448 -0.966811
vn -0.087878 -0.028520 -0.995723
vn 0.056086 0.027089 -0.998058
vn 0.209019 0.086019 -0.974121
vn 0.717250 -0.087448 -0.691307
vn 0.818383 -0.028519 -0.573965
vn 0.892389 0.027091 -0.450453
vn 0.948125 0.086020 -0.306038
vn 0.957317 -0.087447 0.275495
vn 0.906261 -0.028519 0.421756
vn 0.836294 0.027092 0.547612
vn 0.739091 0.086021 0.668091
vn 0.240082 -0.087449 0.966806
vn 0.087887 -0.028521 0.995722
vn -0.056096 0.027091 0.998058
vn -0.209039 0.086021 0.974117
vn -0.717238 -0.087449 0.691319
vn -0.818375 -0.028522 0.573976
vn -0.948126 0.086019 0.306035
vn -0.892388 0.027089 0.450455
vn -0.906262 -0.028521 -0.421753
vn -0.957315 -0.087448 -0.275499
vn -0.836301 0.027089 -0.547601
vn -0.739102 0.086019 -0.668078
vn -0.240063 -0.087448 -0.966811
vn -0.087878 -0.028520 -0.995723
vn 0.056086 0.027089 -0.998058
vn 0.209019 0.086019 -0.974121
vn 0.717249 -0.087448 -0.691308
vn 0.818382 -0.028519 -0.573966
vn 0.892389 0.027090 -0.450454
vn 0.948125 0.086019 -0.306040
vn 0.957315 -0.087448 0.275500
vn 0.906262 -0.028520 0.421754
vn 0.836301 0.027089 0.547602
vn 0.739103 0.086019 0.668078
vn 0.240063 -0.087448 0.966811
vn 0.087878 -0.028519 0.995723
vn -0.056086 0.027089 0.998058
vn -0.209019 0.086019 0.974121
vn -0.717249 -0.087448 0.691308
vn -0.818382 -0.028519 0.573966
vn -0.948125 0.086020 0.306039
vn -0.892389 0.027090 0.450453
vn -0.963292 0.041967 -0.265155
vn -0.795849 0.056830 -0.602822
vn -0.626502 0.048334 -0.777920
vn -0.303723 0.037346 -0.952028
vn -0.006169 0.052554 -0.998599
vn 0.265156 0.041967 -0.963292
vn 0.602821 0.056831 -0.795850
vn 0.777920 0.048333 -0.626502
vn 0.952028 0.037346 -0.303722
vn 0.998599 0.052554 -0.006169
vn 0.963292 0.041967 0.265155
vn 0.795850 0.056830 0.602821
vn 0.626502 0.048333 0.777920
vn 0.303723 0.037346 0.952028
vn 0.006169 0.052554 0.998599
vn -0.265155 0.041967 0.963292
vn -0.602821 0.056830 0.795850
vn -0.777920 0.048333 0.626502
vn -0.952028 0.037346 0.303722
vn -0.998599 0.052554 0.006169
vn -0.998618 0.052544 -0.000832
vn -0.895629 0.056584 -0.441189
vn -0.492426 0.069331 -0.867588
vn 0.000831 0.052544 -0.998618
vn 0.441187 0.056584 -0.895629
vn 0.867588 0.069331 -0.492428
vn 0.998618 0.052544 0.000831
vn 0.895629 0.056584 0.441188
vn 0.492427 0.069331 0.867588
vn -0.000831 0.052544 0.998618
vn -0.441188 0.056584 0.895629
vn -0.867588 0.069331 0.492427
vn -0.906262 -0.028520 -0.421754
vn -0.957315 -0.087448 -0.275500
vn -0.836301 0.027089 -0.547602
vn -0.739103 0.086019 -0.668078
vn -0.240063 -0.087448 -0.966811
vn -0.087878 -0.028519 -0.995723
vn 0.056086 0.027089 -0.998058
vn 0.209019 0.086019 -0.974121
vn 0.717249 -0.087448 -0.691308
vn 0.818382 -0.028519 -0.573966
vn 0.892389 0.027090 -0.450453
vn 0.948125 0.086020 -0.306039
vn 0.957315 -0.087448 0.275499
vn 0.906262 -0.028521 0.421753
vn 0.836301 0.027089 0.547601
vn 0.739102 0.086019 0.668078
vn 0.240063 -0.087448 0.966811
vn 0.087878 -0.028520 0.995723
vn -0.056086 0.027089 0.998058
vn -0.209019 0.086019 0.974121
vn -0.717249 -0.087448 0.691308
vn -0.818382 -0.028519 0.573966
vn -0.948125 0.086019 0.306040
vn -0.892389 0.027090 0.450454
vn 0.020661 0.016857 0.999644
vn 0.039508 -0.041122 0.998373
vn 0.015601 0.032371 0.999354
vn 0.034420 -0.025439 0.999084
vn 0.013522 -0.073744 0.997186
vn -0.012427 -0.003940 0.999915
vn 0.006037 -0.053632 0.998543
vn -0.018813 0.013270 0.999735
vn -0.849882 -0.027919 0.526233
vn -0.964696 0.086436 -0.248778
vn -0.999989 0.002527 0.003917
vn -0.970723 -0.015758 -0.239685
vn -0.901253 0.039156 0.431520
vn -0.694126 -0.075530 0.715880
vn -0.870915 0.008594 -0.491359
vn -0.525035 0.038859 -0.850193
vn -0.553677 -0.004072 -0.832721
vn -0.174713 -0.106912 -0.978798
vn -0.030218 0.065563 0.997391
vn 0.193981 -0.008115 0.980972
vn 0.303650 -0.045342 0.951704
vn 0.041229 0.042424 0.998249
vn 0.986654 0.000994 0.162831
vn 0.929396 -0.014047 -0.368816
vn 0.915327 -0.011291 0.402554
vn 0.949316 0.047370 0.310734
vn 0.943708 0.083222 -0.320138
vn 0.586216 0.102333 -0.803666
vn 0.625171 0.073392 -0.777029
vn 0.771641 0.026713 -0.635497
vn -0.926275 0.036552 -0.375072
vn -0.940928 0.066957 -0.331921
vn -0.915962 0.017935 -0.400863
vn -0.892411 -0.019145 -0.450816
vn -0.690295 -0.019497 0.723265
vn -0.663094 -0.050917 0.746803
vn -0.705788 -0.000712 0.708423
vn -0.722505 0.020387 0.691065
vn 0.601460 0.084336 0.794439
vn 0.544547 0.044983 0.837523
vn 0.420985 -0.033922 0.906433
vn 0.477247 0.001021 0.878769
vn 0.977946 0.044405 -0.204081
vn 0.920007 0.037945 -0.390060
vn 0.882507 0.028770 -0.469419
vn 0.967522 0.055477 -0.246623
vn 0.999830 -0.008737 0.016248
vn 0.990582 -0.030837 0.133405
vn 0.749495 -0.041941 -0.660680
vn 0.015213 0.045037 -0.998869
vn 0.105378 0.107401 -0.988615
vn -0.126412 -0.053764 -0.990520
vn -0.023231 0.018319 -0.999562
vn 0.865315 -0.103302 0.490467
vn 0.957243 -0.011064 0.289072
vn 0.997700 -0.066910 0.010833
vn 0.981270 -0.087722 -0.171505
vn 0.928050 0.050985 -0.368951
vn 0.997440 -0.008890 -0.070954
vn 0.925277 -0.052669 -0.375618
vn 0.999999 0.001293 -0.000084
vn 1.000000 0.000374 0.000395
vn 0.977788 -0.042672 -0.205209
vn 0.998335 -0.042269 0.039242
vn 0.955237 0.014555 0.295482
vn 0.976022 0.014025 -0.217219
vn 0.999996 -0.002322 0.001615
vn 0.999997 -0.001990 0.001384
vn 1.000000 -0.000391 0.000083
vn 0.999972 0.005158 -0.005401
vn 1.000000 -0.000356 0.000338
vn 0.997222 0.067700 -0.031076
vn 0.750787 0.066978 -0.657140
vn 0.763248 0.043554 -0.644636
vn 0.738968 0.088101 -0.667956
vn 0.753944 0.061162 -0.654085
vn -0.276360 0.036945 -0.960344
vn -0.241139 -0.001191 -0.970490
vn -0.209671 -0.034657 -0.977158
vn -0.245467 0.003457 -0.969399
vn -0.972799 0.053159 -0.225470
vn -0.979931 0.153093 -0.127665
vn -0.951081 -0.034658 -0.306993
vn -0.976364 0.078167 -0.201505
vn 0.779125 0.196702 0.595208
vn 0.890208 0.027678 0.454712
vn 0.944084 -0.125862 0.304736
vn 0.869569 0.066512 0.489312
vn 0.719899 -0.001191 -0.694078
vn 0.693501 0.036944 -0.719508
vn 0.741407 -0.034657 -0.670160
vn 0.716790 0.003456 -0.697281
vn -0.379398 0.153094 -0.912480
vn -0.291130 0.053160 -0.955205
vn -0.209670 -0.034657 -0.977158
vn -0.313667 0.078168 -0.946310
vn -0.125902 0.196701 0.972346
vn 0.051310 0.027678 0.998299
vn 0.011025 0.066513 0.997725
vn 0.208128 -0.125860 0.969970
vn 0.944495 0.066977 0.321626
vn 0.939897 0.043554 0.338668
vn 0.943428 0.061160 0.325887
vn 0.947952 0.088098 0.305983
vn 0.918209 0.286759 -0.273244
vn 0.862009 0.073949 -0.501470
vn 0.887635 0.137361 -0.439586
vn 0.735954 -0.125861 -0.665230
vn -0.280115 0.188421 -0.941293
vn -0.243127 0.135838 -0.960436
vn -0.208981 0.088098 -0.973943
vn -0.256220 0.154343 -0.954217
vn -0.918209 0.286759 0.273242
vn -0.862010 0.073949 0.501469
vn -0.887636 0.137361 0.439585
vn -0.735953 -0.125861 0.665231
vn 0.243128 0.135840 0.960436
vn 0.280115 0.188423 0.941293
vn 0.208980 0.088099 0.973943
vn 0.256220 0.154345 0.954216
vn 0.918209 0.286759 -0.273243
vn 0.862009 0.073949 -0.501470
vn 0.887635 0.137360 -0.439586
vn 0.735953 -0.125861 -0.665231
vn -0.280115 0.188422 -0.941293
vn -0.243128 0.135839 -0.960436
vn -0.208981 0.088099 -0.973943
vn -0.256220 0.154344 -0.954216
vn -0.918209 0.286759 0.273244
vn -0.862009 0.073949 0.501470
vn -0.887635 0.137360 0.439586
vn -0.735953 -0.125861 0.665231
vn 0.243128 0.135839 0.960436
vn 0.280115 0.188421 0.941293
vn 0.208981 0.088099 0.973943
vn 0.256220 0.154344 0.954217
vn -0.906434 -0.100378 -0.410246
vn -0.971118 0.013180 -0.238235
vn -0.960130 -0.013180 -0.279244
vn -0.990118 0.100378 -0.097936
vn -0.736908 -0.115217 0.666102
vn -0.299141 -0.049976 0.952899
vn -0.471136 0.039426 0.881179
vn -0.120803 0.050558 0.991388
vn 0.209003 -0.087472 0.973995
vn 0.967948 -0.123236 0.218839
vn 0.739005 0.087472 0.667998
vn 0.861877 0.003444 0.507106
vn 0.918968 -0.050558 0.391077
vn 0.948005 0.087471 -0.305999
vn 0.675664 0.049976 -0.735514
vn 0.208409 0.115217 -0.971232
vn 0.798166 -0.050558 -0.600312
vn 0.527558 -0.039426 -0.848604
vn -0.741485 0.031280 -0.670240
vn -0.676033 -0.026501 -0.736395
vn -0.579874 -0.100377 -0.808499
vn -0.645345 -0.051290 -0.762167
vn -0.951277 -0.028096 0.307054
vn -0.952646 -0.031867 0.302406
vn -0.954325 -0.036631 0.296517
vn -0.953180 -0.033364 0.300558
vn -0.076849 -0.011194 0.996980
vn -0.209281 0.070745 0.975293
vn -0.017454 -0.047478 0.998720
vn 0.097756 -0.117057 0.988302
vn 0.739005 0.087472 0.667997
vn 0.833036 0.025972 0.552609
vn 0.948005 -0.087471 0.305998
vn 0.895092 -0.025972 0.445125
vn -0.618979 -0.726504 -0.298425
vn -0.605286 -0.763208 -0.226146
vn -0.561774 -0.824729 -0.065051
vn -0.582712 -0.801436 -0.134715
vn -0.989283 0.079805 0.122274
vn -0.939123 -0.050391 -0.339866
vn -0.992360 0.036760 -0.117774
vn -0.995886 -0.045353 0.078453
vn -0.989335 0.039604 0.140172
vn -0.957462 0.024299 -0.287533
vn -0.997398 -0.040909 -0.059359
vn -0.997462 -0.039036 0.059550
vn -0.959741 -0.027706 -0.279518
vn -0.996732 -0.066835 -0.045359
vn -0.972944 0.013523 -0.230644
vn -0.002701 -0.999993 -0.002686
vn 0.000000 -0.999985 -0.005443
vn 0.001244 -0.992163 -0.124944
vn -0.021942 -0.954642 -0.296947
vn 0.002813 -0.844865 -0.534973
vn -0.072098 -0.845339 -0.529343
vn 0.005199 -0.915275 -0.402796
vn -0.351338 -0.795881 -0.493088
vn 0.786168 0.372724 -0.492968
vn 0.040355 0.850808 -0.523924
vn -0.006648 0.969122 -0.246491
vn -0.003044 0.844780 -0.535104
vn 0.514688 0.645539 -0.564248
vn 0.452130 0.732948 -0.508298
vn -0.004820 0.915426 -0.402458
vn -0.031996 0.960009 -0.278135
vn -0.037478 0.944137 -0.327414
vn 0.014271 0.990493 0.136819
vn 0.019333 0.983085 0.182126
vn -0.034430 0.372253 0.927493
vn -0.038020 0.412028 0.910377
vn 0.002991 -0.041398 0.999138
vn 0.006661 -0.081889 0.996619
vn -0.098403 -0.994857 0.024027
vn -0.123593 -0.992202 0.016106
vn -0.195159 -0.980749 -0.006613
vn -0.220495 -0.975277 -0.014734
vn 0.883906 0.464883 0.050932
vn 0.863021 -0.428169 0.268079
vn 0.985431 -0.150749 0.078737
vn 0.998790 0.042623 -0.024542
vn 0.860020 0.489394 -0.144429
vn 0.992140 0.120233 -0.034675
vn 0.999934 0.009072 -0.007027
vn 0.999453 0.030546 -0.012652
vn 0.971599 -0.210114 0.108843
vn 0.992624 0.119683 -0.019324
vn 0.962734 0.270190 -0.011899
vn 0.999997 0.002204 -0.000438
vn 0.999992 0.003516 -0.002139
vn 0.977484 0.119484 -0.173922
vn 0.998988 0.040188 -0.020197
vn 1.000000 0.000000 0.000000
vn 1.000000 -0.000000 0.000000
vn 0.706445 0.043254 -0.706445
vn 0.707107 0.000000 -0.707107
vn 0.703989 0.093798 -0.703989
vn 0.706301 0.047739 -0.706301
vn 0.897751 0.394301 0.196392
vn 0.875164 -0.455721 0.162500
vn 0.995250 0.004947 0.097228
vn 0.991725 0.121777 0.040636
vn 0.852739 -0.521858 -0.022347
vn 0.998589 -0.046762 -0.025178
vn 0.999778 -0.015502 -0.014282
vn 0.999673 -0.022274 -0.012580
vn 0.939917 -0.339345 -0.037445
vn 0.989403 -0.145190 0.001275
vn 0.990819 0.046049 0.127112
vn 0.980606 0.195783 0.008968
vn 0.999882 -0.001270 -0.015299
vn 0.999876 0.000000 -0.015721
vn 0.999024 -0.034874 -0.027098
vn 0.999997 -0.002555 0.000000
vn 0.996958 -0.070218 -0.033818
vn 0.989453 -0.086077 -0.116509
vn 0.999284 -0.032023 -0.020159
vn 0.788737 -0.447336 -0.421645
vn 0.687602 -0.547713 -0.476670
vn 0.583669 -0.675147 -0.451118
vn 0.671032 -0.562517 -0.483001
vn 0.621247 -0.639108 -0.453423
vn 0.704759 0.000120 -0.709447
vn 0.828685 -0.159645 -0.536465
vn 0.592439 0.108457 -0.798281
vn 0.774677 -0.081870 -0.627035
vn 0.020388 0.993424 0.112663
vn 0.009553 0.998560 0.052790
vn 0.000000 1.000000 -0.000000
vn 0.000000 1.000000 -0.000000
vn 0.000000 1.000000 0.000000
vn 0.000000 1.000000 0.000000
vn -0.000000 1.000000 -0.000000
vn 0.000000 1.000000 0.000000
vn 0.000000 1.000000 0.000000
vn -0.000000 1.000000 -0.000000
vn 0.003177 0.999841 0.017553
vn -0.704219 -0.090280 -0.704219
vn -0.706491 -0.041715 -0.706491
vn -0.707107 0.000000 -0.707107
vn -0.706364 -0.045825 -0.706364
vn -0.998652 -0.044774 -0.026243
vn -0.863021 0.428169 0.268079
vn -0.985431 0.150749 0.078737
vn -0.997342 0.071268 0.015138
vn -0.999282 -0.034901 -0.014746
vn -0.908802 0.369555 0.193669
vn -0.999513 -0.029259 0.010802
vn -1.000000 -0.000000 0.000000
vn -1.000000 0.000000 0.000000
vn -0.998988 -0.040188 -0.020197
vn -0.971593 -0.131480 -0.196774
vn 1.000000 0.000000 0.000000
vn 1.000000 0.000000 0.000000
vn 1.000000 0.000000 0.000000
vn 1.000000 0.000000 0.000000
vn 1.000000 0.000000 0.000000
vn 0.952003 0.305504 -0.018920
vn 0.953576 0.300577 -0.018614
vn 1.000000 0.000000 0.000000
vn 0.999998 0.002215 -0.000137
vn 1.000000 0.000000 0.000000
vn 0.999315 0.015579 -0.033555
vn 0.997862 -0.009480 -0.064670
vn 0.999330 0.005855 -0.036129
vn 0.999948 0.007129 0.007314
vn 1.000000 0.000171 0.000119
vn 1.000000 -0.000123 -0.000085
vn 0.999928 0.011964 0.000809
vn -1.000000 -0.000010 -0.000045
vn -1.000000 0.000145 -0.000082
vn -0.999878 0.015600 0.000000
vn -0.999999 -0.001399 0.000014
vn -0.999981 -0.006232 -0.000238
vn -0.999966 0.008226 -0.000131
vn -1.000000 0.000000 0.000000
vn -1.000000 0.000000 0.000000
vn -0.999762 0.017198 -0.013421
vn -0.998554 0.047534 -0.025097
vn -0.989331 -0.135664 0.053098
vn -0.993127 0.116708 -0.008854
vn -0.999295 0.032090 -0.019476
vn -0.999900 0.001189 -0.014121
vn -0.986685 0.090361 -0.135235
vn -0.999656 -0.025779 0.004897
vn -0.997350 -0.055804 0.046688
vn -0.999895 0.000000 -0.014495
vn 0.914163 0.336183 0.226466
vn 0.852935 0.443428 0.275452
vn 0.998951 -0.039002 0.024000
vn 0.992737 0.100576 -0.066011
vn 0.999858 -0.009835 0.013692
vn 0.998212 0.009216 0.059052
vn 0.992249 0.095983 0.078924
vn 0.997232 0.067102 -0.032030
vn 0.997412 0.055712 -0.045454
vn 0.972521 -0.232447 0.013130
vn 0.982549 -0.151737 -0.107581
vn 0.850960 0.393742 -0.347611
vn 0.647809 0.603902 -0.464376
vn 0.984362 0.131899 -0.116769
vn 0.893214 -0.428001 0.137781
vn 0.771728 -0.545015 -0.327711
vn 0.822585 -0.482306 -0.301224
vn 0.846169 -0.502471 0.177540
vn 0.999085 0.021933 -0.036704
vn 0.990444 -0.120773 0.066587
vn 0.269029 0.898451 -0.347002
vn 0.459870 0.843707 -0.276907
vn 0.691430 0.696251 -0.192767
vn -0.111719 0.924976 -0.363233
vn 0.556496 0.786287 -0.268448
vn 0.999839 0.016932 -0.005936
vn 0.996895 0.041732 -0.066772
vn 0.995500 0.078859 -0.052542
vn 0.852362 0.392485 -0.345594
vn 0.620447 0.619784 -0.480534
vn 0.981175 0.140416 -0.132588
vn 0.993755 -0.005828 0.111431
vn 0.998414 0.026565 0.049636
vn 0.989086 -0.005227 0.147244
vn 0.899733 -0.094548 0.426076
vn 0.879468 -0.096832 0.466005
vn 0.930834 -0.070120 0.358653
vn 0.897407 -0.050648 -0.438286
vn 0.899129 -0.049712 -0.434851
vn 0.875027 -0.062115 -0.480072
vn 0.851557 -0.072996 -0.519156
vn -0.521530 -0.452923 -0.723096
vn -0.456522 -0.347689 -0.818962
vn -0.492523 -0.404768 -0.770443
vn -0.549146 -0.501196 -0.668761
vn 0.630926 0.775708 0.014513
vn 0.663077 0.740405 0.110132
vn 0.695887 0.686756 0.210018
vn 0.578194 0.808818 -0.107267
vn 0.696530 0.686080 0.210093
vn 0.997658 -0.068394 -0.000000
vn 0.999628 0.003086 0.027100
vn 0.999701 -0.022758 0.008989
vn 0.999459 -0.032897 -0.000000
vn 1.000000 -0.000106 0.000006
vn 0.999905 0.001562 0.013724
vn 1.000000 0.000012 0.000138
vn 1.000000 -0.000009 0.000106
vn 1.000000 -0.000061 0.000046
vn 0.978806 0.186893 -0.083722
vn 0.945401 0.270324 -0.182051
vn 0.999668 -0.005497 0.025175
vn 1.000000 -0.000000 0.000117
vn 1.000000 0.000006 0.000105
vn 0.997099 0.075079 0.012498
vn 0.999857 -0.015870 0.005761
vn 1.000000 0.000107 0.000008
vn 1.000000 0.000047 0.000059
vn 0.470049 -0.210517 -0.857168
vn 0.366252 0.422915 -0.828856
vn 0.202913 -0.928240 -0.311764
vn 0.361342 -0.441076 -0.821513
vn 0.389462 0.006279 -0.921021
vn -0.020058 0.100914 -0.994693
vn 0.387036 0.241636 -0.889840
vn 0.033418 0.514793 -0.856663
vn 0.107732 -0.661562 -0.742111
vn 0.014175 -0.882801 -0.469534
vn 0.048097 -0.946935 -0.317805
vn 0.204455 -0.270880 -0.940650
vn 0.358429 -0.473395 -0.804628
vn 0.012466 -0.910447 -0.413439
vn 0.004201 -0.717082 -0.696976
vn 0.004611 -0.451312 -0.892354
vn 0.005379 -0.204515 -0.978849
vn 0.002031 0.021078 -0.999776
vn -0.060228 0.089299 -0.994182
vn 0.005492 0.561553 -0.827422
vn -0.001052 0.358308 -0.933603
vn 0.485990 0.162362 -0.858750
vn 0.449603 0.100396 -0.887568
vn 0.399307 -0.070121 -0.914132
vn 0.412491 -0.020136 -0.910739
vn 0.434689 -0.087139 -0.896355
vn 0.433244 -0.023583 -0.900968
vn 0.636620 0.125451 -0.760905
vn 0.577850 0.079284 -0.812283
vn 0.782815 0.259502 -0.565562
vn 0.975606 -0.020782 -0.218544
vn 0.993799 0.014558 0.110237
vn 0.971611 -0.022613 -0.235503
vn 0.996045 0.012178 0.088010
vn 0.222836 -0.974651 -0.019987
vn 0.396917 -0.911046 -0.111592
vn 0.152182 -0.988290 0.011132
vn -0.000220 -0.985821 -0.167801
vn 0.000194 -0.987104 -0.160082
vn 0.974381 0.017436 0.224226
vn 0.999216 -0.010668 -0.038135
vn 0.971162 0.018889 0.237673
vn 0.999791 -0.008588 -0.018564
vn 0.012643 0.996255 -0.085537
vn 0.012434 0.996598 -0.081474
vn 0.005104 0.998240 0.059082
vn 0.005336 0.998490 0.054678
vn 0.994318 -0.008922 -0.106078
vn 0.992524 -0.012008 -0.121461
vn 0.999282 0.004784 -0.037575
vn 0.998825 0.002625 -0.048385
vn 0.952328 0.293135 -0.084516
vn -0.030135 -0.959840 0.278925
vn 0.132904 -0.975362 0.176083
vn -0.028117 -0.976240 -0.214859
vn 0.237436 -0.965144 -0.110099
vn 0.342290 -0.685668 -0.642415
vn 0.342108 0.785797 -0.515253
vn -0.040787 0.927954 -0.370456
vn -0.036372 0.475826 -0.878787
vn 0.502198 0.843577 -0.190195
vn -0.033508 -0.490037 -0.871057
vn 0.469092 -0.876086 -0.111470
vn 0.432405 -0.249381 -0.866507
vn 0.556595 0.794180 -0.243885
vn 0.989203 0.062529 -0.132542
vn 0.924050 -0.117481 -0.363773
vn 0.920469 -0.266220 -0.286118
vn 0.830082 -0.512775 -0.219147
vn 0.393953 -0.909589 0.132093
vn 0.651251 -0.639686 -0.408257
vn 0.489207 0.176962 -0.854026
vn 0.911747 0.330676 -0.243662
vn 1.000000 0.000561 0.000592
vn 0.999998 -0.000350 0.001698
vn 0.999991 0.003661 0.001955
vn 0.263165 -0.830202 -0.491436
vn -0.019465 -0.397378 -0.917448
vn -0.008409 0.420172 -0.907406
vn -0.007459 0.913214 -0.407412
vn -0.007588 0.999450 -0.032276
vn 0.997528 -0.067932 -0.017998
vn -0.029853 -0.895441 -0.444177
vn 0.298638 -0.918399 -0.259533
vn 0.784762 -0.598209 -0.162157
vn 0.682787 -0.629492 -0.370867
vn 0.999998 -0.001696 -0.000479
vn 0.768705 0.615675 0.173311
vn 0.921133 0.385902 0.050916
vn 0.922358 -0.331899 -0.197734
vn 0.930031 0.323830 -0.173714
vn 0.813918 0.168048 -0.556146
vn 0.928006 -0.141431 -0.344677
vn 0.994103 -0.097354 -0.047764
vn 0.451574 -0.460940 -0.763947
vn 0.513535 -0.018296 -0.857873
vn 0.466890 0.480518 -0.742372
vn 0.437408 0.768724 -0.466624
vn 0.448797 0.893384 -0.021110
vn 0.416256 0.877678 0.237514
vn 0.999968 0.006733 -0.004350
vn 0.999999 -0.000824 0.001110
vn 0.999992 -0.002322 0.003120
vn 0.999896 0.013657 -0.004736
vn 0.999998 -0.001681 -0.000424
vn 0.005905 0.111026 -0.993800
vn 0.006532 0.234054 -0.972202
vn 0.006533 0.471361 -0.881916
vn 0.006483 0.676246 -0.736648
vn 0.007804 0.876108 -0.482052
vn 0.008227 0.945387 -0.325847
vn 0.004684 0.097056 -0.995268
vn 0.005233 0.030118 -0.999533
vn 0.004368 0.540711 -0.841197
vn 0.003859 0.301490 -0.953461
vn 0.004371 0.890865 -0.454248
vn 0.003959 0.751002 -0.660288
vn 0.005319 -0.238468 -0.971136
vn 0.004430 -0.345981 -0.938231
vn 0.006251 -0.112146 -0.993672
vn 0.005325 -0.237596 -0.971349
vn 0.005952 0.999980 0.002147
vn 0.006920 0.971058 0.238744
vn 0.004458 0.978800 -0.204771
vn -0.000030 0.944298 0.329091
vn 0.001476 0.967455 0.253040
vn 0.003497 0.001748 -0.999992
vn 0.003578 0.025138 -0.999678
vn 0.003672 0.053253 -0.998574
vn 0.003491 -0.000003 -0.999994
vn 0.007124 -0.999975 0.000109
vn 0.007231 -0.999974 0.000143
vn -0.003514 -0.998743 0.049998
vn 0.006779 -0.999975 0.001852
vn 0.004733 -0.999926 0.011230
vn 0.003368 -0.999994 -0.000141
vn 0.003449 -0.999994 -0.000094
vn 0.003648 -0.999993 -0.000050
vn 0.003564 -0.999994 0.000034
vn 0.003485 -0.999994 -0.000022
vn 0.003483 -0.999994 -0.000014
vn 0.003483 -0.999994 -0.000011
vn 0.003519 -0.999994 0.000004
vn 0.003504 -0.999994 -0.000022
vn 0.002927 -0.999996 -0.000312
vn 0.003349 -0.999994 0.000003
vn 0.003695 -0.999993 0.000077
vn 0.003650 -0.999993 0.000073
vn 0.003466 -0.999994 -0.000062
vn 0.003661 -0.999993 0.000083
vn 0.003498 -0.999994 -0.000022
vn 0.003396 -0.999994 -0.000069
vn 0.003555 -0.999994 0.000015
vn 0.003571 -0.999994 0.000054
vn 0.003495 -0.999994 -0.000004
vn 0.003478 -0.999994 -0.000012
vn 0.003513 -0.999994 -0.000000
vn 0.003384 0.999994 0.000011
vn 0.003573 0.999994 -0.000051
vn 0.003420 0.999994 -0.000054
vn 0.003529 0.999994 0.000016
vn 0.003505 0.999994 0.000001
vn 0.003493 0.999994 0.000024
vn 0.003523 0.999994 0.000004
vn 0.003534 0.999994 -0.000099
vn 0.003462 0.999994 -0.000032
vn 0.003346 0.999994 0.000026
vn 0.003027 0.999995 0.000090
vn 0.003930 0.999992 0.000320
vn 0.003613 0.999993 0.000071
vn 0.003073 0.999995 -0.000409
vn 0.003959 0.999992 0.000181
vn 0.003564 0.999994 -0.000100
vn 0.002833 0.999996 -0.000440
vn 0.003622 0.999993 0.000102
vn 0.003552 0.999994 -0.000099
vn 0.003527 0.999994 -0.000071
vn 0.003472 0.999994 -0.000028
vn 0.999815 0.000000 -0.019218
vn 0.999842 0.000000 -0.017775
vn 0.999978 0.000000 -0.006568
vn 1.000000 0.000000 0.000000
vn 0.004215 0.000000 -0.999991
vn 0.005114 -0.000009 -0.999987
vn -0.011477 0.083829 -0.996414
vn 0.009518 -0.000736 -0.999954
vn 0.004368 0.000021 -0.999990
vn 0.005950 -0.002525 -0.999979
vn 0.004480 0.000376 -0.999990
vn 0.082995 0.102664 -0.991248
vn 0.006651 -0.004653 -0.999967
vn 0.004094 0.000454 -0.999992
vn 0.004679 -0.000445 -0.999989
vn 0.019101 0.009731 -0.999770
vn 0.004403 -0.000382 -0.999990
vn 0.005462 -0.001618 -0.999984
vn 0.004373 0.000683 -0.999990
vn 0.004391 -0.000195 -0.999990
vn 0.004492 0.002689 -0.999986
vn 0.005729 0.002691 -0.999980
vn 0.003851 -0.001005 -0.999992
vn 0.004268 -0.000132 -0.999991
vn 0.006818 0.005030 -0.999964
vn 0.004221 -0.000183 -0.999991
vn 0.011041 0.001686 -0.999938
vn 0.005438 0.000247 -0.999985
vn 0.007363 0.000741 -0.999973
vn 0.003921 -0.000142 -0.999992
vn 0.003889 -0.000683 -0.999992
vn 0.004911 0.000702 -0.999988
vn 0.794811 0.606843 -0.004022
vn 0.879299 0.472747 -0.057824
vn 0.799862 -0.585024 -0.134043
vn 0.844583 -0.517372 -0.137861
vn 0.857292 -0.507511 -0.086507
vn 0.667570 -0.744355 -0.016891
vn 0.704262 -0.709736 -0.017012
vn 0.717994 0.695853 -0.016528
vn 0.797462 0.602801 -0.026177
vn 0.855713 0.513607 -0.062953
vn 0.868441 0.481648 -0.117579
vn 0.809428 0.573772 -0.124947
vn 0.769846 0.628877 -0.108864
vn 0.599633 -0.800259 -0.004992
vn 0.121633 -0.992521 0.010413
vn 0.164405 -0.986383 0.004450
vn 0.258426 -0.965823 0.020059
vn 0.472774 -0.881175 0.003856
vn 0.338429 0.940972 -0.006112
vn 0.130503 0.991431 -0.005768
vn 0.217764 0.975980 -0.006499
vn 0.663362 0.748112 -0.016696
vn 0.619078 0.785129 -0.017751
vn 0.566433 0.823965 -0.015325
vn 0.469551 0.882862 -0.008748
vn 0.688800 0.721815 -0.067366
vn 0.697208 0.713378 -0.070657
vn 0.835287 0.549222 -0.025515
vn 0.797833 -0.583432 -0.151884
vn 0.735955 0.673306 -0.070918
vn 0.576801 0.816833 -0.009234
vn 0.638088 0.769939 -0.006050
vn 0.949854 0.308943 -0.048280
vn 0.839806 0.542881 -0.002582
vn 0.737969 0.674826 -0.003419
vn 0.979426 0.198499 -0.036375
vn 0.869444 -0.493435 -0.024265
vn 0.919886 -0.389751 -0.043626
vn 0.970292 -0.238795 -0.038861
vn 0.994931 -0.091737 -0.041183
vn 0.999056 0.039476 0.018159
vn 0.997075 0.064323 -0.041284
vn 0.980466 0.195461 0.021920
vn 0.808103 -0.588654 -0.021341
vn 0.737588 -0.675249 -0.001766
vn 0.889160 -0.445098 -0.106215
vn 0.902072 -0.423739 -0.081925
vn 0.935810 -0.352053 -0.017872
vn 0.915426 -0.399272 -0.050759
vn 0.957936 -0.285528 -0.028859
vn 0.944297 -0.322385 -0.066109
vn 0.989544 -0.112000 -0.090877
vn 0.977939 -0.166430 -0.126241
vn 0.991890 0.065378 -0.108997
vn 0.988220 -0.004260 -0.152983
vn 0.972798 0.136131 -0.187437
vn 0.984802 0.162372 -0.061651
vn 0.965301 0.225763 -0.131247
vn 0.939605 0.333055 -0.078849
vn 0.915326 0.389868 -0.100902
vn 0.859192 0.503072 -0.093312
vn 0.817510 0.573465 -0.053057
vn 0.792727 0.599008 -0.113020
vn 0.902910 0.426073 -0.056700
vn 0.934756 -0.336403 -0.114296
vn 0.968980 -0.213778 -0.124006
vn 0.988088 -0.083646 -0.129173
vn 0.990584 0.046526 -0.128757
vn 0.976431 0.181196 -0.117258
vn 0.847701 0.508948 -0.149584
vn 0.899334 0.405669 -0.163192
vn 0.943868 0.291797 -0.154815
vn 0.963484 0.164586 -0.211212
vn 0.975662 0.044558 -0.214705
vn 0.974202 -0.072812 -0.213611
vn 0.957557 -0.198252 -0.209239
vn 0.929559 -0.312084 -0.196272
vn 0.887243 -0.426624 -0.175475
vn 0.831048 -0.533694 -0.156623
vn 0.899728 -0.416278 -0.131159
vn 0.934933 -0.315314 -0.162718
vn 0.952011 -0.233525 -0.197843
vn 0.970203 -0.099396 -0.220969
vn 0.970883 0.033310 -0.237227
vn 0.948529 0.238898 -0.207896
vn 0.916659 0.366789 -0.158751
vn 0.170993 -0.985272 -0.000321
vn 0.337866 -0.941151 0.009042
vn 0.313412 -0.949527 0.013104
vn 0.999375 0.022211 0.027486
vn 0.944611 0.327705 0.017860
vn 0.890935 0.453365 0.026366
vn 0.827940 0.560233 0.025559
vn 0.738978 0.673189 0.026989
vn 0.622709 0.781752 0.033120
vn 0.978239 0.206020 0.024573
vn 0.914607 0.403541 0.025475
vn 0.631481 0.774989 0.024964
vn 0.788248 0.614843 0.025168
vn 0.095939 -0.995384 0.002590
vn 0.470626 -0.881905 0.027474
vn 0.284785 -0.958142 0.029360
vn 0.222643 -0.974528 0.026914
vn 0.141102 -0.989822 0.018509
vn 0.148743 -0.988244 0.035343
vn 0.094615 -0.994781 0.038192
vn 0.083962 -0.996092 0.027409
vn 0.994258 -0.103507 0.027156
vn 0.968237 -0.248996 0.022780
vn 0.985584 -0.167305 0.025177
vn 0.917538 -0.396861 0.025003
vn 0.945880 -0.323587 0.024546
vn 0.874255 -0.484671 0.027787
vn 0.777819 -0.627999 0.024811
vn 0.842721 -0.537785 0.024667
vn 0.750133 -0.660704 0.027768
vn 0.677562 -0.735057 0.024495
vn 0.628766 -0.777459 0.014538
vn 0.436038 -0.899567 0.025502
vn 0.563854 -0.825513 0.024449
vn 0.111589 0.993745 0.004368
vn 0.194073 0.980987 0.001122
vn 0.345404 0.938452 0.002057
vn 0.496479 0.867966 0.011971
vn 0.131704 0.990809 0.030837
vn 0.213345 0.976528 0.029603
vn 0.120883 0.992261 0.028369
vn 0.260586 0.965044 0.028032
vn 0.360995 0.932210 0.025831
vn 0.388657 0.920910 0.029514
vn 0.492591 0.869941 0.023585
vn 0.470799 0.882189 0.009492
vn 0.467842 -0.883753 0.010214
vn 0.259341 -0.965779 0.003552
vn 0.649777 -0.760052 0.010513
vn 0.795835 -0.605422 0.010550
vn 0.908567 -0.417546 0.012702
vn 0.977316 -0.211527 0.010521
vn 0.999991 -0.000995 0.004214
vn 0.260483 0.965417 0.010911
vn 0.149087 0.988805 0.006208
vn 0.148527 -0.988880 0.007483
vn 0.802444 0.596712 0.004229
vn 0.911321 0.411692 0.002173
vn 0.646183 0.763161 0.005732
vn 0.979439 0.201742 0.000474
vn 0.739981 -0.671268 -0.042748
vn 0.727644 -0.684269 -0.048059
vn 0.722772 -0.689266 -0.050122
vn 0.732061 -0.679673 -0.046172
vn 0.023441 0.013295 -0.999637
vn 0.005039 -0.000293 -0.999987
vn 0.005443 -0.000495 -0.999985
vn 0.004497 -0.000026 -0.999990
vn 0.004400 0.000011 -0.999990
vn 0.004531 -0.000016 -0.999990
vn 0.004060 0.000053 -0.999992
vn 0.004810 -0.000005 -0.999988
vn 0.005441 0.000664 -0.999985
vn 0.027472 0.016114 -0.999493
vn 0.641917 0.313155 -0.699912
vn 0.596689 0.324711 -0.733843
vn 0.618652 0.234024 -0.750002
vn 0.584845 0.211748 -0.783019
vn 0.554913 0.166399 -0.815097
vn 0.548321 0.153859 -0.821992
vn 0.968755 0.214409 0.124667
vn 0.975748 0.216480 -0.032425
vn 0.646302 0.208401 -0.734073
vn 0.789112 0.228494 -0.570169
vn 0.920733 0.223881 -0.319574
vn 0.968965 0.244113 -0.038928
vn 0.969947 0.222293 0.098935
vn 0.958526 0.238913 0.155396
vn 0.872321 0.315147 -0.373817
vn 0.904676 0.282289 -0.319177
vn 0.852110 0.266089 -0.450671
vn 0.696078 0.268358 -0.665928
vn 0.703365 0.308207 -0.640536
vn 0.777299 0.314579 -0.544835
vn 0.768357 0.275695 -0.577598
vn 0.952032 0.235602 -0.195263
vn 0.869629 0.253323 0.423761
vn 0.826300 0.271153 0.493663
vn 0.890574 0.242892 0.384554
vn 0.929128 0.218883 0.298013
vn 0.978420 -0.092846 0.184593
vn 0.975975 -0.040773 0.214031
vn 0.903852 0.012513 0.427661
vn 0.099349 -0.028707 -0.994638
vn 0.046466 0.081553 -0.995585
vn 0.739117 -0.010997 0.673488
vn 0.737423 -0.000033 0.675431
vn 0.743130 0.039434 0.667984
vn 0.775824 -0.009610 0.630876
vn 0.766086 0.142314 0.626785
vn 0.842724 0.084772 0.531630
vn 0.948641 0.134668 0.286260
vn 0.823873 0.490931 0.283230
vn 0.916149 0.161692 0.366779
vn 0.881314 0.006078 0.472492
vn 0.951902 -0.003184 0.306386
vn 0.998759 0.004179 0.049622
vn 0.963460 0.002862 -0.267836
vn 0.875248 -0.011805 -0.483530
vn 0.772127 -0.010501 -0.635381
vn 0.626253 -0.003175 -0.779614
vn 0.449401 -0.006680 -0.893305
vn 0.258411 0.012259 -0.965957
vn 0.056213 0.027433 -0.998042
vn 0.064259 0.000000 -0.997933
vn 0.143863 -0.021516 -0.989364
vn 0.313674 0.016370 -0.949390
vn 0.382560 -0.066312 -0.921548
vn 0.907772 -0.008141 -0.419385
vn 0.824313 -0.000670 -0.566134
vn 0.448901 -0.012742 -0.893491
vn 0.592482 0.000355 -0.805583
vn 0.727052 -0.001824 -0.686580
vn 0.976074 0.014614 -0.216948
vn 0.996204 -0.039247 -0.077700
vn 0.985317 -0.029486 0.168167
vn 0.962150 -0.010178 0.272331
vn 0.890424 0.007399 0.455072
vn 0.795924 0.020158 0.605061
vn -1.000000 0.000094 -0.000084
vn -1.000000 0.000119 0.000039
vn -1.000000 0.000026 0.000123
vn -1.000000 -0.000094 0.000083
vn -1.000000 -0.000114 -0.000017
vn -1.000000 -0.000009 -0.000120
vn -1.000000 0.000057 -0.000115
vn -1.000000 0.000119 -0.000059
vn -1.000000 0.000127 -0.000008
vn -1.000000 0.000110 0.000074
vn -1.000000 0.000071 0.000106
vn -1.000000 -0.000008 0.000132
vn -1.000000 -0.000056 0.000115
vn -1.000000 -0.000119 0.000059
vn -1.000000 -0.000125 0.000014
vn -1.000000 -0.000068 -0.000067
vn -1.000000 0.000013 -0.000130
vn -1.000000 -0.000013 -0.000172
vn -1.000000 -0.000001 0.000138
vn -1.000000 -0.000094 0.000083
vn -1.000000 -0.000119 -0.000039
vn -1.000000 0.000014 -0.000289
vn -1.000000 -0.000050 -0.000118
vn -1.000000 0.000041 0.000154
vn -1.000000 -0.000008 0.000132
vn -1.000000 -0.000056 0.000115
vn -1.000000 -0.000119 0.000059
vn -1.000000 -0.000127 0.000008
vn -1.000000 -0.000118 -0.000106
vn -1.000000 -0.000049 -0.000250
vn 0.999998 -0.000474 0.001682
vn 0.999999 -0.000582 0.001118
vn 1.000000 -0.000656 0.000729
vn 0.999999 -0.000521 0.001433
vn 0.606852 -0.129607 -0.784176
vn 0.651610 -0.181701 -0.736471
vn 0.634128 -0.168171 -0.754719
vn 0.687671 -0.206564 -0.696018
vn 0.689305 -0.195074 -0.697714
vn 0.673071 -0.190374 -0.714656
vn 0.688980 -0.259051 -0.676903
vn 0.682518 -0.230433 -0.693592
vn 0.885206 -0.203389 0.418382
vn 0.962143 -0.185522 -0.199656
vn 0.930719 -0.228166 0.285837
vn 0.883667 -0.202174 0.422206
vn 0.982452 -0.186166 -0.011429
vn 0.684914 -0.165870 -0.709493
vn 0.965817 -0.199695 0.165288
vn 0.931239 -0.211225 0.296947
vn 0.596226 -0.112649 -0.794874
vn 0.798858 -0.187226 -0.571640
vn 0.899589 -0.179968 -0.397934
vn 0.971994 -0.228564 -0.054651
vn 0.721968 -0.223686 -0.654772
vn 0.784185 -0.234976 -0.574317
vn 0.858232 -0.237005 -0.455265
vn 0.916654 -0.235080 -0.323239
vn 0.952641 -0.237954 -0.189350
vn 0.954058 -0.291398 -0.069720
vn 0.904061 -0.279827 -0.323064
vn 0.940094 -0.280209 -0.194181
vn 0.847536 -0.280787 -0.450380
vn 0.786542 -0.277928 -0.551460
vn 0.742915 -0.267103 -0.613786
vn 0.823242 -0.273289 0.497580
vn 0.865218 -0.323733 0.382876
vn 0.856519 -0.223435 0.465244
vn 0.949964 -0.297033 0.096637
vn 0.963964 -0.259035 0.060608
vn 0.949209 -0.224867 0.220085
vn 0.908351 -0.253634 0.332518
vn 0.925118 -0.301200 0.231161
vn 0.850924 -0.303754 0.428558
vn 0.824546 -0.224042 0.519547
vn 0.937012 -0.240850 0.252980
vn 0.953646 -0.247682 0.170916
vn 0.896974 -0.202484 0.392985
vn 0.121244 -0.308319 -0.943525
vn 0.115336 -0.313085 -0.942696
vn 0.128699 -0.302271 -0.944494
vn 0.123369 -0.306599 -0.943810
vn 0.548148 -0.099464 -0.830446
vn 0.567647 -0.058914 -0.821162
vn 0.560510 -0.073158 -0.824910
vn 0.547991 -0.100502 -0.830425
vn 0.549515 -0.095974 -0.829953
vn 0.552687 -0.089635 -0.828555
vn 0.018240 0.857190 0.514678
vn 0.020559 0.841764 0.539454
vn 0.010867 0.916868 0.399042
vn 0.010623 0.919533 0.392870
vn 0.002519 0.941108 0.338098
vn -0.009313 0.500954 -0.865424
vn -0.005413 0.866677 -0.498840
vn -0.001866 0.999998 0.000949
vn -0.003785 0.867029 0.498243
vn -0.005829 0.499466 0.866314
vn -0.007450 0.001708 0.999971
vn -0.009105 -0.500568 0.865649
vn -0.008721 -0.865794 0.500325
vn -0.009049 -0.967749 0.251752
vn -0.010566 0.240473 -0.970598
vn -0.005263 0.700250 -0.713879
vn -0.005341 0.705784 -0.708407
vn -0.011335 0.934126 -0.356764
vn -0.004712 0.720503 0.693436
vn -0.006492 0.500909 0.865475
vn -0.008193 0.000010 0.999966
vn -0.008887 -0.499602 0.866210
vn -0.009383 -0.866044 0.499880
vn -0.009108 -0.999959 -0.000061
vn -0.010157 -0.840170 -0.542228
vn -0.010234 -0.613718 -0.789459
vn 0.000010 -1.000000 0.000125
vn -0.015408 0.807006 0.590342
vn -0.023309 0.999198 -0.032558
vn 0.030971 0.986377 0.161559
vn -0.012475 0.860121 -0.509937
vn -0.045776 -0.049317 -0.997734
vn -0.054083 0.604190 -0.795003
vn -0.005115 -0.213327 -0.976967
vn 0.067994 -0.695406 -0.715393
vn -0.052320 -0.933019 0.356004
vn -0.104950 -0.672370 0.732738
vn -0.067461 -0.259675 0.963337
vn 0.012558 0.256766 0.966392
vn 0.068170 0.904540 0.420904
vn -0.054659 0.527847 0.847579
vn 0.060184 0.997271 -0.042756
vn 0.023035 0.780453 -0.624790
vn 0.095550 0.888708 -0.448407
vn -0.051256 0.188176 -0.980797
vn -0.008207 -0.915416 -0.402426
vn -0.028576 -0.791144 -0.610962
vn -0.060880 -0.366895 -0.928268
vn 0.087745 -0.977002 -0.194341
vn -0.109827 -0.894565 0.433234
vn -0.026179 -0.708179 0.705548
vn 0.031988 -0.226304 0.973531
vn -0.192712 -0.204541 0.959701
vn -0.034677 -0.063265 -0.997394
vn -0.034267 0.063048 -0.997422
vn 0.002680 0.000700 -0.999996
vn -0.053843 0.065432 -0.996403
vn -0.057916 0.042111 -0.997433
vn -0.078127 0.037018 -0.996256
vn -0.067713 0.013709 -0.997611
vn -0.074954 0.000222 -0.997187
vn -0.000028 -0.001895 -0.999998
vn 0.000597 -0.000266 -1.000000
vn -0.006583 -0.095642 -0.995394
vn -0.033596 -0.208416 -0.977463
vn -0.003436 0.030709 -0.999522
vn -0.070377 -0.051401 -0.996195
vn -0.086076 -0.039859 -0.995491
vn -0.000103 -1.000000 0.000315
vn -0.000042 -1.000000 -0.000807
vn -0.000042 -1.000000 -0.000995
vn 0.003993 -0.999905 -0.013202
vn -0.000017 -1.000000 0.000513
vn -0.000072 -0.999991 0.004219
vn -0.000129 -0.999993 0.003859
vn -0.000789 -0.999997 0.002266
vn -0.000833 -0.999997 0.002248
vn -0.002080 -0.999998 0.000632
vn -0.001433 -0.999998 0.001062
vn -0.003795 -0.999990 0.002556
vn -0.002218 -0.999976 0.006589
vn -0.001572 -0.999997 0.001623
vn -0.002723 -0.999996 -0.000423
vn -0.005731 -0.999980 0.002578
vn 0.000242 -1.000000 0.000062
vn -0.000648 -0.999999 -0.000762
vn -0.001415 -0.999999 -0.000979
vn -0.000267 -1.000000 0.000255
vn -0.876340 -0.480485 -0.034097
vn -0.792787 -0.606451 0.060874
vn -0.401923 -0.911075 0.091655
vn -0.367882 -0.929871 -0.001481
vn -0.133392 -0.990906 -0.017677
vn -0.383016 -0.884294 0.267063
vn -0.269795 -0.950991 0.151084
vn -0.290394 -0.949640 0.117704
vn -0.094812 -0.995292 0.020136
vn -0.261214 -0.861096 0.436211
vn -0.278679 -0.901531 0.331028
vn -0.080526 -0.942287 0.324979
vn -0.117814 -0.949168 0.291889
vn -0.047572 -0.997070 0.059908
vn -0.025153 -0.939979 0.340303
vn -0.051894 -0.468697 0.881833
vn -0.024098 -0.593304 0.804618
vn -0.251559 -0.604007 0.756236
vn -0.122443 -0.643813 0.755323
vn -0.566698 -0.656583 0.497747
vn -0.528530 -0.604388 0.596130
vn -0.455329 -0.634099 0.624975
vn -0.354005 -0.545484 0.759689
vn -0.787902 -0.599446 0.140982
vn -0.749900 -0.612558 0.249845
vn -0.712841 -0.596446 0.368931
vn -0.687707 -0.533723 0.492137
vn -0.587461 -0.473141 0.656527
vn -0.522028 -0.660145 0.540088
vn -0.541013 -0.530105 0.652912
vn -0.598426 -0.299416 0.743126
vn -0.641658 -0.373264 0.670037
vn -0.445902 -0.292776 0.845845
vn -0.526375 -0.340873 0.778932
vn -0.572629 -0.270530 0.773892
vn -0.543511 -0.367990 0.754439
vn -0.558453 -0.355706 0.749402
vn -0.549513 -0.374892 0.746653
vn -0.510115 -0.236839 0.826855
vn -0.649536 -0.291644 0.702173
vn -0.183249 -0.123504 -0.975278
vn -0.284119 -0.735539 -0.615027
vn -0.307897 -0.478328 -0.822436
vn -0.011783 -0.088287 -0.996025
vn -0.151486 -0.297254 -0.942705
vn -0.391301 -0.765240 -0.511166
vn -0.291266 -0.890931 -0.348434
vn -0.371215 -0.906313 -0.201980
vn -0.278486 -0.959675 -0.038337
vn -0.356226 -0.928320 0.106422
vn -0.295744 -0.920474 0.255466
vn -0.376871 -0.843519 0.382680
vn -0.422017 -0.872720 0.245481
vn -0.474293 -0.797019 0.373909
vn -0.450933 -0.744244 0.492706
vn -0.507351 -0.624231 0.594080
vn -0.571061 -0.381206 0.727029
vn -0.472121 -0.801424 -0.367179
vn -0.520816 -0.604660 -0.602608
vn -0.535114 -0.813429 -0.228004
vn -0.438943 -0.896950 -0.053007
vn -0.492773 -0.865235 0.092429
vn -0.567669 -0.778298 -0.268336
vn -0.532939 -0.797979 0.281435
vn -0.674230 -0.714265 -0.187720
vn -0.696180 -0.135604 -0.704944
vn -0.548444 -0.441392 0.710199
vn -0.590907 -0.805219 -0.049512
vn -0.578012 -0.284251 -0.764921
vn -0.440148 -0.187125 -0.878210
vn -0.781101 -0.549152 0.297176
vn -0.493760 -0.280268 0.823195
vn -0.716299 -0.335061 0.612086
vn -0.844548 -0.466899 -0.262191
vn -0.823068 -0.565481 0.052817
vn -0.349413 -0.073538 0.934078
vn -0.524505 -0.331889 0.784056
vn -0.293931 -0.613131 0.733263
vn -0.452933 -0.515684 0.727270
vn -0.143325 -0.950039 -0.277280
vn -0.042731 -0.981439 -0.186954
vn -0.198643 -0.970400 0.137349
vn -0.193315 -0.963285 -0.186310
vn -0.229552 -0.834084 -0.501607
vn -0.154794 -0.467963 -0.870086
vn -0.238550 -0.880791 0.409025
vn -0.459935 -0.601198 0.653468
vn -0.588454 -0.309349 0.747011
vn -0.238362 -0.905214 0.351812
vn -0.496197 -0.592576 0.634541
vn -0.504644 0.448729 0.737548
vn -0.391094 0.594186 0.702843
vn -0.337649 0.689516 0.640751
vn -0.600335 0.205354 0.772934
vn -0.519142 0.529887 0.670606
vn -0.695200 0.400898 0.596638
vn -0.695144 0.679772 0.233850
vn -0.774416 -0.258836 0.577307
vn -0.997201 -0.018777 -0.072371
vn -0.057760 0.268063 0.961668
vn -0.638094 -0.291872 0.712493
vn -0.578474 -0.238006 0.780206
vn -0.538465 0.045927 0.841395
vn -0.571520 -0.276304 0.772672
vn -0.567411 -0.247360 0.785403
vn -0.638693 -0.019432 0.769216
vn -0.543407 -0.224622 0.808859
vn -0.515530 -0.288139 0.806973
vn -0.539271 -0.264531 0.799506
vn -0.542973 -0.257989 0.799138
vn -0.094067 0.919803 0.380939
vn -0.367977 0.295639 0.881584
vn -0.289553 0.034620 0.956536
vn -0.320009 0.051211 0.946029
vn -0.542755 -0.199722 0.815799
vn -0.436880 0.329274 0.837087
vn -0.570366 -0.106816 0.814416
vn -0.592154 -0.253003 0.765077
vn -0.502767 0.034710 0.863725
vn -0.409639 0.210435 0.887644
vn -0.405999 0.375749 0.833053
vn -0.309528 0.716756 0.624863
vn -0.330820 0.797054 0.505236
vn -0.938924 0.293536 0.179606
vn -0.574407 0.680884 0.454370
vn -0.593715 0.078561 0.800832
vn -0.832453 0.323072 0.450163
vn -0.691128 0.310748 0.652517
vn -0.669640 0.161398 0.724937
vn -0.571272 -0.086251 0.816216
vn -0.561450 -0.172043 0.809429
vn -0.556412 0.000585 0.830906
vn -0.759263 -0.092245 0.644213
vn -0.871889 0.076707 0.483659
vn -0.606259 -0.161647 0.778666
vn -0.518285 -0.263437 0.813623
vn -0.298330 0.503046 -0.811138
vn -0.308902 0.179122 -0.934074
vn -0.189448 0.851464 -0.488997
vn -0.823586 0.154264 -0.545810
vn -0.894428 0.152443 -0.420428
vn -0.818201 -0.205514 -0.536946
vn -0.953048 0.230812 -0.196022
vn -0.908018 0.411764 -0.077161
vn 0.031554 0.844768 -0.534202
vn -0.542300 0.807274 0.232852
vn -0.522324 0.723186 0.451863
vn -0.545166 -0.291264 0.786104
vn -0.288848 -0.844127 0.451682
vn -0.920580 0.385776 -0.060902
vn -0.515162 -0.005940 -0.857072
vn -0.140557 -0.088019 -0.986152
vn -0.597707 0.112339 0.793805
vn -0.525244 0.233515 0.818285
vn -0.765293 0.202033 0.611155
vn -0.662286 0.298924 0.687039
vn -0.614650 0.162880 0.771800
vn -0.634528 -0.045427 0.771564
vn -0.592525 0.218332 0.775400
vn -0.604765 0.148334 0.782468
vn -0.581247 0.074718 0.810290
vn -0.168083 -0.981980 -0.086391
vn -0.234113 -0.907351 0.349150
vn -0.321493 -0.823436 0.467542
vn -0.325352 -0.929528 0.173562
vn -0.225835 -0.973354 0.039747
vn -0.337510 -0.922839 -0.185620
vn -0.383224 -0.922981 -0.035284
vn -0.699944 -0.713864 0.021832
vn -0.650787 -0.749212 -0.123116
vn -0.524498 -0.446808 0.724751
vn -0.559353 -0.610399 0.560837
vn -0.569875 -0.297840 0.765855
vn -0.601130 -0.159991 0.782973
vn -0.609703 -0.765695 0.204873
vn -0.540257 -0.838067 0.075937
vn -0.488961 -0.765267 0.418669
vn -0.547736 -0.654843 0.520736
vn -0.467710 -0.585571 0.662083
vn -0.979996 0.176569 0.091826
vn -0.902870 -0.390782 -0.179209
vn -0.997441 -0.063744 -0.032387
vn -0.873342 0.466585 -0.139900
vn -0.648178 -0.273996 0.710487
vn -0.676931 -0.638877 0.365513
vn -0.918339 -0.364642 0.153917
vn -0.733793 -0.372914 0.567877
vn -0.635190 0.033995 0.771608
vn -0.837435 -0.123650 0.532366
vn -0.986346 0.084064 0.141618
vn -0.729061 0.335640 0.596502
vn -0.796491 0.370584 0.477776
vn -0.855094 0.402804 0.326440
vn -0.901630 0.399087 0.166712
vn -0.583304 0.181662 0.791678
vn -0.596688 0.142450 0.789729
vn -0.596700 -0.074293 0.799018
vn -0.107683 -0.781194 0.614931
vn -0.309069 0.130616 0.942028
vn -0.376414 -0.230453 0.897332
vn -0.361673 -0.509153 0.780997
vn -0.538969 -0.226426 0.811322
vn -0.490684 0.000856 0.871337
vn -0.384882 -0.574112 0.722677
vn -0.448761 -0.891882 -0.056209
vn -0.414225 -0.858732 0.301656
vn -0.399380 -0.713415 0.575791
vn 0.106108 0.989178 -0.101328
vn -0.336966 0.328879 0.882209
vn -0.608672 0.259990 0.749616
vn -0.626640 0.228504 0.745056
vn -0.584514 0.263418 0.767434
vn -0.595929 0.280474 0.752465
vn -0.601848 0.280363 0.747780
vn -0.595550 0.266742 0.757739
vn -0.592517 0.362837 0.719217
vn -0.602642 0.420041 0.678519
vn -0.616033 0.540421 0.573104
vn -0.580455 0.308322 0.753664
vn -0.574629 0.255431 0.777532
vn -0.576736 0.222715 0.785986
vn -0.562456 0.264526 0.783371
vn -0.563275 0.272053 0.780198
vn -0.517771 0.226981 0.824859
vn -0.534014 0.253223 0.806664
vn -0.208594 0.878653 0.429485
vn -0.250423 0.660298 0.708021
vn -0.342883 0.747552 0.568857
vn -0.615660 0.274381 0.738700
vn -0.242534 0.963004 0.117475
vn -0.525483 0.479176 0.703034
vn -0.396745 0.845641 0.357050
vn -0.718300 0.651133 0.245094
vn -0.614781 0.608215 0.502114
vn -0.606800 0.600530 0.520727
vn -0.668228 0.714601 -0.206922
vn -0.550756 0.254381 0.794958
vn -0.618308 0.358303 0.699509
vn -0.674298 0.460936 0.576940
vn -0.696971 0.565049 0.441532
vn -0.695430 0.649284 0.307907
vn -0.161251 0.259645 -0.952146
vn -0.184894 0.635822 -0.749363
vn -0.327031 0.872570 -0.362866
vn -0.689514 0.724228 -0.008041
vn -0.330577 0.822939 -0.462050
vn -0.427294 0.536218 0.727936
vn -0.190330 0.963011 -0.190747
vn -0.531065 0.846249 0.042818
vn -0.474139 0.877059 0.077202
vn -0.611065 0.261506 0.747137
vn -0.571313 0.582037 0.578649
vn -0.567685 0.543791 0.618082
vn -0.000009 1.000000 -0.000011
vn -0.000571 0.999999 0.001088
vn -0.000777 0.999999 0.001458
vn -0.000667 0.999999 0.001168
vn -0.000917 0.999999 0.001184
vn -0.000860 0.999999 0.000605
vn -0.007053 0.986508 0.163561
vn -0.021045 0.702553 0.711321
vn -0.054023 0.244614 0.968114
vn -0.049440 -0.251709 0.966539
vn -0.067479 0.025085 0.997405
vn -0.022596 0.131594 0.991046
vn -0.068345 0.584739 0.808338
vn -0.711463 0.702232 -0.026273
vn -0.332984 0.942782 0.016866
vn -0.741341 0.666224 0.080991
vn -0.748217 0.663422 0.006616
vn -0.784366 0.597800 0.165546
vn -0.743770 0.603118 0.288192
vn -0.689507 0.610421 0.389828
vn -0.692268 0.518787 0.501622
vn -0.660773 0.470913 0.584483
vn -0.651678 0.329703 0.683090
vn -0.433760 0.618325 0.655383
vn -0.347263 0.602409 0.718688
vn -0.174416 0.628481 0.758017
vn -0.252452 0.613761 0.748041
vn -0.052109 0.929810 0.364331
vn -0.225593 0.934223 0.276289
vn -0.186422 0.933547 0.306166
vn -0.111525 0.952632 0.282938
vn -0.021395 0.995023 0.097319
vn -0.268726 0.952814 0.141182
vn -0.283877 0.940376 0.187367
vn -0.356574 0.848879 0.390205
vn -0.320345 0.944665 0.070624
vn -0.300433 0.948397 0.101410
vn -0.066778 0.997732 0.008465
vn -0.000826 1.000000 -0.000245
vn 0.000371 0.999999 0.001590
vn -0.001118 0.999993 0.003674
vn -0.000158 1.000000 0.000501
vn -0.000116 1.000000 -0.000500
vn -0.000477 0.999999 -0.001382
vn -0.000729 1.000000 -0.000153
vn -0.000005 1.000000 0.000216
vn -0.000025 1.000000 0.000244
vn -0.000618 1.000000 -0.000472
vn -0.000502 0.999999 -0.001498
vn -0.001547 0.999998 -0.001210
vn -0.003208 0.999994 -0.001083
vn -0.018445 0.999827 -0.002514
vn -0.018944 0.999812 0.004115
vn -0.011347 0.999917 0.006107
vn -0.001004 0.999998 0.001953
vn -0.008093 0.999959 0.003984
vn -0.000193 0.999999 0.000991
vn 0.000268 0.999999 0.001331
vn -0.010261 0.080111 -0.996733
vn -0.022288 0.082673 -0.996327
vn -0.057253 -0.070186 -0.995890
vn -0.051572 -0.092266 -0.994398
vn -0.023259 -0.082417 -0.996326
vn -0.078657 -0.014789 -0.996792
vn -0.025883 0.986370 -0.162495
vn -0.032018 0.950977 0.307601
vn -0.042338 0.236250 0.970770
vn -0.038187 -0.350968 0.935608
vn -0.018559 -0.681562 -0.731525
vn -0.024105 0.022692 -0.999452
vn -0.040595 0.740733 -0.670572
vn -0.045527 0.971922 0.230856
vn -0.042688 0.311744 0.949207
vn -0.027679 -0.648167 0.760995
vn -0.016467 -0.999826 0.008813
vn -0.004784 -0.711141 0.703033
vn -0.002239 -0.981027 0.193859
vn 0.000643 -0.999999 0.001187
vn -0.249666 -0.959751 -0.128627
vn -0.078503 -0.995823 -0.046622
vn -0.066940 -0.996724 -0.045386
vn -0.051629 -0.998260 -0.028502
vn -0.042200 -0.999031 -0.012491
vn -0.105455 -0.992344 0.064284
vn -0.120651 -0.951677 0.282409
vn -0.000143 -0.874054 0.485828
vn -0.033653 -0.759322 0.649844
vn -0.043435 -0.864204 0.501263
vn -0.079017 -0.736148 0.672192
vn -0.013846 -0.731640 0.681550
vn -0.026983 -0.690944 0.722404
vn -0.030290 -0.685326 0.727606
vn -0.671430 0.630369 -0.389638
vn -0.501795 0.791407 -0.349108
vn -0.761440 0.565875 -0.316219
vn -0.683686 0.713965 -0.151087
vn -0.798793 0.595040 -0.088638
vn -0.890848 0.450795 -0.056326
vn -0.284222 0.958331 -0.028637
vn -0.304132 0.943340 -0.132713
vn -0.179540 0.977825 -0.107810
vn -0.098445 0.993591 -0.055546
vn -0.359444 0.927727 -0.100612
vn -0.374859 0.898491 -0.228464
vn -0.746704 0.199000 0.634691
vn -0.642509 -0.186672 0.743193
vn -0.726069 -0.289638 0.623645
vn -0.123081 0.299055 0.946265
vn -0.292922 0.252652 0.922152
vn -0.628952 0.307693 0.713964
vn -0.540561 0.268290 0.797380
vn -0.406417 0.301775 0.862413
vn -0.721590 0.296979 0.625388
vn -0.806855 0.246027 0.537081
vn -0.938381 0.298210 0.174674
vn -0.954897 0.292285 -0.052350
vn -0.969441 0.241266 0.044436
vn -0.983060 0.164356 0.081117
vn -0.993626 0.109749 0.025730
vn -0.998870 0.035785 0.031276
vn -0.998526 -0.042091 0.034253
vn -0.991715 -0.125630 0.026803
vn -0.976984 -0.211503 0.027727
vn -0.955450 -0.294128 0.024586
vn -0.069857 -0.295093 0.952911
vn -0.073802 -0.114203 0.990712
vn -0.044594 -0.042212 0.998113
vn -0.084966 0.055446 0.994840
vn -0.067248 0.129614 0.989281
vn -0.067183 0.195338 0.978432
vn -0.739462 -0.194962 0.644349
vn -0.552136 -0.242808 0.797615
vn -0.425101 -0.192276 0.884488
vn -0.420297 0.202579 0.884484
vn -0.521907 0.186436 0.832379
vn -0.654038 0.123281 0.746348
vn -0.544759 0.125009 0.829223
vn -0.748395 0.129119 0.650563
vn -0.547943 -0.122752 0.827460
vn -0.429372 -0.120000 0.895120
vn -0.550720 -0.035196 0.833948
vn -0.433910 -0.035196 0.900268
vn -0.550456 0.046881 0.833547
vn -0.433703 0.046881 0.899836
vn -0.430602 0.128107 0.893404
vn -0.652017 -0.119836 0.748674
vn -0.657581 -0.035197 0.752562
vn -0.657265 0.046882 0.752200
vn -0.747786 -0.117796 0.653407
vn -0.752562 -0.035196 0.657580
vn -0.752201 0.046882 0.657264
vn -0.181934 0.201971 0.962345
vn -0.179337 0.130202 0.975134
vn -0.178941 0.046882 0.982742
vn -0.177515 -0.036699 0.983434
vn -0.176867 -0.117386 0.977210
vn -0.135489 -0.193598 0.971680
vn -0.183242 -0.294785 0.937829
vn -0.305239 0.132551 0.943005
vn -0.309113 0.046881 0.949869
vn -0.309262 -0.035197 0.950325
vn -0.306943 -0.124245 0.943583
vn -0.300332 -0.242858 0.922399
vn -0.826931 0.133887 0.546130
vn -0.833548 0.046881 0.550455
vn -0.833948 -0.035196 0.550719
vn -0.829158 -0.122320 0.545467
vn -0.809614 -0.241546 0.534958
vn -0.870484 0.245664 0.426504
vn -0.892781 0.134011 0.430096
vn -0.899836 0.046882 0.433702
vn -0.900269 -0.035196 0.433910
vn -0.893846 -0.124156 0.430842
vn -0.875660 -0.241389 0.418270
vn -0.919585 0.250150 0.302967
vn -0.942033 0.132562 0.308221
vn -0.949869 0.046881 0.309113
vn -0.950326 -0.035197 0.309261
vn -0.943560 -0.124126 0.307061
vn -0.922131 -0.241881 0.301942
vn -0.964493 0.200036 0.172447
vn -0.976535 0.131300 0.170702
vn -0.983179 0.046746 0.176563
vn -0.983769 -0.034976 0.175995
vn -0.976954 -0.119583 0.176808
vn -0.965040 -0.193155 0.177167
vn -0.942417 -0.288514 0.169143
vn -0.563975 -0.823494 -0.061557
vn -0.796159 -0.590120 -0.133750
vn -0.805021 -0.541033 -0.243359
vn -0.666096 -0.694756 -0.271350
vn -0.677802 -0.626072 -0.385511
vn -0.578002 -0.725452 -0.373675
vn -0.175627 -0.978930 -0.104165
vn -0.350659 -0.912161 -0.212131
vn -0.437661 -0.891262 -0.118767
vn -0.410308 -0.910979 -0.042007
vn -0.007687 0.838795 0.544393
vn -0.012852 0.983631 0.179738
vn -0.000151 0.999999 0.001307
vn -0.283532 0.945983 -0.157247
vn -0.057177 0.997571 -0.039773
vn -0.053947 0.840601 0.538961
vn -0.005702 0.959676 0.281052
vn -0.030172 0.871334 0.489761
vn -0.003454 0.997153 0.075321
vn -0.006576 0.994483 0.104696
vn -0.075159 0.996487 -0.036940
vn -0.048484 0.975165 0.216109
vn -0.382268 0.923935 0.014659
vn -0.269303 0.961590 -0.053116
vn -0.611676 0.789434 -0.051438
vn -0.065056 0.924464 0.375679
vn -0.309241 0.924963 0.220938
vn -0.227446 0.948712 0.219576
vn -0.013349 0.985198 -0.170902
vn -0.048816 0.960524 0.273882
vn -0.134941 0.962721 0.234436
vn -0.383425 0.914477 0.129294
vn -0.077447 0.996895 -0.014235
vn -0.016467 0.287905 -0.957517
vn -0.065536 0.995214 -0.072490
vn -0.051744 0.970950 -0.233621
vn -0.049652 0.848785 -0.526402
vn -0.039443 0.628018 -0.777199
vn -0.468286 0.883038 -0.030871
vn -0.266057 0.961329 -0.071136
vn -0.436528 0.874615 -0.210929
vn -0.312274 0.864619 -0.393597
vn -0.191079 0.899621 -0.392646
vn -0.086756 0.957798 -0.274036
vn -0.099440 0.993948 -0.046688
vn -0.210982 0.977214 -0.023219
vn -0.353410 0.935343 -0.015339
vn -0.098753 0.995111 0.001406
vn -0.045716 0.340499 -0.939133
vn -0.094621 0.331113 -0.938835
vn -0.125172 0.273829 -0.953598
vn -0.165679 0.252336 -0.953350
vn -0.207627 0.227778 -0.951319
vn -0.233675 0.191314 -0.953307
vn -0.259785 0.154081 -0.953295
vn -0.284324 0.111726 -0.952196
vn -0.294804 0.068894 -0.953071
vn -0.299002 0.023528 -0.953963
vn -0.300660 -0.023015 -0.953454
vn -0.298928 -0.070169 -0.951692
vn -0.289316 -0.113687 -0.950459
vn -0.263557 -0.155668 -0.952001
vn -0.236796 -0.195264 -0.951735
vn -0.208529 -0.228064 -0.951053
vn -0.166090 -0.253436 -0.952987
vn -0.147044 -0.306251 -0.940526
vn -0.094621 -0.331114 -0.938835
vn -0.040901 -0.299685 -0.953161
vn -0.019755 -0.306254 -0.951745
vn -0.130634 -0.975261 -0.178329
vn -0.055983 -0.863047 -0.502012
vn -0.059849 -0.976261 -0.208165
vn -0.368069 -0.818635 -0.440865
vn -0.247152 -0.864875 -0.436929
vn -0.268755 -0.946615 -0.178019
vn -0.117997 -0.891690 -0.436996
vn -0.490517 -0.746083 -0.450281
vn -0.448627 -0.802002 -0.394369
vn -0.399978 -0.899160 -0.177564
vn -0.893622 -0.077319 -0.442111
vn -0.876201 -0.203382 -0.436929
vn -0.958672 -0.223965 -0.175464
vn -0.914299 -0.366471 -0.172499
vn -0.835284 -0.333751 -0.436933
vn -0.849952 -0.496261 -0.176936
vn -0.775096 -0.456420 -0.436930
vn -0.762640 -0.620733 -0.181856
vn -0.697019 -0.568555 -0.436932
vn -0.665632 -0.724476 -0.179078
vn -0.606322 -0.662147 -0.440381
vn -0.560745 -0.733663 -0.383802
vn -0.539904 -0.822296 -0.179811
vn -0.700025 0.561727 -0.440940
vn -0.775096 0.456420 -0.436930
vn -0.848270 0.499392 -0.176197
vn -0.914194 0.365134 -0.175859
vn -0.835284 0.333751 -0.436934
vn -0.959037 0.222427 -0.175427
vn -0.876201 0.203382 -0.436929
vn -0.979431 0.095039 -0.177997
vn -0.893622 0.077319 -0.442111
vn -0.914484 -0.002059 -0.404617
vn -0.979898 -0.092310 -0.176857
vn -0.597241 0.665214 -0.448101
vn -0.662896 0.637052 -0.393362
vn -0.771418 0.611674 -0.175411
vn -0.368307 0.825841 -0.427010
vn -0.485034 0.754288 -0.442484
vn -0.529985 0.830125 -0.173228
vn -0.558084 0.728053 -0.398097
vn -0.655638 0.734644 -0.174464
vn -0.136678 0.928268 -0.345888
vn -0.266010 0.929589 -0.255152
vn -0.089404 0.664185 -0.742203
vn -0.184288 0.644892 -0.741722
vn -0.279840 0.609533 -0.741727
vn -0.368936 0.560114 -0.741727
vn -0.449520 0.497771 -0.741725
vn -0.519729 0.423940 -0.741726
vn -0.577945 0.340326 -0.741726
vn -0.622829 0.248861 -0.741722
vn -0.653338 0.151652 -0.741722
vn -0.668773 0.050943 -0.741719
vn -0.668773 -0.050943 -0.741719
vn -0.653338 -0.151651 -0.741722
vn -0.622829 -0.248861 -0.741722
vn -0.577945 -0.340326 -0.741726
vn -0.519729 -0.423940 -0.741726
vn -0.449519 -0.497770 -0.741726
vn -0.368935 -0.560113 -0.741728
vn -0.279842 -0.609536 -0.741724
vn -0.184289 -0.644892 -0.741722
vn -0.088484 -0.664587 -0.741953
vn -0.041720 -0.628662 -0.776559
vn -0.089136 -0.798075 0.595929
vn -0.154774 -0.976824 0.147850
vn -0.600277 -0.789606 0.127237
vn -0.291184 -0.899949 0.324505
vn -0.264230 -0.854044 0.448097
vn -0.645177 -0.762592 0.046903
vn -0.306963 -0.869434 0.387115
vn -0.207055 -0.951206 0.228767
vn -0.023986 -0.912529 0.408309
vn -0.067921 -0.933457 0.352200
vn -0.035351 -0.992810 0.114364
vn -0.128625 -0.792454 0.596215
vn -0.212503 -0.825203 0.523337
vn -0.725122 -0.688465 0.014612
vn -0.498022 -0.866860 -0.022961
vn -0.619320 -0.785052 -0.011696
vn -0.541145 -0.838322 -0.066176
vn -0.379487 -0.922574 -0.069622
vn -0.116976 -0.990379 -0.073936
vn -0.063393 -0.996372 -0.056785
vn -0.051438 -0.998284 -0.027968
vn -0.239652 -0.969603 -0.049364
vn -0.372569 -0.927677 -0.024645
vn -0.112886 -0.993395 -0.020565
vn -0.228569 -0.973507 -0.006314
vn -0.079187 -0.704296 0.705477
vn -0.155306 -0.375781 0.913602
vn 0.061305 -0.766692 0.639081
vn -0.048871 -0.710803 0.701691
vn 0.187041 -0.385888 0.903386
vn -0.036160 0.323484 0.945543
vn 0.097800 0.784323 0.612595
vn -0.323864 0.725762 0.606945
vn -0.079958 0.996126 0.036596
vn -0.049188 0.354838 -0.933633
vn -0.190448 -0.679106 -0.708904
vn 0.010701 -0.153666 -0.988065
vn 0.033474 -0.818355 -0.573738
vn -0.040470 -0.998975 -0.020253
vn -0.091102 -0.525575 0.845855
vn -0.031747 -0.809327 0.586500
vn -0.040165 0.296726 0.954118
vn -0.139893 0.596172 0.790575
vn -0.102524 -0.092858 0.990387
vn -0.016981 -0.203039 0.979023
vn -0.027449 0.827794 0.560360
vn 0.107475 0.817400 -0.565956
vn -0.069091 0.910599 -0.407475
vn -0.121271 0.988869 0.086201
vn -0.261431 -0.951208 -0.163885
vn -0.682965 -0.730450 -0.001319
vn -0.852416 -0.513391 -0.099075
vn -0.812566 -0.561579 -0.156094
vn -0.767458 -0.587500 -0.256617
vn -0.798168 -0.476671 -0.368391
vn -0.720394 -0.533833 -0.442782
vn -0.358921 -0.932799 0.032591
vn -0.231104 -0.967371 -0.103851
vn -0.473725 -0.874926 0.100447
vn -0.557411 -0.820924 -0.124004
vn -0.619001 -0.757781 -0.206412
vn -0.519502 -0.803033 -0.291985
vn -0.487282 -0.817449 -0.307136
vn -0.994304 -0.038605 -0.099347
vn -0.987330 -0.120974 -0.102685
vn -0.835557 -0.291182 -0.465895
vn -0.858493 0.042840 -0.511032
vn -0.876992 0.127831 -0.463189
vn -0.860202 0.205028 -0.466922
vn -0.839477 0.288146 -0.460705
vn -0.895624 0.042101 -0.442815
vn -0.881293 -0.049406 -0.469981
vn -0.877681 -0.128189 -0.461783
vn -0.863372 -0.207505 -0.459924
vn -0.908004 -0.243222 -0.341134
vn -0.951286 -0.293478 -0.094478
vn -0.974143 -0.201204 -0.102774
vn -0.993757 0.040789 -0.103845
vn -0.985993 0.124921 -0.110513
vn -0.974393 0.199852 -0.103042
vn -0.944803 -0.243162 -0.219590
vn -0.967400 -0.126153 -0.219598
vn -0.974781 -0.038650 -0.219792
vn -0.974615 0.042813 -0.219755
vn -0.967341 0.129138 -0.218114
vn -0.946648 0.248514 -0.205177
vn -0.931153 -0.127776 -0.341508
vn -0.937806 -0.038529 -0.345014
vn -0.938606 0.043677 -0.342216
vn -0.931242 0.127968 -0.341194
vn -0.912575 0.246145 -0.326526
vn -0.710073 0.671679 -0.211292
vn -0.623432 0.772085 -0.123360
vn -0.803385 0.534131 -0.263205
vn -0.629973 0.754088 -0.185704
vn -0.599320 0.765105 -0.235437
vn -0.737257 0.571947 -0.359623
vn -0.689764 0.601164 -0.403519
vn -0.246638 0.956149 -0.157951
vn -0.321532 0.943363 -0.081748
vn -0.292623 0.955499 0.037340
vn -0.226025 0.954460 0.194730
vn -0.365173 0.895681 -0.253778
vn -0.419547 0.892290 -0.166727
vn -0.710887 0.677999 -0.186969
vn -0.484565 0.874723 0.007512
vn -0.590926 0.805259 -0.048618
vn -0.568775 0.819950 -0.064629
vn -0.483456 0.872721 -0.068038
vn -0.390154 0.920510 -0.020987
vn -0.071663 0.997415 0.005227
vn -0.205396 0.977866 -0.039886
vn -0.460346 0.885022 -0.069404
vn -0.599198 0.799229 -0.046853
vn -0.995500 0.061180 -0.072362
vn -0.710825 0.701856 -0.046109
vn -0.802466 0.595038 -0.044478
vn -0.878077 0.476432 -0.044652
vn -0.936312 0.348273 -0.045000
vn -0.977567 0.205381 -0.046709
vn -0.997475 0.070413 -0.009241
vn -0.936764 0.345141 0.057889
vn -0.886422 0.460653 0.045324
vn -0.813028 0.582160 0.008656
vn -0.729526 0.683125 0.033638
vn -0.615771 0.787886 -0.007845
vn -0.993434 -0.086676 -0.074676
vn -0.977914 -0.202599 -0.051362
vn -0.707329 -0.703664 -0.067392
vn -0.822718 -0.564496 -0.066930
vn -0.997846 -0.056572 -0.033223
vn -0.942975 -0.328010 -0.056628
vn -0.893505 -0.446348 -0.049213
vn -0.832912 -0.553140 -0.017156
vn -0.660785 -0.749482 -0.040499
vn -0.741940 -0.670236 -0.017557
vn -0.947951 -0.311153 0.067617
vn -0.981218 -0.192900 -0.000794
vn -0.712363 -0.701697 -0.012652
vn -0.070669 -0.997500 0.000765
vn -0.076872 -0.997029 0.004882
vn -0.420296 -0.899857 0.116657
vn -0.562661 -0.826322 -0.024581
vn -0.658452 -0.751219 0.045943
vn -0.497383 -0.867464 0.010838
vn -0.421964 -0.906450 0.017170
vn -0.536485 -0.843351 0.030706
vn -0.336691 -0.941615 -0.000625
vn -0.601015 -0.798906 0.023024
vn -0.804003 0.594011 0.027031
vn -0.756665 0.652985 0.032692
vn -0.808700 0.584450 0.066508
vn -0.806614 0.591077 0.001102
vn -0.812057 0.574622 0.101851
vn -0.787630 0.610614 0.082395
vn -0.799492 0.596640 0.069520
vn -0.565157 0.811823 -0.146765
vn -0.681004 0.709424 -0.181526
vn -0.600969 0.792687 0.102392
vn -0.814568 0.571854 0.097273
vn -0.843921 0.361330 -0.396532
vn -0.749597 0.656275 0.086068
vn -0.854347 0.512313 -0.087331
vn -0.852661 0.401309 -0.334544
vn -0.886897 -0.087692 0.453567
vn -0.275971 -0.294412 0.914966
vn -0.366536 0.188402 0.911129
vn -0.754710 0.639741 0.145407
vn -0.831647 0.472219 0.292186
vn -0.799521 0.592973 0.095654
vn -0.795527 0.581192 0.171325
vn -0.227929 -0.116781 0.966649
vn -0.673091 0.229273 0.703123
vn -0.405667 0.314618 0.858166
vn -0.757599 0.097590 0.645384
vn -0.671548 -0.094029 0.734971
vn -0.852947 -0.213264 0.476445
vn -0.777061 0.516970 0.359051
vn -0.874923 0.434528 0.213766
vn -0.781175 -0.173351 0.599763
vn -0.330912 0.906721 0.261445
vn -0.751712 0.627137 0.204030
vn -0.508983 0.618110 0.599062
vn -0.445441 0.554383 0.703023
vn -0.649304 0.592783 0.476458
vn -0.791479 0.604276 0.091711
vn -0.928118 -0.024270 0.371495
vn -0.368391 0.764749 0.528628
vn -0.993711 0.016194 0.110799
vn -0.698131 -0.568758 0.434888
vn -0.543765 -0.368640 0.753939
vn -0.800683 -0.593474 0.081820
vn -0.816301 -0.569109 0.098830
vn -0.739529 -0.649977 0.175005
vn -0.801435 -0.583613 -0.130756
vn -0.804871 -0.585490 0.096874
vn -0.796266 -0.592476 0.122200
vn -0.748409 -0.661832 0.043148
vn -0.848923 -0.507388 0.147946
vn -0.251314 -0.667096 0.701302
vn -0.192945 -0.937599 0.289277
vn -0.434851 -0.898813 0.055127
vn -0.821664 -0.310183 0.478178
vn -0.855150 -0.510147 0.092023
vn -0.377521 0.892698 0.246105
vn -0.754941 0.525508 0.392307
vn -0.542500 0.507536 0.669404
vn -0.920248 0.007707 0.391259
vn -0.774456 0.029258 0.631951
vn 0.000222 -0.167642 0.985848
vn -0.459814 0.163014 0.872925
vn -0.530737 0.102874 0.841270
vn -0.413231 -0.180167 0.892626
vn -0.720409 -0.249899 0.646963
vn -0.832356 -0.548994 0.076089
vn -0.742244 -0.669545 -0.027991
vn -0.853201 -0.503756 0.135199
vn -0.815051 -0.577480 0.047002
vn -0.828266 -0.555372 -0.074409
vn -0.821367 -0.566247 -0.068707
vn -0.787213 -0.612521 -0.071509
vn -0.801379 -0.597057 0.036261
vn -0.195778 0.189751 -0.962115
vn -0.188974 0.369745 -0.909713
vn -0.703912 0.088823 -0.704711
vn -0.532648 -0.190011 -0.824732
vn -0.720015 -0.031908 -0.693225
vn -0.631869 0.011381 -0.774992
vn -0.701483 0.244317 -0.669501
vn -0.768713 -0.271505 -0.579108
vn -0.927152 0.234705 -0.292067
vn -0.846098 0.526803 -0.081218
vn -0.077206 0.908086 -0.411605
vn -0.876022 -0.122386 -0.466484
vn -0.795013 -0.339512 -0.502678
vn -0.683176 -0.535216 -0.496803
vn -0.900307 0.033030 -0.434000
vn -0.955002 0.105421 -0.277233
vn -0.932301 -0.354671 -0.070879
vn -0.192020 -0.941151 -0.278142
vn 0.160410 0.103580 -0.981601
vn -0.637349 -0.632168 -0.440625
vn -0.455799 -0.573713 -0.680515
vn -0.478014 -0.629470 -0.612593
vn -0.886546 -0.213219 -0.410578
vn -0.755016 -0.655301 0.023035
vn -0.511816 0.859037 0.009994
vn -0.789631 0.597257 -0.140594
vn -0.691003 -0.720697 0.055770
vn -0.762619 -0.641011 0.086701
vn -0.831018 -0.556229 0.004328
vn -0.890521 -0.327148 -0.316143
vn -0.950934 -0.241210 -0.193760
vn -0.816195 0.294293 -0.497209
vn -0.852490 0.400976 -0.335381
vn -0.844110 0.329158 -0.423242
vn -0.724704 0.687569 -0.045302
vn -0.634238 0.773065 0.010584
vn -0.996935 -0.037533 0.068649
vn -0.991168 0.092043 0.095466
vn -0.973790 0.218298 0.063858
vn -0.980759 -0.168445 0.098680
vn -0.839301 -0.542114 0.041064
vn -0.901169 -0.430407 0.051410
vn -0.883339 0.440279 0.160830
vn -0.819921 0.555391 0.138818
vn -0.737159 0.668488 0.098591
vn -0.770507 -0.623930 0.130503
vn -0.892216 -0.427341 0.146053
vn -0.858287 -0.504392 0.094508
vn -0.943686 0.274672 0.184424
vn -0.958790 0.209468 0.191951
vn -0.972409 0.100305 0.210618
vn -0.975830 -0.034678 0.215760
vn -0.969258 -0.149121 0.195710
vn -0.969139 -0.126451 0.211610
vn -0.952636 -0.227929 0.201330
vn -0.908489 -0.381808 0.169912
vn -0.934317 -0.313850 0.168964
vn -0.924912 0.340813 0.168478
vn -0.976833 0.086002 0.195961
vn -0.980406 -0.026593 0.195186
vn -0.946081 -0.274552 0.171907
vn -0.909266 -0.002888 -0.416206
vn -0.901541 0.101022 -0.420737
vn -0.992546 0.113841 -0.043508
vn -0.880821 0.223290 -0.417489
vn -0.846377 0.525907 -0.084069
vn -0.893095 0.407613 -0.190351
vn -0.918544 0.295811 -0.262245
vn -0.641247 0.766270 0.040415
vn -0.817699 0.575642 0.002204
vn -0.899116 0.436599 -0.031164
vn -0.948233 0.307793 -0.078214
vn -0.972225 0.148388 -0.180995
vn -0.934782 0.222705 -0.276741
vn -0.987346 0.087373 0.132342
vn -0.979755 0.186402 0.073039
vn -0.959176 0.276187 0.060847
vn -0.914742 0.392261 0.096841
vn -0.854107 0.509867 0.102649
vn -0.751841 0.654035 0.083510
vn -0.825456 -0.308676 -0.472590
vn -0.872958 -0.098119 -0.477825
vn -0.942387 -0.094462 -0.320910
vn -0.983639 -0.102078 -0.148441
vn -0.983222 0.018676 -0.181453
vn -0.848064 -0.515886 -0.121035
vn -0.903961 -0.411707 -0.115546
vn -0.972520 -0.232716 0.006963
vn -0.995330 -0.081814 0.051235
vn -0.917236 -0.397908 -0.018667
vn -0.938339 -0.344341 0.030792
vn -0.977970 -0.185155 0.096395
vn -0.999133 0.019232 0.036927
vn -0.003202 -0.773038 -0.634352
vn -0.001400 -0.597373 -0.801962
vn -0.004202 -0.857315 -0.514774
vn -0.004762 -0.899295 -0.437316
vn 0.999310 0.036930 0.004053
vn 0.999194 0.039879 0.004639
vn 0.999864 0.016474 -0.000007
vn 0.999820 0.018952 0.000485
vn 0.044197 0.947336 -0.317177
vn -0.043317 0.997205 0.060877
vn 0.088758 0.994434 -0.056773
vn 0.061203 0.995293 0.075144
vn 0.048605 0.877334 -0.477413
vn 0.057384 0.995498 0.075443
vn 0.999946 -0.009622 -0.004017
vn 0.999839 -0.017395 -0.004342
vn 0.999938 -0.010328 -0.004046
vn 0.999809 -0.019047 -0.004412
vn 0.029871 0.949477 0.312411
vn 0.109029 0.907707 0.405191
vn -0.060064 0.977654 0.201456
vn -0.136357 0.985325 0.102669
vn -0.100207 -0.990133 -0.097950
vn -0.035382 -0.974277 -0.222561
vn 0.069076 -0.908854 -0.411355
vn 0.004881 -0.954843 -0.297071
vn -0.120013 -0.218945 -0.968329
vn -0.067054 -0.370429 -0.926437
vn -0.004858 -0.529645 -0.848205
vn 0.057188 -0.669471 -0.740634
vn -0.090272 -0.667832 0.738818
vn -0.027882 -0.526189 0.849911
vn 0.087971 -0.219643 0.971606
vn 0.034576 -0.367965 0.929197
vn -0.045185 -0.995771 -0.079988
vn -0.090270 -0.973751 -0.208948
vn 0.057188 -0.976143 0.209463
vn 0.012228 -0.996482 0.082910
vn 0.999699 -0.016766 0.017936
vn 0.999646 -0.019210 0.018432
vn 0.016638 0.052104 0.998503
vn 0.194434 0.021038 0.980690
vn 0.933937 -0.031789 0.356022
vn 0.531207 -0.019974 0.847007
vn 0.977151 0.008789 0.212364
vn 0.655457 0.018475 0.755006
vn 0.151384 0.019929 0.988274
vn 0.016302 0.048794 0.998676
vn 0.635240 -0.089831 0.767073
vn 0.626470 -0.046726 0.778044
vn 0.829844 -0.007669 0.557943
vn 0.775081 -0.040956 0.630533
vn 0.528246 -0.055700 0.847263
vn 0.950497 -0.126747 0.283709
vn -0.712333 -0.645084 0.276494
vn -0.716893 -0.669217 0.195481
vn -0.730047 -0.681406 -0.052136
vn -0.695989 -0.618884 0.364117
vn -0.716656 -0.668303 0.199438
vn -0.251400 0.553544 -0.793969
vn -0.179241 0.542997 -0.820382
vn -0.184076 0.543801 -0.818778
vn -0.230388 0.550795 -0.802213
vn -0.191520 0.769940 -0.608697
vn -0.743918 0.468974 -0.476077
vn -0.627296 0.649075 -0.430350
vn -0.544712 0.723615 -0.423875
vn -0.265792 0.803581 -0.532553
vn 0.190969 0.885643 -0.423281
vn 0.101084 0.948222 -0.301091
vn 0.290700 0.861132 -0.417067
vn 0.134437 0.952531 -0.273150
vn 0.035667 -0.411547 -0.910690
vn -0.437136 -0.349439 -0.828737
vn -0.275640 -0.426047 -0.861688
vn -0.177905 -0.422383 -0.888787
vn -0.546573 -0.305004 -0.779891
vn -0.547504 -0.171751 -0.818987
vn -0.524325 -0.752091 -0.399303
vn -0.514829 -0.753061 -0.409695
vn -0.532426 -0.751134 -0.390283
vn -0.517696 -0.752785 -0.406578
vn 0.828181 -0.012981 0.560310
vn 0.838146 -0.008499 0.545380
vn 0.850904 -0.007766 0.525264
vn 0.854112 -0.007561 0.520033
vn 0.852035 -0.000643 0.523484
vn 0.094541 -0.020651 -0.995307
vn 0.131282 0.000000 -0.991345
vn 0.851845 0.000003 0.523794
vn 0.022234 -0.000000 -0.999753
vn 0.607375 -0.058403 0.792265
vn 0.778748 -0.058438 0.624610
vn 0.400732 0.032731 0.915611
vn 0.243220 0.015276 0.969851
vn 0.242735 0.011570 0.970024
vn 0.274675 0.000599 -0.961537
vn 0.523637 0.023244 -0.851624
vn 0.732142 0.001907 -0.681149
vn 0.724412 0.001304 -0.689366
vn 0.498594 0.006010 -0.866815
vn 0.355910 0.028020 -0.934100
vn 0.216268 0.014325 -0.976229
vn 0.994428 -0.032601 0.100249
vn 0.815411 0.012603 -0.578745
vn 0.965788 0.015242 -0.258884
vn 0.996861 -0.006270 -0.078919
vn 0.984593 -0.021061 0.173591
vn 0.804453 0.031014 0.593206
vn 0.300229 0.010398 0.953811
vn 0.283094 -0.008688 0.959053
vn 0.650943 -0.002152 0.759124
vn 0.809568 0.004268 0.587011
vn 0.447848 0.052014 0.892596
vn 0.061552 -0.032993 -0.997558
vn 0.206156 -0.002508 -0.978516
vn 0.422257 0.027674 -0.906054
vn 0.585769 0.021459 -0.810194
vn 0.656494 0.018217 -0.754111
vn 0.777033 -0.014796 -0.629286
vn 0.723823 -0.010425 0.689906
vn 0.201484 -0.003832 0.979484
vn 0.499371 0.031709 0.865808
vn 0.923224 -0.022953 0.383577
vn 0.977545 0.034032 0.207962
vn 0.815232 -0.019312 0.578812
vn 0.698471 0.052528 0.713708
vn 0.472472 0.049153 0.879974
vn 0.248214 0.023070 0.968430
vn 0.231261 0.000595 0.972892
vn 0.640445 0.015113 0.767856
vn 0.170853 -0.009315 0.985252
vn 0.447055 0.005124 0.894492
vn 0.662788 0.003367 0.748799
vn 0.878019 -0.007480 0.478568
vn 0.967569 0.009196 0.252440
vn 0.958673 -0.011136 -0.284293
vn 0.999931 -0.011761 -0.000641
vn 0.197905 -0.001217 -0.980220
vn 0.687168 -0.031880 -0.725798
vn 0.642029 0.006738 -0.766651
vn 0.238743 0.003840 -0.971075
vn 0.888686 0.030152 0.457524
vn 1.000000 -0.000825 -0.000465
vn 1.000000 -0.000406 -0.000155
vn 0.999995 -0.002594 -0.001772
vn 0.999997 -0.002086 -0.001396
vn 0.999999 -0.000408 0.001244
vn 1.000000 -0.000068 -0.000760
vn 1.000000 0.000085 -0.000028
vn 1.000000 -0.000032 -0.000532
vn 1.000000 0.000132 0.000185
vn 0.999999 -0.000439 0.001391
vn 0.119349 -0.990354 0.070386
vn 0.025837 -0.996674 0.077292
vn 0.021800 -0.996748 0.077574
vn 0.116871 -0.990636 0.070578
vn -1.000000 -0.000088 -0.000213
vn -1.000000 0.000264 -0.000101
vn -1.000000 0.000056 -0.000160
vn -1.000000 -0.000067 0.000041
vn -1.000000 -0.000139 0.000036
vn -1.000000 -0.000279 -0.000114
vn -1.000000 -0.000079 -0.000268
vn -1.000000 0.000140 -0.000282
vn -1.000000 0.000376 -0.000184
vn -1.000000 0.000185 0.000047
vn -1.000000 0.000062 0.000017
vn -1.000000 -0.000162 0.000018
vn -1.000000 -0.000160 0.000021
vn -1.000000 0.000068 -0.000027
vn -1.000000 0.000726 -0.000027
vn -1.000000 0.000327 0.000102
vn -0.999999 -0.001101 0.000520
vn -1.000000 -0.000069 0.000294
vn -1.000000 0.000125 0.000113
vn -1.000000 0.000092 -0.000151
vn -1.000000 0.000478 -0.000259
vn -1.000000 0.000864 0.000163
vn -1.000000 0.000083 0.000217
vn -1.000000 -0.000704 0.000685
vn -1.000000 0.000080 0.000446
vn -0.010180 -0.853459 -0.521061
vn -0.023494 -0.312173 -0.949735
vn -0.031009 0.117254 -0.992618
vn -0.019535 -0.944393 0.328238
vn -0.013388 -0.999238 0.036665
vn -0.032379 -0.957856 0.285417
vn 0.024335 0.307549 -0.951221
vn 0.051895 -0.643904 -0.763344
vn -0.045435 0.018558 -0.998795
vn -0.044741 -0.845475 -0.532137
vn -0.021295 -0.998682 0.046707
vn -0.160209 0.226477 -0.960750
vn -0.102183 0.319088 -0.942200
vn 0.147219 0.377179 -0.914365
vn -0.319722 0.088205 -0.943397
vn -0.107494 -0.326002 -0.939238
vn -0.349397 -0.556240 -0.754002
vn -0.666185 0.270111 -0.695153
vn -0.491866 0.033006 -0.870045
vn -0.375644 -0.304937 -0.875160
vn -0.426682 -0.358085 -0.830493
vn -0.214788 -0.676150 -0.704760
vn -0.003658 0.707101 -0.707103
vn -0.003590 0.707369 -0.706836
vn 0.074932 0.847255 -0.525875
vn -0.050104 0.729205 -0.682458
vn 0.136537 0.864711 -0.483355
vn -0.306129 0.806734 -0.505436
vn 0.240349 0.915527 -0.322556
vn -0.460578 0.482249 -0.745188
vn -0.719522 0.207288 -0.662812
vn -0.386785 0.687721 -0.614359
vn -0.451019 0.515535 -0.728564
vn -0.458652 0.716261 -0.525936
vn -0.795098 -0.073264 -0.602039
vn -0.616054 -0.129446 -0.776995
vn -0.645527 0.374812 -0.665440
vn -0.590002 0.382188 -0.711217
vn -0.511249 0.245792 -0.823536
vn -0.753128 -0.034690 -0.656959
vn -0.828568 -0.050265 -0.557627
vn -0.994111 0.107359 0.014724
vn -0.981539 0.179106 -0.067100
vn -0.971488 -0.199473 0.128146
vn -0.972909 -0.211615 0.093094
vn -0.907858 -0.358077 0.218116
vn -0.973241 -0.177507 0.145919
vn -0.966291 0.239631 0.094120
vn -0.833357 -0.221837 -0.506266
vn -0.947139 0.147591 -0.284860
vn -0.818447 -0.247333 -0.518624
vn -0.947803 0.162195 -0.274520
vn -0.668854 -0.698255 -0.255097
vn -0.534879 -0.811827 -0.234182
vn -0.406185 -0.889258 -0.210319
vn -0.658092 -0.708943 -0.253604
vn 0.101279 -0.859297 -0.501350
vn 0.130332 -0.871801 -0.472204
vn 0.133753 -0.859470 -0.493378
vn 0.101397 -0.873023 -0.477022
vn -0.854897 -0.478680 -0.200042
vn -0.212577 -0.859005 -0.465748
vn -0.581018 -0.690686 -0.430548
vn -0.787929 -0.557383 -0.261708
vn -0.848901 -0.282878 -0.446483
vn -0.577665 -0.642434 -0.503569
vn -0.088569 -0.925153 0.369116
vn 0.160392 -0.984534 0.070473
vn -0.343266 -0.929825 0.132645
vn -0.483073 -0.863952 0.142227
vn -0.318661 -0.815369 0.483352
vn -0.650219 -0.525773 0.548433
vn -0.662600 -0.554096 0.503924
vn -0.123441 -0.945476 0.301393
vn -0.419425 -0.852845 0.311028
vn -0.518584 -0.798381 0.306038
vn -0.316235 -0.904619 0.285760
vn -0.444288 0.895312 0.031992
vn -0.398035 0.916706 0.034895
vn -0.807662 0.589643 0.001704
vn -0.838801 0.544435 -0.001925
vn 0.359599 0.889577 -0.281677
vn 0.290599 0.909885 -0.296076
vn 0.022438 0.941874 -0.335215
vn -0.103717 0.932854 -0.345002
vn 0.303887 -0.692188 -0.654621
vn 0.303887 -0.692188 -0.654621
vn 0.303887 -0.692188 -0.654621
vn 0.093281 0.587413 -0.803893
vn 0.093281 0.587413 -0.803893
vn 0.093281 0.587413 -0.803893
vn 0.583092 0.802898 -0.123927
vn 0.583092 0.802898 -0.123927
vn 0.583092 0.802898 -0.123927
vn 0.953113 -0.302258 0.014662
vn 0.953113 -0.302258 0.014662
vn 0.953113 -0.302258 0.014662
vn -0.866022 0.220574 -0.448725
vn -0.866022 0.220574 -0.448725
vn -0.866022 0.220574 -0.448725
vn -0.052081 0.510444 -0.858333
vn -0.052081 0.510444 -0.858333
vn -0.052081 0.510444 -0.858333
vn 0.266900 0.940787 -0.209008
vn 0.266900 0.940787 -0.209008
vn 0.266900 0.940787 -0.209008
vn 0.334911 -0.513633 -0.789947
vn 0.334911 -0.513633 -0.789947
vn 0.334911 -0.513633 -0.789947
vn 0.334226 -0.912083 -0.237482
vn 0.334226 -0.912083 -0.237482
vn 0.334226 -0.912083 -0.237482
vn -0.177903 -0.530190 -0.829005
vn -0.177903 -0.530190 -0.829005
vn -0.177903 -0.530190 -0.829005
vn -0.512063 0.185944 -0.838580
vn -0.512063 0.185944 -0.838580
vn -0.512063 0.185944 -0.838580
vn -0.794927 0.606102 -0.027043
vn -0.794927 0.606102 -0.027043
vn -0.794927 0.606102 -0.027043
vn -0.395892 -0.282127 -0.873884
vn -0.395892 -0.282127 -0.873884
vn -0.395892 -0.282127 -0.873884
vn -0.980971 0.070656 -0.180840
vn -0.980971 0.070656 -0.180840
vn -0.980971 0.070656 -0.180840
vn 0.499994 0.866029 -0.000000
vn 0.499994 0.866029 -0.000000
vn 0.499994 0.866029 -0.000000
vn -0.866024 0.500002 0.000989
vn -0.866024 0.500002 0.000989
vn -0.866024 0.500002 0.000989
vn -0.000002 1.000000 0.000000
vn -0.000002 1.000000 0.000000
vn -0.000002 1.000000 0.000000
vn 0.763224 -0.646122 -0.004055
vn 0.763224 -0.646122 -0.004055
vn 0.763224 -0.646122 -0.004055
vn 0.958952 -0.283495 -0.006437
vn 0.958952 -0.283495 -0.006437
vn 0.958952 -0.283495 -0.006437
vn -0.999699 0.021399 0.012003
vn -0.999699 0.021399 0.012003
vn -0.999699 0.021399 0.012003
vn 0.209804 0.977738 0.003351
vn 0.209804 0.977738 0.003351
vn 0.209804 0.977738 0.003351
vn -0.150853 0.988449 -0.014556
vn -0.150853 0.988449 -0.014556
vn -0.150853 0.988449 -0.014556
vn 0.518383 0.855066 0.011838
vn 0.518383 0.855066 0.011838
vn 0.518383 0.855066 0.011838
vn -0.780594 -0.624868 -0.014556
vn -0.780594 -0.624868 -0.014556
vn -0.780594 -0.624868 -0.014556
vn -0.999701 0.021400 0.011838
vn -0.999701 0.021400 0.011838
vn -0.999701 0.021400 0.011838
vn 0.209805 0.977737 0.003351
vn 0.209805 0.977737 0.003351
vn 0.209805 0.977737 0.003351
vn 0.951674 0.306878 0.011908
vn 0.951674 0.306878 0.011908
vn 0.951674 0.306878 0.011908
vn 0.209801 0.977738 0.003351
vn 0.209801 0.977738 0.003351
vn 0.209801 0.977738 0.003351
vn 0.365249 -0.930639 -0.022451
vn 0.365249 -0.930639 -0.022451
vn 0.365249 -0.930639 -0.022451
vn 0.420051 -0.907182 0.024052
vn 0.420051 -0.907182 0.024052
vn 0.420051 -0.907182 0.024052
vn 0.179644 0.983625 -0.014487
vn 0.179644 0.983625 -0.014487
vn 0.179644 0.983625 -0.014487
vn 0.420051 -0.907182 0.024052
vn 0.420051 -0.907182 0.024052
vn 0.420051 -0.907182 0.024052
vn 0.179645 0.983625 -0.014487
vn 0.179645 0.983625 -0.014487
vn 0.179645 0.983625 -0.014487
vn -0.970995 0.237169 -0.030318
vn -0.970995 0.237169 -0.030318
vn -0.970995 0.237169 -0.030318
vn 0.116738 0.993017 -0.017036
vn 0.116738 0.993017 -0.017036
vn 0.116738 0.993017 -0.017036
vn 0.179645 0.983625 -0.014487
vn 0.179645 0.983625 -0.014487
vn 0.179645 0.983625 -0.014487
vn -0.158167 -0.820327 -0.549588
vn -0.158167 -0.820327 -0.549588
vn -0.158167 -0.820327 -0.549588
vn -0.754249 -0.070807 -0.652759
vn -0.754249 -0.070807 -0.652759
vn -0.754249 -0.070807 -0.652759
vn -0.583205 -0.799313 -0.144816
vn -0.583205 -0.799313 -0.144816
vn -0.583205 -0.799313 -0.144816
vn -0.418463 -0.797738 0.434169
vn -0.418463 -0.797738 0.434169
vn -0.418463 -0.797738 0.434169
vn 0.554900 -0.809619 0.191319
vn 0.554900 -0.809619 0.191319
vn 0.554900 -0.809619 0.191319
vn 0.191120 -0.810040 -0.554353
vn 0.191120 -0.810040 -0.554353
vn 0.191120 -0.810040 -0.554353
vn -0.555504 -0.819993 -0.137933
vn -0.555504 -0.819993 -0.137933
vn -0.555504 -0.819993 -0.137933
vn -0.942561 -0.080106 0.324286
vn -0.942561 -0.080106 0.324286
vn -0.942561 -0.080106 0.324286
vn 0.191120 -0.810040 -0.554353
vn 0.191120 -0.810040 -0.554353
vn 0.191120 -0.810040 -0.554353
vn -0.555617 -0.809064 -0.191586
vn -0.555617 -0.809064 -0.191586
vn -0.555617 -0.809064 -0.191586
vn -0.397468 -0.819738 0.412370
vn -0.397468 -0.819738 0.412370
vn -0.397468 -0.819738 0.412370
vn -0.187076 -0.073827 0.979567
vn -0.187076 -0.073827 0.979567
vn -0.187076 -0.073827 0.979567
vn 0.898084 -0.337463 0.282070
vn 0.898084 -0.337463 0.282070
vn 0.898084 -0.337463 0.282070
vn -0.397208 -0.819996 0.412108
vn -0.397208 -0.819996 0.412108
vn -0.397208 -0.819996 0.412108
vn -0.188133 -0.074020 0.979350
vn -0.188133 -0.074020 0.979350
vn -0.188133 -0.074020 0.979350
vn 0.979351 -0.074017 0.188132
vn 0.979351 -0.074017 0.188132
vn 0.979351 -0.074017 0.188132
vn 0.577880 -0.798998 -0.166303
vn 0.577880 -0.798998 -0.166303
vn 0.577880 -0.798998 -0.166303
vn -0.384267 -0.810341 -0.442365
vn -0.384267 -0.810341 -0.442365
vn -0.384267 -0.810341 -0.442365
vn -0.653143 -0.072334 0.753772
vn -0.653143 -0.072334 0.753772
vn -0.653143 -0.072334 0.753772
vn 0.753699 -0.075198 0.652903
vn 0.753699 -0.075198 0.652903
vn 0.753699 -0.075198 0.652903
vn 0.780437 0.031771 0.624427
vn 0.780437 0.031771 0.624427
vn 0.780437 0.031771 0.624427
vn 0.624426 0.031770 -0.780438
vn 0.624426 0.031770 -0.780438
vn 0.624426 0.031770 -0.780438
vn 0.780433 0.031770 0.624432
vn 0.780433 0.031770 0.624432
vn 0.780433 0.031770 0.624432
vn -0.930991 0.031770 0.363658
vn -0.930991 0.031770 0.363658
vn -0.930991 0.031770 0.363658
vn 0.363656 0.031770 0.930991
vn 0.363656 0.031770 0.930991
vn 0.363656 0.031770 0.930991
vn 0.930990 0.031770 -0.363659
vn 0.930990 0.031770 -0.363659
vn 0.930990 0.031770 -0.363659
vn -0.354880 0.032504 -0.934347
vn -0.354880 0.032504 -0.934347
vn -0.354880 0.032504 -0.934347
vn -0.556668 -0.233423 -0.797267
vn -0.556668 -0.233423 -0.797267
vn -0.556668 -0.233423 -0.797267
vn -0.538110 -0.241777 -0.807453
vn -0.538110 -0.241777 -0.807453
vn -0.538110 -0.241777 -0.807453
vn -0.548317 -0.242229 -0.800421
vn -0.548317 -0.242229 -0.800421
vn -0.548317 -0.242229 -0.800421
vn -0.555120 -0.240115 -0.796358
vn -0.555120 -0.240115 -0.796358
vn -0.555120 -0.240115 -0.796358
vn -0.505688 -0.245940 -0.826918
vn -0.505688 -0.245940 -0.826918
vn -0.505688 -0.245940 -0.826918
vn -0.526389 0.288573 -0.799775
vn -0.526389 0.288573 -0.799775
vn -0.526389 0.288573 -0.799775
vn 0.001461 -0.258867 -0.965912
vn 0.001461 -0.258867 -0.965912
vn 0.001461 -0.258867 -0.965912
vn -0.215522 -0.787134 -0.577901
vn -0.215522 -0.787134 -0.577901
vn -0.215522 -0.787134 -0.577901
vn -0.785150 0.598205 0.160280
vn -0.785150 0.598205 0.160280
vn -0.785150 0.598205 0.160280
vn -0.215718 0.787120 0.577848
vn -0.215718 0.787120 0.577848
vn -0.215718 0.787120 0.577848
vn -0.215516 -0.577894 0.787141
vn -0.215516 -0.577894 0.787141
vn -0.215516 -0.577894 0.787141
vn -0.215697 0.577864 -0.787114
vn -0.215697 0.577864 -0.787114
vn -0.215697 0.577864 -0.787114
vn -0.999982 0.006030 -0.000542
vn -0.999982 0.006030 -0.000542
vn -0.999982 0.006030 -0.000542
vn -0.666172 -0.699539 -0.258571
vn -0.666172 -0.699539 -0.258571
vn -0.666172 -0.699539 -0.258571
vn -0.305347 -0.938585 -0.160687
vn -0.305347 -0.938585 -0.160687
vn -0.305347 -0.938585 -0.160687
vn -0.010652 -0.992184 0.124331
vn -0.010652 -0.992184 0.124331
vn -0.010652 -0.992184 0.124331
vn 0.153506 -0.407376 0.900267
vn 0.153506 -0.407376 0.900267
vn 0.153506 -0.407376 0.900267
vn -0.121260 -0.904304 0.409304
vn -0.121260 -0.904304 0.409304
vn -0.121260 -0.904304 0.409304
vn -0.770006 0.591653 -0.238825
vn -0.770006 0.591653 -0.238825
vn -0.770006 0.591653 -0.238825
vn -0.004716 0.995219 -0.097551
vn -0.004716 0.995219 -0.097551
vn -0.004716 0.995219 -0.097551
vn -0.005716 0.995215 0.097539
vn -0.005716 0.995215 0.097539
vn -0.005716 0.995215 0.097539
vn -0.008803 0.000055 0.999961
vn -0.008803 0.000055 0.999961
vn -0.008803 0.000055 0.999961
vn -0.012191 0.921468 0.388262
vn -0.012191 0.921468 0.388262
vn -0.012191 0.921468 0.388262
vn -0.077222 0.100278 -0.991958
vn -0.077222 0.100278 -0.991958
vn -0.077222 0.100278 -0.991958
vn -0.011400 0.000930 -0.999935
vn -0.011400 0.000930 -0.999935
vn -0.011400 0.000930 -0.999935
vn -0.003033 0.999995 -0.000054
vn -0.003033 0.999995 -0.000054
vn -0.003033 0.999995 -0.000054
vn -0.004115 0.999992 -0.000079
vn -0.004115 0.999992 -0.000079
vn -0.004115 0.999992 -0.000079
vn -0.003913 -0.999988 -0.003001
vn -0.003913 -0.999988 -0.003001
vn -0.003913 -0.999988 -0.003001
vn -0.698633 -0.715480 0.000726
vn -0.698633 -0.715480 0.000726
vn -0.698633 -0.715480 0.000726
vn 0.021859 0.092625 -0.995461
vn 0.021859 0.092625 -0.995461
vn 0.021859 0.092625 -0.995461
vn 0.639026 0.767695 0.047857
vn 0.639026 0.767695 0.047857
vn 0.639026 0.767695 0.047857
vn -0.816108 -0.195006 -0.544004
vn -0.816108 -0.195006 -0.544004
vn -0.816108 -0.195006 -0.544004
vn -0.008237 0.000253 0.999966
vn -0.008237 0.000253 0.999966
vn -0.008237 0.000253 0.999966
vn -0.747564 -0.662175 0.051697
vn -0.747564 -0.662175 0.051697
vn -0.747564 -0.662175 0.051697
vn -0.653248 -0.727020 -0.211445
vn -0.653248 -0.727020 -0.211445
vn -0.653248 -0.727020 -0.211445
vn -0.127330 0.326034 -0.936744
vn -0.127330 0.326034 -0.936744
vn -0.127330 0.326034 -0.936744
vn 0.013441 0.203426 -0.978998
vn 0.013441 0.203426 -0.978998
vn 0.013441 0.203426 -0.978998
vn -0.948536 -0.193493 -0.250680
vn -0.948536 -0.193493 -0.250680
vn -0.948536 -0.193493 -0.250680
vn -0.513188 -0.155646 -0.844045
vn -0.513188 -0.155646 -0.844045
vn -0.513188 -0.155646 -0.844045
vn -0.126690 -0.197190 -0.972145
vn -0.126690 -0.197190 -0.972145
vn -0.126690 -0.197190 -0.972145
vn -0.289214 -0.097864 -0.952249
vn -0.289214 -0.097864 -0.952249
vn -0.289214 -0.097864 -0.952249
vn -0.450224 -0.294798 -0.842848
vn -0.450224 -0.294798 -0.842848
vn -0.450224 -0.294798 -0.842848
vn 0.538672 -0.181943 -0.822636
vn 0.538672 -0.181943 -0.822636
vn 0.538672 -0.181943 -0.822636
vn 0.074747 -0.648555 -0.757488
vn 0.074747 -0.648555 -0.757488
vn 0.074747 -0.648555 -0.757488
vn 0.164034 -0.937702 -0.306281
vn 0.164034 -0.937702 -0.306281
vn 0.164034 -0.937702 -0.306281
vn 0.878863 -0.467083 -0.097125
vn 0.878863 -0.467083 -0.097125
vn 0.878863 -0.467083 -0.097125
vn -0.017974 -0.999838 -0.000487
vn -0.017974 -0.999838 -0.000487
vn -0.017974 -0.999838 -0.000487
vn -0.017802 -0.999841 -0.000757
vn -0.017802 -0.999841 -0.000757
vn -0.017802 -0.999841 -0.000757
vn -0.002635 -0.999996 0.000251
vn -0.002635 -0.999996 0.000251
vn -0.002635 -0.999996 0.000251
vn -0.003554 -0.999994 0.000047
vn -0.003554 -0.999994 0.000047
vn -0.003554 -0.999994 0.000047
vn -0.003224 -0.999995 -0.000183
vn -0.003224 -0.999995 -0.000183
vn -0.003224 -0.999995 -0.000183
vn -0.555624 -0.797472 -0.235203
vn -0.555624 -0.797472 -0.235203
vn -0.555624 -0.797472 -0.235203
vn 0.348995 0.266594 -0.898404
vn 0.348995 0.266594 -0.898404
vn 0.348995 0.266594 -0.898404
vn -0.350238 0.859830 -0.371518
vn -0.350238 0.859830 -0.371518
vn -0.350238 0.859830 -0.371518
vn 0.912891 -0.205805 -0.352525
vn 0.912891 -0.205805 -0.352525
vn 0.912891 -0.205805 -0.352525
vn -0.043257 0.973389 -0.225038
vn -0.043257 0.973389 -0.225038
vn -0.043257 0.973389 -0.225038
vn -0.446637 0.385954 -0.807190
vn -0.446637 0.385954 -0.807190
vn -0.446637 0.385954 -0.807190
vn -0.368227 -0.024505 -0.929413
vn -0.368227 -0.024505 -0.929413
vn -0.368227 -0.024505 -0.929413
vn -0.616949 -0.034844 -0.786232
vn -0.616949 -0.034844 -0.786232
vn -0.616949 -0.034844 -0.786232
vn 0.874851 0.110281 0.471671
vn 0.874851 0.110281 0.471671
vn 0.874851 0.110281 0.471671
vn 0.507033 0.557133 0.657663
vn 0.507033 0.557133 0.657663
vn 0.507033 0.557133 0.657663
vn 0.184398 0.820925 0.540445
vn 0.184398 0.820925 0.540445
vn 0.184398 0.820925 0.540445
vn 0.828087 0.388436 0.404215
vn 0.828087 0.388436 0.404215
vn 0.828087 0.388436 0.404215
vn -0.031955 0.933326 0.357606
vn -0.031955 0.933326 0.357606
vn -0.031955 0.933326 0.357606
vn -0.156902 0.982169 0.103570
vn -0.156902 0.982169 0.103570
vn -0.156902 0.982169 0.103570
vn 0.016836 -0.691097 0.722566
vn 0.016836 -0.691097 0.722566
vn 0.016836 -0.691097 0.722566
vn -0.609234 -0.116280 0.784419
vn -0.609234 -0.116280 0.784419
vn -0.609234 -0.116280 0.784419
vn -0.707350 0.086881 -0.701504
vn -0.707350 0.086881 -0.701504
vn -0.707350 0.086881 -0.701504
vn 0.191177 -0.731596 -0.654384
vn 0.191177 -0.731596 -0.654384
vn 0.191177 -0.731596 -0.654384
vn 0.913611 0.177326 -0.365884
vn 0.913611 0.177326 -0.365884
vn 0.913611 0.177326 -0.365884
vn 0.177097 -0.469520 -0.864978
vn 0.177097 -0.469520 -0.864978
vn 0.177097 -0.469520 -0.864978
vn 0.613467 -0.752837 -0.238526
vn 0.613467 -0.752837 -0.238526
vn 0.613467 -0.752837 -0.238526
vn 0.810064 -0.484655 -0.330009
vn 0.810064 -0.484655 -0.330009
vn 0.810064 -0.484655 -0.330009
vn -0.318428 0.885927 0.337248
vn -0.318428 0.885927 0.337248
vn -0.318428 0.885927 0.337248
vn 0.055573 -0.976831 0.206671
vn 0.055573 -0.976831 0.206671
vn 0.055573 -0.976831 0.206671
vn -0.406575 -0.867802 0.285687
vn -0.406575 -0.867802 0.285687
vn -0.406575 -0.867802 0.285687
vn -0.185258 -0.628439 0.755476
vn -0.185258 -0.628439 0.755476
vn -0.185258 -0.628439 0.755476
vn 0.096335 0.426506 0.899340
vn 0.096335 0.426506 0.899340
vn 0.096335 0.426506 0.899340
vn -0.380856 0.311421 0.870612
vn -0.380856 0.311421 0.870612
vn -0.380856 0.311421 0.870612
vn -0.018115 0.766072 0.642500
vn -0.018115 0.766072 0.642500
vn -0.018115 0.766072 0.642500
vn -0.018681 0.999822 0.002614
vn -0.018681 0.999822 0.002614
vn -0.018681 0.999822 0.002614
vn -0.952384 -0.164717 0.256579
vn -0.952384 -0.164717 0.256579
vn -0.952384 -0.164717 0.256579
vn -0.716856 0.697220 -0.001560
vn -0.716856 0.697220 -0.001560
vn -0.716856 0.697220 -0.001560
vn -0.673816 -0.737413 0.046844
vn -0.673816 -0.737413 0.046844
vn -0.673816 -0.737413 0.046844
vn -1.000000 -0.000172 -0.000008
vn -1.000000 -0.000172 -0.000008
vn -1.000000 -0.000172 -0.000008
vn 0.889824 0.429824 -0.153182
vn 0.889824 0.429824 -0.153182
vn 0.889824 0.429824 -0.153182
vn -0.999970 -0.007654 -0.000778
vn -0.999970 -0.007654 -0.000778
vn -0.999970 -0.007654 -0.000778
vn 0.704872 -0.704874 0.079420
vn 0.704872 -0.704874 0.079420
vn 0.704872 -0.704874 0.079420
vn -0.704872 -0.704875 0.079420
vn -0.704872 -0.704875 0.079420
vn -0.704872 -0.704875 0.079420
vn -0.704873 -0.704873 -0.079420
vn -0.704873 -0.704873 -0.079420
vn -0.704873 -0.704873 -0.079420
vn -0.669528 -0.704873 -0.234278
vn -0.669528 -0.704873 -0.234278
vn -0.669528 -0.704873 -0.234278
vn -0.600609 -0.704874 -0.377388
vn -0.600609 -0.704874 -0.377388
vn -0.600609 -0.704874 -0.377388
vn -0.501574 -0.704875 -0.501573
vn -0.501574 -0.704875 -0.501573
vn -0.501574 -0.704875 -0.501573
vn -0.377388 -0.704874 -0.600609
vn -0.377388 -0.704874 -0.600609
vn -0.377388 -0.704874 -0.600609
vn -0.234278 -0.704872 -0.669529
vn -0.234278 -0.704872 -0.669529
vn -0.234278 -0.704872 -0.669529
vn -0.079420 -0.704874 -0.704872
vn -0.079420 -0.704874 -0.704872
vn -0.079420 -0.704874 -0.704872
vn 0.079421 -0.704872 -0.704874
vn 0.079421 -0.704872 -0.704874
vn 0.079421 -0.704872 -0.704874
vn 0.234277 -0.704874 -0.669527
vn 0.234277 -0.704874 -0.669527
vn 0.234277 -0.704874 -0.669527
vn 0.377388 -0.704875 -0.600608
vn 0.377388 -0.704875 -0.600608
vn 0.377388 -0.704875 -0.600608
vn 0.501574 -0.704875 -0.501573
vn 0.501574 -0.704875 -0.501573
vn 0.501574 -0.704875 -0.501573
vn 0.600610 -0.704873 -0.377389
vn 0.600610 -0.704873 -0.377389
vn 0.600610 -0.704873 -0.377389
vn 0.669528 -0.704873 -0.234278
vn 0.669528 -0.704873 -0.234278
vn 0.669528 -0.704873 -0.234278
vn 0.704872 -0.704875 -0.079420
vn 0.704872 -0.704875 -0.079420
vn 0.704872 -0.704875 -0.079420
vn 0.000000 -1.000000 0.000000
vn 0.000000 -1.000000 0.000000
vn 0.000000 -1.000000 0.000000
vn 0.000000 -1.000000 0.000000
vn 0.000000 -1.000000 0.000000
vn 0.000000 -1.000000 0.000000
vn 0.000000 -1.000000 0.000000
vn 0.000000 -1.000000 0.000000
vn 0.000000 -1.000000 0.000000
vn 0.000000 -1.000000 0.000000
vn 0.000000 -1.000000 0.000000
vn 0.000000 -1.000000 0.000000
vn 0.000000 1.000000 0.000000
vn 0.000000 1.000000 0.000000
vn 0.000000 1.000000 0.000000
vn 0.000000 1.000000 0.000000
vn 0.000000 1.000000 0.000000
vn 0.000000 1.000000 0.000000
vn 0.000000 1.000000 0.000000
vn 0.000000 1.000000 0.000000
vn 0.000000 1.000000 0.000000
vn 0.000000 1.000000 0.000000
vn 0.000000 1.000000 0.000000
vn 0.000000 1.000000 0.000000
vn 0.465468 0.706750 -0.532769
vn 0.465468 0.706750 -0.532769
vn 0.465468 0.706750 -0.532769
vn -0.657940 0.000000 -0.753070
vn -0.657940 0.000000 -0.753070
vn -0.657940 0.000000 -0.753070
vn 0.044863 -0.002144 0.998991
vn 0.044863 -0.002144 0.998991
vn 0.044863 -0.002144 0.998991
vn 0.809015 -0.002144 0.587784
vn 0.809015 -0.002144 0.587784
vn 0.809015 -0.002144 0.587784
vn 0.717009 -0.546263 0.433006
vn 0.717009 -0.546263 0.433006
vn 0.717009 -0.546263 0.433006
vn -0.710902 -0.486472 -0.507900
vn -0.710902 -0.486472 -0.507900
vn -0.710902 -0.486472 -0.507900
vn -0.577313 -0.798245 0.171800
vn -0.577313 -0.798245 0.171800
vn -0.577313 -0.798245 0.171800
vn -0.599484 -0.402627 0.691745
vn -0.599484 -0.402627 0.691745
vn -0.599484 -0.402627 0.691745
vn 0.676695 -0.707813 -0.202695
vn 0.676695 -0.707813 -0.202695
vn 0.676695 -0.707813 -0.202695
vn 0.048127 -0.992932 -0.108493
vn 0.048127 -0.992932 -0.108493
vn 0.048127 -0.992932 -0.108493
vn 0.003858 0.081693 0.996650
vn 0.003858 0.081693 0.996650
vn 0.003858 0.081693 0.996650
vn -0.036498 0.948095 -0.315885
vn -0.036498 0.948095 -0.315885
vn -0.036498 0.948095 -0.315885
vn -0.032459 -0.285074 -0.957956
vn -0.032459 -0.285074 -0.957956
vn -0.032459 -0.285074 -0.957956
vn -0.685257 0.706843 -0.175489
vn -0.685257 0.706843 -0.175489
vn -0.685257 0.706843 -0.175489
vn 0.000000 -0.831467 0.555574
vn 0.000000 -0.831467 0.555574
vn 0.000000 -0.831467 0.555574
vn -0.599351 -0.120413 0.791378
vn -0.599351 -0.120413 0.791378
vn -0.599351 -0.120413 0.791378
vn -0.730836 -0.171689 0.660607
vn -0.730836 -0.171689 0.660607
vn -0.730836 -0.171689 0.660607
vn -0.334271 0.207791 0.919286
vn -0.334271 0.207791 0.919286
vn -0.334271 0.207791 0.919286
vn 0.207638 -0.143091 0.967684
vn 0.207638 -0.143091 0.967684
vn 0.207638 -0.143091 0.967684
vn -0.937521 -0.171689 -0.302619
vn -0.937521 -0.171689 -0.302619
vn -0.937521 -0.171689 -0.302619
vn -0.963261 0.207792 0.170151
vn -0.963261 0.207792 0.170151
vn -0.963261 0.207792 0.170151
vn -0.734219 -0.143090 0.663662
vn -0.734219 -0.143090 0.663662
vn -0.734219 -0.143090 0.663662
vn -0.937521 -0.171688 -0.302616
vn -0.937521 -0.171688 -0.302616
vn -0.937521 -0.171688 -0.302616
vn 0.937521 -0.171689 0.302619
vn 0.937521 -0.171689 0.302619
vn 0.937521 -0.171689 0.302619
vn -0.937521 -0.171689 -0.302617
vn -0.937521 -0.171689 -0.302617
vn -0.937521 -0.171689 -0.302617
vn 0.937521 -0.171688 0.302616
vn 0.937521 -0.171688 0.302616
vn 0.937521 -0.171688 0.302616
vn 0.898920 0.162542 -0.406846
vn 0.898920 0.162542 -0.406846
vn 0.898920 0.162542 -0.406846
vn 0.321044 -0.199750 -0.925760
vn 0.321044 -0.199750 -0.925760
vn 0.321044 -0.199750 -0.925760
vn -0.218474 0.135932 -0.966329
vn -0.218474 0.135932 -0.966329
vn -0.218474 0.135932 -0.966329
vn -0.000000 -0.220388 -0.975412
vn -0.000000 -0.220388 -0.975412
vn -0.000000 -0.220388 -0.975412
vn -0.022525 -0.239303 -0.970684
vn -0.022525 -0.239303 -0.970684
vn -0.022525 -0.239303 -0.970684
vn -0.000000 0.000000 -1.000000
vn -0.000000 0.000000 -1.000000
vn -0.000000 0.000000 -1.000000
vn -0.000000 0.000000 -1.000000
vn -0.000000 0.000000 -1.000000
vn -0.000000 0.000000 -1.000000
vn -0.000000 -0.000000 -1.000000
vn -0.000000 -0.000000 -1.000000
vn -0.000000 -0.000000 -1.000000
vn -0.002672 0.000456 -0.999996
vn -0.002672 0.000456 -0.999996
vn -0.002672 0.000456 -0.999996
vn -0.000000 0.226354 -0.974045
vn -0.000000 0.226354 -0.974045
vn -0.000000 0.226354 -0.974045
vn -0.000000 0.227812 -0.973705
vn -0.000000 0.227812 -0.973705
vn -0.000000 0.227812 -0.973705
vn 0.036498 -0.948095 -0.315886
vn 0.036498 -0.948095 -0.315886
vn 0.036498 -0.948095 -0.315886
vn -0.041834 -0.433770 -0.900052
vn -0.041834 -0.433770 -0.900052
vn -0.041834 -0.433770 -0.900052
vn 0.032459 0.285075 -0.957955
vn 0.032459 0.285075 -0.957955
vn 0.032459 0.285075 -0.957955
vn 0.027335 0.971625 0.234943
vn 0.027335 0.971625 0.234943
vn 0.027335 0.971625 0.234943
vn -0.038786 0.412017 0.910350
vn -0.038786 0.412017 0.910350
vn -0.038786 0.412017 0.910350
vn 0.011587 -0.240038 0.970694
vn 0.011587 -0.240038 0.970694
vn 0.011587 -0.240038 0.970694
vn 0.031014 0.108371 -0.993627
vn 0.031014 0.108371 -0.993627
vn 0.031014 0.108371 -0.993627
vn -0.031644 -0.734077 0.678328
vn -0.031644 -0.734077 0.678328
vn -0.031644 -0.734077 0.678328
vn 0.033917 -0.999420 0.003011
vn 0.033917 -0.999420 0.003011
vn 0.033917 -0.999420 0.003011
vn -0.220246 -0.974169 -0.049860
vn -0.220246 -0.974169 -0.049860
vn -0.220246 -0.974169 -0.049860
vn 0.098322 -0.994028 -0.047331
vn 0.098322 -0.994028 -0.047331
vn 0.098322 -0.994028 -0.047331
vn 0.582338 -0.811936 -0.040524
vn 0.582338 -0.811936 -0.040524
vn 0.582338 -0.811936 -0.040524
vn -0.306984 -0.951061 -0.035278
vn -0.306984 -0.951061 -0.035278
vn -0.306984 -0.951061 -0.035278
vn -0.677823 -0.733532 -0.049860
vn -0.677823 -0.733532 -0.049860
vn -0.677823 -0.733532 -0.049860
vn 0.644195 0.529674 -0.551778
vn 0.644195 0.529674 -0.551778
vn 0.644195 0.529674 -0.551778
vn 0.850850 0.000000 -0.525409
vn 0.850850 0.000000 -0.525409
vn 0.850850 0.000000 -0.525409
vn 0.842067 -0.178460 -0.508994
vn 0.842067 -0.178460 -0.508994
vn 0.842067 -0.178460 -0.508994
vn 0.316292 -0.772293 -0.550929
vn 0.316292 -0.772293 -0.550929
vn 0.316292 -0.772293 -0.550929
vn 0.000000 -0.980785 0.195091
vn 0.000000 -0.980785 0.195091
vn 0.000000 -0.980785 0.195091
vn -0.849356 -0.506224 -0.149437
vn -0.849356 -0.506224 -0.149437
vn -0.849356 -0.506224 -0.149437
vn -0.787111 -0.371122 -0.492671
vn -0.787111 -0.371122 -0.492671
vn -0.787111 -0.371122 -0.492671
vn -0.830263 0.000000 -0.557371
vn -0.830263 0.000000 -0.557371
vn -0.830263 0.000000 -0.557371
vn -0.619916 -0.593109 -0.513736
vn -0.619916 -0.593109 -0.513736
vn -0.619916 -0.593109 -0.513736
vn -0.828685 0.159646 -0.536465
vn -0.828685 0.159646 -0.536465
vn -0.828685 0.159646 -0.536465
vn -0.883906 -0.464884 0.050931
vn -0.883906 -0.464884 0.050931
vn -0.883906 -0.464884 0.050931
vn -0.455232 -0.387339 -0.801706
vn -0.455232 -0.387339 -0.801706
vn -0.455232 -0.387339 -0.801706
vn -0.842067 0.178459 -0.508995
vn -0.842067 0.178459 -0.508995
vn -0.842067 0.178459 -0.508995
vn -0.875165 0.455719 0.162499
vn -0.875165 0.455719 0.162499
vn -0.875165 0.455719 0.162499
vn -0.897751 -0.394301 0.196392
vn -0.897751 -0.394301 0.196392
vn -0.897751 -0.394301 0.196392
vn -0.000000 -0.000000 1.000000
vn -0.000000 -0.000000 1.000000
vn -0.000000 -0.000000 1.000000
vn 0.000000 0.000000 1.000000
vn 0.000000 0.000000 1.000000
vn 0.000000 0.000000 1.000000
vn 0.000000 0.980785 0.195091
vn 0.000000 0.980785 0.195091
vn 0.000000 0.980785 0.195091
vn -0.999997 0.002555 0.000000
vn -0.999997 0.002555 0.000000
vn -0.999997 0.002555 0.000000
vn -1.000000 0.000000 0.000000
vn -1.000000 0.000000 0.000000
vn -1.000000 0.000000 0.000000
vn -0.952355 -0.304311 -0.020359
vn -0.952355 -0.304311 -0.020359
vn -0.952355 -0.304311 -0.020359
vn -0.999124 -0.041823 -0.001059
vn -0.999124 -0.041823 -0.001059
vn -0.999124 -0.041823 -0.001059
vn -0.996217 -0.060373 -0.062506
vn -0.996217 -0.060373 -0.062506
vn -0.996217 -0.060373 -0.062506
vn 0.681891 0.195745 -0.704776
vn 0.681891 0.195745 -0.704776
vn 0.681891 0.195745 -0.704776
vn 0.981668 -0.091771 -0.167050
vn 0.981668 -0.091771 -0.167050
vn 0.981668 -0.091771 -0.167050
vn 0.011482 -0.663423 0.748157
vn 0.011482 -0.663423 0.748157
vn 0.011482 -0.663423 0.748157
vn 0.784887 0.267938 -0.558715
vn 0.784887 0.267938 -0.558715
vn 0.784887 0.267938 -0.558715
vn 0.981998 0.174178 0.073094
vn 0.981998 0.174178 0.073094
vn 0.981998 0.174178 0.073094
vn -0.161862 0.426212 -0.890025
vn -0.161862 0.426212 -0.890025
vn -0.161862 0.426212 -0.890025
vn 0.854635 0.048140 -0.516992
vn 0.854635 0.048140 -0.516992
vn 0.854635 0.048140 -0.516992
vn -0.457905 -0.131906 -0.879161
vn -0.457905 -0.131906 -0.879161
vn -0.457905 -0.131906 -0.879161
vn 0.889847 -0.201787 -0.409212
vn 0.889847 -0.201787 -0.409212
vn 0.889847 -0.201787 -0.409212
vn 0.632776 -0.757485 -0.160657
vn 0.632776 -0.757485 -0.160657
vn 0.632776 -0.757485 -0.160657
vn 0.998467 -0.041394 0.036746
vn 0.998467 -0.041394 0.036746
vn 0.998467 -0.041394 0.036746
vn 0.750863 -0.257738 0.608092
vn 0.750863 -0.257738 0.608092
vn 0.750863 -0.257738 0.608092
vn 0.983988 -0.178226 0.001942
vn 0.983988 -0.178226 0.001942
vn 0.983988 -0.178226 0.001942
vn 0.997708 -0.066907 -0.010093
vn 0.997708 -0.066907 -0.010093
vn 0.997708 -0.066907 -0.010093
vn 0.948145 -0.182565 -0.260175
vn 0.948145 -0.182565 -0.260175
vn 0.948145 -0.182565 -0.260175
vn 0.852091 -0.189863 -0.487743
vn 0.852091 -0.189863 -0.487743
vn 0.852091 -0.189863 -0.487743
vn 0.704864 -0.170333 -0.688588
vn 0.704864 -0.170333 -0.688588
vn 0.704864 -0.170333 -0.688588
vn 0.984862 0.154722 0.078152
vn 0.984862 0.154722 0.078152
vn 0.984862 0.154722 0.078152
vn 0.999855 0.009315 -0.014250
vn 0.999855 0.009315 -0.014250
vn 0.999855 0.009315 -0.014250
vn 0.665708 -0.699772 0.259139
vn 0.665708 -0.699772 0.259139
vn 0.665708 -0.699772 0.259139
vn 0.667577 0.698444 -0.257908
vn 0.667577 0.698444 -0.257908
vn 0.667577 0.698444 -0.257908
vn 0.776512 0.584868 0.234431
vn 0.776512 0.584868 0.234431
vn 0.776512 0.584868 0.234431
vn 0.408409 0.874777 -0.260706
vn 0.408409 0.874777 -0.260706
vn 0.408409 0.874777 -0.260706
vn 0.014506 0.992607 -0.120507
vn 0.014506 0.992607 -0.120507
vn 0.014506 0.992607 -0.120507
vn -0.109828 0.666512 -0.737360
vn -0.109828 0.666512 -0.737360
vn -0.109828 0.666512 -0.737360
vn -0.109829 0.971829 0.208531
vn -0.109829 0.971829 0.208531
vn -0.109829 0.971829 0.208531
vn -0.109824 0.305317 0.945897
vn -0.109824 0.305317 0.945897
vn -0.109824 0.305317 0.945897
vn -0.109824 -0.666512 0.737361
vn -0.109824 -0.666512 0.737361
vn -0.109824 -0.666512 0.737361
vn -0.109829 -0.971828 -0.208536
vn -0.109829 -0.971828 -0.208536
vn -0.109829 -0.971828 -0.208536
vn -0.109831 -0.305313 -0.945897
vn -0.109831 -0.305313 -0.945897
vn -0.109831 -0.305313 -0.945897
vn -0.109829 0.666513 -0.737359
vn -0.109829 0.666513 -0.737359
vn -0.109829 0.666513 -0.737359
vn -0.109829 0.971829 0.208534
vn -0.109829 0.971829 0.208534
vn -0.109829 0.971829 0.208534
vn -0.109824 0.305317 0.945896
vn -0.109824 0.305317 0.945896
vn -0.109824 0.305317 0.945896
vn -0.109823 -0.666511 0.737361
vn -0.109823 -0.666511 0.737361
vn -0.109823 -0.666511 0.737361
vn -0.109830 -0.971829 -0.208534
vn -0.109830 -0.971829 -0.208534
vn -0.109830 -0.971829 -0.208534
vn -0.109831 -0.305313 -0.945897
vn -0.109831 -0.305313 -0.945897
vn -0.109831 -0.305313 -0.945897
vn 0.003449 -0.999994 -0.000043
vn 0.003449 -0.999994 -0.000043
vn 0.003449 -0.999994 -0.000043
vn 0.003501 -0.999994 -0.000037
vn 0.003501 -0.999994 -0.000037
vn 0.003501 -0.999994 -0.000037
vn 0.007205 -0.986818 -0.161672
vn 0.007205 -0.986818 -0.161672
vn 0.007205 -0.986818 -0.161672
vn 0.005239 -0.995780 0.091623
vn 0.005239 -0.995780 0.091623
vn 0.005239 -0.995780 0.091623
vn 0.005273 -0.911360 -0.411577
vn 0.005273 -0.911360 -0.411577
vn 0.005273 -0.911360 -0.411577
vn 0.005230 -0.482673 -0.875785
vn 0.005230 -0.482673 -0.875785
vn 0.005230 -0.482673 -0.875785
vn 0.005905 -0.583145 -0.812346
vn 0.005905 -0.583145 -0.812346
vn 0.005905 -0.583145 -0.812346
vn 0.003157 0.878066 -0.478529
vn 0.003157 0.878066 -0.478529
vn 0.003157 0.878066 -0.478529
vn 0.003421 0.999994 -0.000001
vn 0.003421 0.999994 -0.000001
vn 0.003421 0.999994 -0.000001
vn 0.003492 0.999994 0.000295
vn 0.003492 0.999994 0.000295
vn 0.003492 0.999994 0.000295
vn 0.004119 0.000181 -0.999991
vn 0.004119 0.000181 -0.999991
vn 0.004119 0.000181 -0.999991
vn 0.004373 0.000046 -0.999990
vn 0.004373 0.000046 -0.999990
vn 0.004373 0.000046 -0.999990
vn 0.006414 0.047592 -0.998846
vn 0.006414 0.047592 -0.998846
vn 0.006414 0.047592 -0.998846
vn 0.009150 -0.811918 -0.583699
vn 0.009150 -0.811918 -0.583699
vn 0.009150 -0.811918 -0.583699
vn 0.004346 0.000367 -0.999990
vn 0.004346 0.000367 -0.999990
vn 0.004346 0.000367 -0.999990
vn -0.712941 0.366283 -0.597957
vn -0.712941 0.366283 -0.597957
vn -0.712941 0.366283 -0.597957
vn 0.983805 0.161080 0.078618
vn 0.983805 0.161080 0.078618
vn 0.983805 0.161080 0.078618
vn 0.841458 0.463908 0.277018
vn 0.841458 0.463908 0.277018
vn 0.841458 0.463908 0.277018
vn 0.297645 0.452772 -0.840479
vn 0.297645 0.452772 -0.840479
vn 0.297645 0.452772 -0.840479
vn 0.922651 -0.301606 0.240310
vn 0.922651 -0.301606 0.240310
vn 0.922651 -0.301606 0.240310
vn 0.854082 0.218927 0.471820
vn 0.854082 0.218927 0.471820
vn 0.854082 0.218927 0.471820
vn -1.000000 0.000087 0.000096
vn -1.000000 0.000087 0.000096
vn -1.000000 0.000087 0.000096
vn 0.846998 -0.104082 -0.521308
vn 0.846998 -0.104082 -0.521308
vn 0.846998 -0.104082 -0.521308
vn 0.461981 -0.125236 -0.878003
vn 0.461981 -0.125236 -0.878003
vn 0.461981 -0.125236 -0.878003
vn 0.289187 -0.297971 -0.909716
vn 0.289187 -0.297971 -0.909716
vn 0.289187 -0.297971 -0.909716
vn 0.646805 -0.298981 -0.701608
vn 0.646805 -0.298981 -0.701608
vn 0.646805 -0.298981 -0.701608
vn 0.136526 0.359845 -0.922969
vn 0.136526 0.359845 -0.922969
vn 0.136526 0.359845 -0.922969
vn 0.004364 0.000056 0.999990
vn 0.004364 0.000056 0.999990
vn 0.004364 0.000056 0.999990
vn -0.000946 -0.960598 0.277941
vn -0.000946 -0.960598 0.277941
vn -0.000946 -0.960598 0.277941
vn 0.157290 0.982950 -0.095237
vn 0.157290 0.982950 -0.095237
vn 0.157290 0.982950 -0.095237
vn 0.999977 -0.006514 -0.001740
vn 0.999977 -0.006514 -0.001740
vn 0.999977 -0.006514 -0.001740
vn 1.000000 0.000013 -0.000688
vn 1.000000 0.000013 -0.000688
vn 1.000000 0.000013 -0.000688
vn 0.999986 -0.005277 -0.000334
vn 0.999986 -0.005277 -0.000334
vn 0.999986 -0.005277 -0.000334
vn 0.623797 0.733799 0.269103
vn 0.623797 0.733799 0.269103
vn 0.623797 0.733799 0.269103
vn 0.999921 0.012180 -0.002952
vn 0.999921 0.012180 -0.002952
vn 0.999921 0.012180 -0.002952
vn 0.999977 0.000250 0.006770
vn 0.999977 0.000250 0.006770
vn 0.999977 0.000250 0.006770
vn 0.999491 -0.031878 0.001047
vn 0.999491 -0.031878 0.001047
vn 0.999491 -0.031878 0.001047
vn 0.999933 -0.009899 0.006004
vn 0.999933 -0.009899 0.006004
vn 0.999933 -0.009899 0.006004
vn 0.995029 0.087693 0.047195
vn 0.995029 0.087693 0.047195
vn 0.995029 0.087693 0.047195
vn 0.997648 -0.068214 -0.006730
vn 0.997648 -0.068214 -0.006730
vn 0.997648 -0.068214 -0.006730
vn 0.999969 0.007808 -0.000806
vn 0.999969 0.007808 -0.000806
vn 0.999969 0.007808 -0.000806
vn 0.999947 -0.009967 0.002707
vn 0.999947 -0.009967 0.002707
vn 0.999947 -0.009967 0.002707
vn 0.395905 -0.023081 -0.918001
vn 0.395905 -0.023081 -0.918001
vn 0.395905 -0.023081 -0.918001
vn -0.130906 -0.218642 -0.966985
vn -0.130906 -0.218642 -0.966985
vn -0.130906 -0.218642 -0.966985
vn 0.153907 0.323743 -0.933543
vn 0.153907 0.323743 -0.933543
vn 0.153907 0.323743 -0.933543
vn -0.125965 0.869559 -0.477493
vn -0.125965 0.869559 -0.477493
vn -0.125965 0.869559 -0.477493
vn 0.092524 0.516171 0.851474
vn 0.092524 0.516171 0.851474
vn 0.092524 0.516171 0.851474
vn -0.184435 -0.185412 0.965198
vn -0.184435 -0.185412 0.965198
vn -0.184435 -0.185412 0.965198
vn 0.098611 -0.675345 0.730880
vn 0.098611 -0.675345 0.730880
vn 0.098611 -0.675345 0.730880
vn 0.121259 0.409306 -0.904304
vn 0.121259 0.409306 -0.904304
vn 0.121259 0.409306 -0.904304
vn -0.184438 0.928592 -0.322024
vn -0.184438 0.928592 -0.322024
vn -0.184438 0.928592 -0.322024
vn 0.153906 0.933545 0.323738
vn 0.153906 0.933545 0.323738
vn 0.153906 0.933545 0.323738
vn -0.153507 0.407419 0.900247
vn -0.153507 0.407419 0.900247
vn -0.153507 0.407419 0.900247
vn -0.382178 -0.267956 -0.884386
vn -0.382178 -0.267956 -0.884386
vn -0.382178 -0.267956 -0.884386
vn -0.682280 -0.707266 -0.185121
vn -0.682280 -0.707266 -0.185121
vn -0.682280 -0.707266 -0.185121
vn -0.383939 -0.868019 0.314855
vn -0.383939 -0.868019 0.314855
vn -0.383939 -0.868019 0.314855
vn 0.424458 0.077547 -0.902121
vn 0.424458 0.077547 -0.902121
vn 0.424458 0.077547 -0.902121
vn 0.413737 0.910386 0.004311
vn 0.413737 0.910386 0.004311
vn 0.413737 0.910386 0.004311
vn -0.373382 0.298812 0.878235
vn -0.373382 0.298812 0.878235
vn -0.373382 0.298812 0.878235
vn 0.114046 0.731970 0.671724
vn 0.114046 0.731970 0.671724
vn 0.114046 0.731970 0.671724
vn -0.657066 0.235513 0.716100
vn -0.657066 0.235513 0.716100
vn -0.657066 0.235513 0.716100
vn -0.089273 0.923773 -0.372388
vn -0.089273 0.923773 -0.372388
vn -0.089273 0.923773 -0.372388
vn -0.860631 -0.285961 0.421356
vn -0.860631 -0.285961 0.421356
vn -0.860631 -0.285961 0.421356
vn 0.108427 0.588802 -0.800972
vn 0.108427 0.588802 -0.800972
vn 0.108427 0.588802 -0.800972
vn -0.955569 0.183562 0.230636
vn -0.955569 0.183562 0.230636
vn -0.955569 0.183562 0.230636
vn -0.504595 0.844198 -0.180871
vn -0.504595 0.844198 -0.180871
vn -0.504595 0.844198 -0.180871
vn -0.440080 0.870398 0.220764
vn -0.440080 0.870398 0.220764
vn -0.440080 0.870398 0.220764
vn 0.234833 0.966988 0.098928
vn 0.234833 0.966988 0.098928
vn 0.234833 0.966988 0.098928
vn -0.840619 0.352015 0.411637
vn -0.840619 0.352015 0.411637
vn -0.840619 0.352015 0.411637
vn -0.723873 0.331370 0.605146
vn -0.723873 0.331370 0.605146
vn -0.723873 0.331370 0.605146
vn -0.457708 0.689151 -0.561761
vn -0.457708 0.689151 -0.561761
vn -0.457708 0.689151 -0.561761
vn 0.445528 -0.392325 -0.804727
vn 0.445528 -0.392325 -0.804727
vn 0.445528 -0.392325 -0.804727
vn -0.444303 -0.704521 -0.553394
vn -0.444303 -0.704521 -0.553394
vn -0.444303 -0.704521 -0.553394
vn -0.854025 -0.261653 -0.449643
vn -0.854025 -0.261653 -0.449643
vn -0.854025 -0.261653 -0.449643
vn 0.478224 -0.304014 -0.823940
vn 0.478224 -0.304014 -0.823940
vn 0.478224 -0.304014 -0.823940
vn -0.923593 0.366664 0.111956
vn -0.923593 0.366664 0.111956
vn -0.923593 0.366664 0.111956
vn 0.124037 -0.632374 -0.764668
vn 0.124037 -0.632374 -0.764668
vn 0.124037 -0.632374 -0.764668
vn -0.425397 -0.054542 -0.903362
vn -0.425397 -0.054542 -0.903362
vn -0.425397 -0.054542 -0.903362
vn 0.626574 0.711914 0.317148
vn 0.626574 0.711914 0.317148
vn 0.626574 0.711914 0.317148
vn -0.053989 0.544753 -0.836857
vn -0.053989 0.544753 -0.836857
vn -0.053989 0.544753 -0.836857
vn -0.519950 0.228768 -0.822993
vn -0.519950 0.228768 -0.822993
vn -0.519950 0.228768 -0.822993
vn -0.473264 0.809185 -0.348197
vn -0.473264 0.809185 -0.348197
vn -0.473264 0.809185 -0.348197
vn -0.517023 0.491060 -0.701104
vn -0.517023 0.491060 -0.701104
vn -0.517023 0.491060 -0.701104
vn -0.196622 0.952251 0.233577
vn -0.196622 0.952251 0.233577
vn -0.196622 0.952251 0.233577
vn -0.993774 0.100514 -0.048061
vn -0.993774 0.100514 -0.048061
vn -0.993774 0.100514 -0.048061
vn 1.000000 0.000525 -0.000595
vn 1.000000 0.000525 -0.000595
vn 1.000000 0.000525 -0.000595
vn -0.632313 -0.290319 -0.718258
vn -0.632313 -0.290319 -0.718258
vn -0.632313 -0.290319 -0.718258
vn 0.999999 0.000776 -0.000746
vn 0.999999 0.000776 -0.000746
vn 0.999999 0.000776 -0.000746
vn 0.999999 -0.001222 0.000173
vn 0.999999 -0.001222 0.000173
vn 0.999999 -0.001222 0.000173
vn 0.999994 0.002110 -0.002707
vn 0.999994 0.002110 -0.002707
vn 0.999994 0.002110 -0.002707
vn 1.000000 0.000014 0.000003
vn 1.000000 0.000014 0.000003
vn 1.000000 0.000014 0.000003
vn -0.790529 -0.557860 -0.252698
vn -0.790529 -0.557860 -0.252698
vn -0.790529 -0.557860 -0.252698
vn -0.351622 -0.594338 -0.723274
vn -0.351622 -0.594338 -0.723274
vn -0.351622 -0.594338 -0.723274
vn -0.542826 -0.736662 -0.403323
vn -0.542826 -0.736662 -0.403323
vn -0.542826 -0.736662 -0.403323
vn -0.170113 -0.966834 -0.190508
vn -0.170113 -0.966834 -0.190508
vn -0.170113 -0.966834 -0.190508
vn 0.388864 -0.664791 -0.637838
vn 0.388864 -0.664791 -0.637838
vn 0.388864 -0.664791 -0.637838
vn 0.347986 -0.206676 -0.914434
vn 0.347986 -0.206676 -0.914434
vn 0.347986 -0.206676 -0.914434
vn -0.794450 0.590270 -0.142932
vn -0.794450 0.590270 -0.142932
vn -0.794450 0.590270 -0.142932
vn -0.478987 0.380594 0.791024
vn -0.478987 0.380594 0.791024
vn -0.478987 0.380594 0.791024
vn -0.638169 -0.185926 0.747109
vn -0.638169 -0.185926 0.747109
vn -0.638169 -0.185926 0.747109
vn 0.086283 -0.841846 0.532777
vn 0.086283 -0.841846 0.532777
vn 0.086283 -0.841846 0.532777
vn -0.767047 0.518947 0.377269
vn -0.767047 0.518947 0.377269
vn -0.767047 0.518947 0.377269
vn 0.188186 -0.763726 0.617502
vn 0.188186 -0.763726 0.617502
vn 0.188186 -0.763726 0.617502
vn -0.733641 0.109172 0.670710
vn -0.733641 0.109172 0.670710
vn -0.733641 0.109172 0.670710
vn -0.731586 -0.480719 0.483416
vn -0.731586 -0.480719 0.483416
vn -0.731586 -0.480719 0.483416
vn -0.883645 0.360165 0.299085
vn -0.883645 0.360165 0.299085
vn -0.883645 0.360165 0.299085
vn 0.463266 -0.214517 0.859864
vn 0.463266 -0.214517 0.859864
vn 0.463266 -0.214517 0.859864
vn -0.413424 0.859280 0.301194
vn -0.413424 0.859280 0.301194
vn -0.413424 0.859280 0.301194
vn -0.172933 0.100461 0.979797
vn -0.172933 0.100461 0.979797
vn -0.172933 0.100461 0.979797
vn 0.703293 0.675767 -0.220719
vn 0.703293 0.675767 -0.220719
vn 0.703293 0.675767 -0.220719
vn -0.910029 -0.359552 -0.206323
vn -0.910029 -0.359552 -0.206323
vn -0.910029 -0.359552 -0.206323
vn -0.863373 -0.497255 -0.085581
vn -0.863373 -0.497255 -0.085581
vn -0.863373 -0.497255 -0.085581
vn -0.668766 0.405212 -0.623342
vn -0.668766 0.405212 -0.623342
vn -0.668766 0.405212 -0.623342
vn -0.635995 -0.374552 -0.674701
vn -0.635995 -0.374552 -0.674701
vn -0.635995 -0.374552 -0.674701
vn -0.781103 0.607606 -0.143851
vn -0.781103 0.607606 -0.143851
vn -0.781103 0.607606 -0.143851
vn -0.401634 0.810495 -0.426366
vn -0.401634 0.810495 -0.426366
vn -0.401634 0.810495 -0.426366
vn -0.051948 0.154793 -0.986580
vn -0.051948 0.154793 -0.986580
vn -0.051948 0.154793 -0.986580
f 2/1/2 1/2/1 3/3/3
f 1/2/1 6/4/6 3/3/3
f 4/5/4 1/2/1 5/6/5
f 4/5/4 6/4/6 1/2/1
f 7/7/7 10/8/10 11/9/11
f 10/8/10 12/10/12 11/9/11
f 12/10/12 8/11/8 11/9/11
f 12/10/12 9/12/9 8/11/8
f 15/13/15 13/14/13 16/15/16
f 13/14/13 14/16/14 16/15/16
f 17/17/17 14/16/14 18/18/18
f 14/16/14 13/14/13 18/18/18
f 19/19/19 20/20/20 23/21/23
f 20/20/20 24/22/24 23/21/23
f 21/23/21 19/19/19 22/24/22
f 19/19/19 23/21/23 22/24/22
f 25/25/25 26/26/26 27/27/27
f 25/25/25 27/27/27 28/28/28
f 30/29/30 29/30/29 31/31/31
f 30/29/30 31/31/31 32/32/32
f 33/33/33 36/34/36 37/35/37
f 33/36/33 34/37/34 36/38/36
f 34/37/34 35/39/35 36/38/36
f 39/40/39 40/41/40 41/42/41
f 38/43/38 39/40/39 41/42/41
f 45/44/45 43/45/43 42/46/42
f 43/45/43 45/44/45 44/47/44
f 47/48/47 49/49/49 48/50/48
f 47/48/47 46/51/46 49/49/49
f 54/52/54 55/53/55 52/54/52
f 50/55/50 51/56/51 53/57/53
f 51/56/51 52/54/52 53/57/53
f 52/54/52 55/53/55 53/57/53
f 56/58/56 57/59/57 59/60/59
f 57/61/57 58/62/58 59/63/59
f 61/64/61 60/65/60 63/66/63
f 60/65/60 62/67/62 63/66/63
f 64/68/64 65/69/65 67/70/67
f 65/69/65 66/71/66 67/70/67
f 64/68/64 67/70/67 68/72/68
f 67/70/67 69/73/69 68/72/68
f 70/74/70 71/75/71 73/76/73
f 71/75/71 72/77/72 73/76/73
f 75/78/75 74/79/74 76/80/76
f 75/81/75 76/82/76 77/83/77
f 78/84/78 79/85/79 76/80/76
f 74/79/74 78/84/78 76/80/76
f 80/86/80 81/87/81 82/88/82
f 80/86/80 82/88/82 83/89/83
f 85/90/85 87/91/87 90/92/90
f 90/92/90 91/93/91 88/94/88
f 84/95/84 85/90/85 90/92/90
f 84/95/84 90/92/90 88/94/88
f 86/96/86 88/97/88 89/98/89
f 86/99/86 84/95/84 88/94/88
f 92/100/92 93/101/93 95/102/95
f 93/101/93 94/103/94 95/102/95
f 96/104/96 98/105/98 97/106/97
f 96/104/96 97/106/97 99/107/99
f 100/108/100 102/109/102 101/110/101
f 102/109/102 103/111/103 101/110/101
f 104/112/104 107/113/107 108/114/108
f 104/112/104 106/115/106 105/116/105
f 106/115/106 104/112/104 108/114/108
f 243/117/243 242/118/242 240/119/240
f 142/120/142 258/121/258 257/122/257
f 142/120/142 144/123/144 258/121/258
f 135/124/135 208/125/208 209/126/209
f 135/124/135 132/127/132 208/125/208
f 132/127/132 215/128/215 208/125/208
f 215/128/215 132/127/132 214/129/214
f 132/127/132 240/119/240 214/129/214
f 241/130/241 132/127/132 130/131/130
f 148/132/148 256/133/256 142/120/142
f 240/119/240 244/134/244 243/117/243
f 240/119/240 132/127/132 244/134/244
f 132/127/132 241/130/241 244/134/244
f 130/131/130 245/135/245 241/130/241
f 242/118/242 246/136/246 245/135/245
f 242/118/242 243/117/243 246/136/246
f 233/137/233 245/135/245 128/138/128
f 252/139/252 271/140/271 120/141/120
f 187/142/187 227/143/227 186/144/186
f 227/143/227 226/145/226 186/144/186
f 226/145/226 185/146/185 186/144/186
f 128/138/128 122/147/122 247/148/247
f 122/147/122 124/149/124 231/150/231
f 124/149/124 248/151/248 231/150/231
f 124/149/124 292/152/292 248/151/248
f 124/149/124 126/153/126 292/152/292
f 245/135/245 130/131/130 128/138/128
f 145/154/145 253/155/253 252/139/252
f 145/154/145 251/156/251 253/155/253
f 251/156/251 145/154/145 229/157/229
f 145/154/145 228/158/228 229/157/229
f 144/123/144 227/143/227 254/159/254
f 227/143/227 255/160/255 254/159/254
f 257/122/257 148/132/148 142/120/142
f 153/161/153 283/162/283 154/163/154
f 225/164/225 110/165/110 154/163/154
f 225/164/225 155/166/155 110/165/110
f 271/140/271 270/167/270 225/164/225
f 270/167/270 155/166/155 225/164/225
f 155/166/155 270/167/270 156/168/156
f 263/169/263 157/170/157 156/168/156
f 263/169/263 277/171/277 157/170/157
f 277/171/277 153/161/153 157/170/157
f 222/172/222 216/173/216 148/132/148
f 139/174/139 226/145/226 227/143/227
f 230/175/230 126/153/126 119/176/119
f 235/177/235 234/178/234 236/179/236
f 234/178/234 226/145/226 236/179/236
f 133/180/133 169/181/169 184/182/184
f 226/145/226 139/174/139 237/183/237
f 139/174/139 238/184/238 237/183/237
f 210/185/210 135/124/135 209/126/209
f 128/138/128 247/148/247 232/186/232
f 139/174/139 140/187/140 238/184/238
f 211/188/211 234/178/234 210/185/210
f 234/178/234 135/124/135 210/185/210
f 234/178/234 235/177/235 135/124/135
f 235/177/235 140/187/140 135/124/135
f 235/177/235 239/189/239 140/187/140
f 239/189/239 238/184/238 140/187/140
f 259/190/259 255/160/255 227/143/227
f 161/191/161 160/192/160 281/193/281
f 252/139/252 250/194/250 271/140/271
f 250/194/250 270/167/270 271/140/271
f 276/195/276 224/196/224 221/197/221
f 224/196/224 220/198/220 221/197/221
f 224/196/224 219/199/219 220/198/220
f 222/172/222 148/132/148 276/195/276
f 252/139/252 253/155/253 275/200/275
f 146/201/146 145/154/145 252/139/252
f 146/202/146 141/203/141 145/204/145
f 280/205/280 159/206/159 278/207/278
f 280/205/280 160/192/160 159/206/159
f 280/205/280 281/193/281 160/192/160
f 228/158/228 142/120/142 256/133/256
f 273/208/273 265/209/265 275/200/275
f 265/209/265 252/139/252 275/200/275
f 121/210/121 146/211/146 252/212/252
f 214/129/214 223/213/223 213/214/213
f 211/188/211 212/215/212 234/178/234
f 212/215/212 223/213/223 234/178/234
f 212/215/212 213/214/213 223/213/223
f 152/216/152 262/217/262 261/218/261
f 152/216/152 151/219/151 262/217/262
f 151/219/151 259/190/259 262/217/262
f 121/210/121 120/220/120 175/221/175
f 129/222/129 122/147/122 128/138/128
f 109/223/109 154/163/154 110/165/110
f 140/224/140 164/225/164 117/226/117
f 132/127/132 134/227/134 133/228/133
f 132/127/132 135/124/135 134/227/134
f 146/211/146 174/229/174 173/230/173
f 146/211/146 121/210/121 174/229/174
f 121/210/121 175/221/175 174/229/174
f 151/219/151 150/231/150 259/190/259
f 120/220/120 118/232/118 175/221/175
f 118/232/118 176/233/176 175/221/175
f 118/232/118 177/234/177 176/233/176
f 144/235/144 136/236/136 227/237/227
f 136/238/136 137/239/137 227/143/227
f 127/240/127 129/241/129 128/242/128
f 120/141/120 121/243/121 252/139/252
f 257/122/257 260/244/260 149/245/149
f 272/246/272 120/141/120 271/140/271
f 229/157/229 228/158/228 274/247/274
f 228/158/228 273/208/273 274/247/274
f 228/158/228 256/133/256 273/208/273
f 144/123/144 254/159/254 258/121/258
f 150/231/150 260/244/260 259/190/259
f 150/231/150 149/245/149 260/244/260
f 257/122/257 149/245/149 148/132/148
f 202/248/202 267/249/267 268/250/268
f 139/174/139 227/143/227 137/239/137
f 261/218/261 189/251/189 190/252/190
f 261/218/261 262/217/262 189/251/189
f 262/217/262 188/253/188 189/251/189
f 262/217/262 187/142/187 188/253/188
f 187/142/187 262/217/262 227/143/227
f 262/217/262 259/190/259 227/143/227
f 226/145/226 237/183/237 236/179/236
f 201/254/201 202/248/202 268/250/268
f 233/137/233 232/186/232 203/255/203
f 233/137/233 203/255/203 200/256/200
f 233/137/233 200/256/200 266/257/266
f 252/139/252 265/209/265 205/258/205
f 206/259/206 252/139/252 205/258/205
f 250/194/250 252/139/252 206/259/206
f 263/169/263 264/260/264 207/261/207
f 263/169/263 207/261/207 204/262/204
f 263/169/263 204/262/204 224/196/224
f 226/145/226 191/263/191 185/146/185
f 222/172/222 276/195/276 221/197/221
f 148/132/148 216/173/216 217/264/217
f 256/133/256 148/132/148 217/264/217
f 218/265/218 256/133/256 217/264/217
f 292/152/292 249/266/249 198/267/198
f 277/171/277 282/268/282 268/250/268
f 277/171/277 268/250/268 286/269/286
f 292/152/292 277/171/277 286/269/286
f 292/152/292 286/269/286 247/148/247
f 292/152/292 247/148/247 287/270/287
f 248/151/248 292/152/292 291/271/291
f 290/272/290 248/151/248 291/271/291
f 231/150/231 248/151/248 290/272/290
f 116/273/116 117/226/117 170/274/170
f 135/275/135 116/273/116 169/181/169
f 134/276/134 135/275/135 169/181/169
f 133/180/133 134/276/134 169/181/169
f 122/147/122 231/150/231 247/148/247
f 247/148/247 288/277/288 287/270/287
f 292/152/292 126/153/126 249/266/249
f 277/171/277 263/169/263 282/268/282
f 199/278/199 292/152/292 198/267/198
f 267/249/267 247/148/247 286/269/286
f 267/249/267 286/269/286 268/250/268
f 282/268/282 285/279/285 281/193/281
f 234/178/234 281/193/281 147/280/147
f 261/218/261 234/178/234 147/280/147
f 261/218/261 147/280/147 152/216/152
f 247/148/247 267/249/267 232/186/232
f 128/138/128 232/186/232 233/137/233
f 119/176/119 269/281/269 230/175/230
f 126/153/126 230/175/230 249/266/249
f 283/162/283 195/282/195 196/283/196
f 249/266/249 283/162/283 196/283/196
f 249/266/249 196/283/196 197/284/197
f 292/152/292 199/278/199 192/285/192
f 127/240/127 182/286/182 181/287/181
f 146/202/146 173/288/173 172/289/172
f 141/203/141 146/202/146 172/289/172
f 141/203/141 172/289/172 171/290/171
f 228/291/228 141/203/141 171/290/171
f 142/292/142 228/291/228 171/290/171
f 142/292/142 171/290/171 168/293/168
f 115/294/115 142/292/142 168/293/168
f 140/224/140 138/295/138 164/225/164
f 118/232/118 125/296/125 177/234/177
f 141/297/141 228/158/228 145/154/145
f 132/298/132 133/299/133 184/300/184
f 131/301/131 132/298/132 184/300/184
f 131/301/131 184/300/184 183/302/183
f 131/301/131 183/302/183 182/286/182
f 127/240/127 131/301/131 182/286/182
f 122/147/122 123/303/123 124/149/124
f 129/241/129 127/240/127 181/287/181
f 129/241/129 181/287/181 180/304/180
f 129/241/129 180/304/180 179/305/179
f 122/306/122 129/241/129 179/305/179
f 123/307/123 122/306/122 179/305/179
f 123/307/123 179/305/179 178/308/178
f 125/296/125 123/309/123 178/310/178
f 125/296/125 178/310/178 177/234/177
f 160/192/160 161/191/161 111/311/111
f 143/312/143 144/123/144 142/120/142
f 276/195/276 147/280/147 281/193/281
f 263/169/263 276/195/276 281/193/281
f 263/169/263 281/193/281 285/279/285
f 263/169/263 285/279/285 282/268/282
f 165/313/165 137/314/137 136/315/136
f 256/133/256 218/265/218 219/199/219
f 273/208/273 256/133/256 224/196/224
f 265/209/265 273/208/273 224/196/224
f 242/118/242 158/316/158 162/317/162
f 292/152/292 192/285/192 193/318/193
f 240/119/240 242/118/242 162/317/162
f 223/213/223 240/119/240 162/317/162
f 245/135/245 233/137/233 266/257/266
f 245/135/245 266/257/266 278/207/278
f 242/118/242 245/135/245 278/207/278
f 135/275/135 140/224/140 117/226/117
f 116/273/116 135/275/135 117/226/117
f 166/319/166 164/225/164 138/295/138
f 166/319/166 138/295/138 137/314/137
f 165/313/165 166/319/166 137/314/137
f 256/133/256 219/199/219 224/196/224
f 163/320/163 165/321/165 136/236/136
f 163/320/163 136/236/136 144/235/144
f 163/320/163 144/235/144 143/322/143
f 114/323/114 163/320/163 143/322/143
f 142/292/142 114/323/114 143/322/143
f 113/324/113 114/323/114 142/292/142
f 113/324/113 142/292/142 115/294/115
f 169/181/169 116/273/116 170/274/170
f 112/325/112 115/294/115 168/293/168
f 112/326/112 168/327/168 167/328/167
f 118/329/118 119/176/119 126/153/126
f 125/296/125 118/232/118 126/330/126
f 123/303/123 125/331/125 126/153/126
f 123/303/123 126/153/126 124/149/124
f 118/232/118 120/220/120 119/332/119
f 231/150/231 289/333/289 288/277/288
f 276/195/276 263/169/263 224/196/224
f 280/205/280 268/250/268 282/268/282
f 280/205/280 201/254/201 268/250/268
f 283/162/283 225/164/225 154/163/154
f 283/162/283 230/175/230 225/164/225
f 283/162/283 249/266/249 230/175/230
f 242/118/242 278/207/278 158/316/158
f 231/150/231 288/277/288 247/148/247
f 281/193/281 280/205/280 282/268/282
f 231/150/231 290/272/290 289/333/289
f 198/267/198 249/266/249 197/284/197
f 195/282/195 283/162/283 194/334/194
f 283/162/283 277/171/277 194/334/194
f 283/162/283 153/161/153 277/171/277
f 194/334/194 277/171/277 193/318/193
f 277/171/277 292/152/292 193/318/193
f 279/335/279 261/218/261 190/252/190
f 214/129/214 240/119/240 223/213/223
f 191/263/191 226/145/226 279/335/279
f 226/145/226 234/178/234 279/335/279
f 223/213/223 281/193/281 234/178/234
f 223/213/223 161/191/161 281/193/281
f 119/176/119 284/336/284 269/281/269
f 119/176/119 120/141/120 284/336/284
f 120/141/120 272/246/272 284/336/284
f 250/194/250 264/260/264 270/167/270
f 264/260/264 156/168/156 270/167/270
f 264/260/264 263/169/263 156/168/156
f 278/207/278 266/257/266 280/205/280
f 279/335/279 234/178/234 261/218/261
f 295/337/295 297/338/297 296/339/296
f 294/340/294 296/339/296 293/341/293
f 294/342/294 295/343/295 296/344/296
f 299/345/299 301/346/301 300/347/300
f 298/348/298 299/345/299 300/347/300
f 305/349/305 303/350/303 302/351/302
f 305/352/305 304/353/304 303/354/303
f 306/355/306 309/356/309 307/357/307
f 307/357/307 309/356/309 308/358/308
f 313/359/313 311/360/311 312/361/312
f 313/362/313 314/363/314 311/364/311
f 314/365/314 310/366/310 311/360/311
f 314/363/314 315/367/315 310/368/310
f 319/369/319 317/370/317 316/371/316
f 318/372/318 319/369/319 316/371/316
f 323/373/323 322/374/322 321/375/321
f 323/373/323 321/375/321 320/376/320
f 325/377/325 327/378/327 326/379/326
f 327/380/327 328/381/328 326/382/326
f 329/383/329 327/380/327 325/384/325
f 324/385/324 329/386/329 325/377/325
f 330/387/330 331/388/331 333/389/333
f 331/388/331 332/390/332 333/389/333
f 337/391/337 334/392/334 335/393/335
f 334/392/334 336/394/336 335/393/335
f 355/395/355 344/396/344 338/397/338
f 344/396/344 345/398/345 338/397/338
f 338/397/338 343/399/343 355/395/355
f 338/397/338 342/400/342 343/399/343
f 345/398/345 344/396/344 349/401/349
f 344/396/344 350/402/350 349/401/349
f 350/402/350 351/403/351 349/401/349
f 350/402/350 346/404/346 351/403/351
f 346/404/346 348/405/348 351/403/351
f 340/406/340 348/405/348 346/404/346
f 340/406/340 339/407/339 348/405/348
f 347/408/347 354/409/354 356/410/356
f 356/410/356 353/411/353 341/412/341
f 356/413/356 352/414/352 353/415/353
f 356/413/356 341/416/341 347/417/347
f 346/404/346 347/417/347 341/416/341
f 340/406/340 346/404/346 341/416/341
f 378/418/378 364/419/364 379/420/379
f 375/421/375 372/422/372 376/423/376
f 371/424/371 370/425/370 382/426/382
f 378/418/378 363/427/363 362/428/362
f 372/422/372 388/429/388 376/423/376
f 358/430/358 372/422/372 375/421/375
f 366/431/366 371/424/371 382/426/382
f 370/425/370 383/432/383 382/426/382
f 370/425/370 367/433/367 383/432/383
f 367/433/367 384/434/384 383/432/383
f 364/419/364 365/435/365 360/436/360
f 367/437/367 369/438/369 385/439/385
f 369/438/369 386/440/386 385/439/385
f 369/438/369 387/441/387 386/440/386
f 369/438/369 368/442/368 387/441/387
f 368/442/368 375/421/375 387/441/387
f 368/442/368 359/443/359 375/421/375
f 378/418/378 362/428/362 360/436/360
f 367/437/367 385/439/385 384/444/384
f 378/418/378 360/436/360 365/435/365
f 372/422/372 373/445/373 388/429/388
f 373/445/373 389/446/389 388/429/388
f 373/445/373 377/447/377 389/446/389
f 373/445/373 374/448/374 377/447/377
f 374/449/374 361/450/361 377/451/377
f 361/450/361 357/452/357 377/451/377
f 364/419/364 378/418/378 365/435/365
f 366/431/366 382/426/382 381/453/381
f 364/419/364 366/431/366 380/454/380
f 366/431/366 381/453/381 380/454/380
f 375/421/375 359/443/359 358/430/358
f 364/419/364 380/454/380 379/420/379
f 391/455/391 393/456/393 392/457/392
f 390/458/390 391/455/391 392/457/392
f 394/459/394 395/460/395 396/461/396
f 395/460/395 397/462/397 396/461/396
f 398/463/398 400/464/400 401/465/401
f 398/463/398 401/465/401 399/466/399
f 402/467/402 404/468/404 403/469/403
f 404/470/404 405/471/405 403/472/403
f 406/473/406 409/474/409 407/475/407
f 406/473/406 408/476/408 409/474/409
f 410/477/410 412/478/412 411/479/411
f 412/480/412 413/481/413 411/482/411
f 414/483/414 417/484/417 415/485/415
f 414/483/414 416/486/416 417/484/417
f 418/487/418 420/488/420 419/489/419
f 420/490/420 421/491/421 419/492/419
f 422/493/422 424/494/424 425/495/425
f 422/493/422 423/496/423 424/494/424
f 426/497/426 427/498/427 429/499/429
f 428/500/428 426/501/426 429/502/429
f 430/503/430 432/504/432 433/505/433
f 430/503/430 433/505/433 431/506/431
f 436/507/436 437/508/437 435/509/435
f 434/510/434 436/511/436 435/512/435
f 438/513/438 441/514/441 439/515/439
f 438/513/438 440/516/440 441/514/441
f 442/517/442 444/518/444 443/519/443
f 444/520/444 445/521/445 443/522/443
f 446/523/446 449/524/449 447/525/447
f 446/523/446 448/526/448 449/524/449
f 450/527/450 452/528/452 451/529/451
f 452/530/452 453/531/453 451/532/451
f 454/533/454 457/534/457 455/535/455
f 454/533/454 456/536/456 457/534/457
f 458/537/458 459/538/459 461/539/461
f 460/540/460 458/541/458 461/542/461
f 462/543/462 464/544/464 465/545/465
f 462/543/462 465/545/465 463/546/463
f 467/547/467 469/548/469 468/549/468
f 466/550/466 467/551/467 468/552/468
f 470/553/470 471/554/471 472/555/472
f 470/553/470 472/555/472 473/556/473
f 474/557/474 476/558/476 475/559/475
f 476/560/476 477/561/477 475/562/475
f 478/563/478 481/564/481 479/565/479
f 478/563/478 480/566/480 481/564/481
f 482/567/482 483/568/483 485/569/485
f 483/570/483 484/571/484 485/572/485
f 486/573/486 488/574/488 489/575/489
f 486/573/486 487/576/487 488/574/488
f 492/577/492 490/578/490 493/579/493
f 490/580/490 491/581/491 493/582/493
f 494/583/494 497/584/497 495/585/495
f 494/583/494 496/586/496 497/584/497
f 498/587/498 499/588/499 500/589/500
f 499/590/499 501/591/501 500/592/500
f 502/593/502 504/594/504 505/595/505
f 502/593/502 503/596/503 504/594/504
f 506/597/506 508/598/508 507/599/507
f 508/600/508 509/601/509 507/602/507
f 510/603/510 513/604/513 511/605/511
f 510/603/510 512/606/512 513/604/513
f 514/607/514 515/608/515 516/609/516
f 515/610/515 517/611/517 516/612/516
f 518/613/518 520/614/520 521/615/521
f 518/613/518 519/616/519 520/614/520
f 522/617/522 523/618/523 525/619/525
f 524/620/524 522/621/522 525/622/525
f 526/623/526 528/624/528 529/625/529
f 526/623/526 529/625/529 527/626/527
f 532/627/532 533/628/533 531/629/531
f 530/630/530 532/631/532 531/632/531
f 534/633/534 536/634/536 537/635/537
f 534/633/534 537/635/537 535/636/535
f 540/637/540 541/638/541 539/639/539
f 538/640/538 540/641/540 539/642/539
f 542/643/542 544/644/544 545/645/545
f 542/643/542 545/645/545 543/646/543
f 546/647/546 548/648/548 547/649/547
f 548/650/548 549/651/549 547/652/547
f 550/653/550 553/654/553 551/655/551
f 550/653/550 552/656/552 553/654/553
f 556/657/556 554/658/554 557/659/557
f 554/660/554 555/661/555 557/662/557
f 558/663/558 560/664/560 561/665/561
f 558/663/558 559/666/559 560/664/560
f 562/667/562 565/668/565 563/669/563
f 562/667/562 564/670/564 565/668/565
f 566/671/566 568/672/568 567/673/567
f 568/672/568 569/674/569 567/673/567
f 570/675/570 572/676/572 573/677/573
f 570/675/570 573/677/573 571/678/571
f 576/679/576 577/680/577 575/681/575
f 574/682/574 576/679/576 575/681/575
f 578/683/578 581/684/581 580/685/580
f 578/683/578 580/685/580 579/686/579
f 584/687/584 582/688/582 585/689/585
f 584/687/584 585/689/585 583/690/583
f 589/691/589 588/692/588 586/693/586
f 588/692/588 587/694/587 586/693/586
f 591/695/591 593/696/593 592/697/592
f 590/698/590 591/695/591 592/697/592
f 596/699/596 597/700/597 595/701/595
f 596/699/596 595/701/595 594/702/594
f 600/703/600 599/704/599 601/705/601
f 599/704/599 605/706/605 601/705/601
f 604/707/604 600/703/600 603/708/603
f 604/707/604 599/704/599 600/703/600
f 599/704/599 598/709/598 605/706/605
f 598/710/598 602/711/602 605/712/605
f 610/713/610 615/714/615 614/715/614
f 610/713/610 607/716/607 615/714/615
f 607/716/607 616/717/616 615/714/615
f 607/716/607 612/718/612 616/717/616
f 606/719/606 608/720/608 611/721/611
f 608/722/608 613/723/613 611/724/611
f 608/720/608 614/715/614 613/725/613
f 608/720/608 610/713/610 614/715/614
f 609/726/609 608/722/608 606/727/606
f 635/728/635 657/729/657 660/730/660
f 639/731/639 642/732/642 623/733/623
f 639/731/639 623/733/623 624/734/624
f 651/735/651 645/736/645 625/737/625
f 651/735/651 625/737/625 626/738/626
f 645/736/645 646/739/646 625/737/625
f 646/739/646 622/740/622 625/737/625
f 634/741/634 635/728/635 617/742/617
f 635/728/635 640/743/640 617/742/617
f 635/728/635 659/744/659 640/743/640
f 635/728/635 660/730/660 659/744/659
f 647/745/647 626/738/626 627/746/627
f 647/745/647 650/747/650 626/738/626
f 648/748/648 628/749/628 620/750/620
f 648/748/648 649/751/649 628/749/628
f 618/752/618 652/753/652 619/754/619
f 630/755/630 620/750/620 629/756/629
f 650/747/650 651/735/651 626/738/626
f 642/732/642 655/757/655 623/733/623
f 621/758/621 622/740/622 646/739/646
f 645/736/645 644/759/644 646/739/646
f 628/749/628 647/745/647 627/746/627
f 620/750/620 618/752/618 619/754/619
f 620/750/620 628/749/628 629/756/629
f 641/760/641 655/757/655 642/732/642
f 618/752/618 631/761/631 632/762/632
f 620/750/620 630/755/630 631/761/631
f 655/757/655 656/763/656 638/764/638
f 638/764/638 656/763/656 658/765/658
f 637/766/637 638/764/638 658/765/658
f 655/757/655 638/764/638 623/733/623
f 636/767/636 637/766/637 657/729/657
f 635/728/635 636/767/636 657/729/657
f 637/766/637 658/765/658 657/729/657
f 618/752/618 620/750/620 631/761/631
f 618/752/618 643/768/643 654/769/654
f 632/762/632 633/770/633 618/752/618
f 633/770/633 634/741/634 617/742/617
f 633/770/633 617/742/617 618/752/618
f 618/752/618 653/771/653 652/753/652
f 653/771/653 618/752/618 654/769/654
f 649/751/649 647/745/647 628/749/628
f 664/772/664 663/773/663 662/774/662
f 664/772/664 662/774/662 661/775/661
f 666/776/666 667/777/667 668/778/668
f 665/779/665 666/776/666 668/778/668
f 669/780/669 670/781/670 671/782/671
f 670/781/670 672/783/672 671/782/671
f 673/784/673 674/785/674 675/786/675
f 674/785/674 676/787/676 675/786/675
f 678/788/678 681/789/681 680/790/680
f 679/791/679 677/792/677 682/793/682
f 678/788/678 679/794/679 681/789/681
f 679/791/679 682/793/682 681/795/681
f 683/796/683 686/797/686 685/798/685
f 684/799/684 683/796/683 685/798/685
f 688/800/688 689/801/689 690/802/690
f 687/803/687 692/804/692 691/805/691
f 689/806/689 687/803/687 691/805/691
f 689/806/689 691/805/691 690/807/690
f 693/808/693 694/809/694 695/810/695
f 694/809/694 696/811/696 695/810/695
f 697/812/697 701/813/701 704/814/704
f 697/812/697 704/814/704 703/815/703
f 698/816/698 697/817/697 703/818/703
f 698/816/698 703/818/703 702/819/702
f 701/813/701 705/820/705 704/814/704
f 699/821/699 698/816/698 702/819/702
f 701/822/701 700/823/700 705/824/705
f 707/825/707 709/826/709 708/827/708
f 706/828/706 707/829/707 708/830/708
f 711/831/711 710/832/710 712/833/712
f 710/834/710 713/835/713 712/836/712
f 715/837/715 714/838/714 716/839/716
f 714/838/714 717/840/717 716/839/716
f 718/841/718 719/842/719 720/843/720
f 719/842/719 721/844/721 720/843/720
f 722/845/722 723/846/723 724/847/724
f 723/846/723 725/848/725 724/847/724
f 727/849/727 729/850/729 728/851/728
f 726/852/726 727/853/727 728/854/728
f 730/855/730 733/856/733 732/857/732
f 731/858/731 730/855/730 732/857/732
f 734/859/734 737/860/737 736/861/736
f 734/859/734 735/862/735 737/860/737
f 738/863/738 739/864/739 740/865/740
f 739/866/739 741/867/741 740/868/740
f 743/869/743 744/870/744 745/871/745
f 744/870/744 746/872/746 745/871/745
f 744/870/744 742/873/742 746/872/746
f 748/874/748 751/875/751 750/876/750
f 747/877/747 748/874/748 750/876/750
f 747/877/747 750/876/750 749/878/749
f 752/879/752 755/880/755 754/881/754
f 753/882/753 752/879/752 754/881/754
f 756/883/756 757/884/757 759/885/759
f 756/883/756 759/885/759 758/886/758
f 772/887/772 768/888/768 764/889/764
f 769/890/769 767/891/767 768/892/768
f 762/893/762 772/887/772 761/894/761
f 769/890/769 770/895/770 767/891/767
f 763/896/763 771/897/771 760/898/760
f 772/887/772 769/899/769 768/888/768
f 771/897/771 763/896/763 765/900/765
f 771/897/771 765/900/765 766/901/766
f 772/887/772 764/889/764 761/894/761
f 770/895/770 771/897/771 766/901/766
f 770/895/770 766/901/766 767/891/767
f 775/902/775 784/903/784 786/904/786
f 779/905/779 777/906/777 794/907/794
f 791/908/791 780/909/780 778/910/778
f 782/911/782 788/912/788 787/913/787
f 783/914/783 790/915/790 789/916/789
f 782/911/782 789/916/789 788/912/788
f 785/917/785 782/911/782 787/913/787
f 779/905/779 776/918/776 777/906/777
f 791/908/791 792/919/792 780/909/780
f 783/914/783 781/920/781 793/921/793
f 783/914/783 793/921/793 790/915/790
f 779/905/779 778/910/778 773/922/773
f 792/919/792 793/923/793 780/909/780
f 794/907/794 791/908/791 778/910/778
f 794/907/794 778/910/778 779/905/779
f 781/924/781 780/909/780 793/923/793
f 784/903/784 787/913/787 786/904/786
f 784/903/784 785/917/785 787/913/787
f 775/902/775 786/904/786 774/925/774
f 782/911/782 783/914/783 789/916/789
f 795/926/795 797/927/797 796/928/796
f 797/927/797 798/929/798 796/928/796
f 797/927/797 800/930/800 798/929/798
f 813/931/813 815/932/815 814/933/814
f 813/931/813 816/934/816 815/932/815
f 814/935/814 815/936/815 823/937/823
f 816/938/816 795/926/795 796/928/796
f 815/936/815 796/939/796 824/940/824
f 824/940/824 796/939/796 817/941/817
f 796/939/796 818/942/818 817/941/817
f 796/928/796 798/929/798 818/943/818
f 805/944/805 806/945/806 804/946/804
f 803/947/803 805/948/805 804/949/804
f 816/938/816 796/928/796 815/950/815
f 813/931/813 814/933/814 812/951/812
f 809/952/809 810/953/810 808/954/808
f 811/955/811 813/931/813 812/951/812
f 809/956/809 811/955/811 812/951/812
f 809/952/809 812/957/812 810/953/810
f 804/958/804 821/959/821 820/960/820
f 804/958/804 806/961/806 821/959/821
f 806/962/806 808/954/808 821/963/821
f 812/951/812 814/933/814 823/964/823
f 821/959/821 808/965/808 822/966/822
f 812/967/812 823/937/823 822/966/822
f 810/968/810 812/967/812 822/966/822
f 808/954/808 810/953/810 822/969/822
f 818/942/818 800/970/800 819/971/819
f 800/970/800 802/972/802 819/971/819
f 802/973/802 804/946/804 819/974/819
f 804/946/804 820/975/820 819/974/819
f 815/932/815 824/976/824 823/964/823
f 807/977/807 809/952/809 808/954/808
f 805/948/805 807/977/807 808/954/808
f 805/948/805 808/954/808 806/962/806
f 798/978/798 800/970/800 818/942/818
f 797/927/797 799/979/799 800/930/800
f 799/980/799 801/981/801 800/982/800
f 801/981/801 802/973/802 800/982/800
f 801/981/801 804/946/804 802/973/802
f 801/981/801 803/983/803 804/946/804
f 825/984/825 844/985/844 853/986/853
f 842/987/842 840/988/840 846/989/846
f 842/990/842 846/991/846 853/986/853
f 844/985/844 842/990/842 853/986/853
f 834/992/834 836/993/836 835/994/835
f 832/995/832 834/996/834 835/997/835
f 838/998/838 839/999/839 837/1000/837
f 830/1001/830 828/1002/828 850/1003/850
f 832/995/832 830/1004/830 850/1005/850
f 832/995/832 850/1005/850 849/1006/849
f 836/993/836 838/998/838 837/1000/837
f 836/993/836 837/1000/837 835/994/835
f 842/987/842 845/1007/845 843/1008/843
f 842/987/842 843/1008/843 841/1009/841
f 844/1010/844 825/1011/825 845/1012/845
f 825/1011/825 827/1013/827 845/1012/845
f 850/1003/850 828/1002/828 851/1014/851
f 828/1002/828 826/1015/826 851/1014/851
f 826/1016/826 825/1011/825 851/1017/851
f 825/1011/825 852/1018/852 851/1017/851
f 838/998/838 841/1019/841 839/999/839
f 825/984/825 853/986/853 852/1020/852
f 840/988/840 842/987/842 841/1009/841
f 838/1021/838 840/988/840 841/1009/841
f 842/987/842 844/1022/844 845/1007/845
f 838/998/838 836/993/836 847/1023/847
f 846/991/846 838/1024/838 847/1025/847
f 836/1026/836 834/1027/834 848/1028/848
f 834/1027/834 832/1029/832 848/1028/848
f 832/1029/832 849/1030/849 848/1028/848
f 832/995/832 833/1031/833 831/1032/831
f 832/995/832 835/997/835 833/1031/833
f 828/1033/828 831/1032/831 829/1034/829
f 828/1033/828 830/1004/830 831/1032/831
f 830/1004/830 832/995/832 831/1032/831
f 825/1011/825 826/1016/826 827/1013/827
f 836/1026/836 848/1028/848 847/1025/847
f 840/1035/840 838/1024/838 846/991/846
f 854/1036/854 856/1037/856 855/1038/855
f 856/1037/856 857/1039/857 855/1038/855
f 867/1040/867 879/1041/879 869/1042/869
f 867/1040/867 869/1042/869 868/1043/868
f 870/1044/870 871/1045/871 869/1042/869
f 879/1041/879 870/1044/870 869/1042/869
f 870/1046/870 872/1047/872 873/1048/873
f 870/1044/870 873/1049/873 871/1045/871
f 878/1050/878 858/1051/858 877/1052/877
f 876/1053/876 878/1050/878 877/1052/877
f 875/1054/875 877/1055/877 886/1056/886
f 871/1057/871 873/1058/873 885/1059/885
f 869/1042/869 871/1045/871 885/1060/885
f 873/1048/873 875/1061/875 886/1062/886
f 877/1055/877 858/1063/858 887/1064/887
f 858/1051/858 860/1065/860 881/1066/881
f 858/1063/858 881/1067/881 880/1068/880
f 887/1064/887 858/1063/858 880/1068/880
f 867/1069/867 868/1070/868 866/1071/866
f 877/1072/877 887/1073/887 886/1062/886
f 873/1058/873 886/1056/886 885/1059/885
f 884/1074/884 869/1075/869 885/1059/885
f 874/1076/874 876/1077/876 877/1072/877
f 874/1076/874 877/1072/877 875/1061/875
f 874/1076/874 875/1061/875 873/1048/873
f 872/1047/872 874/1076/874 873/1048/873
f 859/1078/859 862/1079/862 860/1065/860
f 859/1078/859 860/1065/860 858/1051/858
f 860/1080/860 862/1081/862 881/1067/881
f 865/1082/865 867/1040/867 866/1083/866
f 863/1084/863 865/1085/865 866/1071/866
f 862/1081/862 864/1086/864 882/1087/882
f 859/1078/859 861/1088/861 862/1079/862
f 861/1089/861 863/1084/863 862/1090/862
f 864/1091/864 866/1071/866 882/1092/882
f 866/1093/866 884/1074/884 883/1094/883
f 868/1043/868 869/1042/869 884/1095/884
f 866/1071/866 883/1096/883 882/1092/882
f 863/1084/863 864/1091/864 862/1090/862
f 863/1084/863 866/1071/866 864/1091/864
f 878/1050/878 859/1078/859 858/1051/858
f 866/1093/866 868/1097/868 884/1074/884
f 881/1067/881 862/1081/862 882/1087/882
f 905/1098/905 907/1099/907 916/1100/916
f 895/1101/895 897/1102/897 912/1103/912
f 911/1104/911 893/1105/893 912/1106/912
f 902/1107/902 903/1108/903 901/1109/901
f 900/1110/900 902/1107/902 901/1109/901
f 898/1111/898 900/1110/900 901/1109/901
f 898/1111/898 901/1109/901 899/1112/899
f 898/1113/898 899/1114/899 897/1102/897
f 896/1115/896 898/1111/898 897/1116/897
f 894/1117/894 896/1118/896 897/1102/897
f 894/1117/894 897/1102/897 895/1101/895
f 894/1117/894 895/1101/895 893/1119/893
f 892/1120/892 894/1117/894 893/1119/893
f 888/1121/888 890/1122/890 889/1123/889
f 914/1124/914 901/1125/901 915/1126/915
f 890/1122/890 892/1127/892 893/1128/893
f 890/1122/890 893/1128/893 891/1129/891
f 906/1130/906 907/1099/907 905/1098/905
f 893/1105/893 895/1131/895 912/1106/912
f 897/1102/897 913/1132/913 912/1103/912
f 897/1133/897 914/1124/914 913/1134/913
f 897/1133/897 899/1135/899 914/1124/914
f 899/1112/899 901/1109/901 914/1136/914
f 909/1137/909 888/1121/888 889/1123/889
f 909/1137/909 889/1123/889 908/1138/908
f 906/1130/906 909/1139/909 908/1140/908
f 906/1130/906 908/1140/908 907/1099/907
f 903/1141/903 905/1142/905 915/1126/915
f 905/1142/905 916/1143/916 915/1126/915
f 908/1144/908 889/1145/889 917/1146/917
f 891/1147/891 893/1105/893 911/1104/911
f 901/1109/901 903/1108/903 915/1148/915
f 904/1149/904 906/1130/906 905/1098/905
f 902/1150/902 904/1149/904 905/1098/905
f 902/1107/902 905/1151/905 903/1108/903
f 908/1140/908 917/1152/917 916/1100/916
f 907/1153/907 908/1144/908 916/1143/916
f 917/1146/917 889/1145/889 910/1154/910
f 889/1145/889 911/1104/911 910/1154/910
f 889/1123/889 891/1129/891 911/1155/911
f 890/1122/890 891/1129/891 889/1123/889
f 918/1156/918 920/1157/920 919/1158/919
f 920/1157/920 921/1159/921 919/1158/919
f 920/1157/920 923/1160/923 921/1159/921
f 920/1157/920 922/1161/922 923/1160/923
f 922/1162/922 924/1163/924 923/1164/923
f 933/1165/933 935/1166/935 934/1167/934
f 935/1166/935 936/1168/936 934/1167/934
f 932/1169/932 934/1170/934 946/1171/946
f 945/1172/945 930/1173/930 946/1171/946
f 938/1174/938 948/1175/948 947/1176/947
f 934/1170/934 947/1177/947 946/1171/946
f 936/1178/936 938/1179/938 947/1177/947
f 928/1180/928 930/1181/930 945/1182/945
f 930/1181/930 932/1183/932 946/1184/946
f 926/1185/926 945/1172/945 944/1186/944
f 935/1166/935 938/1174/938 936/1168/936
f 935/1166/935 937/1187/937 938/1174/938
f 937/1188/937 939/1189/939 938/1190/938
f 939/1189/939 919/1158/919 938/1190/938
f 939/1189/939 918/1156/918 919/1158/919
f 938/1179/938 919/1191/919 948/1192/948
f 934/1167/934 936/1168/936 947/1176/947
f 948/1192/948 919/1191/919 941/1193/941
f 919/1191/919 942/1194/942 941/1193/941
f 919/1158/919 921/1159/921 942/1195/942
f 921/1196/921 923/1197/923 942/1194/942
f 942/1194/942 923/1197/923 943/1198/943
f 923/1197/923 925/1199/925 943/1198/943
f 925/1200/925 926/1201/926 943/1202/943
f 926/1201/926 944/1203/944 943/1202/943
f 926/1185/926 928/1204/928 945/1172/945
f 940/1205/940 927/1206/927 926/1207/926
f 931/1208/931 933/1165/933 934/1167/934
f 931/1209/931 934/1210/934 932/1183/932
f 931/1209/931 932/1183/932 930/1181/930
f 929/1211/929 931/1209/931 930/1181/930
f 927/1206/927 929/1211/929 930/1181/930
f 924/1163/924 940/1212/940 926/1201/926
f 924/1163/924 925/1200/925 923/1164/923
f 924/1163/924 926/1201/926 925/1200/925
f 927/1213/927 928/1214/928 926/1201/926
f 927/1206/927 930/1181/930 928/1180/928
f 969/1215/969 950/1216/950 978/1217/978
f 972/1218/972 954/1219/954 973/1220/973
f 952/1221/952 954/1219/954 972/1218/972
f 956/1222/956 958/1223/958 973/1224/973
f 954/1219/954 956/1225/956 973/1220/973
f 958/1226/958 975/1227/975 974/1228/974
f 969/1229/969 978/1230/978 977/1231/977
f 955/1232/955 956/1222/956 954/1233/954
f 953/1234/953 955/1232/955 954/1233/954
f 955/1232/955 957/1235/957 958/1223/958
f 957/1236/957 959/1237/959 958/1238/958
f 950/1239/950 952/1240/952 972/1241/972
f 950/1216/950 972/1218/972 971/1242/971
f 978/1217/978 950/1216/950 971/1242/971
f 958/1223/958 974/1243/974 973/1224/973
f 966/1244/966 968/1245/968 977/1231/977
f 966/1246/966 977/1247/977 976/1248/976
f 964/1249/964 966/1246/966 976/1248/976
f 975/1227/975 962/1250/962 976/1248/976
f 960/1251/960 962/1252/962 975/1253/975
f 958/1226/958 960/1254/960 975/1227/975
f 968/1255/968 969/1215/969 977/1247/977
f 967/1256/967 968/1245/968 966/1244/966
f 967/1256/967 969/1229/969 968/1245/968
f 967/1256/967 970/1257/970 969/1229/969
f 970/1258/970 950/1239/950 969/1259/969
f 970/1258/970 949/1260/949 950/1239/950
f 951/1261/951 952/1240/952 950/1239/950
f 951/1261/951 954/1262/954 952/1240/952
f 951/1261/951 953/1263/953 954/1262/954
f 949/1260/949 951/1261/951 950/1239/950
f 955/1232/955 958/1223/958 956/1222/956
f 962/1252/962 964/1264/964 976/1265/976
f 959/1266/959 960/1267/960 958/1223/958
f 963/1268/963 964/1264/964 962/1252/962
f 959/1237/959 962/1252/962 960/1251/960
f 959/1237/959 961/1269/961 962/1252/962
f 961/1269/961 963/1268/963 962/1252/962
f 965/1270/965 967/1256/967 966/1244/966
f 963/1271/963 965/1270/965 966/1244/966
f 963/1268/963 966/1272/966 964/1264/964
f 1104/1273/1104 1133/1274/1133 1103/1275/1103
f 1150/1276/1150 1146/1277/1146 1112/1278/1112
f 1146/1277/1146 1111/1279/1111 1112/1278/1112
f 1146/1277/1146 1110/1280/1110 1111/1279/1111
f 1146/1277/1146 1129/1281/1129 1110/1280/1110
f 1110/1282/1110 1129/1283/1129 1109/1284/1109
f 1129/1283/1129 1149/1285/1149 1109/1284/1109
f 1149/1285/1149 1108/1286/1108 1109/1284/1109
f 1143/1287/1143 1144/1288/1144 1118/1289/1118
f 1149/1285/1149 1130/1290/1130 1107/1291/1107
f 1107/1291/1107 1130/1290/1130 1106/1292/1106
f 1130/1290/1130 1131/1293/1131 1106/1292/1106
f 1131/1293/1131 1105/1294/1105 1106/1292/1106
f 1131/1293/1131 1132/1295/1132 1105/1294/1105
f 1105/1294/1105 1132/1295/1132 1104/1273/1104
f 1132/1295/1132 1133/1274/1133 1104/1273/1104
f 1113/1296/1113 1150/1276/1150 1112/1278/1112
f 1133/1297/1133 1148/1298/1148 1103/1299/1103
f 1103/1299/1103 1148/1298/1148 1102/1300/1102
f 1148/1298/1148 1134/1301/1134 1102/1300/1102
f 1102/1300/1102 1134/1301/1134 1101/1302/1101
f 1134/1301/1134 1135/1303/1135 1101/1302/1101
f 1135/1303/1135 1136/1304/1136 1101/1302/1101
f 1101/1302/1101 1136/1304/1136 1126/1305/1126
f 1136/1304/1136 1137/1306/1137 1125/1307/1125
f 1137/1306/1137 1151/1308/1151 1125/1307/1125
f 1125/1307/1125 1151/1308/1151 1124/1309/1124
f 1151/1308/1151 1138/1310/1138 1124/1309/1124
f 1124/1309/1124 1138/1310/1138 1123/1311/1123
f 1138/1312/1138 1139/1313/1139 1123/1314/1123
f 1123/1314/1123 1139/1313/1139 1122/1315/1122
f 1139/1313/1139 1140/1316/1140 1122/1315/1122
f 1044/1317/1044 1022/1318/1022 1021/1319/1021
f 1084/1320/1084 1051/1321/1051 992/1322/992
f 1051/1321/1051 991/1323/991 992/1322/992
f 1051/1321/1051 990/1324/990 991/1323/991
f 997/1325/997 998/1326/998 1094/1327/1094
f 998/1326/998 979/1328/979 1094/1327/1094
f 998/1326/998 999/1329/999 979/1328/979
f 999/1329/999 1052/1330/1052 979/1328/979
f 999/1329/999 1054/1331/1054 1052/1330/1052
f 999/1329/999 1127/1332/1127 1054/1331/1054
f 1031/1333/1031 1092/1334/1092 1032/1335/1032
f 1031/1333/1031 1042/1336/1042 1092/1334/1092
f 1042/1336/1042 1024/1337/1024 1092/1334/1092
f 1100/1338/1100 1091/1339/1091 1094/1327/1094
f 1100/1338/1100 1005/1340/1005 1091/1339/1091
f 1094/1327/1094 1091/1339/1091 1095/1341/1095
f 1122/1315/1122 1140/1316/1140 1121/1342/1121
f 1044/1317/1044 1023/1343/1023 1022/1318/1022
f 1044/1317/1044 1043/1344/1043 1023/1343/1023
f 1043/1344/1043 1092/1334/1092 1023/1343/1023
f 1036/1345/1036 1093/1346/1093 1063/1347/1063
f 1036/1345/1036 1035/1348/1035 1093/1346/1093
f 1035/1348/1035 1034/1349/1034 1093/1346/1093
f 1092/1334/1092 1033/1350/1033 1032/1335/1032
f 1092/1334/1092 1093/1346/1093 1033/1350/1033
f 1093/1346/1093 1034/1349/1034 1033/1350/1033
f 997/1325/997 1094/1327/1094 996/1351/996
f 1149/1285/1149 1107/1291/1107 1108/1286/1108
f 1126/1305/1126 1136/1304/1136 1125/1307/1125
f 1127/1332/1127 1128/1352/1128 1054/1331/1054
f 1150/1276/1150 1113/1296/1113 1147/1353/1147
f 1048/1354/1048 1047/1355/1047 1002/1356/1002
f 1045/1357/1045 1044/1317/1044 1021/1319/1021
f 1079/1358/1079 1083/1359/1083 1087/1360/1087
f 1081/1361/1081 1083/1359/1083 1082/1362/1082
f 1081/1361/1081 1082/1362/1082 1000/1363/1000
f 1082/1362/1082 1048/1354/1048 1000/1363/1000
f 1046/1364/1046 1047/1355/1047 1085/1365/1085
f 1012/1366/1012 1087/1360/1087 1086/1367/1086
f 1087/1360/1087 1083/1359/1083 1088/1368/1088
f 1083/1359/1083 1081/1361/1081 1088/1368/1088
f 1081/1361/1081 1089/1369/1089 1088/1368/1088
f 1081/1361/1081 1008/1370/1008 1089/1369/1089
f 1078/1371/1078 1080/1372/1080 1019/1373/1019
f 1056/1374/1056 1123/1314/1123 1122/1315/1122
f 1056/1375/1056 1051/1321/1051 1123/1376/1123
f 1048/1354/1048 1002/1356/1002 1001/1377/1001
f 1045/1357/1045 1021/1319/1021 1020/1378/1020
f 1047/1355/1047 1046/1364/1046 1002/1356/1002
f 1046/1364/1046 1003/1379/1003 1002/1356/1002
f 1046/1364/1046 1004/1380/1004 1003/1379/1003
f 1012/1366/1012 1086/1367/1086 1013/1381/1013
f 1086/1367/1086 1014/1382/1014 1013/1381/1013
f 1090/1383/1090 1016/1384/1016 1100/1338/1100
f 1090/1383/1090 1017/1385/1017 1016/1384/1016
f 1014/1382/1014 1100/1338/1100 1015/1386/1015
f 1100/1338/1100 1016/1384/1016 1015/1386/1015
f 1080/1372/1080 1009/1387/1009 1019/1373/1019
f 1080/1372/1080 1010/1388/1010 1009/1387/1009
f 1080/1372/1080 1079/1358/1079 1010/1388/1010
f 1079/1358/1079 1011/1389/1011 1010/1388/1010
f 1012/1366/1012 1079/1358/1079 1087/1360/1087
f 1094/1327/1094 1085/1365/1085 995/1390/995
f 1140/1316/1140 1141/1391/1141 1121/1342/1121
f 1141/1391/1141 1142/1392/1142 1121/1342/1121
f 1121/1342/1121 1142/1392/1142 1120/1393/1120
f 1142/1392/1142 1119/1394/1119 1120/1393/1120
f 1142/1392/1142 1143/1287/1143 1119/1394/1119
f 1119/1394/1119 1143/1287/1143 1118/1289/1118
f 1144/1395/1144 1117/1396/1117 1118/1397/1118
f 1144/1395/1144 1116/1398/1116 1117/1396/1117
f 1078/1371/1078 1049/1399/1049 1045/1357/1045
f 1090/1383/1090 1018/1400/1018 1017/1385/1017
f 1079/1358/1079 1012/1366/1012 1011/1389/1011
f 1049/1399/1049 1078/1371/1078 1090/1383/1090
f 1078/1371/1078 1018/1400/1018 1090/1383/1090
f 1018/1400/1018 1078/1371/1078 1019/1373/1019
f 1094/1327/1094 995/1390/995 996/1351/996
f 1089/1369/1089 1007/1401/1007 1086/1367/1086
f 1085/1365/1085 994/1402/994 995/1390/995
f 1085/1365/1085 993/1403/993 994/1402/994
f 1085/1365/1085 1084/1320/1084 993/1403/993
f 1144/1395/1144 1145/1404/1145 1116/1398/1116
f 1116/1398/1116 1145/1404/1145 1115/1405/1115
f 1145/1404/1145 1147/1353/1147 1115/1405/1115
f 1147/1353/1147 1114/1406/1114 1115/1405/1115
f 1147/1353/1147 1113/1296/1113 1114/1406/1114
f 1000/1363/1000 1048/1354/1048 1001/1377/1001
f 1027/1407/1027 1076/1408/1076 1028/1409/1028
f 1076/1408/1076 1029/1410/1029 1028/1409/1028
f 1076/1408/1076 1077/1411/1077 1029/1410/1029
f 1077/1411/1077 1078/1371/1078 1045/1357/1045
f 1077/1411/1077 1045/1357/1045 1020/1378/1020
f 989/1412/989 988/1413/988 1061/1414/1061
f 1066/1415/1066 1037/1416/1037 1036/1345/1036
f 1066/1415/1066 1036/1345/1036 1067/1417/1067
f 1063/1347/1063 1067/1417/1067 1036/1345/1036
f 1066/1415/1066 1067/1417/1067 1065/1418/1065
f 1064/1419/1064 1066/1415/1066 1065/1418/1065
f 1060/1420/1060 1064/1419/1064 1065/1418/1065
f 1062/1421/1062 1060/1420/1060 1065/1418/1065
f 988/1413/988 987/1422/987 1060/1420/1060
f 1061/1414/1061 988/1413/988 1060/1420/1060
f 1061/1414/1061 1060/1420/1060 1062/1421/1062
f 1066/1415/1066 1068/1423/1068 1037/1416/1037
f 1060/1420/1060 987/1422/987 986/1424/986
f 1042/1336/1042 1070/1425/1070 1025/1426/1025
f 1024/1337/1024 1042/1336/1042 1025/1426/1025
f 1050/1427/1050 1071/1428/1071 1075/1429/1075
f 1031/1333/1031 1050/1427/1050 1075/1429/1075
f 1031/1333/1031 1075/1429/1075 1074/1430/1074
f 1042/1336/1042 1031/1333/1031 1074/1430/1074
f 1042/1336/1042 1074/1430/1074 1073/1431/1073
f 1070/1425/1070 1072/1432/1072 1071/1428/1071
f 1050/1427/1050 1070/1425/1070 1071/1428/1071
f 1052/1330/1052 982/1433/982 981/1434/981
f 1050/1427/1050 1069/1435/1069 1115/1436/1115
f 1050/1437/1050 1115/1405/1115 1114/1406/1114
f 1060/1420/1060 986/1424/986 985/1438/985
f 1059/1439/1059 1060/1420/1060 985/1438/985
f 1059/1439/1059 985/1438/985 984/1440/984
f 1057/1441/1057 1059/1439/1059 984/1440/984
f 1057/1441/1057 984/1440/984 983/1442/983
f 982/1433/982 1057/1441/1057 983/1442/983
f 1057/1441/1057 982/1433/982 1052/1330/1052
f 1057/1441/1057 1052/1330/1052 1053/1443/1053
f 1050/1427/1050 1031/1333/1031 1041/1444/1041
f 1052/1330/1052 981/1434/981 980/1445/980
f 1052/1330/1052 980/1445/980 979/1328/979
f 1057/1441/1057 1053/1443/1053 1058/1446/1058
f 1056/1375/1056 1057/1441/1057 1058/1446/1058
f 1055/1447/1055 1056/1375/1056 1058/1446/1058
f 990/1324/990 1056/1375/1056 1055/1447/1055
f 999/1329/999 990/1324/990 1055/1447/1055
f 1038/1448/1038 1069/1435/1069 1039/1449/1039
f 1084/1320/1084 992/1322/992 993/1403/993
f 1068/1423/1068 1038/1448/1038 1037/1416/1037
f 1078/1371/1078 1109/1450/1109 1108/1451/1108
f 1042/1336/1042 1073/1431/1073 1070/1425/1070
f 1070/1425/1070 1050/1427/1050 1114/1452/1114
f 1070/1453/1070 1114/1406/1114 1113/1296/1113
f 1070/1453/1070 1113/1296/1113 1112/1278/1112
f 1076/1408/1076 1070/1425/1070 1112/1454/1112
f 1076/1455/1076 1112/1278/1112 1111/1279/1111
f 1077/1411/1077 1076/1408/1076 1111/1456/1111
f 1077/1411/1077 1111/1456/1111 1110/1457/1110
f 1109/1284/1109 1077/1458/1077 1110/1282/1110
f 1078/1371/1078 1077/1411/1077 1109/1450/1109
f 1073/1431/1073 1072/1432/1072 1070/1425/1070
f 1078/1459/1078 1108/1286/1108 1107/1291/1107
f 1084/1460/1084 1125/1307/1125 1124/1309/1124
f 1051/1321/1051 1084/1320/1084 1124/1461/1124
f 1051/1462/1051 1124/1309/1124 1123/1311/1123
f 1077/1411/1077 1020/1378/1020 1030/1463/1030
f 1029/1410/1029 1077/1411/1077 1030/1463/1030
f 1006/1464/1006 1005/1340/1005 1100/1338/1100
f 1006/1464/1006 1100/1338/1100 1086/1367/1086
f 1007/1401/1007 1006/1464/1006 1086/1367/1086
f 1008/1370/1008 1007/1401/1007 1089/1369/1089
f 1060/1420/1060 1059/1439/1059 1120/1465/1120
f 1050/1427/1050 1041/1444/1041 1040/1466/1040
f 1085/1467/1085 1101/1302/1101 1126/1305/1126
f 1085/1365/1085 1126/1468/1126 1125/1469/1125
f 1084/1320/1084 1085/1365/1085 1125/1469/1125
f 1069/1435/1069 1050/1427/1050 1040/1466/1040
f 1069/1435/1069 1040/1466/1040 1039/1449/1039
f 1057/1441/1057 1056/1375/1056 1122/1470/1122
f 1057/1471/1057 1122/1315/1122 1121/1342/1121
f 1059/1439/1059 1057/1441/1057 1121/1472/1121
f 1120/1393/1120 1059/1473/1059 1121/1342/1121
f 1068/1423/1068 1069/1435/1069 1038/1448/1038
f 1060/1474/1060 1120/1393/1120 1119/1394/1119
f 1064/1475/1064 1060/1474/1060 1119/1394/1119
f 1066/1415/1066 1064/1419/1064 1119/1476/1119
f 1118/1289/1118 1066/1477/1066 1119/1394/1119
f 1068/1423/1068 1066/1415/1066 1118/1478/1118
f 1068/1423/1068 1118/1478/1118 1117/1479/1117
f 1070/1425/1070 1076/1408/1076 1027/1407/1027
f 1070/1425/1070 1027/1407/1027 1026/1480/1026
f 1025/1426/1025 1070/1425/1070 1026/1480/1026
f 1046/1364/1046 1096/1481/1096 1091/1339/1091
f 1082/1362/1082 1083/1359/1083 1103/1482/1103
f 1083/1359/1083 1104/1483/1104 1103/1482/1103
f 1104/1273/1104 1083/1484/1083 1105/1294/1105
f 1051/1321/1051 1056/1375/1056 990/1324/990
f 1052/1330/1052 1054/1331/1054 1053/1443/1053
f 999/1329/999 1055/1447/1055 1127/1332/1127
f 1083/1359/1083 1079/1358/1079 1105/1485/1105
f 1079/1486/1079 1106/1292/1106 1105/1294/1105
f 1079/1358/1079 1080/1372/1080 1106/1487/1106
f 1106/1292/1106 1080/1488/1080 1107/1291/1107
f 1080/1372/1080 1078/1371/1078 1107/1489/1107
f 1091/1339/1091 1096/1481/1096 1095/1341/1095
f 1046/1364/1046 1091/1339/1091 1004/1380/1004
f 1069/1435/1069 1068/1423/1068 1116/1490/1116
f 1096/1481/1096 1046/1364/1046 1097/1491/1097
f 1046/1364/1046 1085/1365/1085 1097/1491/1097
f 1085/1365/1085 1098/1492/1098 1097/1491/1097
f 1085/1365/1085 1099/1493/1099 1098/1492/1098
f 1085/1365/1085 1094/1327/1094 1099/1493/1099
f 1094/1327/1094 1095/1341/1095 1099/1493/1099
f 1063/1347/1063 1093/1346/1093 1062/1421/1062
f 1093/1346/1093 1061/1414/1061 1062/1421/1062
f 1092/1334/1092 1043/1344/1043 1100/1338/1100
f 1043/1344/1043 1090/1383/1090 1100/1338/1100
f 1061/1414/1061 979/1328/979 989/1412/989
f 1061/1414/1061 1093/1346/1093 979/1328/979
f 1093/1346/1093 1092/1334/1092 979/1328/979
f 1115/1405/1115 1069/1494/1069 1116/1398/1116
f 1082/1495/1082 1103/1299/1103 1102/1300/1102
f 1048/1354/1048 1082/1362/1082 1102/1496/1102
f 1047/1355/1047 1048/1354/1048 1102/1496/1102
f 1047/1497/1047 1102/1300/1102 1101/1302/1101
f 1047/1355/1047 1101/1498/1101 1085/1365/1085
f 1100/1338/1100 1014/1382/1014 1086/1367/1086
f 1068/1499/1068 1117/1396/1117 1116/1398/1116
f 1092/1334/1092 1094/1327/1094 979/1328/979
f 1092/1334/1092 1100/1338/1100 1094/1327/1094
f 1157/1500/1157 1155/1501/1155 1154/1502/1154
f 1157/1500/1157 1158/1503/1158 1155/1501/1155
f 1158/1503/1158 1156/1504/1156 1155/1501/1155
f 1155/1505/1155 1153/1506/1153 1152/1507/1152
f 1154/1502/1154 1155/1501/1155 1152/1508/1152
f 1167/1509/1167 1159/1510/1159 1160/1511/1160
f 1166/1512/1166 1167/1509/1167 1160/1511/1160
f 1168/1513/1168 1167/1509/1167 1166/1512/1166
f 1168/1513/1168 1169/1514/1169 1167/1509/1167
f 1164/1515/1164 1161/1516/1161 1162/1517/1162
f 1163/1518/1163 1164/1515/1164 1162/1517/1162
f 1165/1519/1165 1166/1520/1166 1160/1521/1160
f 1165/1522/1165 1160/1523/1160 1161/1524/1161
f 1164/1525/1164 1165/1519/1165 1161/1526/1161
f 1172/1527/1172 1173/1528/1173 1170/1529/1170
f 1174/1530/1174 1175/1531/1175 1172/1527/1172
f 1175/1531/1175 1173/1528/1173 1172/1527/1172
f 1173/1528/1173 1171/1532/1171 1170/1529/1170
f 1179/1533/1179 1176/1534/1176 1177/1535/1177
f 1178/1536/1178 1179/1533/1179 1177/1535/1177
f 1180/1537/1180 1179/1533/1179 1178/1536/1178
f 1183/1538/1183 1184/1539/1184 1182/1540/1182
f 1184/1539/1184 1181/1541/1181 1182/1540/1182
f 1187/1542/1187 1186/1543/1186 1184/1544/1184
f 1187/1545/1187 1184/1539/1184 1183/1538/1183
f 1186/1543/1186 1185/1546/1185 1184/1544/1184
f 1191/1547/1191 1192/1548/1192 1189/1549/1189
f 1192/1550/1192 1188/1551/1188 1189/1552/1189
f 1192/1548/1192 1193/1553/1193 1188/1554/1188
f 1193/1553/1193 1190/1555/1190 1188/1554/1188
f 1196/1556/1196 1197/1557/1197 1195/1558/1195
f 1197/1557/1197 1194/1559/1194 1195/1558/1195
f 1202/1560/1202 1201/1561/1201 1200/1562/1200
f 1200/1562/1200 1201/1561/1201 1199/1563/1199
f 1201/1561/1201 1198/1564/1198 1199/1563/1199
f 1207/1565/1207 1205/1566/1205 1206/1567/1206
f 1205/1566/1205 1203/1568/1203 1204/1569/1204
f 1206/1567/1206 1205/1566/1205 1204/1569/1204
f 1210/1570/1210 1211/1571/1211 1208/1572/1208
f 1209/1573/1209 1210/1570/1210 1208/1572/1208
f 1216/1574/1216 1212/1575/1212 1213/1576/1213
f 1215/1577/1215 1216/1578/1216 1213/1579/1213
f 1214/1580/1214 1215/1581/1215 1213/1576/1213
f 1219/1582/1219 1220/1583/1220 1218/1584/1218
f 1220/1583/1220 1217/1585/1217 1218/1584/1218
f 1223/1586/1223 1221/1587/1221 1222/1588/1222
f 1224/1589/1224 1223/1586/1223 1222/1588/1222
f 1226/1590/1226 1227/1591/1227 1225/1592/1225
f 1227/1591/1227 1228/1593/1228 1225/1592/1225
f 1234/1594/1234 1232/1595/1232 1231/1596/1231
f 1232/1595/1232 1230/1597/1230 1229/1598/1229
f 1231/1596/1231 1232/1595/1232 1229/1598/1229
f 1233/1599/1233 1234/1594/1234 1231/1596/1231
f 1241/1600/1241 1240/1601/1240 1239/1602/1239
f 1241/1603/1241 1239/1604/1239 1238/1605/1238
f 1237/1606/1237 1236/1607/1236 1235/1608/1235
f 1239/1602/1239 1237/1606/1237 1235/1608/1235
f 1240/1601/1240 1237/1606/1237 1239/1602/1239
f 1244/1609/1244 1245/1610/1245 1242/1611/1242
f 1243/1612/1243 1244/1609/1244 1242/1611/1242
f 1247/1613/1247 1248/1614/1248 1246/1615/1246
f 1248/1614/1248 1249/1616/1249 1246/1615/1246
f 1254/1617/1254 1252/1618/1252 1251/1619/1251
f 1253/1620/1253 1254/1621/1254 1251/1622/1251
f 1251/1622/1251 1252/1623/1252 1250/1624/1250
f 1259/1625/1259 1257/1626/1257 1255/1627/1255
f 1258/1628/1258 1259/1625/1259 1255/1627/1255
f 1258/1629/1258 1255/1630/1255 1256/1631/1256
f 1269/1632/1269 1264/1633/1264 1265/1634/1265
f 1263/1635/1263 1264/1636/1264 1266/1637/1266
f 1262/1638/1262 1263/1635/1263 1267/1639/1267
f 1263/1635/1263 1266/1637/1266 1267/1639/1267
f 1264/1633/1264 1269/1632/1269 1266/1640/1266
f 1267/1639/1267 1270/1641/1270 1262/1638/1262
f 1261/1642/1261 1268/1643/1268 1260/1644/1260
f 1270/1645/1270 1268/1643/1268 1261/1642/1261
f 1262/1646/1262 1270/1645/1270 1261/1642/1261
f 1271/1647/1271 1272/1648/1272 1274/1649/1274
f 1272/1648/1272 1273/1650/1273 1274/1649/1274
f 1276/1651/1276 1278/1652/1278 1275/1653/1275
f 1276/1651/1276 1277/1654/1277 1278/1652/1278
f 1281/1655/1281 1280/1656/1280 1279/1657/1279
f 1281/1658/1281 1282/1659/1282 1280/1660/1280
f 1284/1661/1284 1285/1662/1285 1287/1663/1287
f 1283/1664/1283 1284/1661/1284 1287/1663/1287
f 1283/1664/1283 1287/1663/1287 1288/1665/1288
f 1286/1666/1286 1287/1667/1287 1285/1668/1285
f 1291/1669/1291 1289/1670/1289 1290/1671/1290
f 1291/1669/1291 1292/1672/1292 1289/1670/1289
f 1293/1673/1293 1294/1674/1294 1297/1675/1297
f 1296/1676/1296 1297/1675/1297 1294/1674/1294
f 1296/1676/1296 1294/1674/1294 1295/1677/1295
f 1293/1678/1293 1297/1679/1297 1298/1680/1298
f 1300/1681/1300 1301/1682/1301 1302/1683/1302
f 1299/1684/1299 1300/1681/1300 1302/1683/1302
f 1305/1685/1305 1306/1686/1306 1303/1687/1303
f 1305/1685/1305 1303/1687/1303 1304/1688/1304
f 1309/1689/1309 1308/1690/1308 1307/1691/1307
f 1310/1692/1310 1309/1689/1309 1307/1691/1307
f 1322/1693/1322 1315/1694/1315 1316/1695/1316
f 1313/1696/1313 1320/1697/1320 1312/1698/1312
f 1320/1697/1320 1321/1699/1321 1312/1698/1312
f 1312/1698/1312 1321/1699/1321 1311/1700/1311
f 1313/1701/1313 1314/1702/1314 1318/1703/1318
f 1313/1701/1313 1318/1703/1318 1319/1704/1319
f 1319/1704/1319 1320/1705/1320 1313/1701/1313
f 1314/1702/1314 1317/1706/1317 1318/1703/1318
f 1314/1702/1314 1315/1707/1315 1317/1706/1317
f 1315/1694/1315 1322/1693/1322 1317/1708/1317
f 1323/1709/1323 1324/1710/1324 1326/1711/1326
f 1324/1710/1324 1325/1712/1325 1326/1711/1326
f 1328/1713/1328 1329/1714/1329 1330/1715/1330
f 1328/1713/1328 1330/1715/1330 1327/1716/1327
f 1333/1717/1333 1332/1718/1332 1331/1719/1331
f 1333/1720/1333 1334/1721/1334 1332/1722/1332
f 1339/1723/1339 1340/1724/1340 1336/1725/1336
f 1336/1725/1336 1337/1726/1337 1339/1723/1339
f 1341/1727/1341 1337/1728/1337 1338/1729/1338
f 1335/1730/1335 1336/1725/1336 1340/1724/1340
f 1337/1728/1337 1341/1727/1341 1339/1731/1339
f 1344/1732/1344 1348/1733/1348 1349/1734/1349
f 1346/1735/1346 1348/1733/1348 1345/1736/1345
f 1343/1737/1343 1349/1738/1349 1350/1739/1350
f 1347/1740/1347 1348/1733/1348 1346/1735/1346
f 1343/1737/1343 1350/1739/1350 1342/1741/1342
f 1344/1732/1344 1345/1736/1345 1348/1733/1348
f 1349/1734/1349 1343/1742/1343 1344/1732/1344
f 1353/1743/1353 1352/1744/1352 1351/1745/1351
f 1353/1746/1353 1354/1747/1354 1352/1748/1352
f 1358/1749/1358 1355/1750/1355 1356/1751/1356
f 1355/1750/1355 1358/1749/1358 1357/1752/1357
f 1359/1753/1359 1360/1754/1360 1362/1755/1362
f 1361/1756/1361 1362/1755/1362 1360/1754/1360
f 1363/1757/1363 1364/1758/1364 1365/1759/1365
f 1363/1757/1363 1365/1759/1365 1366/1760/1366
f 1368/1761/1368 1371/1762/1371 1367/1763/1367
f 1370/1764/1370 1371/1762/1371 1368/1761/1368
f 1369/1765/1369 1370/1764/1370 1368/1761/1368
f 1373/1766/1373 1374/1767/1374 1375/1768/1375
f 1372/1769/1372 1373/1766/1373 1375/1768/1375
f 1377/1770/1377 1379/1771/1379 1376/1772/1376
f 1377/1770/1377 1378/1773/1378 1379/1771/1379
f 1382/1774/1382 1381/1775/1381 1380/1776/1380
f 1382/1777/1382 1383/1778/1383 1381/1779/1381
f 1384/1780/1384 1385/1781/1385 1389/1782/1389
f 1385/1781/1385 1386/1783/1386 1388/1784/1388
f 1386/1785/1386 1391/1786/1391 1388/1787/1388
f 1385/1781/1385 1388/1784/1388 1389/1782/1389
f 1384/1780/1384 1389/1782/1389 1390/1788/1390
f 1391/1786/1391 1386/1785/1386 1387/1789/1387
f 1393/1790/1393 1399/1791/1399 1400/1792/1400
f 1393/1790/1393 1400/1792/1400 1392/1793/1392
f 1396/1794/1396 1398/1795/1398 1395/1796/1395
f 1398/1795/1398 1399/1797/1399 1394/1798/1394
f 1395/1796/1395 1398/1795/1398 1394/1798/1394
f 1393/1799/1393 1394/1798/1394 1399/1797/1399
f 1397/1800/1397 1398/1795/1398 1396/1794/1396
f 1403/1801/1403 1404/1802/1404 1402/1803/1402
f 1403/1804/1403 1402/1805/1402 1401/1806/1401
f 1408/1807/1408 1407/1808/1407 1406/1809/1406
f 1409/1810/1409 1408/1807/1408 1406/1809/1406
f 1409/1810/1409 1406/1809/1406 1405/1811/1405
f 1412/1812/1412 1413/1813/1413 1410/1814/1410
f 1413/1813/1413 1411/1815/1411 1410/1814/1410
f 1417/1816/1417 1416/1817/1416 1415/1818/1415
f 1416/1817/1416 1414/1819/1414 1415/1818/1415
f 1421/1820/1421 1418/1821/1418 1419/1822/1419
f 1420/1823/1420 1421/1824/1421 1419/1825/1419
f 1425/1826/1425 1423/1827/1423 1422/1828/1422
f 1424/1829/1424 1425/1826/1425 1422/1828/1422
f 1428/1830/1428 1429/1831/1429 1426/1832/1426
f 1429/1831/1429 1427/1833/1427 1426/1832/1426
f 1432/1834/1432 1433/1835/1433 1430/1836/1430
f 1433/1835/1433 1431/1837/1431 1430/1836/1430
f 1436/1838/1436 1437/1839/1437 1434/1840/1434
f 1437/1841/1437 1435/1842/1435 1434/1843/1434
f 1440/1844/1440 1441/1845/1441 1438/1846/1438
f 1441/1845/1441 1439/1847/1439 1438/1846/1438
f 1444/1848/1444 1445/1849/1445 1442/1850/1442
f 1445/1849/1445 1443/1851/1443 1442/1850/1442
f 1449/1852/1449 1448/1853/1448 1446/1854/1446
f 1448/1853/1448 1447/1855/1447 1446/1854/1446
f 1453/1856/1453 1451/1857/1451 1450/1858/1450
f 1452/1859/1452 1453/1860/1453 1450/1861/1450
f 1457/1862/1457 1455/1863/1455 1454/1864/1454
f 1456/1865/1456 1457/1862/1457 1454/1864/1454
f 1460/1866/1460 1461/1867/1461 1458/1868/1458
f 1461/1867/1461 1459/1869/1459 1458/1868/1458
f 1465/1870/1465 1463/1871/1463 1462/1872/1462
f 1464/1873/1464 1465/1870/1465 1462/1872/1462
f 1468/1874/1468 1466/1875/1466 1467/1876/1467
f 1469/1877/1469 1468/1874/1468 1467/1876/1467
f 1473/1878/1473 1471/1879/1471 1470/1880/1470
f 1472/1881/1472 1473/1882/1473 1470/1883/1470
f 1477/1884/1477 1475/1885/1475 1474/1886/1474
f 1476/1887/1476 1477/1884/1477 1474/1886/1474
f 1481/1888/1481 1479/1889/1479 1478/1890/1478
f 1480/1891/1480 1481/1888/1481 1478/1890/1478
f 1485/1892/1485 1483/1893/1483 1482/1894/1482
f 1484/1895/1484 1485/1892/1485 1482/1894/1482
f 1489/1896/1489 1487/1897/1487 1486/1898/1486
f 1488/1899/1488 1489/1896/1489 1486/1898/1486
f 1493/1900/1493 1492/1901/1492 1490/1902/1490
f 1492/1901/1492 1491/1903/1491 1490/1902/1490
f 1494/1904/1494 1495/1905/1495 1496/1906/1496
f 1494/1904/1494 1496/1906/1496 1497/1907/1497
f 1496/1906/1496 1498/1908/1498 1497/1907/1497
f 1508/1909/1508 1509/1910/1509 1507/1911/1507
f 1502/1912/1502 1508/1909/1508 1507/1911/1507
f 1516/1913/1516 1517/1914/1517 1506/1915/1506
f 1510/1916/1510 1512/1917/1512 1511/1918/1511
f 1512/1917/1512 1514/1919/1514 1513/1920/1513
f 1524/1921/1524 1523/1922/1523 1515/1923/1515
f 1510/1916/1510 1511/1918/1511 1509/1910/1509
f 1508/1909/1508 1510/1916/1510 1509/1910/1509
f 1512/1917/1512 1513/1920/1513 1511/1918/1511
f 1514/1919/1514 1515/1924/1515 1513/1920/1513
f 1525/1925/1525 1503/1926/1503 1505/1927/1505
f 1524/1928/1524 1515/1924/1515 1506/1915/1506
f 1524/1928/1524 1506/1915/1506 1504/1929/1504
f 1525/1925/1525 1524/1928/1524 1504/1929/1504
f 1525/1925/1525 1504/1929/1504 1503/1926/1503
f 1499/1930/1499 1502/1912/1502 1500/1931/1500
f 1504/1929/1504 1506/1915/1506 1518/1932/1518
f 1499/1930/1499 1500/1931/1500 1501/1933/1501
f 1522/1934/1522 1509/1935/1509 1511/1936/1511
f 1523/1922/1523 1522/1934/1522 1511/1936/1511
f 1521/1937/1521 1501/1938/1501 1500/1939/1500
f 1521/1937/1521 1500/1939/1500 1507/1940/1507
f 1522/1934/1522 1521/1937/1521 1507/1940/1507
f 1501/1938/1501 1521/1937/1521 1520/1941/1520
f 1516/1913/1516 1506/1915/1506 1515/1924/1515
f 1517/1914/1517 1518/1932/1518 1506/1915/1506
f 1514/1919/1514 1516/1913/1516 1515/1924/1515
f 1522/1934/1522 1507/1940/1507 1509/1935/1509
f 1523/1922/1523 1513/1942/1513 1515/1923/1515
f 1523/1922/1523 1511/1936/1511 1513/1942/1513
f 1502/1912/1502 1507/1911/1507 1500/1931/1500
f 1499/1930/1499 1520/1943/1520 1519/1944/1519
f 1499/1930/1499 1501/1933/1501 1520/1943/1520
f 1528/1945/1528 1526/1946/1526 1538/1947/1538
f 1539/1948/1539 1532/1949/1532 1531/1950/1531
f 1533/1951/1533 1542/1952/1542 1536/1953/1536
f 1539/1954/1539 1526/1946/1526 1532/1955/1532
f 1538/1947/1538 1526/1946/1526 1539/1954/1539
f 1542/1956/1542 1535/1957/1535 1536/1958/1536
f 1542/1956/1542 1533/1959/1533 1543/1960/1543
f 1527/1961/1527 1528/1945/1528 1538/1947/1538
f 1529/1962/1529 1540/1963/1540 1530/1964/1530
f 1542/1956/1542 1541/1965/1541 1535/1957/1535
f 1543/1966/1543 1533/1951/1533 1537/1967/1537
f 1540/1963/1540 1531/1950/1531 1530/1964/1530
f 1540/1963/1540 1539/1948/1539 1531/1950/1531
f 1540/1963/1540 1529/1962/1529 1541/1965/1541
f 1541/1965/1541 1529/1962/1529 1534/1968/1534
f 1541/1965/1541 1534/1968/1534 1535/1957/1535
f 1544/1969/1544 1545/1970/1545 1548/1971/1548
f 1546/1972/1546 1547/1973/1547 1548/1971/1548
f 1545/1970/1545 1546/1972/1546 1548/1971/1548
f 1551/1974/1551 1550/1975/1550 1552/1976/1552
f 1550/1977/1550 1549/1978/1549 1552/1979/1552
f 1553/1980/1553 1554/1981/1554 1556/1982/1556
f 1554/1983/1554 1555/1984/1555 1556/1985/1556
f 1557/1986/1557 1558/1987/1558 1561/1988/1561
f 1558/1987/1558 1559/1989/1559 1561/1988/1561
f 1559/1989/1559 1560/1990/1560 1561/1988/1561
f 1562/1991/1562 1563/1992/1563 1565/1993/1565
f 1563/1994/1563 1564/1995/1564 1565/1996/1565
f 1566/1997/1566 1567/1998/1567 1569/1999/1569
f 1568/2000/1568 1566/1997/1566 1569/1999/1569
f 1571/2001/1571 1572/2002/1572 1573/2003/1573
f 1570/2004/1570 1571/2005/1571 1573/2006/1573
f 1574/2007/1574 1576/2008/1576 1578/2009/1578
f 1574/2007/1574 1578/2009/1578 1577/2010/1577
f 1575/2011/1575 1574/2007/1574 1577/2010/1577
f 1587/2012/1587 1579/2013/1579 1588/2014/1588
f 1580/2015/1580 1584/2016/1584 1579/2013/1579
f 1582/2017/1582 1583/2018/1583 1586/2019/1586
f 1582/2017/1582 1586/2019/1586 1584/2016/1584
f 1581/2020/1581 1582/2017/1582 1584/2016/1584
f 1586/2019/1586 1585/2021/1585 1589/2022/1589
f 1584/2016/1584 1586/2019/1586 1588/2014/1588
f 1579/2013/1579 1584/2016/1584 1588/2014/1588
f 1586/2019/1586 1589/2022/1589 1588/2014/1588
f 1592/2023/1592 1598/2024/1598 1599/2025/1599
f 1595/2026/1595 1594/2027/1594 1601/2028/1601
f 1595/2029/1595 1601/2030/1601 1600/2031/1600
f 1602/2032/1602 1598/2033/1598 1590/2034/1590
f 1595/2029/1595 1600/2031/1600 1596/2035/1596
f 1602/2032/1602 1590/2034/1590 1591/2036/1591
f 1592/2023/1592 1590/2037/1590 1598/2024/1598
f 1601/2028/1601 1593/2038/1593 1599/2025/1599
f 1593/2038/1593 1592/2023/1592 1599/2025/1599
f 1593/2038/1593 1594/2027/1594 1597/2039/1597
f 1594/2027/1594 1593/2038/1593 1601/2028/1601
f 1606/2040/1606 1603/2041/1603 1608/2042/1608
f 1606/2040/1606 1608/2042/1608 1607/2043/1607
f 1603/2041/1603 1604/2044/1604 1608/2042/1608
f 1605/2045/1605 1606/2040/1606 1607/2043/1607
f 1612/2046/1612 1609/2047/1609 1610/2048/1610
f 1611/2049/1611 1612/2046/1612 1610/2048/1610
f 1613/2050/1613 1614/2051/1614 1615/2052/1615
f 1613/2050/1613 1615/2052/1615 1616/2053/1616
f 1618/2054/1618 1620/2055/1620 1619/2056/1619
f 1618/2057/1618 1617/2058/1617 1620/2059/1620
f 1623/2060/1623 1624/2061/1624 1630/2062/1630
f 1623/2060/1623 1630/2062/1630 1629/2063/1629
f 1622/2064/1622 1623/2060/1623 1628/2065/1628
f 1622/2064/1622 1628/2065/1628 1625/2066/1625
f 1622/2064/1622 1624/2061/1624 1623/2060/1623
f 1621/2067/1621 1622/2064/1622 1625/2066/1625
f 1626/2068/1626 1628/2065/1628 1629/2063/1629
f 1626/2068/1626 1629/2063/1629 1627/2069/1627
f 1628/2065/1628 1623/2060/1623 1629/2063/1629
f 1629/2063/1629 1630/2062/1630 1627/2069/1627
f 1635/2070/1635 1636/2071/1636 1633/2072/1633
f 1631/2073/1631 1633/2074/1633 1632/2075/1632
f 1634/2076/1634 1631/2073/1631 1632/2075/1632
f 1635/2077/1635 1633/2074/1633 1631/2073/1631
f 1637/2078/1637 1641/2079/1641 1643/2080/1643
f 1641/2079/1641 1642/2081/1642 1643/2080/1643
f 1637/2078/1637 1638/2082/1638 1639/2083/1639
f 1638/2082/1638 1640/2084/1640 1639/2083/1639
f 1639/2083/1639 1641/2079/1641 1637/2078/1637
f 1644/2085/1644 1646/2086/1646 1648/2087/1648
f 1645/2088/1645 1647/2089/1647 1646/2090/1646
f 1644/2091/1644 1645/2088/1645 1646/2090/1646
f 1650/2092/1650 1652/2093/1652 1651/2094/1651
f 1649/2095/1649 1650/2096/1650 1651/2097/1651
f 1654/2098/1654 1656/2099/1656 1655/2100/1655
f 1654/2098/1654 1653/2101/1653 1656/2099/1656
f 1657/2102/1657 1658/2103/1658 1660/2104/1660
f 1657/2102/1657 1660/2104/1660 1659/2105/1659
f 1662/2106/1662 1664/2107/1664 1663/2108/1663
f 1662/2106/1662 1661/2109/1661 1664/2107/1664
f 1666/2110/1666 1668/2111/1668 1667/2112/1667
f 1666/2113/1666 1665/2114/1665 1668/2115/1668
f 1669/2116/1669 1672/2117/1672 1671/2118/1671
f 1669/2116/1669 1670/2119/1670 1672/2117/1672
f 1673/2120/1673 1674/2121/1674 1676/2122/1676
f 1673/2120/1673 1676/2122/1676 1675/2123/1675
f 1678/2124/1678 1677/2125/1677 1680/2126/1680
f 1678/2124/1678 1680/2126/1680 1679/2127/1679
f 1682/2128/1682 1683/2129/1683 1681/2130/1681
f 1683/2129/1683 1684/2131/1684 1681/2130/1681
f 1686/2132/1686 1688/2133/1688 1685/2134/1685
f 1685/2134/1685 1688/2133/1688 1690/2135/1690
f 1691/2136/1691 1687/2137/1687 1686/2132/1686
f 1688/2133/1688 1689/2138/1689 1690/2135/1690
f 1685/2134/1685 1691/2136/1691 1686/2132/1686
f 1694/2139/1694 1692/2140/1692 1695/2141/1695
f 1692/2140/1692 1693/2142/1693 1695/2141/1695
f 1700/2143/1700 1696/2144/1696 1699/2145/1699
f 1701/2146/1701 1696/2144/1696 1700/2143/1700
f 1701/2146/1701 1700/2143/1700 1698/2147/1698
f 1699/2145/1699 1696/2144/1696 1697/2148/1697
f 1708/2149/1708 1703/2150/1703 1702/2151/1702
f 1704/2152/1704 1705/2153/1705 1707/2154/1707
f 1707/2154/1707 1708/2149/1708 1704/2152/1704
f 1708/2149/1708 1702/2151/1702 1704/2152/1704
f 1705/2153/1705 1706/2155/1706 1707/2154/1707
f 1719/2156/1719 1709/2157/1709 1713/2158/1713
f 1719/2156/1719 1713/2158/1713 1712/2159/1712
f 1718/2160/1718 1719/2156/1719 1712/2159/1712
f 1718/2160/1718 1712/2159/1712 1710/2161/1710
f 1720/2162/1720 1716/2163/1716 1715/2164/1715
f 1720/2162/1720 1715/2164/1715 1714/2165/1714
f 1720/2166/1720 1714/2167/1714 1709/2157/1709
f 1719/2156/1719 1720/2166/1720 1709/2157/1709
f 1717/2168/1717 1718/2169/1718 1710/2170/1710
f 1717/2168/1717 1710/2170/1710 1711/2171/1711
f 1765/2172/1765 1851/2173/1851 1779/2174/1779
f 1932/2175/1932 1933/2176/1933 1938/2177/1938
f 1937/2178/1937 1940/2179/1940 1779/2174/1779
f 1934/2180/1934 1932/2175/1932 1936/2181/1936
f 1791/2182/1791 1792/2183/1792 1943/2184/1943
f 1913/2185/1913 1914/2186/1914 1915/2187/1915
f 1913/2185/1913 1915/2187/1915 1808/2188/1808
f 1807/2189/1807 1913/2185/1913 1808/2188/1808
f 1912/2190/1912 1914/2186/1914 1913/2185/1913
f 1912/2190/1912 1913/2185/1913 1807/2189/1807
f 1912/2190/1912 1807/2189/1807 1806/2191/1806
f 1778/2192/1778 1912/2190/1912 1806/2191/1806
f 1751/2193/1751 1778/2192/1778 1806/2191/1806
f 1757/2194/1757 1751/2193/1751 1806/2191/1806
f 1945/2195/1945 1943/2184/1943 1946/2196/1946
f 1788/2197/1788 1945/2195/1945 1946/2196/1946
f 1784/2198/1784 1787/2199/1787 1785/2200/1785
f 1935/2201/1935 1934/2180/1934 1936/2181/1936
f 1932/2175/1932 1934/2180/1934 1933/2176/1933
f 1933/2176/1933 1768/2202/1768 1941/2203/1941
f 1933/2176/1933 1941/2203/1941 1942/2204/1942
f 1938/2177/1938 1933/2176/1933 1942/2204/1942
f 1948/2205/1948 1950/2206/1950 1949/2207/1949
f 1948/2205/1948 1949/2207/1949 1785/2200/1785
f 1947/2208/1947 1948/2205/1948 1785/2200/1785
f 1947/2208/1947 1785/2200/1785 1787/2199/1787
f 1748/2209/1748 1745/2210/1745 1771/2211/1771
f 1805/2212/1805 1773/2213/1773 1804/2214/1804
f 1757/2194/1757 1758/2215/1758 1750/2216/1750
f 1849/2217/1849 1768/2202/1768 1933/2176/1933
f 1914/2186/1914 1916/2218/1916 1915/2187/1915
f 1851/2173/1851 1937/2178/1937 1779/2174/1779
f 1763/2219/1763 1765/2172/1765 1764/2220/1764
f 1951/2221/1951 1916/2218/1916 1953/2222/1953
f 1951/2221/1951 1953/2222/1953 1952/2223/1952
f 1915/2187/1915 1916/2218/1916 1951/2221/1951
f 1952/2223/1952 1956/2224/1956 1955/2225/1955
f 1951/2221/1951 1952/2223/1952 1955/2225/1955
f 1941/2226/1941 1949/2207/1949 1950/2206/1950
f 1942/2227/1942 1941/2226/1941 1950/2206/1950
f 1955/2228/1955 1743/2229/1743 1799/2230/1799
f 1755/2231/1755 1955/2225/1955 1799/2232/1799
f 1960/2233/1960 1794/2234/1794 1743/2229/1743
f 1954/2235/1954 1960/2233/1960 1743/2229/1743
f 1955/2228/1955 1954/2235/1954 1743/2229/1743
f 1957/2236/1957 1962/2237/1962 1793/2238/1793
f 1957/2236/1957 1793/2238/1793 1795/2239/1795
f 1947/2208/1947 1787/2199/1787 1788/2197/1788
f 1969/2240/1969 1970/2241/1970 1966/2242/1966
f 1966/2242/1966 1968/2243/1968 1984/2244/1984
f 1966/2242/1966 1984/2244/1984 1967/2245/1967
f 1804/2214/1804 1773/2213/1773 1803/2246/1803
f 1804/2214/1804 1803/2246/1803 1747/2247/1747
f 1971/2248/1971 1966/2242/1966 1828/2249/1828
f 1842/2250/1842 1813/2251/1813 1978/2252/1978
f 1975/2253/1975 1976/2254/1976 1819/2255/1819
f 1951/2221/1951 1955/2225/1955 1755/2231/1755
f 1800/2256/1800 1951/2221/1951 1755/2231/1755
f 1786/2257/1786 1788/2197/1788 1787/2199/1787
f 1786/2257/1786 1787/2199/1787 1784/2198/1784
f 1943/2184/1943 1962/2237/1962 1963/2258/1963
f 1958/2259/1958 1962/2237/1962 1957/2236/1957
f 1732/2260/1732 1733/2261/1733 1941/2203/1941
f 1732/2260/1732 1941/2203/1941 1768/2202/1768
f 1857/2262/1857 1979/2263/1979 1858/2264/1858
f 1813/2251/1813 1841/2265/1841 1977/2266/1977
f 1813/2251/1813 1977/2266/1977 1978/2252/1978
f 1975/2253/1975 1982/2267/1982 1979/2263/1979
f 1975/2253/1975 1979/2263/1979 1983/2268/1983
f 1975/2253/1975 1819/2255/1819 1820/2269/1820
f 1842/2250/1842 1975/2253/1975 1820/2269/1820
f 1972/2270/1972 1822/2271/1822 1823/2272/1823
f 1974/2273/1974 1972/2270/1972 1823/2272/1823
f 1973/2274/1973 1974/2273/1974 1817/2275/1817
f 1971/2248/1971 1822/2271/1822 1972/2270/1972
f 1970/2241/1970 1827/2276/1827 1828/2249/1828
f 1966/2242/1966 1970/2241/1970 1828/2249/1828
f 1970/2241/1970 1969/2240/1969 1827/2276/1827
f 1983/2268/1983 1973/2274/1973 1976/2254/1976
f 1983/2268/1983 1976/2254/1976 1975/2253/1975
f 1949/2207/1949 1731/2277/1731 1730/2278/1730
f 1785/2200/1785 1949/2207/1949 1730/2278/1730
f 1784/2198/1784 1785/2200/1785 1730/2278/1730
f 1734/2279/1734 1784/2198/1784 1730/2278/1730
f 1722/2280/1722 1721/2281/1721 1784/2198/1784
f 1722/2280/1722 1784/2198/1784 1734/2279/1734
f 1737/2282/1737 1783/2283/1783 1782/2284/1782
f 1781/2285/1781 1737/2282/1737 1782/2284/1782
f 1738/2286/1738 1724/2287/1724 1796/2288/1796
f 1739/2289/1739 1738/2286/1738 1796/2288/1796
f 1941/2226/1941 1733/2290/1733 1731/2277/1731
f 1949/2207/1949 1941/2226/1941 1731/2277/1731
f 1940/2179/1940 1780/2291/1780 1779/2174/1779
f 1764/2220/1764 1765/2172/1765 1779/2174/1779
f 1752/2292/1752 1778/2192/1778 1751/2193/1751
f 1757/2194/1757 1750/2216/1750 1751/2193/1751
f 1725/2293/1725 1757/2194/1757 1726/2294/1726
f 1739/2289/1739 1796/2288/1796 1797/2295/1797
f 1793/2238/1793 1830/2296/1830 1796/2288/1796
f 1795/2239/1795 1793/2238/1793 1796/2288/1796
f 1795/2239/1795 1796/2288/1796 1724/2287/1724
f 1723/2297/1723 1795/2239/1795 1724/2287/1724
f 1795/2239/1795 1723/2297/1723 1740/2298/1740
f 1795/2239/1795 1740/2298/1740 1744/2299/1744
f 1794/2234/1794 1795/2239/1795 1744/2299/1744
f 1743/2229/1743 1794/2234/1794 1744/2299/1744
f 1829/2300/1829 1962/2237/1962 1790/2301/1790
f 1788/2197/1788 1789/2302/1789 1791/2182/1791
f 1786/2257/1786 1789/2302/1789 1788/2197/1788
f 1781/2285/1781 1786/2257/1786 1784/2198/1784
f 1781/2285/1781 1784/2198/1784 1721/2281/1721
f 1735/2303/1735 1781/2285/1781 1721/2281/1721
f 1982/2267/1982 1842/2250/1842 1978/2252/1978
f 1804/2214/1804 1973/2274/1973 1983/2268/1983
f 1805/2212/1805 1804/2214/1804 1983/2268/1983
f 1805/2212/1805 1983/2268/1983 1855/2304/1855
f 1853/2305/1853 1805/2212/1805 1855/2304/1855
f 1979/2263/1979 1857/2262/1857 1856/2306/1856
f 1983/2268/1983 1979/2263/1979 1856/2306/1856
f 1983/2268/1983 1856/2306/1856 1855/2304/1855
f 1790/2301/1790 1792/2183/1792 1791/2182/1791
f 1789/2302/1789 1790/2301/1790 1791/2182/1791
f 1800/2256/1800 1753/2307/1753 1915/2187/1915
f 1781/2285/1781 1735/2303/1735 1737/2282/1737
f 1737/2282/1737 1736/2308/1736 1783/2283/1783
f 1799/2230/1799 1743/2229/1743 1742/2309/1742
f 1797/2295/1797 1798/2310/1798 1739/2289/1739
f 1757/2194/1757 1727/2311/1727 1726/2294/1726
f 1908/2312/1908 1909/2313/1909 1867/2314/1867
f 1908/2312/1908 1867/2314/1867 1869/2315/1869
f 1907/2316/1907 1908/2312/1908 1869/2315/1869
f 1907/2316/1907 1869/2315/1869 1870/2317/1870
f 1915/2187/1915 1753/2307/1753 1756/2318/1756
f 1915/2187/1915 1756/2318/1756 1808/2188/1808
f 1799/2232/1799 1742/2319/1742 1741/2320/1741
f 1799/2232/1799 1741/2320/1741 1755/2231/1755
f 1806/2191/1806 1754/2321/1754 1727/2311/1727
f 1757/2194/1757 1806/2191/1806 1727/2311/1727
f 1968/2243/1968 1972/2270/1972 1974/2273/1974
f 1980/2322/1980 1968/2243/1968 1974/2273/1974
f 1980/2322/1980 1974/2273/1974 1973/2274/1973
f 1904/2323/1904 1905/2324/1905 1874/2325/1874
f 1904/2323/1904 1874/2325/1874 1875/2326/1875
f 1982/2267/1982 1975/2253/1975 1842/2250/1842
f 1853/2305/1853 1854/2327/1854 1771/2211/1771
f 1772/2328/1772 1853/2305/1853 1771/2211/1771
f 1900/2329/1900 1801/2330/1801 1865/2331/1865
f 1929/2332/1929 1926/2333/1926 1946/2196/1946
f 1947/2208/1947 1944/2334/1944 1926/2333/1926
f 1982/2267/1982 1978/2252/1978 1858/2264/1858
f 1982/2267/1982 1858/2264/1858 1979/2263/1979
f 1897/2335/1897 1907/2316/1907 1906/2336/1906
f 1896/2337/1896 1897/2335/1897 1906/2336/1906
f 1980/2322/1980 1973/2274/1973 1965/2338/1965
f 1980/2322/1980 1965/2338/1965 1964/2339/1964
f 1973/2274/1973 1817/2275/1817 1818/2340/1818
f 1976/2254/1976 1973/2274/1973 1818/2340/1818
f 1966/2242/1966 1971/2248/1971 1972/2270/1972
f 1968/2243/1968 1966/2242/1966 1972/2270/1972
f 1909/2313/1909 1866/2341/1866 1867/2314/1867
f 1806/2191/1806 1807/2189/1807 1754/2321/1754
f 1921/2342/1921 1920/2343/1920 1916/2218/1916
f 1921/2342/1921 1916/2218/1916 1914/2186/1914
f 1906/2336/1906 1907/2316/1907 1870/2317/1870
f 1905/2344/1905 1906/2336/1906 1871/2345/1871
f 1905/2344/1905 1871/2345/1871 1874/2346/1874
f 1890/2347/1890 1900/2329/1900 1899/2348/1899
f 1884/2349/1884 1890/2347/1890 1899/2348/1899
f 1903/2350/1903 1904/2323/1904 1875/2326/1875
f 1903/2350/1903 1875/2326/1875 1877/2351/1877
f 1967/2245/1967 1981/2352/1981 1969/2240/1969
f 1966/2242/1966 1967/2245/1967 1969/2240/1969
f 1901/2353/1901 1902/2354/1902 1878/2355/1878
f 1901/2353/1901 1878/2355/1878 1881/2356/1881
f 1853/2305/1853 1901/2353/1901 1881/2356/1881
f 1853/2305/1853 1881/2356/1881 1854/2327/1854
f 1958/2259/1958 1922/2357/1922 1963/2258/1963
f 1961/2358/1961 1923/2359/1923 1959/2360/1959
f 1926/2333/1926 1944/2334/1944 1946/2196/1946
f 1829/2300/1829 1790/2301/1790 1831/2361/1831
f 1830/2296/1830 1797/2295/1797 1796/2288/1796
f 1947/2208/1947 1926/2333/1926 1925/2362/1925
f 1924/2363/1924 1950/2206/1950 1948/2205/1948
f 1925/2362/1925 1924/2363/1924 1948/2205/1948
f 1947/2208/1947 1925/2362/1925 1948/2205/1948
f 1942/2227/1942 1950/2206/1950 1924/2363/1924
f 1942/2204/1942 1924/2364/1924 1931/2365/1931
f 1930/2366/1930 1932/2175/1932 1938/2177/1938
f 1931/2365/1931 1930/2366/1930 1938/2177/1938
f 1931/2365/1931 1938/2177/1938 1942/2204/1942
f 1929/2332/1929 1946/2196/1946 1963/2258/1963
f 1754/2321/1754 1807/2189/1807 1808/2188/1808
f 1897/2335/1897 1898/2367/1898 1907/2316/1907
f 1856/2306/1856 1892/2368/1892 1855/2304/1855
f 1882/2369/1882 1891/2370/1891 1890/2347/1890
f 1896/2337/1896 1906/2336/1906 1905/2344/1905
f 1895/2371/1895 1896/2372/1896 1905/2324/1905
f 1968/2243/1968 1980/2322/1980 1964/2339/1964
f 1968/2243/1968 1964/2339/1964 1984/2244/1984
f 1894/2373/1894 1904/2323/1904 1903/2350/1903
f 1893/2374/1893 1894/2373/1894 1903/2350/1903
f 1893/2374/1893 1903/2350/1903 1902/2354/1902
f 1892/2368/1892 1893/2374/1893 1902/2354/1902
f 1892/2368/1892 1902/2354/1902 1901/2353/1901
f 1855/2304/1855 1892/2368/1892 1901/2353/1901
f 1855/2304/1855 1901/2353/1901 1853/2305/1853
f 1821/2375/1821 1974/2273/1974 1823/2272/1823
f 1822/2271/1822 1821/2375/1821 1823/2272/1823
f 1912/2190/1912 1778/2192/1778 1927/2376/1927
f 1912/2190/1912 1927/2376/1927 1928/2377/1928
f 1922/2357/1922 1929/2332/1929 1963/2258/1963
f 1920/2343/1920 1952/2223/1952 1953/2222/1953
f 1920/2343/1920 1953/2222/1953 1916/2218/1916
f 1816/2378/1816 1845/2379/1845 1759/2380/1759
f 1833/2381/1833 1786/2257/1786 1834/2382/1834
f 1952/2223/1952 1920/2343/1920 1919/2383/1919
f 1956/2224/1956 1952/2223/1952 1919/2383/1919
f 1961/2358/1961 1956/2384/1956 1919/2385/1919
f 1825/2386/1825 1824/2387/1824 1828/2249/1828
f 1826/2388/1826 1825/2386/1825 1828/2249/1828
f 1826/2388/1826 1828/2249/1828 1827/2276/1827
f 1824/2387/1824 1844/2389/1844 1971/2248/1971
f 1900/2329/1900 1865/2331/1865 1909/2313/1909
f 1898/2367/1898 1908/2312/1908 1907/2316/1907
f 1760/2390/1760 1783/2283/1783 1761/2391/1761
f 1834/2382/1834 1786/2257/1786 1781/2285/1781
f 1922/2357/1922 1958/2259/1958 1959/2360/1959
f 1923/2359/1923 1922/2357/1922 1959/2360/1959
f 1790/2301/1790 1789/2302/1789 1832/2392/1832
f 1790/2301/1790 1832/2392/1832 1831/2361/1831
f 1832/2392/1832 1818/2340/1818 1817/2275/1817
f 1847/2393/1847 1832/2392/1832 1817/2275/1817
f 1829/2300/1829 1830/2296/1830 1793/2238/1793
f 1962/2237/1962 1829/2300/1829 1793/2238/1793
f 1824/2387/1824 1971/2248/1971 1828/2249/1828
f 1917/2394/1917 1935/2201/1935 1936/2181/1936
f 1930/2366/1930 1917/2394/1917 1936/2181/1936
f 1932/2175/1932 1930/2366/1930 1936/2181/1936
f 1935/2201/1935 1917/2394/1917 1918/2395/1918
f 1940/2179/1940 1935/2201/1935 1918/2395/1918
f 1831/2361/1831 1832/2392/1832 1847/2393/1847
f 1829/2300/1829 1831/2361/1831 1846/2396/1846
f 1912/2190/1912 1928/2377/1928 1921/2342/1921
f 1914/2186/1914 1912/2190/1912 1921/2342/1921
f 1797/2295/1797 1846/2396/1846 1845/2379/1845
f 1816/2378/1816 1797/2295/1797 1845/2379/1845
f 1939/2397/1939 1767/2398/1767 1850/2399/1850
f 1849/2217/1849 1850/2399/1850 1770/2400/1770
f 1835/2401/1835 1782/2284/1782 1783/2283/1783
f 1835/2401/1835 1783/2283/1783 1760/2390/1760
f 1836/2402/1836 1835/2403/1835 1760/2404/1760
f 1839/2405/1839 1835/2401/1835 1836/2406/1836
f 1839/2407/1839 1836/2402/1836 1837/2408/1837
f 1843/2409/1843 1844/2389/1844 1824/2387/1824
f 1838/2410/1838 1840/2411/1840 1839/2407/1839
f 1783/2283/1783 1762/2412/1762 1761/2391/1761
f 1834/2382/1834 1820/2269/1820 1819/2255/1819
f 1833/2381/1833 1834/2382/1834 1819/2255/1819
f 1834/2382/1834 1781/2285/1781 1782/2284/1782
f 1786/2257/1786 1833/2381/1833 1789/2302/1789
f 1848/2413/1848 1976/2254/1976 1818/2340/1818
f 1832/2392/1832 1848/2413/1848 1818/2340/1818
f 1886/2414/1886 1885/2415/1885 1861/2416/1861
f 1887/2417/1887 1886/2414/1886 1861/2416/1861
f 1847/2393/1847 1817/2275/1817 1821/2375/1821
f 1831/2361/1831 1847/2393/1847 1821/2375/1821
f 1846/2396/1846 1831/2361/1831 1821/2375/1821
f 1846/2396/1846 1821/2375/1821 1822/2271/1822
f 1846/2396/1846 1822/2271/1822 1844/2389/1844
f 1845/2379/1845 1844/2389/1844 1843/2409/1843
f 1789/2302/1789 1833/2381/1833 1848/2413/1848
f 1789/2302/1789 1848/2413/1848 1832/2392/1832
f 1728/2418/1728 1729/2419/1729 1765/2172/1765
f 1763/2219/1763 1728/2418/1728 1765/2172/1765
f 1830/2296/1830 1829/2300/1829 1846/2396/1846
f 1797/2295/1797 1830/2296/1830 1846/2396/1846
f 1851/2173/1851 1765/2172/1765 1766/2420/1766
f 1939/2397/1939 1851/2173/1851 1767/2398/1767
f 1879/2421/1879 1854/2327/1854 1881/2356/1881
f 1877/2351/1877 1876/2422/1876 1880/2423/1880
f 1849/2217/1849 1770/2400/1770 1769/2424/1769
f 1849/2217/1849 1769/2424/1769 1768/2202/1768
f 1839/2405/1839 1840/2425/1840 1815/2426/1815
f 1835/2401/1835 1839/2405/1839 1815/2426/1815
f 1835/2401/1835 1815/2426/1815 1814/2427/1814
f 1782/2284/1782 1835/2401/1835 1814/2427/1814
f 1782/2284/1782 1814/2427/1814 1820/2269/1820
f 1834/2382/1834 1782/2284/1782 1820/2269/1820
f 1870/2317/1870 1868/2428/1868 1872/2429/1872
f 1868/2428/1868 1870/2317/1870 1869/2315/1869
f 1961/2358/1961 1919/2385/1919 1923/2359/1923
f 1833/2381/1833 1819/2255/1819 1976/2254/1976
f 1848/2413/1848 1833/2381/1833 1976/2254/1976
f 1862/2430/1862 1863/2431/1863 1888/2432/1888
f 1887/2417/1887 1861/2416/1861 1862/2430/1862
f 1889/2433/1889 1777/2434/1777 1883/2435/1883
f 1857/2262/1857 1885/2415/1885 1856/2306/1856
f 1860/2436/1860 1885/2415/1885 1857/2262/1857
f 1859/2437/1859 1860/2436/1860 1857/2262/1857
f 1859/2437/1859 1857/2262/1857 1858/2264/1858
f 1771/2211/1771 1854/2327/1854 1802/2438/1802
f 1772/2328/1772 1803/2246/1803 1773/2213/1773
f 1772/2328/1772 1773/2213/1773 1853/2305/1853
f 1803/2246/1803 1772/2328/1772 1748/2209/1748
f 1838/2410/1838 1810/2439/1810 1809/2440/1809
f 1852/2441/1852 1838/2410/1838 1809/2440/1809
f 1852/2441/1852 1911/2442/1911 1841/2443/1841
f 1852/2441/1852 1841/2443/1841 1840/2411/1840
f 1765/2172/1765 1729/2419/1729 1766/2420/1766
f 1985/2444/1985 1841/2443/1841 1910/2445/1910
f 1985/2444/1985 1977/2446/1977 1841/2443/1841
f 1883/2435/1883 1898/2367/1898 1897/2335/1897
f 1889/2433/1889 1883/2435/1883 1897/2335/1897
f 1878/2355/1878 1877/2351/1877 1880/2423/1880
f 1878/2355/1878 1880/2423/1880 1879/2421/1879
f 1876/2422/1876 1877/2351/1877 1875/2326/1875
f 1873/2447/1873 1876/2422/1876 1875/2326/1875
f 1873/2447/1873 1875/2326/1875 1874/2325/1874
f 1873/2448/1873 1874/2346/1874 1871/2345/1871
f 1872/2429/1872 1873/2448/1873 1871/2345/1871
f 1886/2414/1886 1894/2373/1894 1893/2374/1893
f 1885/2415/1885 1886/2414/1886 1893/2374/1893
f 1885/2415/1885 1893/2374/1893 1892/2368/1892
f 1856/2306/1856 1885/2415/1885 1892/2368/1892
f 1777/2434/1777 1889/2433/1889 1863/2449/1863
f 1863/2431/1863 1889/2450/1889 1888/2432/1888
f 1774/2451/1774 1890/2347/1890 1884/2349/1884
f 1777/2434/1777 1776/2452/1776 1883/2435/1883
f 1895/2371/1895 1905/2324/1905 1904/2323/1904
f 1894/2373/1894 1895/2371/1895 1904/2323/1904
f 1775/2453/1775 1884/2349/1884 1883/2435/1883
f 1776/2452/1776 1775/2453/1775 1883/2435/1883
f 1811/2454/1811 1837/2408/1837 1812/2455/1812
f 1839/2407/1839 1837/2408/1837 1811/2454/1811
f 1839/2407/1839 1811/2454/1811 1810/2439/1810
f 1838/2410/1838 1839/2407/1839 1810/2439/1810
f 1788/2197/1788 1946/2196/1946 1944/2334/1944
f 1891/2370/1891 1864/2456/1864 1801/2330/1801
f 1891/2370/1891 1801/2330/1801 1900/2329/1900
f 1890/2347/1890 1891/2370/1891 1900/2329/1900
f 1838/2410/1838 1852/2441/1852 1840/2411/1840
f 1841/2443/1841 1911/2442/1911 1910/2445/1910
f 1884/2349/1884 1899/2348/1899 1898/2367/1898
f 1883/2435/1883 1884/2349/1884 1898/2367/1898
f 1902/2354/1902 1903/2350/1903 1877/2351/1877
f 1902/2354/1902 1877/2351/1877 1878/2355/1878
f 1889/2433/1889 1897/2335/1897 1896/2337/1896
f 1888/2432/1888 1889/2450/1889 1896/2372/1896
f 1888/2432/1888 1896/2372/1896 1895/2371/1895
f 1887/2417/1887 1888/2432/1888 1895/2371/1895
f 1887/2417/1887 1895/2371/1895 1894/2373/1894
f 1886/2414/1886 1887/2417/1887 1894/2373/1894
f 1944/2334/1944 1947/2208/1947 1788/2197/1788
f 1943/2184/1943 1963/2258/1963 1946/2196/1946
f 1792/2183/1792 1790/2301/1790 1962/2237/1962
f 1943/2184/1943 1792/2183/1792 1962/2237/1962
f 1849/2217/1849 1933/2176/1933 1934/2180/1934
f 1850/2399/1850 1849/2217/1849 1934/2180/1934
f 1962/2237/1962 1958/2259/1958 1963/2258/1963
f 1954/2235/1954 1956/2384/1956 1961/2358/1961
f 1960/2233/1960 1954/2235/1954 1961/2358/1961
f 1960/2233/1960 1961/2358/1961 1959/2360/1959
f 1957/2236/1957 1960/2233/1960 1959/2360/1959
f 1957/2236/1957 1959/2360/1959 1958/2259/1958
f 1954/2235/1954 1955/2228/1955 1956/2384/1956
f 1791/2182/1791 1943/2184/1943 1945/2195/1945
f 1951/2221/1951 1800/2256/1800 1915/2187/1915
f 1945/2195/1945 1788/2197/1788 1791/2182/1791
f 1851/2173/1851 1939/2397/1939 1937/2178/1937
f 1850/2399/1850 1934/2180/1934 1939/2397/1939
f 1934/2180/1934 1935/2201/1935 1939/2397/1939
f 1935/2201/1935 1937/2178/1937 1939/2397/1939
f 1935/2201/1935 1940/2179/1940 1937/2178/1937
f 1960/2233/1960 1957/2236/1957 1794/2234/1794
f 1957/2236/1957 1795/2239/1795 1794/2234/1794
f 1748/2209/1748 1771/2211/1771 1746/2457/1746
f 1747/2247/1747 1748/2209/1748 1746/2457/1746
f 1745/2210/1745 1748/2209/1748 1772/2328/1772
f 1805/2212/1805 1749/2458/1749 1773/2213/1773
f 1987/2459/1987 1989/2460/1989 1986/2461/1986
f 1986/2461/1986 1988/2462/1988 1987/2459/1987
f 2000/2463/2000 2004/2464/2004 1992/2465/1992
f 1993/2466/1993 1994/2467/1994 1995/2468/1995
f 1992/2465/1992 2005/2469/2005 2003/2470/2003
f 1996/2471/1996 1993/2466/1993 1991/2472/1991
f 1992/2465/1992 1993/2466/1993 1995/2468/1995
f 2000/2463/2000 1992/2465/1992 2003/2470/2003
f 1997/2473/1997 1991/2472/1991 1998/2474/1998
f 1992/2465/1992 2001/2475/2001 2005/2469/2005
f 1997/2473/1997 1996/2471/1996 1991/2472/1991
f 2004/2464/2004 2002/2476/2002 1992/2465/1992
f 1998/2474/1998 1991/2472/1991 1990/2477/1990
f 1992/2465/1992 1995/2468/1995 2001/2475/2001
f 1996/2471/1996 1994/2467/1994 1993/2466/1993
f 2002/2476/2002 1999/2478/1999 1992/2465/1992
f 2007/2479/2007 2013/2480/2013 2012/2481/2012
f 2007/2479/2007 2008/2482/2008 2013/2480/2013
f 2011/2483/2011 2006/2484/2006 2017/2485/2017
f 2006/2484/2006 2007/2479/2007 2012/2481/2012
f 2010/2486/2010 2016/2487/2016 2015/2488/2015
f 2009/2489/2009 2010/2486/2010 2015/2488/2015
f 2010/2486/2010 2011/2483/2011 2016/2487/2016
f 2008/2482/2008 2014/2490/2014 2013/2480/2013
f 2011/2483/2011 2017/2485/2017 2016/2487/2016
f 2009/2489/2009 2015/2488/2015 2014/2490/2014
f 2008/2482/2008 2009/2489/2009 2014/2490/2014
f 2006/2484/2006 2012/2481/2012 2017/2485/2017
f 2020/2491/2020 2027/2492/2027 2026/2493/2026
f 2020/2491/2020 2021/2494/2021 2027/2492/2027
f 2021/2494/2021 2028/2495/2028 2027/2492/2027
f 2019/2496/2019 2025/2497/2025 2024/2498/2024
f 2022/2499/2022 2018/2500/2018 2028/2495/2028
f 2021/2494/2021 2022/2499/2022 2028/2495/2028
f 2018/2500/2018 2023/2501/2023 2028/2495/2028
f 2019/2496/2019 2026/2493/2026 2025/2497/2025
f 2019/2496/2019 2020/2491/2020 2026/2493/2026
f 2018/2500/2018 2024/2498/2024 2023/2501/2023
f 2018/2500/2018 2019/2496/2019 2024/2498/2024
f 2030/2502/2030 2031/2503/2031 2032/2504/2032
f 2037/2505/2037 2038/2506/2038 2029/2507/2029
f 2033/2508/2033 2036/2509/2036 2029/2507/2029
f 2039/2510/2039 2035/2511/2035 2029/2507/2029
f 2038/2506/2038 2039/2510/2039 2029/2507/2029
f 2040/2512/2040 2034/2513/2034 2029/2507/2029
f 2030/2502/2030 2029/2507/2029 2031/2503/2031
f 2029/2507/2029 2034/2513/2034 2031/2503/2031
f 2036/2509/2036 2037/2505/2037 2029/2507/2029
f 2035/2511/2035 2040/2512/2040 2029/2507/2029
f 2041/2514/2041 2042/2515/2042 2044/2516/2044
f 2041/2514/2041 2043/2517/2043 2042/2515/2042
f 2046/2518/2046 2047/2519/2047 2048/2520/2048
f 2045/2521/2045 2046/2518/2046 2048/2520/2048
f 2049/2522/2049 2050/2523/2050 2052/2524/2052
f 2050/2523/2050 2051/2525/2051 2052/2524/2052
f 2055/2526/2055 2053/2527/2053 2056/2528/2056
f 2054/2529/2054 2055/2526/2055 2057/2530/2057
f 2055/2526/2055 2056/2528/2056 2057/2530/2057
f 2058/2531/2058 2059/2532/2059 2061/2533/2061
f 2060/2534/2060 2058/2531/2058 2061/2533/2061
f 2062/2535/2062 2065/2536/2065 2064/2537/2064
f 2062/2535/2062 2063/2538/2063 2065/2536/2065
f 2068/2539/2068 2066/2540/2066 2067/2541/2067
f 2068/2539/2068 2069/2542/2069 2066/2540/2066
f 2073/2543/2073 2075/2544/2075 2074/2545/2074
f 2072/2546/2072 2074/2547/2074 2076/2548/2076
f 2072/2546/2072 2076/2548/2076 2071/2549/2071
f 2071/2549/2071 2076/2548/2076 2077/2550/2077
f 2070/2551/2070 2071/2549/2071 2077/2550/2077
f 2072/2552/2072 2073/2543/2073 2074/2545/2074
f 2081/2553/2081 2082/2554/2082 2080/2555/2080
f 2082/2554/2082 2081/2553/2081 2079/2556/2079
f 2079/2556/2079 2081/2553/2081 2078/2557/2078
f 2095/2558/2095 2096/2559/2096 2089/2560/2089
f 2095/2558/2095 2097/2561/2097 2096/2559/2096
f 2094/2562/2094 2084/2563/2084 2083/2564/2083
f 2110/2565/2110 2111/2566/2111 2112/2567/2112
f 2085/2568/2085 2087/2569/2087 2083/2564/2083
f 2116/2570/2116 2117/2571/2117 2112/2567/2112
f 2116/2570/2116 2112/2567/2112 2111/2566/2111
f 2090/2572/2090 2092/2573/2092 2093/2574/2093
f 2113/2575/2113 2114/2576/2114 2110/2565/2110
f 2095/2558/2095 2114/2577/2114 2113/2578/2113
f 2098/2579/2098 2095/2558/2095 2113/2578/2113
f 2106/2580/2106 2084/2563/2084 2093/2574/2093
f 2112/2567/2112 2113/2575/2113 2110/2565/2110
f 2110/2581/2110 2086/2582/2086 2087/2583/2087
f 2110/2581/2110 2095/2558/2095 2086/2582/2086
f 2095/2558/2095 2089/2560/2089 2086/2582/2086
f 2095/2558/2095 2110/2581/2110 2114/2577/2114
f 2106/2580/2106 2116/2570/2116 2084/2563/2084
f 2116/2570/2116 2111/2566/2111 2084/2563/2084
f 2108/2584/2108 2092/2585/2092 2091/2586/2091
f 2085/2568/2085 2084/2563/2084 2111/2566/2111
f 2104/2587/2104 2115/2588/2115 2091/2586/2091
f 2115/2588/2115 2107/2589/2107 2091/2586/2091
f 2097/2561/2097 2098/2579/2098 2103/2590/2103
f 2097/2561/2097 2103/2590/2103 2102/2591/2102
f 2087/2569/2087 2111/2566/2111 2110/2565/2110
f 2088/2592/2088 2089/2560/2089 2105/2593/2105
f 2108/2584/2108 2109/2594/2109 2092/2585/2092
f 2109/2595/2109 2093/2574/2093 2092/2573/2092
f 2088/2592/2088 2094/2596/2094 2086/2582/2086
f 2094/2562/2094 2083/2564/2083 2086/2597/2086
f 2088/2592/2088 2086/2582/2086 2089/2560/2089
f 2107/2589/2107 2108/2584/2108 2091/2586/2091
f 2099/2598/2099 2100/2599/2100 2101/2600/2101
f 2095/2558/2095 2098/2579/2098 2097/2561/2097
f 2105/2593/2105 2089/2560/2089 2096/2559/2096
f 2100/2599/2100 2102/2591/2102 2101/2600/2101
f 2100/2599/2100 2097/2561/2097 2102/2591/2102
f 2109/2595/2109 2106/2580/2106 2093/2574/2093
f 2086/2597/2086 2083/2564/2083 2087/2569/2087
f 2090/2601/2090 2094/2596/2094 2088/2592/2088
f 2083/2564/2083 2084/2563/2084 2085/2568/2085
f 2090/2572/2090 2084/2563/2084 2094/2562/2094
f 2090/2602/2090 2091/2586/2091 2092/2585/2092
f 2121/2603/2121 2119/2604/2119 2120/2605/2120
f 2122/2606/2122 2118/2607/2118 2119/2604/2119
f 2121/2603/2121 2124/2608/2124 2119/2604/2119
f 2118/2607/2118 2120/2605/2120 2119/2604/2119
f 2119/2604/2119 2123/2609/2123 2122/2606/2122
f 2126/2610/2126 2125/2611/2125 2129/2612/2129
f 2125/2611/2125 2130/2613/2130 2129/2612/2129
f 2128/2614/2128 2127/2615/2127 2129/2612/2129
f 2127/2615/2127 2126/2610/2126 2129/2612/2129
f 2133/2616/2133 2136/2617/2136 2135/2618/2135
f 2132/2619/2132 2133/2616/2133 2135/2618/2135
f 2131/2620/2131 2132/2619/2132 2134/2621/2134
f 2132/2619/2132 2135/2618/2135 2134/2621/2134
f 2139/2622/2139 2140/2623/2140 2138/2624/2138
f 2137/2625/2137 2139/2622/2139 2138/2624/2138
f 2142/2626/2142 2143/2627/2143 2141/2628/2141
f 2143/2629/2143 2144/2630/2144 2141/2631/2141
f 2147/2632/2147 2148/2633/2148 2145/2634/2145
f 2146/2635/2146 2147/2632/2147 2145/2634/2145
f 2162/2636/2162 2180/2637/2180 2183/2638/2183
f 2149/2639/2149 2150/2640/2150 2173/2641/2173
f 2158/2642/2158 2157/2643/2157 2156/2644/2156
f 2158/2642/2158 2166/2645/2166 2157/2643/2157
f 2171/2646/2171 2167/2647/2167 2149/2639/2149
f 2174/2648/2174 2173/2641/2173 2151/2649/2151
f 2173/2641/2173 2171/2646/2171 2149/2639/2149
f 2171/2646/2171 2172/2650/2172 2167/2647/2167
f 2175/2651/2175 2151/2649/2151 2176/2652/2176
f 2163/2653/2163 2176/2652/2176 2165/2654/2165
f 2159/2655/2159 2162/2656/2162 2158/2642/2158
f 2150/2640/2150 2153/2657/2153 2151/2649/2151
f 2161/2658/2161 2179/2659/2179 2158/2660/2158
f 2179/2659/2179 2160/2661/2160 2178/2662/2178
f 2179/2659/2179 2161/2658/2161 2160/2661/2160
f 2179/2659/2179 2159/2663/2159 2158/2660/2158
f 2155/2664/2155 2150/2640/2150 2149/2639/2149
f 2175/2665/2175 2162/2636/2162 2183/2638/2183
f 2169/2666/2169 2175/2665/2175 2183/2638/2183
f 2169/2666/2169 2183/2638/2183 2182/2667/2182
f 2154/2668/2154 2155/2664/2155 2149/2639/2149
f 2169/2666/2169 2182/2667/2182 2181/2669/2181
f 2174/2670/2174 2175/2665/2175 2169/2666/2169
f 2174/2670/2174 2169/2666/2169 2170/2671/2170
f 2174/2670/2174 2170/2671/2170 2171/2672/2171
f 2173/2641/2173 2174/2648/2174 2171/2646/2171
f 2150/2640/2150 2151/2649/2151 2173/2641/2173
f 2168/2673/2168 2169/2666/2169 2181/2669/2181
f 2180/2674/2180 2162/2675/2162 2164/2676/2164
f 2180/2674/2180 2164/2676/2164 2159/2663/2159
f 2179/2659/2179 2180/2674/2180 2159/2663/2159
f 2170/2671/2170 2168/2673/2168 2172/2677/2172
f 2175/2651/2175 2174/2648/2174 2151/2649/2151
f 2153/2657/2153 2165/2654/2165 2176/2652/2176
f 2151/2649/2151 2153/2657/2153 2176/2652/2176
f 2176/2678/2176 2163/2679/2163 2177/2680/2177
f 2162/2675/2162 2163/2681/2163 2158/2660/2158
f 2177/2680/2177 2163/2679/2163 2162/2636/2162
f 2176/2678/2176 2177/2680/2177 2175/2665/2175
f 2162/2656/2162 2159/2655/2159 2164/2682/2164
f 2153/2657/2153 2152/2683/2152 2165/2654/2165
f 2160/2661/2160 2161/2658/2161 2158/2660/2158
f 2171/2672/2171 2170/2671/2170 2172/2677/2172
f 2158/2660/2158 2163/2681/2163 2166/2684/2166
f 2152/2683/2152 2157/2643/2157 2166/2645/2166
f 2163/2653/2163 2152/2683/2152 2166/2645/2166
f 2160/2661/2160 2158/2660/2158 2156/2685/2156
f 2152/2683/2152 2163/2653/2163 2165/2654/2165
f 2157/2643/2157 2152/2683/2152 2156/2644/2156
f 2186/2686/2186 2184/2687/2184 2187/2688/2187
f 2184/2687/2184 2185/2689/2185 2187/2688/2187
f 2573/2690/2573 2574/2691/2574 2694/2692/2694
f 2713/2693/2713 2686/2694/2686 2685/2695/2685
f 2713/2693/2713 2685/2695/2685 2592/2696/2592
f 2681/2697/2681 2683/2698/2683 2682/2699/2682
f 2685/2695/2685 2593/2700/2593 2592/2696/2592
f 2678/2701/2678 2597/2702/2597 2596/2703/2596
f 2577/2704/2577 2588/2705/2588 2540/2706/2540
f 2577/2704/2577 2540/2706/2540 2599/2707/2599
f 2678/2701/2678 2577/2704/2577 2599/2707/2599
f 2588/2705/2588 2577/2704/2577 2585/2708/2585
f 2574/2691/2574 2576/2709/2576 2694/2692/2694
f 2686/2694/2686 2684/2710/2684 2685/2695/2685
f 2675/2711/2675 2696/2712/2696 2581/2713/2581
f 2674/2714/2674 2675/2711/2675 2581/2713/2581
f 2674/2714/2674 2581/2713/2581 2580/2715/2580
f 2582/2716/2582 2674/2714/2674 2580/2715/2580
f 2581/2713/2581 2696/2712/2696 2579/2717/2579
f 2578/2718/2578 2696/2712/2696 2671/2719/2671
f 2578/2720/2578 2671/2721/2671 2566/2722/2566
f 2671/2721/2671 2635/2723/2635 2566/2722/2566
f 2670/2724/2670 2668/2725/2668 2624/2726/2624
f 2666/2727/2666 2659/2728/2659 2658/2729/2658
f 2678/2701/2678 2599/2707/2599 2598/2730/2598
f 2677/2731/2677 2576/2732/2576 2575/2733/2575
f 2677/2731/2677 2575/2733/2575 2577/2704/2577
f 2677/2731/2677 2577/2704/2577 2678/2701/2678
f 2692/2734/2692 2677/2731/2677 2678/2701/2678
f 2699/2735/2699 2572/2736/2572 2573/2690/2573
f 2695/2737/2695 2699/2735/2699 2573/2690/2573
f 2695/2737/2695 2573/2690/2573 2694/2692/2694
f 2693/2738/2693 2694/2692/2694 2576/2709/2576
f 2693/2739/2693 2576/2732/2576 2677/2731/2677
f 2692/2740/2692 2693/2738/2693 2677/2741/2677
f 2667/2742/2667 2666/2743/2666 2658/2744/2658
f 2678/2701/2678 2598/2730/2598 2597/2702/2597
f 2684/2710/2684 2683/2698/2683 2690/2745/2690
f 2684/2746/2684 2690/2747/2690 2689/2748/2689
f 2685/2695/2685 2684/2710/2684 2689/2749/2689
f 2685/2750/2685 2689/2748/2689 2595/2751/2595
f 2593/2752/2593 2685/2750/2685 2595/2751/2595
f 2688/2753/2688 2755/2754/2755 2687/2755/2687
f 2686/2694/2686 2682/2699/2682 2683/2698/2683
f 2686/2694/2686 2683/2698/2683 2684/2710/2684
f 2337/2756/2337 2549/2757/2549 2651/2758/2651
f 2594/2759/2594 2532/2760/2532 2533/2761/2533
f 2589/2762/2589 2594/2759/2594 2533/2761/2533
f 2530/2763/2530 2589/2762/2589 2533/2761/2533
f 2339/2764/2339 2654/2765/2654 2656/2766/2656
f 2339/2764/2339 2656/2766/2656 2655/2767/2655
f 2336/2768/2336 2339/2764/2339 2655/2767/2655
f 2336/2768/2336 2655/2767/2655 2707/2769/2707
f 2555/2770/2555 2336/2768/2336 2707/2769/2707
f 2555/2770/2555 2707/2769/2707 2708/2771/2708
f 2337/2756/2337 2548/2772/2548 2549/2757/2549
f 2537/2773/2537 2531/2774/2531 2594/2759/2594
f 2338/2775/2338 2337/2756/2337 2651/2758/2651
f 2338/2775/2338 2651/2758/2651 2736/2776/2736
f 2338/2775/2338 2736/2776/2736 2654/2765/2654
f 2339/2764/2339 2338/2775/2338 2654/2765/2654
f 2550/2777/2550 2651/2758/2651 2549/2757/2549
f 2735/2778/2735 2651/2758/2651 2550/2777/2550
f 2551/2779/2551 2735/2778/2735 2550/2777/2550
f 2739/2780/2739 2735/2778/2735 2551/2779/2551
f 2738/2781/2738 2739/2780/2739 2551/2779/2551
f 2653/2782/2653 2738/2781/2738 2551/2779/2551
f 2657/2783/2657 2658/2744/2658 2659/2784/2659
f 2667/2742/2667 2658/2744/2658 2665/2785/2665
f 2632/2786/2632 2667/2742/2667 2665/2785/2665
f 2626/2787/2626 2632/2786/2632 2665/2785/2665
f 2667/2742/2667 2632/2786/2632 2666/2743/2666
f 2657/2783/2657 2661/2788/2661 2662/2789/2662
f 2657/2783/2657 2662/2789/2662 2663/2790/2663
f 2658/2744/2658 2657/2783/2657 2663/2790/2663
f 2660/2791/2660 2658/2744/2658 2663/2790/2663
f 2665/2785/2665 2658/2744/2658 2660/2791/2660
f 2662/2789/2662 2664/2792/2664 2663/2790/2663
f 2670/2724/2670 2696/2712/2696 2668/2725/2668
f 2535/2793/2535 2545/2794/2545 2546/2795/2546
f 2535/2793/2535 2546/2795/2546 2547/2796/2547
f 2536/2797/2536 2539/2798/2539 2545/2794/2545
f 2535/2793/2535 2536/2797/2536 2545/2794/2545
f 2537/2773/2537 2601/2799/2601 2591/2800/2591
f 2536/2797/2536 2537/2773/2537 2591/2800/2591
f 2536/2797/2536 2591/2800/2591 2539/2798/2539
f 2594/2759/2594 2601/2799/2601 2537/2773/2537
f 2531/2774/2531 2532/2760/2532 2594/2759/2594
f 2590/2801/2590 2714/2802/2714 2712/2803/2712
f 2559/2804/2559 2709/2805/2709 2719/2806/2719
f 2559/2804/2559 2719/2806/2719 2714/2802/2714
f 2650/2807/2650 2559/2804/2559 2714/2802/2714
f 2650/2807/2650 2714/2802/2714 2590/2801/2590
f 2712/2803/2712 2714/2802/2714 2719/2806/2719
f 2716/2808/2716 2715/2809/2715 2718/2810/2718
f 2716/2811/2716 2718/2812/2718 2717/2813/2717
f 2716/2808/2716 2709/2805/2709 2708/2771/2708
f 2716/2808/2716 2708/2771/2708 2707/2769/2707
f 2715/2809/2715 2716/2808/2716 2707/2769/2707
f 2709/2805/2709 2712/2803/2712 2719/2806/2719
f 2592/2814/2592 2590/2801/2590 2712/2803/2712
f 2713/2815/2713 2592/2814/2592 2712/2803/2712
f 2712/2816/2712 2711/2817/2711 2713/2693/2713
f 2681/2697/2681 2682/2699/2682 2755/2754/2755
f 2681/2697/2681 2755/2754/2755 2688/2753/2688
f 2691/2818/2691 2681/2697/2681 2688/2753/2688
f 2691/2818/2691 2688/2753/2688 2687/2755/2687
f 2699/2735/2699 2691/2818/2691 2687/2755/2687
f 2699/2735/2699 2687/2755/2687 2679/2819/2679
f 2676/2820/2676 2699/2735/2699 2679/2819/2679
f 2648/2821/2648 2636/2822/2636 2638/2823/2638
f 2647/2824/2647 2627/2825/2627 2602/2826/2602
f 2516/2827/2516 2647/2824/2647 2602/2826/2602
f 2516/2827/2516 2602/2826/2602 2515/2828/2515
f 2515/2828/2515 2517/2829/2517 2516/2827/2516
f 2602/2826/2602 2627/2825/2627 2604/2830/2604
f 2647/2824/2647 2630/2831/2630 2629/2832/2629
f 2630/2831/2630 2647/2824/2647 2648/2821/2648
f 2638/2823/2638 2630/2831/2630 2648/2821/2648
f 2649/2833/2649 2637/2834/2637 2636/2822/2636
f 2648/2821/2648 2649/2833/2649 2636/2822/2636
f 2676/2820/2676 2679/2819/2679 2680/2835/2680
f 2649/2836/2649 2634/2837/2634 2640/2838/2640
f 2649/2836/2649 2640/2838/2640 2639/2839/2639
f 2637/2840/2637 2649/2836/2649 2639/2839/2639
f 2644/2841/2644 2634/2837/2634 2649/2836/2649
f 2715/2842/2715 2710/2843/2710 2718/2812/2718
f 2718/2812/2718 2720/2844/2720 2717/2813/2717
f 2716/2808/2716 2717/2845/2717 2711/2846/2711
f 2716/2808/2716 2711/2846/2711 2712/2803/2712
f 2709/2805/2709 2716/2808/2716 2712/2803/2712
f 2681/2697/2681 2694/2692/2694 2693/2738/2693
f 2633/2847/2633 2635/2723/2635 2671/2721/2671
f 2670/2848/2670 2633/2847/2633 2671/2721/2671
f 2670/2724/2670 2671/2719/2671 2696/2712/2696
f 2698/2849/2698 2696/2712/2696 2675/2711/2675
f 2698/2849/2698 2675/2711/2675 2674/2714/2674
f 2700/2850/2700 2673/2851/2673 2672/2852/2672
f 2700/2850/2700 2672/2852/2672 2583/2853/2583
f 2691/2818/2691 2699/2735/2699 2695/2737/2695
f 2691/2818/2691 2695/2737/2695 2694/2692/2694
f 2681/2697/2681 2691/2818/2691 2694/2692/2694
f 2669/2854/2669 2701/2855/2701 2703/2856/2703
f 2683/2698/2683 2681/2697/2681 2693/2738/2693
f 2683/2698/2683 2693/2738/2693 2692/2740/2692
f 2690/2745/2690 2683/2698/2683 2692/2740/2692
f 2690/2747/2690 2692/2734/2692 2678/2701/2678
f 2689/2748/2689 2690/2747/2690 2678/2701/2678
f 2689/2748/2689 2678/2701/2678 2596/2703/2596
f 2595/2751/2595 2689/2748/2689 2596/2703/2596
f 2696/2712/2696 2698/2849/2698 2697/2857/2697
f 2696/2712/2696 2697/2857/2697 2668/2725/2668
f 2698/2849/2698 2702/2858/2702 2701/2855/2701
f 2583/2853/2583 2676/2820/2676 2680/2835/2680
f 2583/2853/2583 2680/2835/2680 2706/2859/2706
f 2700/2850/2700 2583/2853/2583 2706/2859/2706
f 2700/2850/2700 2706/2859/2706 2705/2860/2705
f 2673/2851/2673 2700/2850/2700 2705/2860/2705
f 2673/2851/2673 2705/2860/2705 2704/2861/2704
f 2582/2716/2582 2673/2851/2673 2704/2861/2704
f 2674/2714/2674 2582/2716/2582 2704/2861/2704
f 2674/2714/2674 2704/2861/2704 2702/2858/2702
f 2698/2849/2698 2674/2714/2674 2702/2858/2702
f 2653/2782/2653 2551/2779/2551 2552/2862/2552
f 2697/2857/2697 2698/2849/2698 2701/2855/2701
f 2697/2857/2697 2701/2855/2701 2669/2854/2669
f 2668/2725/2668 2697/2857/2697 2669/2854/2669
f 2668/2863/2668 2669/2864/2669 2624/2865/2624
f 2680/2835/2680 2679/2819/2679 2767/2866/2767
f 2680/2835/2680 2767/2866/2767 2706/2859/2706
f 2704/2861/2704 2705/2860/2705 2751/2867/2751
f 2702/2858/2702 2704/2861/2704 2751/2867/2751
f 2701/2855/2701 2702/2858/2702 2703/2856/2703
f 2372/2868/2372 2422/2869/2422 2421/2870/2421
f 2189/2871/2189 2202/2872/2202 2204/2873/2204
f 2367/2874/2367 2425/2875/2425 2423/2876/2423
f 2367/2874/2367 2423/2876/2423 2424/2877/2424
f 2368/2878/2368 2367/2874/2367 2424/2877/2424
f 2368/2879/2368 2424/2880/2424 2423/2881/2423
f 2369/2882/2369 2368/2878/2368 2423/2876/2423
f 2370/2883/2370 2369/2882/2369 2423/2876/2423
f 2370/2883/2370 2423/2876/2423 2438/2884/2438
f 2422/2869/2422 2370/2883/2370 2438/2884/2438
f 2372/2868/2372 2370/2883/2370 2422/2869/2422
f 2580/2715/2580 2388/2885/2388 2387/2886/2387
f 2372/2868/2372 2421/2870/2421 2420/2887/2420
f 2373/2888/2373 2372/2868/2372 2420/2887/2420
f 2373/2888/2373 2420/2887/2420 2418/2889/2418
f 2373/2888/2373 2418/2889/2418 2401/2890/2401
f 2578/2718/2578 2373/2888/2373 2401/2890/2401
f 2578/2718/2578 2401/2890/2401 2385/2891/2385
f 2384/2892/2384 2578/2718/2578 2385/2891/2385
f 2578/2718/2578 2390/2893/2390 2389/2894/2389
f 2696/2712/2696 2578/2718/2578 2389/2894/2389
f 2579/2717/2579 2696/2712/2696 2389/2894/2389
f 2365/2895/2365 2364/2896/2364 2582/2716/2582
f 2354/2897/2354 2353/2898/2353 2699/2735/2699
f 2354/2897/2354 2699/2735/2699 2676/2820/2676
f 2355/2899/2355 2354/2897/2354 2676/2820/2676
f 2355/2899/2355 2676/2820/2676 2583/2853/2583
f 2356/2900/2356 2355/2899/2355 2583/2853/2583
f 2356/2900/2356 2583/2853/2583 2672/2852/2672
f 2363/2901/2363 2356/2900/2356 2672/2852/2672
f 2363/2901/2363 2672/2852/2672 2673/2851/2673
f 2364/2896/2364 2363/2901/2363 2673/2851/2673
f 2364/2896/2364 2673/2851/2673 2582/2716/2582
f 2400/2902/2400 2390/2893/2390 2578/2718/2578
f 2365/2895/2365 2582/2716/2582 2580/2715/2580
f 2367/2874/2367 2365/2895/2365 2580/2715/2580
f 2367/2874/2367 2580/2715/2580 2383/2903/2383
f 2425/2875/2425 2367/2874/2367 2383/2903/2383
f 2579/2717/2579 2389/2894/2389 2394/2904/2394
f 2579/2717/2579 2394/2904/2394 2386/2905/2386
f 2581/2713/2581 2579/2717/2579 2386/2905/2386
f 2581/2713/2581 2386/2905/2386 2388/2885/2388
f 2580/2715/2580 2581/2713/2581 2388/2885/2388
f 2454/2906/2454 2466/2907/2466 2573/2690/2573
f 2349/2908/2349 2490/2909/2490 2481/2910/2481
f 2349/2908/2349 2481/2910/2481 2483/2911/2483
f 2350/2912/2350 2349/2908/2349 2483/2911/2483
f 2352/2913/2352 2350/2912/2350 2483/2911/2483
f 2352/2913/2352 2483/2911/2483 2482/2914/2482
f 2353/2898/2353 2352/2913/2352 2482/2914/2482
f 2353/2898/2353 2482/2914/2482 2479/2915/2479
f 2353/2898/2353 2479/2915/2479 2473/2916/2473
f 2466/2917/2466 2478/2918/2478 2574/2919/2574
f 2466/2907/2466 2574/2691/2574 2573/2690/2573
f 2349/2908/2349 2348/2920/2348 2484/2921/2484
f 2454/2906/2454 2573/2690/2573 2572/2736/2572
f 2454/2906/2454 2572/2736/2572 2474/2922/2474
f 2570/2923/2570 2524/2924/2524 2563/2925/2563
f 2564/2926/2564 2563/2925/2563 2571/2927/2571
f 2564/2926/2564 2571/2927/2571 2566/2722/2566
f 2570/2923/2570 2563/2925/2563 2567/2928/2567
f 2570/2923/2570 2567/2928/2567 2634/2929/2634
f 2569/2930/2569 2570/2923/2570 2634/2929/2634
f 2523/2931/2523 2566/2722/2566 2571/2927/2571
f 2522/2932/2522 2523/2931/2523 2571/2927/2571
f 2576/2709/2576 2574/2691/2574 2453/2933/2453
f 2400/2902/2400 2578/2718/2578 2384/2892/2384
f 2578/2720/2578 2566/2722/2566 2523/2931/2523
f 2373/2934/2373 2578/2720/2578 2523/2931/2523
f 2344/2935/2344 2585/2708/2585 2577/2704/2577
f 2345/2936/2345 2344/2935/2344 2577/2704/2577
f 2345/2936/2345 2577/2704/2577 2575/2733/2575
f 2346/2937/2346 2345/2936/2345 2575/2733/2575
f 2346/2938/2346 2575/2939/2575 2470/2940/2470
f 2480/2941/2480 2346/2938/2346 2470/2940/2470
f 2574/2691/2574 2478/2942/2478 2453/2933/2453
f 2353/2898/2353 2572/2736/2572 2699/2735/2699
f 2575/2939/2575 2576/2709/2576 2453/2933/2453
f 2575/2939/2575 2453/2933/2453 2452/2943/2452
f 2575/2939/2575 2452/2943/2452 2451/2944/2451
f 2575/2939/2575 2451/2944/2451 2449/2945/2449
f 2470/2940/2470 2575/2939/2575 2449/2945/2449
f 2346/2938/2346 2480/2941/2480 2486/2946/2486
f 2348/2920/2348 2346/2938/2346 2486/2946/2486
f 2348/2920/2348 2486/2946/2486 2485/2947/2485
f 2348/2920/2348 2485/2947/2485 2484/2921/2484
f 2569/2930/2569 2634/2929/2634 2642/2948/2642
f 2641/2949/2641 2639/2950/2639 2640/2951/2640
f 2565/2952/2565 2646/2953/2646 2645/2954/2645
f 2635/2723/2635 2646/2953/2646 2565/2952/2565
f 2564/2926/2564 2565/2952/2565 2645/2954/2645
f 2564/2926/2564 2645/2954/2645 2641/2949/2641
f 2641/2949/2641 2634/2929/2634 2567/2928/2567
f 2641/2949/2641 2567/2928/2567 2563/2925/2563
f 2641/2949/2641 2563/2925/2563 2564/2926/2564
f 2634/2929/2634 2644/2955/2644 2643/2956/2643
f 2634/2929/2634 2643/2956/2643 2642/2948/2642
f 2641/2949/2641 2645/2954/2645 2639/2950/2639
f 2634/2929/2634 2641/2949/2641 2640/2951/2640
f 2630/2831/2630 2638/2823/2638 2636/2822/2636
f 2630/2831/2630 2636/2822/2636 2646/2953/2646
f 2633/2847/2633 2630/2831/2630 2646/2953/2646
f 2635/2723/2635 2633/2847/2633 2646/2953/2646
f 2624/2726/2624 2669/2854/2669 2623/2957/2623
f 2670/2848/2670 2624/2865/2624 2628/2958/2628
f 2670/2848/2670 2628/2958/2628 2631/2959/2631
f 2670/2848/2670 2631/2959/2631 2629/2832/2629
f 2633/2847/2633 2670/2848/2670 2629/2832/2629
f 2560/2960/2560 2650/2807/2650 2590/2801/2590
f 2652/2961/2652 2653/2782/2653 2552/2862/2552
f 2652/2961/2652 2552/2862/2552 2554/2962/2554
f 2723/2963/2723 2652/2961/2652 2554/2962/2554
f 2723/2963/2723 2554/2962/2554 2553/2964/2553
f 2590/2801/2590 2589/2762/2589 2530/2763/2530
f 2590/2801/2590 2530/2763/2530 2529/2965/2529
f 2562/2966/2562 2590/2801/2590 2529/2965/2529
f 2590/2801/2590 2562/2966/2562 2561/2967/2561
f 2560/2960/2560 2590/2801/2590 2561/2967/2561
f 2560/2960/2560 2559/2804/2559 2650/2807/2650
f 2623/2957/2623 2669/2854/2669 2666/2727/2666
f 2709/2805/2709 2559/2804/2559 2558/2968/2558
f 2708/2771/2708 2709/2805/2709 2558/2968/2558
f 2708/2771/2708 2558/2968/2558 2557/2969/2557
f 2562/2966/2562 2529/2965/2529 2340/2970/2340
f 2556/2971/2556 2708/2771/2708 2557/2969/2557
f 2708/2771/2708 2556/2971/2556 2555/2770/2555
f 2645/2954/2645 2646/2953/2646 2636/2822/2636
f 2645/2954/2645 2636/2822/2636 2637/2834/2637
f 2645/2954/2645 2637/2834/2637 2639/2950/2639
f 2584/2972/2584 2587/2973/2587 2508/2974/2508
f 2597/2702/2597 2598/2730/2598 2596/2703/2596
f 2591/2800/2591 2540/2706/2540 2539/2798/2539
f 2584/2972/2584 2544/2975/2544 2543/2976/2543
f 2587/2973/2587 2584/2972/2584 2543/2976/2543
f 2587/2973/2587 2543/2976/2543 2586/2977/2586
f 2585/2708/2585 2587/2973/2587 2586/2977/2586
f 2588/2705/2588 2585/2708/2585 2541/2978/2541
f 2588/2705/2588 2541/2978/2541 2540/2706/2540
f 2587/2973/2587 2585/2708/2585 2509/2979/2509
f 2587/2973/2587 2509/2979/2509 2508/2974/2508
f 2599/2707/2599 2600/2980/2600 2598/2730/2598
f 2584/2972/2584 2508/2974/2508 2507/2981/2507
f 2585/2708/2585 2586/2977/2586 2543/2976/2543
f 2585/2708/2585 2543/2976/2543 2542/2982/2542
f 2541/2978/2541 2585/2708/2585 2542/2982/2542
f 2538/2983/2538 2544/2975/2544 2584/2972/2584
f 2507/2981/2507 2538/2983/2538 2584/2972/2584
f 2538/2983/2538 2507/2981/2507 2512/2984/2512
f 2473/2916/2473 2474/2922/2474 2572/2736/2572
f 2353/2898/2353 2473/2916/2473 2572/2736/2572
f 2600/2980/2600 2599/2707/2599 2591/2800/2591
f 2623/2985/2623 2666/2743/2666 2632/2786/2632
f 2626/2787/2626 2623/2985/2623 2632/2786/2632
f 2630/2831/2630 2633/2847/2633 2629/2832/2629
f 2628/2958/2628 2629/2832/2629 2631/2959/2631
f 2627/2825/2627 2628/2958/2628 2624/2865/2624
f 2627/2825/2627 2624/2865/2624 2623/2985/2623
f 2626/2787/2626 2627/2825/2627 2623/2985/2623
f 2627/2825/2627 2629/2832/2629 2628/2958/2628
f 2625/2986/2625 2627/2825/2627 2626/2787/2626
f 2599/2707/2599 2540/2706/2540 2591/2800/2591
f 2647/2824/2647 2629/2832/2629 2627/2825/2627
f 2600/2980/2600 2591/2800/2591 2601/2799/2601
f 2596/2703/2596 2600/2980/2600 2601/2799/2601
f 2596/2703/2596 2601/2799/2601 2594/2759/2594
f 2595/2751/2595 2596/2703/2596 2594/2759/2594
f 2593/2752/2593 2595/2751/2595 2594/2759/2594
f 2593/2752/2593 2594/2759/2594 2589/2762/2589
f 2593/2752/2593 2589/2762/2589 2590/2801/2590
f 2592/2814/2592 2593/2752/2593 2590/2801/2590
f 2600/2980/2600 2596/2703/2596 2598/2730/2598
f 2821/2987/2821 2829/2988/2829 2828/2989/2828
f 2824/2990/2824 2833/2991/2833 2832/2992/2832
f 2823/2993/2823 2824/2990/2824 2832/2992/2832
f 2823/2993/2823 2832/2992/2832 2760/2994/2760
f 2793/2995/2793 2823/2993/2823 2760/2994/2760
f 2729/2996/2729 2730/2997/2730 2831/2998/2831
f 2822/2999/2822 2729/2996/2729 2831/2998/2831
f 2822/2999/2822 2831/2998/2831 2830/3000/2830
f 2807/3001/2807 2822/2999/2822 2830/3000/2830
f 2807/3001/2807 2830/3000/2830 2829/2988/2829
f 2821/2987/2821 2807/3001/2807 2829/2988/2829
f 2824/2990/2824 2825/3002/2825 2833/2991/2833
f 2806/3003/2806 2821/2987/2821 2828/2989/2828
f 2806/3003/2806 2828/2989/2828 2827/3004/2827
f 2820/3005/2820 2806/3003/2806 2827/3004/2827
f 2820/3006/2820 2827/3007/2827 2826/3008/2826
f 2819/3009/2819 2820/3006/2820 2826/3008/2826
f 2819/3009/2819 2826/3008/2826 2825/3002/2825
f 2802/3010/2802 2819/3009/2819 2825/3002/2825
f 2802/3010/2802 2825/3002/2825 2824/2990/2824
f 2818/3011/2818 2802/3010/2802 2824/2990/2824
f 2818/3011/2818 2824/2990/2824 2823/2993/2823
f 2829/2988/2829 2830/3000/2830 2838/3012/2838
f 2833/2991/2833 2834/3013/2834 2842/3014/2842
f 2833/2991/2833 2842/3014/2842 2841/3015/2841
f 2832/2992/2832 2833/2991/2833 2841/3015/2841
f 2832/2992/2832 2841/3015/2841 2770/3016/2770
f 2760/2994/2760 2832/2992/2832 2770/3016/2770
f 2730/2997/2730 2727/3017/2727 2840/3018/2840
f 2831/2998/2831 2730/2997/2730 2840/3018/2840
f 2831/2998/2831 2840/3018/2840 2839/3019/2839
f 2830/3000/2830 2831/2998/2831 2839/3019/2839
f 2830/3000/2830 2839/3019/2839 2838/3012/2838
f 2817/3020/2817 2818/3011/2818 2823/2993/2823
f 2829/2988/2829 2838/3012/2838 2837/3021/2837
f 2828/2989/2828 2829/2988/2829 2837/3021/2837
f 2828/2989/2828 2837/3021/2837 2836/3022/2836
f 2827/3004/2827 2828/2989/2828 2836/3022/2836
f 2827/3007/2827 2836/3023/2836 2835/3024/2835
f 2826/3008/2826 2827/3007/2827 2835/3024/2835
f 2826/3008/2826 2835/3024/2835 2834/3013/2834
f 2825/3002/2825 2826/3008/2826 2834/3013/2834
f 2825/3002/2825 2834/3013/2834 2833/2991/2833
f 2796/3025/2796 2810/3026/2810 2781/3027/2781
f 2773/3028/2773 2814/3029/2814 2813/3030/2813
f 2775/3031/2775 2773/3028/2773 2813/3030/2813
f 2777/3032/2777 2775/3031/2775 2813/3030/2813
f 2777/3032/2777 2813/3030/2813 2812/3033/2812
f 2777/3032/2777 2812/3033/2812 2811/3034/2811
f 2795/3035/2795 2781/3027/2781 2779/3036/2779
f 2795/3035/2795 2779/3036/2779 2776/3037/2776
f 2811/3038/2811 2795/3035/2795 2776/3037/2776
f 2777/3032/2777 2811/3034/2811 2776/3039/2776
f 2810/3026/2810 2778/3040/2778 2781/3027/2781
f 2773/3028/2773 2860/3041/2860 2814/3029/2814
f 2780/3042/2780 2778/3040/2778 2810/3026/2810
f 2780/3042/2780 2810/3026/2810 2862/3043/2862
f 2782/3044/2782 2780/3042/2780 2862/3043/2862
f 2809/3045/2809 2782/3044/2782 2862/3043/2862
f 2726/3046/2726 2725/3047/2725 2797/3048/2797
f 2742/3049/2742 2743/3050/2743 2728/3051/2728
f 2808/3052/2808 2742/3049/2742 2728/3051/2728
f 2729/2996/2729 2808/3052/2808 2728/3051/2728
f 2742/3049/2742 2808/3052/2808 2822/2999/2822
f 2741/3053/2741 2742/3049/2742 2822/2999/2822
f 2801/3054/2801 2802/3010/2802 2818/3011/2818
f 2817/3020/2817 2823/2993/2823 2793/2995/2793
f 2799/3055/2799 2817/3020/2817 2793/2995/2793
f 2799/3055/2799 2793/2995/2793 2762/3056/2762
f 2808/3052/2808 2729/2996/2729 2822/2999/2822
f 2805/3057/2805 2807/3001/2807 2821/2987/2821
f 2805/3057/2805 2821/2987/2821 2806/3003/2806
f 2804/3058/2804 2806/3003/2806 2820/3005/2820
f 2804/3059/2804 2820/3006/2820 2819/3009/2819
f 2803/3060/2803 2804/3059/2804 2819/3009/2819
f 2803/3060/2803 2819/3009/2819 2802/3010/2802
f 2834/3013/2834 2843/3061/2843 2842/3014/2842
f 2801/3054/2801 2818/3011/2818 2817/3020/2817
f 2800/3062/2800 2801/3054/2801 2817/3020/2817
f 2800/3062/2800 2817/3020/2817 2799/3055/2799
f 2758/3063/2758 2799/3055/2799 2762/3056/2762
f 2768/3064/2768 2816/3065/2816 2794/3066/2794
f 2771/3067/2771 2661/3068/2661 2815/3069/2815
f 2772/3070/2772 2771/3067/2771 2815/3069/2815
f 2772/3070/2772 2815/3069/2815 2860/3041/2860
f 2773/3028/2773 2772/3070/2772 2860/3041/2860
f 2859/3071/2859 2862/3043/2862 2861/3072/2861
f 2725/3047/2725 2782/3044/2782 2809/3045/2809
f 2797/3048/2797 2725/3047/2725 2809/3045/2809
f 2797/3048/2797 2809/3045/2809 2862/3043/2862
f 2861/3072/2861 2862/3043/2862 2810/3026/2810
f 2861/3072/2861 2810/3026/2810 2796/3025/2796
f 2794/3066/2794 2860/3041/2860 2815/3069/2815
f 2768/3064/2768 2794/3066/2794 2815/3069/2815
f 2798/3073/2798 2726/3046/2726 2797/3048/2797
f 2798/3073/2798 2797/3048/2797 2862/3043/2862
f 2859/3071/2859 2798/3073/2798 2862/3043/2862
f 2321/3074/2321 2229/3075/2229 2322/3076/2322
f 2858/3077/2858 2859/3071/2859 2861/3072/2861
f 2858/3077/2858 2861/3072/2861 2796/3025/2796
f 2857/3078/2857 2858/3077/2858 2796/3025/2796
f 2857/3078/2857 2796/3025/2796 2795/3035/2795
f 2856/3079/2856 2857/3078/2857 2795/3035/2795
f 2856/3079/2856 2795/3035/2795 2811/3038/2811
f 2855/3080/2855 2856/3079/2856 2811/3038/2811
f 2855/3081/2855 2811/3034/2811 2812/3033/2812
f 2854/3082/2854 2855/3081/2855 2812/3033/2812
f 2854/3082/2854 2812/3033/2812 2813/3030/2813
f 2291/3083/2291 2317/3084/2317 2316/3085/2316
f 2334/3086/2334 2335/3087/2335 2235/3088/2235
f 2189/3089/2189 2190/3090/2190 2201/3091/2201
f 2189/2871/2189 2201/3092/2201 2202/2872/2202
f 2188/3093/2188 2204/2873/2204 2203/3094/2203
f 2268/3095/2268 2307/3096/2307 2306/3097/2306
f 2297/3098/2297 2299/3099/2299 2319/3100/2319
f 2297/3098/2297 2319/3100/2319 2318/3101/2318
f 2294/3102/2294 2297/3098/2297 2318/3101/2318
f 2294/3102/2294 2318/3101/2318 2317/3084/2317
f 2291/3083/2291 2294/3102/2294 2317/3084/2317
f 2853/3103/2853 2854/3082/2854 2813/3030/2813
f 2289/3104/2289 2291/3083/2291 2316/3085/2316
f 2289/3104/2289 2316/3085/2316 2315/3105/2315
f 2286/3106/2286 2289/3104/2289 2315/3105/2315
f 2286/3107/2286 2315/3108/2315 2314/3109/2314
f 2284/3110/2284 2286/3107/2286 2314/3109/2314
f 2284/3110/2284 2314/3109/2314 2313/3111/2313
f 2282/3112/2282 2284/3110/2284 2313/3111/2313
f 2282/3112/2282 2313/3111/2313 2312/3113/2312
f 2319/3114/2319 2320/3115/2320 2230/3116/2230
f 2839/3019/2839 2848/3117/2848 2847/3118/2847
f 2843/3061/2843 2853/3103/2853 2852/3119/2852
f 2842/3014/2842 2843/3061/2843 2852/3119/2852
f 2842/3014/2842 2852/3119/2852 2851/3120/2851
f 2841/3015/2841 2842/3014/2842 2851/3120/2851
f 2841/3015/2841 2851/3120/2851 2816/3065/2816
f 2770/3016/2770 2841/3015/2841 2816/3065/2816
f 2727/3017/2727 2850/3121/2850 2849/3122/2849
f 2840/3018/2840 2727/3017/2727 2849/3122/2849
f 2840/3018/2840 2849/3122/2849 2848/3117/2848
f 2839/3019/2839 2840/3018/2840 2848/3117/2848
f 2843/3061/2843 2844/3123/2844 2853/3103/2853
f 2838/3012/2838 2839/3019/2839 2847/3118/2847
f 2838/3012/2838 2847/3118/2847 2846/3124/2846
f 2837/3021/2837 2838/3012/2838 2846/3124/2846
f 2837/3021/2837 2846/3124/2846 2845/3125/2845
f 2836/3022/2836 2837/3021/2837 2845/3125/2845
f 2836/3023/2836 2845/3126/2845 2844/3123/2844
f 2835/3024/2835 2836/3023/2836 2844/3123/2844
f 2835/3024/2835 2844/3123/2844 2843/3061/2843
f 2834/3013/2834 2835/3024/2835 2843/3061/2843
f 2848/3117/2848 2849/3122/2849 2858/3077/2858
f 2853/3103/2853 2813/3030/2813 2814/3029/2814
f 2852/3119/2852 2853/3103/2853 2814/3029/2814
f 2852/3119/2852 2814/3029/2814 2860/3041/2860
f 2851/3120/2851 2852/3119/2852 2860/3041/2860
f 2851/3120/2851 2860/3041/2860 2794/3066/2794
f 2816/3065/2816 2851/3120/2851 2794/3066/2794
f 2850/3121/2850 2726/3046/2726 2798/3073/2798
f 2850/3121/2850 2798/3073/2798 2859/3071/2859
f 2849/3122/2849 2850/3121/2850 2859/3071/2859
f 2849/3122/2849 2859/3071/2859 2858/3077/2858
f 2741/3053/2741 2822/2999/2822 2807/3001/2807
f 2848/3117/2848 2858/3077/2858 2857/3078/2857
f 2847/3118/2847 2848/3117/2848 2857/3078/2857
f 2847/3118/2847 2857/3078/2857 2856/3079/2856
f 2846/3124/2846 2847/3118/2847 2856/3079/2856
f 2846/3124/2846 2856/3079/2856 2855/3080/2855
f 2845/3125/2845 2846/3124/2846 2855/3080/2855
f 2845/3126/2845 2855/3081/2855 2854/3082/2854
f 2844/3123/2844 2845/3126/2845 2854/3082/2854
f 2844/3123/2844 2854/3082/2854 2853/3103/2853
f 2736/2776/2736 2746/3127/2746 2748/3128/2748
f 2740/3129/2740 2742/3130/2742 2741/3131/2741
f 2653/2782/2653 2741/3131/2741 2744/3132/2744
f 2653/2782/2653 2744/3132/2744 2732/3133/2732
f 2738/2781/2738 2653/2782/2653 2732/3133/2732
f 2738/2781/2738 2732/3133/2732 2745/3134/2745
f 2739/2780/2739 2738/2781/2738 2745/3134/2745
f 2739/2780/2739 2745/3134/2745 2747/3135/2747
f 2735/2778/2735 2739/2780/2739 2747/3135/2747
f 2735/2778/2735 2747/3135/2747 2746/3127/2746
f 2736/2776/2736 2735/2778/2735 2746/3127/2746
f 2740/3129/2740 2743/3136/2743 2742/3130/2742
f 2737/3137/2737 2736/2776/2736 2748/3128/2748
f 2737/3137/2737 2748/3128/2748 2731/3138/2731
f 2656/2766/2656 2737/3137/2737 2731/3138/2731
f 2656/2766/2656 2731/3138/2731 2733/3139/2733
f 2734/3140/2734 2656/2766/2656 2733/3139/2733
f 2734/3140/2734 2733/3139/2733 2715/2809/2715
f 2707/2769/2707 2734/3140/2734 2715/2809/2715
f 2715/2809/2715 2733/3139/2733 2710/3141/2710
f 2740/3129/2740 2652/2961/2652 2723/2963/2723
f 2743/3136/2743 2740/3129/2740 2723/2963/2723
f 2754/3142/2754 2687/2755/2687 2755/2754/2755
f 2763/3143/2763 2762/3056/2762 2793/2995/2793
f 2761/3144/2761 2763/3143/2763 2793/2995/2793
f 2760/2994/2760 2761/3144/2761 2793/2995/2793
f 2759/3145/2759 2761/3144/2761 2760/2994/2760
f 2717/2813/2717 2720/2844/2720 2765/3146/2765
f 2717/2813/2717 2765/3146/2765 2756/3147/2756
f 2757/3148/2757 2717/2813/2717 2756/3147/2756
f 2711/2817/2711 2717/2813/2717 2757/3148/2757
f 2713/2693/2713 2711/2817/2711 2757/3148/2757
f 2686/2694/2686 2757/3148/2757 2756/3147/2756
f 2741/3131/2741 2653/2782/2653 2652/2961/2652
f 2687/2755/2687 2754/3142/2754 2766/3149/2766
f 2679/2819/2679 2687/2755/2687 2766/3149/2766
f 2679/2819/2679 2766/3149/2766 2767/2866/2767
f 2752/3150/2752 2751/2867/2751 2705/2860/2705
f 2752/3150/2752 2705/2860/2705 2706/2859/2706
f 2753/3151/2753 2752/3150/2752 2706/2859/2706
f 2767/2866/2767 2753/3151/2753 2706/2859/2706
f 2750/3152/2750 2703/2856/2703 2702/2858/2702
f 2749/3153/2749 2661/3068/2661 2659/2728/2659
f 2626/2787/2626 2665/2785/2665 2608/3154/2608
f 2721/3155/2721 2607/3156/2607 2613/3157/2613
f 2721/3155/2721 2613/3157/2613 2614/3158/2614
f 2664/2792/2664 2721/3155/2721 2614/3158/2614
f 2663/2790/2663 2664/2792/2664 2614/3158/2614
f 2660/2791/2660 2663/2790/2663 2614/3158/2614
f 2660/2791/2660 2614/3158/2614 2612/3159/2612
f 2660/2791/2660 2612/3159/2612 2611/3160/2611
f 2660/2791/2660 2611/3160/2611 2609/3161/2609
f 2665/2785/2665 2660/2791/2660 2609/3161/2609
f 2665/2785/2665 2609/3161/2609 2608/3154/2608
f 2721/3155/2721 2791/3162/2791 2607/3156/2607
f 2626/2787/2626 2608/3154/2608 2610/3163/2610
f 2625/2986/2625 2626/2787/2626 2610/3163/2610
f 2625/2986/2625 2610/3163/2610 2514/3164/2514
f 2513/3165/2513 2625/2986/2625 2514/3164/2514
f 2603/3166/2603 2625/2986/2625 2513/3165/2513
f 2625/2986/2625 2603/3166/2603 2606/3167/2606
f 2627/2825/2627 2625/2986/2625 2606/3167/2606
f 2627/2825/2627 2606/3167/2606 2605/3168/2605
f 2627/2825/2627 2605/3168/2605 2604/2830/2604
f 2621/3169/2621 2787/3170/2787 2620/3171/2620
f 2740/3129/2740 2741/3131/2741 2652/2961/2652
f 2737/3137/2737 2656/2766/2656 2654/2765/2654
f 2737/3137/2737 2654/2765/2654 2736/2776/2736
f 2735/2778/2735 2736/2776/2736 2651/2758/2651
f 2656/2766/2656 2734/3140/2734 2707/2769/2707
f 2655/2767/2655 2656/2766/2656 2707/2769/2707
f 2619/3172/2619 2620/3171/2620 2787/3170/2787
f 2618/3173/2618 2619/3172/2619 2787/3170/2787
f 2618/3173/2618 2787/3170/2787 2722/3174/2722
f 2622/3175/2622 2618/3173/2618 2722/3174/2722
f 2713/2693/2713 2757/3148/2757 2686/2694/2686
f 2786/3176/2786 2787/3170/2787 2621/3169/2621
f 2786/3176/2786 2621/3169/2621 2617/3177/2617
f 2785/3178/2785 2786/3176/2786 2617/3177/2617
f 2789/3179/2789 2785/3178/2785 2617/3177/2617
f 2792/3180/2792 2789/3179/2789 2617/3177/2617
f 2616/3181/2616 2792/3180/2792 2617/3177/2617
f 2792/3180/2792 2616/3181/2616 2615/3182/2615
f 2607/3156/2607 2792/3180/2792 2615/3182/2615
f 2791/3162/2791 2792/3180/2792 2607/3156/2607
f 2777/3183/2777 2788/3184/2788 2792/3180/2792
f 2782/3185/2782 2784/3186/2784 2787/3170/2787
f 2780/3187/2780 2782/3185/2782 2787/3170/2787
f 2780/3187/2780 2787/3170/2787 2786/3176/2786
f 2778/3188/2778 2780/3187/2780 2786/3176/2786
f 2778/3188/2778 2786/3176/2786 2785/3178/2785
f 2779/3189/2779 2778/3188/2778 2785/3178/2785
f 2779/3189/2779 2785/3178/2785 2789/3179/2789
f 2776/3190/2776 2779/3189/2779 2789/3179/2789
f 2776/3190/2776 2789/3179/2789 2788/3184/2788
f 2777/3183/2777 2776/3190/2776 2788/3184/2788
f 2782/3185/2782 2724/3191/2724 2784/3186/2784
f 2774/3192/2774 2777/3183/2777 2792/3180/2792
f 2774/3192/2774 2792/3180/2792 2791/3162/2791
f 2773/3193/2773 2774/3192/2774 2791/3162/2791
f 2773/3193/2773 2791/3162/2791 2790/3194/2790
f 2772/3195/2772 2773/3193/2773 2790/3194/2790
f 2772/3195/2772 2790/3194/2790 2662/2789/2662
f 2771/3196/2771 2772/3195/2772 2662/2789/2662
f 2790/3194/2790 2791/3162/2791 2721/3155/2721
f 2662/2789/2662 2790/3194/2790 2721/3155/2721
f 2662/2789/2662 2721/3155/2721 2664/2792/2664
f 2801/3054/2801 2746/3197/2746 2802/3010/2802
f 2805/3057/2805 2741/3053/2741 2807/3001/2807
f 2741/3053/2741 2805/3057/2805 2744/3198/2744
f 2804/3058/2804 2745/3199/2745 2732/3200/2732
f 2806/3003/2806 2804/3058/2804 2732/3200/2732
f 2806/3003/2806 2732/3200/2732 2744/3198/2744
f 2805/3057/2805 2806/3003/2806 2744/3198/2744
f 2745/3201/2745 2804/3059/2804 2803/3060/2803
f 2747/3202/2747 2745/3201/2745 2803/3060/2803
f 2746/3197/2746 2747/3202/2747 2803/3060/2803
f 2746/3197/2746 2803/3060/2803 2802/3010/2802
f 2788/3184/2788 2789/3179/2789 2792/3180/2792
f 2746/3197/2746 2801/3054/2801 2748/3203/2748
f 2800/3062/2800 2733/3204/2733 2731/3205/2731
f 2800/3062/2800 2731/3205/2731 2748/3203/2748
f 2801/3054/2801 2800/3062/2800 2748/3203/2748
f 2733/3204/2733 2800/3062/2800 2799/3055/2799
f 2733/3204/2733 2799/3055/2799 2758/3063/2758
f 2710/2843/2710 2733/3204/2733 2758/3063/2758
f 2781/3027/2781 2795/3035/2795 2796/3025/2796
f 2724/3191/2724 2783/3206/2783 2784/3186/2784
f 2749/3153/2749 2751/2867/2751 2752/3150/2752
f 2762/3056/2762 2763/3143/2763 2765/3146/2765
f 2762/3056/2762 2765/3146/2765 2758/3063/2758
f 2759/3145/2759 2760/2994/2760 2770/3016/2770
f 2759/3145/2759 2770/3016/2770 2816/3065/2816
f 2769/3207/2769 2759/3145/2759 2816/3065/2816
f 2768/3064/2768 2769/3207/2769 2816/3065/2816
f 2749/3153/2749 2768/3064/2768 2815/3069/2815
f 2661/3068/2661 2749/3153/2749 2815/3069/2815
f 2750/3152/2750 2702/2858/2702 2751/2867/2751
f 2749/3153/2749 2750/3152/2750 2751/2867/2751
f 2763/3143/2763 2764/3208/2764 2765/3146/2765
f 2764/3208/2764 2766/3149/2766 2754/3142/2754
f 2764/3208/2764 2754/3142/2754 2755/2754/2755
f 2756/3147/2756 2764/3208/2764 2755/2754/2755
f 2756/3147/2756 2755/2754/2755 2682/2699/2682
f 2686/2694/2686 2756/3147/2756 2682/2699/2682
f 2718/2812/2718 2710/2843/2710 2758/3063/2758
f 2720/2844/2720 2718/2812/2718 2758/3063/2758
f 2720/2844/2720 2758/3063/2758 2765/3146/2765
f 2756/3147/2756 2765/3146/2765 2764/3208/2764
f 2749/3153/2749 2659/2728/2659 2750/3152/2750
f 2784/3186/2784 2722/3174/2722 2787/3170/2787
f 2722/3174/2722 2784/3186/2784 2783/3206/2783
f 2724/3209/2724 2782/3044/2782 2725/3047/2725
f 2778/3188/2778 2779/3189/2779 2781/3210/2781
f 2774/3211/2774 2775/3031/2775 2777/3032/2777
f 2773/3028/2773 2775/3031/2775 2774/3211/2774
f 2771/3067/2771 2662/3212/2662 2661/3068/2661
f 2666/2727/2666 2669/2854/2669 2703/2856/2703
f 2666/2727/2666 2703/2856/2703 2750/3152/2750
f 2659/2728/2659 2666/2727/2666 2750/3152/2750
f 2383/2903/2383 2580/2715/2580 2387/2886/2387
f 2768/3064/2768 2749/3153/2749 2752/3150/2752
f 2768/3064/2768 2752/3150/2752 2753/3151/2753
f 2769/3207/2769 2768/3064/2768 2753/3151/2753
f 2769/3207/2769 2753/3151/2753 2767/2866/2767
f 2759/3145/2759 2769/3207/2769 2767/2866/2767
f 2759/3145/2759 2767/2866/2767 2766/3149/2766
f 2761/3144/2761 2759/3145/2759 2766/3149/2766
f 2761/3144/2761 2766/3149/2766 2764/3208/2764
f 2763/3143/2763 2761/3144/2761 2764/3208/2764
f 2376/3213/2376 2375/3214/2375 2364/2896/2364
f 2392/3215/2392 2206/3216/2206 2383/3217/2383
f 2392/3215/2392 2383/3217/2383 2387/3218/2387
f 2388/3219/2388 2392/3215/2392 2387/3218/2387
f 2208/3220/2208 2207/3221/2207 2392/3215/2392
f 2414/3222/2414 2415/3223/2415 2406/3224/2406
f 2413/3225/2413 2414/3226/2414 2406/3227/2406
f 2413/3225/2413 2406/3227/2406 2412/3228/2412
f 2411/3229/2411 2412/3228/2412 2410/3230/2410
f 2375/3214/2375 2342/3231/2342 2363/2901/2363
f 2375/3214/2375 2363/2901/2363 2364/2896/2364
f 2400/2902/2400 2391/3232/2391 2390/2893/2390
f 2376/3213/2376 2364/2896/2364 2365/2895/2365
f 2377/3233/2377 2376/3213/2376 2365/2895/2365
f 2377/3233/2377 2365/2895/2365 2366/3234/2366
f 2378/3235/2378 2366/3234/2366 2369/2882/2369
f 2378/3235/2378 2369/2882/2369 2371/3236/2371
f 2379/3237/2379 2371/3238/2371 2523/2931/2523
f 2379/3237/2379 2380/3239/2380 2374/3240/2374
f 2379/3237/2379 2374/3240/2374 2287/3241/2287
f 2371/3238/2371 2379/3237/2379 2287/3241/2287
f 2200/3242/2200 2393/3243/2393 2212/3244/2212
f 2393/3245/2393 2392/3246/2392 2395/3247/2395
f 2403/3248/2403 2381/3249/2381 2415/3223/2415
f 2412/3250/2412 2414/3251/2414 2413/3252/2413
f 2409/3253/2409 2411/3229/2411 2410/3230/2410
f 2406/3227/2406 2407/3254/2407 2210/3255/2210
f 2406/3227/2406 2210/3255/2210 2209/3256/2209
f 2412/3228/2412 2406/3227/2406 2209/3256/2209
f 2410/3230/2410 2412/3228/2412 2209/3256/2209
f 2410/3230/2410 2209/3256/2209 2211/3257/2211
f 2393/3243/2393 2211/3257/2211 2212/3244/2212
f 2200/3242/2200 2208/3258/2208 2392/3259/2392
f 2400/2902/2400 2384/2892/2384 2385/2891/2385
f 2408/3260/2408 2395/3247/2395 2394/2904/2394
f 2409/3261/2409 2408/3260/2408 2394/2904/2394
f 2381/3262/2381 2213/3263/2213 2415/3264/2415
f 2382/3265/2382 2396/3266/2396 2385/2891/2385
f 2402/3267/2402 2382/3265/2382 2385/2891/2385
f 2401/2890/2401 2402/3267/2402 2385/2891/2385
f 2391/3232/2391 2398/3268/2398 2394/2904/2394
f 2389/2894/2389 2391/3232/2391 2394/2904/2394
f 2400/2902/2400 2396/3266/2396 2398/3268/2398
f 2378/3235/2378 2371/3236/2371 2285/3269/2285
f 2341/3270/2341 2276/3271/2276 2274/3272/2274
f 2357/3273/2357 2343/3274/2343 2344/2935/2344
f 2357/3273/2357 2344/2935/2344 2345/2936/2345
f 2358/3275/2358 2357/3273/2357 2345/2936/2345
f 2358/3275/2358 2345/2936/2345 2347/3276/2347
f 2359/3277/2359 2347/3278/2347 2348/2920/2348
f 2359/3277/2359 2348/2920/2348 2350/2912/2350
f 2360/3279/2360 2359/3277/2359 2350/2912/2350
f 2360/3279/2360 2350/2912/2350 2351/3280/2351
f 2371/3236/2371 2287/3281/2287 2285/3269/2285
f 2356/2900/2356 2363/2901/2363 2342/3231/2342
f 2378/3235/2378 2285/3269/2285 2283/3282/2283
f 2366/3234/2366 2378/3235/2378 2283/3282/2283
f 2341/3270/2341 2362/3283/2362 2355/2899/2355
f 2342/3231/2342 2341/3270/2341 2355/2899/2355
f 2341/3270/2341 2274/3272/2274 2273/3284/2273
f 2341/3270/2341 2273/3284/2273 2271/3285/2271
f 2362/3283/2362 2341/3270/2341 2271/3285/2271
f 2362/3283/2362 2271/3285/2271 2269/3286/2269
f 2361/3287/2361 2362/3283/2362 2269/3286/2269
f 2361/3287/2361 2269/3286/2269 2267/3288/2267
f 2356/2900/2356 2342/3231/2342 2355/2899/2355
f 2400/2902/2400 2385/2891/2385 2396/3266/2396
f 2397/3289/2397 2382/3265/2382 2405/3290/2405
f 2366/3234/2366 2283/3282/2283 2281/3291/2281
f 2377/3233/2377 2366/3234/2366 2281/3291/2281
f 2377/3233/2377 2281/3291/2281 2279/3292/2279
f 2376/3213/2376 2377/3233/2377 2279/3292/2279
f 2376/3213/2376 2279/3292/2279 2278/3293/2278
f 2375/3214/2375 2376/3213/2376 2278/3293/2278
f 2375/3214/2375 2278/3293/2278 2276/3271/2276
f 2342/3231/2342 2375/3214/2375 2276/3271/2276
f 2403/3294/2403 2404/3295/2404 2381/3262/2381
f 2341/3270/2341 2342/3231/2342 2276/3271/2276
f 2287/3241/2287 2374/3240/2374 2288/3296/2288
f 2372/2868/2372 2373/2888/2373 2523/3297/2523
f 2395/3298/2395 2392/3215/2392 2388/3219/2388
f 2395/3298/2395 2388/3219/2388 2386/3299/2386
f 2394/2904/2394 2395/3247/2395 2386/2905/2386
f 2390/2893/2390 2391/3232/2391 2389/2894/2389
f 2367/2874/2367 2368/2878/2368 2366/3234/2366
f 2365/2895/2365 2367/2874/2367 2366/3234/2366
f 2443/3300/2443 2438/2884/2438 2423/2876/2423
f 2432/3301/2432 2438/2884/2438 2443/3300/2443
f 2417/3302/2417 2432/3303/2432 2443/3304/2443
f 2417/3302/2417 2443/3304/2443 2203/3094/2203
f 2204/2873/2204 2417/3302/2417 2203/3094/2203
f 2405/3290/2405 2382/3265/2382 2435/3305/2435
f 2405/3290/2405 2435/3305/2435 2434/3306/2434
f 2404/3307/2404 2405/3290/2405 2434/3306/2434
f 2404/3295/2404 2434/3308/2434 2433/3309/2433
f 2404/3295/2404 2433/3309/2433 2426/3310/2426
f 2381/3249/2381 2404/3307/2404 2426/3311/2426
f 2432/3301/2432 2431/3312/2431 2438/2884/2438
f 2445/3313/2445 2455/3314/2455 2460/3315/2460
f 2463/3316/2463 2464/3317/2464 2461/3318/2461
f 2460/3319/2460 2462/3320/2462 2461/3318/2461
f 2456/3321/2456 2458/3322/2458 2459/3323/2459
f 2441/3324/2441 2425/2875/2425 2383/2903/2383
f 2206/3216/2206 2441/3325/2441 2383/3217/2383
f 2419/3326/2419 2382/3265/2382 2402/3267/2402
f 2419/3326/2419 2402/3267/2402 2401/2890/2401
f 2418/2889/2418 2419/3326/2419 2401/2890/2401
f 2421/2870/2421 2438/2884/2438 2431/3312/2431
f 2224/3327/2224 2222/3328/2222 2447/3329/2447
f 2448/3330/2448 2447/3329/2447 2444/3331/2444
f 2448/3330/2448 2444/3331/2444 2224/3327/2224
f 2478/2942/2478 2466/2907/2466 2454/2906/2454
f 2478/2942/2478 2454/2906/2454 2474/2922/2474
f 2457/3332/2457 2456/3333/2456 2459/3334/2459
f 2457/3332/2457 2459/3334/2459 2222/3328/2222
f 2456/3333/2456 2222/3328/2222 2221/3335/2221
f 2446/3336/2446 2220/3337/2220 2455/3314/2455
f 2446/3336/2446 2455/3314/2455 2445/3313/2445
f 2222/3328/2222 2459/3334/2459 2447/3329/2447
f 2421/2870/2421 2431/3312/2431 2436/3338/2436
f 2224/3327/2224 2447/3329/2447 2448/3330/2448
f 2449/2945/2449 2451/2944/2451 2450/3339/2450
f 2225/3340/2225 2472/3341/2472 2214/3342/2214
f 2224/3327/2224 2444/3331/2444 2223/3343/2223
f 2435/3305/2435 2382/3265/2382 2439/3344/2439
f 2452/2943/2452 2478/2942/2478 2469/3345/2469
f 2452/2943/2452 2469/3345/2469 2463/3316/2463
f 2451/2944/2451 2452/2943/2452 2463/3316/2463
f 2451/2944/2451 2463/3316/2463 2468/3346/2468
f 2403/3294/2403 2397/3347/2397 2405/3348/2405
f 2443/3304/2443 2441/3349/2441 2442/3350/2442
f 2203/3351/2203 2443/3352/2443 2442/3353/2442
f 2409/3253/2409 2394/3354/2394 2398/3355/2398
f 2411/3229/2411 2409/3253/2409 2398/3355/2398
f 2412/3228/2412 2411/3229/2411 2398/3355/2398
f 2412/3356/2412 2398/3268/2398 2399/3357/2399
f 2414/3222/2414 2412/3356/2412 2399/3357/2399
f 2414/3222/2414 2399/3357/2399 2397/3289/2397
f 2415/3223/2415 2414/3222/2414 2397/3289/2397
f 2403/3248/2403 2415/3223/2415 2397/3289/2397
f 2442/3353/2442 2441/3325/2441 2206/3216/2206
f 2404/3307/2404 2403/3248/2403 2405/3290/2405
f 2415/3264/2415 2213/3263/2213 2407/3358/2407
f 2415/3264/2415 2407/3358/2407 2406/3359/2406
f 2437/3360/2437 2431/3361/2431 2429/3362/2429
f 2428/3363/2428 2437/3360/2437 2429/3362/2429
f 2428/3363/2428 2429/3362/2429 2201/3092/2201
f 2426/3310/2426 2428/3364/2428 2201/3091/2201
f 2409/3253/2409 2410/3230/2410 2393/3243/2393
f 2408/3365/2408 2409/3253/2409 2393/3243/2393
f 2429/3362/2429 2430/3366/2430 2202/2872/2202
f 2420/2887/2420 2421/2870/2421 2436/3338/2436
f 2420/2887/2420 2436/3338/2436 2440/3367/2440
f 2419/3326/2419 2420/2887/2420 2440/3367/2440
f 2438/2884/2438 2421/2870/2421 2422/2869/2422
f 2437/3368/2437 2436/3338/2436 2431/3312/2431
f 2435/3305/2435 2439/3344/2439 2419/3326/2419
f 2435/3305/2435 2419/3326/2419 2440/3367/2440
f 2416/3369/2416 2440/3367/2440 2436/3338/2436
f 2429/3370/2429 2431/3312/2431 2432/3301/2432
f 2430/3366/2430 2429/3362/2429 2432/3303/2432
f 2360/3279/2360 2361/3287/2361 2267/3288/2267
f 2429/3362/2429 2202/2872/2202 2201/3092/2201
f 2427/3371/2427 2437/3360/2437 2428/3363/2428
f 2427/3372/2427 2428/3373/2428 2426/3311/2426
f 2381/3262/2381 2426/3310/2426 2213/3263/2213
f 2430/3366/2430 2432/3303/2432 2417/3302/2417
f 2563/2925/2563 2524/2924/2524 2521/3374/2521
f 2204/2873/2204 2202/2872/2202 2417/3302/2417
f 2418/2889/2418 2420/2887/2420 2419/3326/2419
f 2443/3300/2443 2423/2876/2423 2441/3324/2441
f 2309/3375/2309 2310/3376/2310 2245/3377/2245
f 2298/3378/2298 2299/3099/2299 2297/3098/2297
f 2296/3379/2296 2298/3378/2298 2297/3098/2297
f 2296/3380/2296 2297/3381/2297 2294/3382/2294
f 2295/3383/2295 2296/3379/2296 2294/3102/2294
f 2312/3384/2312 2313/3385/2313 2241/3386/2241
f 2312/3384/2312 2241/3386/2241 2242/3387/2242
f 2311/3388/2311 2312/3384/2312 2242/3387/2242
f 2311/3388/2311 2242/3387/2242 2244/3389/2244
f 2310/3376/2310 2311/3388/2311 2244/3389/2244
f 2310/3376/2310 2244/3389/2244 2245/3377/2245
f 2298/3378/2298 2520/3390/2520 2299/3099/2299
f 2309/3375/2309 2245/3377/2245 2246/3391/2246
f 2308/3392/2308 2309/3375/2309 2246/3391/2246
f 2308/3392/2308 2246/3391/2246 2247/3393/2247
f 2307/3394/2307 2308/3392/2308 2247/3393/2247
f 2307/3394/2307 2247/3393/2247 2248/3395/2248
f 2306/3396/2306 2307/3394/2307 2248/3395/2248
f 2306/3396/2306 2248/3395/2248 2249/3397/2249
f 2305/3398/2305 2306/3396/2306 2249/3397/2249
f 2305/3398/2305 2249/3397/2249 2250/3399/2250
f 2319/3114/2319 2230/3116/2230 2233/3400/2233
f 2285/3269/2285 2286/3107/2286 2284/3110/2284
f 2269/3286/2269 2271/3285/2271 2270/3401/2270
f 2293/3402/2293 2295/3383/2295 2294/3102/2294
f 2293/3403/2293 2294/3382/2294 2291/3404/2291
f 2292/3405/2292 2293/3402/2293 2291/3083/2291
f 2290/3406/2290 2292/3405/2292 2291/3083/2291
f 2290/3406/2290 2291/3083/2291 2289/3104/2289
f 2288/3296/2288 2290/3406/2290 2289/3104/2289
f 2288/3296/2288 2289/3104/2289 2286/3106/2286
f 2287/3241/2287 2288/3296/2288 2286/3106/2286
f 2285/3269/2285 2287/3281/2287 2286/3107/2286
f 2318/3407/2318 2319/3114/2319 2233/3400/2233
f 2304/3408/2304 2305/3398/2305 2250/3399/2250
f 2304/3408/2304 2250/3399/2250 2251/3409/2251
f 2303/3410/2303 2304/3408/2304 2251/3409/2251
f 2303/3410/2303 2251/3409/2251 2252/3411/2252
f 2302/3412/2302 2303/3410/2303 2252/3411/2252
f 2302/3412/2302 2252/3411/2252 2253/3413/2253
f 2301/3414/2301 2302/3412/2302 2253/3413/2253
f 2301/3414/2301 2253/3413/2253 2254/3415/2254
f 2300/3416/2300 2301/3414/2301 2254/3415/2254
f 2328/3417/2328 2329/3418/2329 2239/3419/2239
f 2256/3420/2256 2302/3421/2302 2301/3422/2301
f 2227/3423/2227 2256/3420/2256 2301/3422/2301
f 2227/3423/2227 2301/3422/2301 2300/3424/2300
f 2228/3425/2228 2227/3423/2227 2300/3424/2300
f 2320/3115/2320 2231/3426/2231 2230/3116/2230
f 2268/3095/2268 2270/3401/2270 2307/3096/2307
f 2299/3099/2299 2320/3427/2320 2319/3100/2319
f 2321/3074/2321 2334/3086/2334 2232/3428/2232
f 2229/3075/2229 2321/3074/2321 2232/3428/2232
f 2330/3429/2330 2333/3430/2333 2243/3431/2243
f 2256/3420/2256 2259/3432/2259 2302/3421/2302
f 2280/3433/2280 2282/3112/2282 2312/3113/2312
f 2280/3433/2280 2312/3113/2312 2311/3434/2311
f 2277/3435/2277 2280/3433/2280 2311/3434/2311
f 2277/3435/2277 2311/3434/2311 2310/3436/2310
f 2275/3437/2275 2277/3435/2277 2310/3436/2310
f 2275/3437/2275 2310/3436/2310 2309/3438/2309
f 2272/3439/2272 2275/3437/2275 2309/3438/2309
f 2272/3439/2272 2309/3438/2309 2308/3440/2308
f 2270/3401/2270 2272/3439/2272 2308/3440/2308
f 2270/3401/2270 2308/3440/2308 2307/3096/2307
f 2313/3385/2313 2240/3441/2240 2241/3386/2241
f 2318/3407/2318 2233/3400/2233 2234/3442/2234
f 2317/3443/2317 2318/3407/2318 2234/3442/2234
f 2317/3443/2317 2234/3442/2234 2236/3444/2236
f 2316/3445/2316 2317/3443/2317 2236/3444/2236
f 2316/3445/2316 2236/3444/2236 2237/3446/2237
f 2315/3447/2315 2316/3445/2316 2237/3446/2237
f 2315/3447/2315 2237/3446/2237 2238/3448/2238
f 2314/3449/2314 2315/3447/2315 2238/3448/2238
f 2314/3449/2314 2238/3448/2238 2240/3441/2240
f 2313/3385/2313 2314/3449/2314 2240/3441/2240
f 2271/3285/2271 2272/3439/2272 2270/3401/2270
f 2188/3093/2188 2189/2871/2189 2204/2873/2204
f 2265/3450/2265 2268/3095/2268 2306/3097/2306
f 2265/3450/2265 2306/3097/2306 2305/3451/2305
f 2263/3452/2263 2265/3450/2265 2305/3451/2305
f 2263/3453/2263 2305/3454/2305 2304/3455/2304
f 2261/3456/2261 2263/3453/2263 2304/3455/2304
f 2261/3456/2261 2304/3455/2304 2303/3457/2303
f 2259/3432/2259 2261/3456/2261 2303/3457/2303
f 2259/3432/2259 2303/3457/2303 2302/3421/2302
f 2327/3458/2327 2323/3459/2323 2248/3395/2248
f 2335/3087/2335 2328/3417/2328 2237/3446/2237
f 2335/3087/2335 2237/3446/2237 2236/3444/2236
f 2235/3088/2235 2335/3087/2335 2236/3444/2236
f 2235/3088/2235 2236/3444/2236 2234/3442/2234
f 2334/3086/2334 2235/3088/2235 2234/3442/2234
f 2347/3278/2347 2359/3277/2359 2264/3460/2264
f 2347/3276/2347 2264/3461/2264 2262/3462/2262
f 2358/3275/2358 2347/3276/2347 2262/3462/2262
f 2358/3275/2358 2262/3462/2262 2260/3463/2260
f 2323/3459/2323 2249/3397/2249 2248/3395/2248
f 2328/3417/2328 2238/3448/2238 2237/3446/2237
f 2327/3458/2327 2248/3395/2248 2247/3393/2247
f 2327/3458/2327 2247/3393/2247 2246/3391/2246
f 2326/3464/2326 2327/3458/2327 2246/3391/2246
f 2326/3464/2326 2246/3391/2246 2245/3377/2245
f 2333/3430/2333 2326/3464/2326 2245/3377/2245
f 2333/3430/2333 2245/3377/2245 2244/3389/2244
f 2243/3431/2243 2333/3430/2333 2244/3389/2244
f 2243/3431/2243 2244/3389/2244 2242/3387/2242
f 2330/3429/2330 2243/3431/2243 2242/3387/2242
f 2330/3429/2330 2242/3387/2242 2241/3386/2241
f 2352/2913/2352 2353/2898/2353 2351/3280/2351
f 2360/3279/2360 2267/3288/2267 2266/3465/2266
f 2359/3277/2359 2360/3279/2360 2266/3465/2266
f 2359/3277/2359 2266/3465/2266 2264/3460/2264
f 2372/3466/2372 2523/2931/2523 2371/3238/2371
f 2370/2883/2370 2372/2868/2372 2371/3236/2371
f 2370/2883/2370 2371/3236/2371 2369/2882/2369
f 2368/2878/2368 2369/2882/2369 2366/3234/2366
f 2357/3273/2357 2358/3275/2358 2260/3463/2260
f 2357/3273/2357 2260/3463/2260 2258/3467/2258
f 2353/2898/2353 2354/2897/2354 2351/3280/2351
f 2329/3418/2329 2330/3429/2330 2241/3386/2241
f 2350/2912/2350 2352/2913/2352 2351/3280/2351
f 2348/2920/2348 2349/2908/2349 2350/2912/2350
f 2346/2938/2346 2348/2920/2348 2347/3278/2347
f 2346/2937/2346 2347/3276/2347 2345/2936/2345
f 2361/3287/2361 2360/3279/2360 2351/3280/2351
f 2361/3287/2361 2351/3280/2351 2354/2897/2354
f 2362/3283/2362 2361/3287/2361 2354/2897/2354
f 2362/3283/2362 2354/2897/2354 2355/2899/2355
f 2328/3417/2328 2239/3419/2239 2238/3448/2238
f 2281/3291/2281 2282/3112/2282 2280/3433/2280
f 2267/3468/2267 2268/3469/2268 2265/3470/2265
f 2266/3465/2266 2267/3288/2267 2265/3450/2265
f 2264/3460/2264 2266/3465/2266 2265/3450/2265
f 2264/3460/2264 2265/3450/2265 2263/3452/2263
f 2262/3462/2262 2264/3461/2264 2263/3453/2263
f 2262/3462/2262 2263/3453/2263 2261/3456/2261
f 2260/3463/2260 2262/3462/2262 2261/3456/2261
f 2283/3282/2283 2285/3269/2285 2284/3110/2284
f 2283/3282/2283 2284/3110/2284 2282/3112/2282
f 2281/3291/2281 2283/3282/2283 2282/3112/2282
f 2267/3288/2267 2269/3286/2269 2268/3095/2268
f 2279/3292/2279 2281/3291/2281 2280/3433/2280
f 2279/3471/2279 2280/3472/2280 2277/3473/2277
f 2278/3293/2278 2279/3292/2279 2277/3435/2277
f 2276/3271/2276 2278/3293/2278 2277/3435/2277
f 2276/3271/2276 2277/3435/2277 2275/3437/2275
f 2274/3272/2274 2276/3271/2276 2275/3437/2275
f 2274/3272/2274 2275/3437/2275 2272/3439/2272
f 2273/3284/2273 2274/3272/2274 2272/3439/2272
f 2271/3285/2271 2273/3284/2273 2272/3439/2272
f 2332/3474/2332 2331/3475/2331 2254/3415/2254
f 2329/3418/2329 2241/3386/2241 2240/3441/2240
f 2239/3419/2239 2329/3418/2329 2240/3441/2240
f 2239/3419/2239 2240/3441/2240 2238/3448/2238
f 2260/3463/2260 2261/3456/2261 2259/3432/2259
f 2258/3467/2258 2260/3463/2260 2259/3432/2259
f 2258/3467/2258 2259/3432/2259 2256/3420/2256
f 2257/3476/2257 2258/3467/2258 2256/3420/2256
f 2255/3477/2255 2257/3476/2257 2256/3420/2256
f 2255/3477/2255 2256/3420/2256 2227/3423/2227
f 2226/3478/2226 2255/3477/2255 2227/3423/2227
f 2430/3366/2430 2417/3302/2417 2202/2872/2202
f 2332/3474/2332 2254/3415/2254 2253/3413/2253
f 2332/3474/2332 2253/3413/2253 2252/3411/2252
f 2325/3479/2325 2332/3474/2332 2252/3411/2252
f 2325/3479/2325 2252/3411/2252 2251/3409/2251
f 2324/3480/2324 2325/3479/2325 2251/3409/2251
f 2324/3480/2324 2251/3409/2251 2250/3399/2250
f 2324/3480/2324 2250/3399/2250 2249/3397/2249
f 2323/3459/2323 2324/3480/2324 2249/3397/2249
f 2269/3286/2269 2270/3401/2270 2268/3095/2268
f 2197/3481/2197 2476/3482/2476 2225/3340/2225
f 2527/3483/2527 2295/3383/2295 2293/3402/2293
f 2527/3483/2527 2296/3379/2296 2295/3383/2295
f 2520/3390/2520 2519/3484/2519 2526/3485/2526
f 2519/3484/2519 2525/3486/2525 2526/3485/2526
f 2519/3484/2519 2527/3483/2527 2525/3486/2525
f 2527/3483/2527 2524/2924/2524 2525/3486/2525
f 2527/3483/2527 2528/3487/2528 2524/2924/2524
f 2528/3487/2528 2521/3374/2521 2524/2924/2524
f 2528/3487/2528 2518/3488/2518 2521/3374/2521
f 2518/3488/2518 2522/2932/2522 2521/3374/2521
f 2518/3488/2518 2523/2931/2523 2522/2932/2522
f 2380/3239/2380 2518/3488/2518 2290/3406/2290
f 2197/3481/2197 2223/3489/2223 2476/3482/2476
f 2518/3488/2518 2292/3405/2292 2290/3406/2290
f 2518/3488/2518 2528/3487/2528 2292/3405/2292
f 2528/3487/2528 2293/3402/2293 2292/3405/2292
f 2528/3487/2528 2527/3483/2527 2293/3402/2293
f 2216/3490/2216 2194/3491/2194 2195/3492/2195
f 2216/3490/2216 2217/3493/2217 2194/3491/2194
f 2216/3490/2216 2195/3492/2195 2489/3494/2489
f 2195/3492/2195 2218/3495/2218 2489/3494/2489
f 2195/3492/2195 2215/3496/2215 2218/3495/2218
f 2219/3497/2219 2194/3498/2194 2498/3499/2498
f 2506/3500/2506 2507/2981/2507 2508/2974/2508
f 2229/3075/2229 2232/3428/2232 2230/3116/2230
f 2232/3428/2232 2233/3400/2233 2230/3116/2230
f 2232/3428/2232 2334/3086/2334 2233/3400/2233
f 2334/3086/2334 2234/3442/2234 2233/3400/2233
f 2257/3476/2257 2511/3501/2511 2357/3273/2357
f 2257/3476/2257 2255/3477/2255 2511/3501/2511
f 2255/3477/2255 2506/3500/2506 2511/3501/2511
f 2357/3273/2357 2511/3501/2511 2343/3274/2343
f 2511/3501/2511 2509/2979/2509 2343/3274/2343
f 2511/3501/2511 2508/2974/2508 2509/2979/2509
f 2511/3501/2511 2506/3500/2506 2508/2974/2508
f 2194/3498/2194 2217/3502/2217 2498/3499/2498
f 2506/3500/2506 2512/2984/2512 2507/2981/2507
f 2226/3478/2226 2227/3423/2227 2228/3425/2228
f 2229/3075/2229 2230/3116/2230 2231/3426/2231
f 2379/3237/2379 2518/3488/2518 2380/3239/2380
f 2288/3296/2288 2374/3240/2374 2290/3406/2290
f 2374/3240/2374 2380/3239/2380 2290/3406/2290
f 2379/3237/2379 2523/2931/2523 2518/3488/2518
f 2527/3483/2527 2519/3484/2519 2296/3379/2296
f 2519/3484/2519 2298/3378/2298 2296/3379/2296
f 2519/3484/2519 2520/3390/2520 2298/3378/2298
f 2442/3353/2442 2206/3216/2206 2188/3503/2188
f 2209/3256/2209 2192/3504/2192 2211/3257/2211
f 2192/3504/2192 2212/3244/2212 2211/3257/2211
f 2192/3504/2192 2200/3242/2200 2212/3244/2212
f 2191/3505/2191 2210/3506/2210 2407/3358/2407
f 2201/3091/2201 2190/3090/2190 2426/3310/2426
f 2190/3090/2190 2213/3263/2213 2426/3310/2426
f 2539/2798/2539 2540/2706/2540 2541/2978/2541
f 2543/2976/2543 2546/2795/2546 2542/2982/2542
f 2534/3507/2534 2543/2976/2543 2544/2975/2544
f 2188/3093/2188 2205/3508/2205 2442/3350/2442
f 2188/3093/2188 2203/3094/2203 2205/3508/2205
f 2209/3256/2209 2210/3255/2210 2191/3509/2191
f 2206/3216/2206 2193/3510/2193 2188/3503/2188
f 2193/3510/2193 2207/3221/2207 2208/3220/2208
f 2193/3510/2193 2206/3216/2206 2207/3221/2207
f 2564/2926/2564 2566/2722/2566 2565/2952/2565
f 2566/2722/2566 2635/2723/2635 2565/2952/2565
f 2568/3511/2568 2570/2923/2570 2569/2930/2569
f 2526/3485/2526 2570/2923/2570 2568/3511/2568
f 2526/3485/2526 2525/3486/2525 2570/2923/2570
f 2525/3486/2525 2524/2924/2524 2570/2923/2570
f 2522/2932/2522 2571/2927/2571 2521/3374/2521
f 2563/2925/2563 2521/3374/2521 2571/2927/2571
f 2214/3342/2214 2196/3512/2196 2197/3481/2197
f 2219/3497/2219 2199/3513/2199 2194/3498/2194
f 2219/3497/2219 2220/3337/2220 2199/3513/2199
f 2220/3337/2220 2221/3514/2221 2199/3513/2199
f 2198/3515/2198 2199/3516/2199 2222/3328/2222
f 2199/3516/2199 2221/3335/2221 2222/3328/2222
f 2223/3343/2223 2198/3515/2198 2224/3327/2224
f 2198/3515/2198 2222/3328/2222 2224/3327/2224
f 2223/3343/2223 2197/3517/2197 2198/3515/2198
f 2214/3342/2214 2197/3481/2197 2225/3340/2225
f 2190/3090/2190 2191/3505/2191 2213/3263/2213
f 2191/3505/2191 2407/3358/2407 2213/3263/2213
f 2446/3518/2446 2456/3333/2456 2221/3335/2221
f 2195/3492/2195 2196/3519/2196 2215/3496/2215
f 2196/3512/2196 2214/3342/2214 2215/3520/2215
f 2534/3507/2534 2547/2796/2547 2543/2976/2543
f 2541/2978/2541 2545/2794/2545 2539/2798/2539
f 2541/2978/2541 2542/2982/2542 2545/2794/2545
f 2542/2982/2542 2546/2795/2546 2545/2794/2545
f 2543/2976/2543 2547/2796/2547 2546/2795/2546
f 2192/3504/2192 2193/3521/2193 2200/3242/2200
f 2193/3521/2193 2208/3258/2208 2200/3242/2200
f 2209/3256/2209 2191/3509/2191 2192/3504/2192
f 2503/3522/2503 2498/3499/2498 2500/3523/2500
f 2447/3329/2447 2459/3334/2459 2444/3331/2444
f 2459/3323/2459 2478/2942/2478 2444/3524/2444
f 2459/3334/2459 2458/3525/2458 2478/3526/2478
f 2458/3525/2458 2469/3527/2469 2478/3526/2478
f 2458/3322/2458 2463/3316/2463 2469/3345/2469
f 2461/3318/2461 2468/3346/2468 2463/3316/2463
f 2461/3318/2461 2462/3320/2462 2468/3346/2468
f 2462/3320/2462 2450/3339/2450 2468/3346/2468
f 2462/3320/2462 2471/3528/2471 2450/3339/2450
f 2462/3320/2462 2467/3529/2467 2471/3528/2471
f 2479/3530/2479 2472/3341/2472 2473/3531/2473
f 2486/2946/2486 2480/2941/2480 2487/3532/2487
f 2504/3533/2504 2500/3534/2500 2499/3535/2499
f 2504/3533/2504 2503/3536/2503 2500/3534/2500
f 2487/3532/2487 2480/2941/2480 2471/3528/2471
f 2491/3537/2491 2488/3538/2488 2483/3539/2483
f 2483/2911/2483 2479/2915/2479 2482/2914/2482
f 2483/3539/2483 2488/3538/2488 2479/3530/2479
f 2488/3538/2488 2472/3341/2472 2479/3530/2479
f 2467/3529/2467 2505/3540/2505 2495/3541/2495
f 2505/3540/2505 2486/2946/2486 2495/3541/2495
f 2505/3540/2505 2493/3542/2493 2486/2946/2486
f 2493/3542/2493 2484/2921/2484 2486/2946/2486
f 2349/2908/2349 2484/2921/2484 2490/2909/2490
f 2484/2921/2484 2496/3543/2496 2490/2909/2490
f 2484/2921/2484 2493/3542/2493 2496/3543/2496
f 2467/3529/2467 2495/3541/2495 2471/3528/2471
f 2509/2979/2509 2344/2935/2344 2343/3274/2343
f 2506/3500/2506 2510/3544/2510 2512/2984/2512
f 2450/3339/2450 2471/3528/2471 2470/2940/2470
f 2220/3337/2220 2446/3336/2446 2221/3514/2221
f 2446/3518/2446 2445/3545/2445 2456/3333/2456
f 2445/3545/2445 2464/3546/2464 2456/3333/2456
f 2464/3546/2464 2463/3547/2463 2458/3525/2458
f 2478/2942/2478 2452/2943/2452 2453/2933/2453
f 2462/3320/2462 2492/3548/2492 2467/3529/2467
f 2462/3320/2462 2497/3549/2497 2492/3548/2492
f 2462/3320/2462 2460/3319/2460 2497/3549/2497
f 2455/3314/2455 2220/3337/2220 2465/3550/2465
f 2450/3339/2450 2451/2944/2451 2468/3346/2468
f 2488/3538/2488 2215/3520/2215 2214/3342/2214
f 2490/2909/2490 2491/3551/2491 2481/2910/2481
f 2491/3537/2491 2483/3539/2483 2481/3552/2481
f 2449/2945/2449 2450/3339/2450 2470/2940/2470
f 2226/3478/2226 2506/3500/2506 2255/3477/2255
f 2475/3553/2475 2473/2916/2473 2472/3554/2472
f 2475/3555/2475 2474/3556/2474 2473/3531/2473
f 2477/3557/2477 2476/3482/2476 2223/3489/2223
f 2444/3331/2444 2477/3558/2477 2223/3343/2223
f 2444/3331/2444 2478/3526/2478 2477/3558/2477
f 2225/3340/2225 2476/3482/2476 2472/3341/2472
f 2476/3482/2476 2475/3555/2475 2472/3341/2472
f 2476/3482/2476 2477/3557/2477 2475/3555/2475
f 2477/3557/2477 2474/3556/2474 2475/3555/2475
f 2477/3557/2477 2478/2918/2478 2474/3556/2474
f 2495/3541/2495 2487/3532/2487 2471/3528/2471
f 2495/3541/2495 2486/2946/2486 2487/3532/2487
f 2484/2921/2484 2485/2947/2485 2486/2946/2486
f 2505/3540/2505 2492/3548/2492 2497/3549/2497
f 2499/3535/2499 2216/3490/2216 2489/3494/2489
f 2499/3535/2499 2500/3534/2500 2216/3490/2216
f 2500/3534/2500 2217/3493/2217 2216/3490/2216
f 2500/3523/2500 2498/3499/2498 2217/3502/2217
f 2503/3536/2503 2504/3533/2504 2499/3535/2499
f 2505/3559/2505 2498/3560/2498 2503/3536/2503
f 2505/3540/2505 2497/3549/2497 2498/3561/2498
f 2497/3549/2497 2219/3562/2219 2498/3561/2498
f 2258/3467/2258 2257/3476/2257 2357/3273/2357
f 2503/3563/2503 2494/3564/2494 2505/3540/2505
f 2503/3536/2503 2493/3565/2493 2494/3566/2494
f 2503/3563/2503 2502/3567/2502 2493/3542/2493
f 2502/3567/2502 2496/3543/2496 2493/3542/2493
f 2502/3568/2502 2490/3569/2490 2496/3570/2496
f 2502/3567/2502 2501/3571/2501 2490/2909/2490
f 2501/3571/2501 2488/3572/2488 2491/3551/2491
f 2344/2935/2344 2509/2979/2509 2585/2708/2585
f 2506/3500/2506 2226/3478/2226 2510/3544/2510
f 2480/2941/2480 2470/2940/2470 2471/3528/2471
f 2215/3496/2215 2489/3494/2489 2218/3495/2218
f 2868/3573/2868 2866/3574/2866 2867/3575/2867
f 2864/3576/2864 2866/3574/2866 2865/3577/2865
f 2864/3576/2864 2863/3578/2863 2866/3574/2866
f 2863/3578/2863 2867/3575/2867 2866/3574/2866
f 2872/3579/2872 2870/3580/2870 2869/3581/2869
f 2871/3582/2871 2870/3580/2870 2872/3579/2872
f 2874/3583/2874 2873/3584/2873 2876/3585/2876
f 2875/3586/2875 2876/3585/2876 2873/3584/2873
f 2880/3587/2880 2877/3588/2877 2878/3589/2878
f 2880/3587/2880 2878/3589/2878 2879/3590/2879
f 2883/3591/2883 2881/3592/2881 2882/3593/2882
f 2881/3592/2881 2884/3594/2884 2882/3593/2882
f 2881/3592/2881 2883/3591/2883 2885/3595/2885
f 2887/3596/2887 2886/3597/2886 2889/3598/2889
f 2887/3596/2887 2889/3598/2889 2888/3599/2888
f 2893/3600/2893 2894/3601/2894 2891/3602/2891
f 2890/3603/2890 2893/3600/2893 2892/3604/2892
f 2892/3604/2892 2893/3600/2893 2891/3602/2891
f 2895/3605/2895 2896/3606/2896 2897/3607/2897
f 2896/3606/2896 2898/3608/2898 2897/3607/2897
f 2900/3609/2900 2899/3610/2899 2901/3611/2901
f 2900/3609/2900 2901/3611/2901 2902/3612/2902
f 2946/3613/2946 2948/3614/2948 2916/3615/2916
f 2950/3616/2950 2947/3617/2947 2915/3618/2915
f 2948/3614/2948 2949/3619/2949 2916/3615/2916
f 2949/3620/2949 2915/3618/2915 2916/3621/2916
f 2949/3620/2949 2950/3616/2950 2915/3618/2915
f 2962/3622/2962 2945/3623/2945 2904/3624/2904
f 2917/3625/2917 2918/3626/2918 2938/3627/2938
f 2917/3625/2917 2938/3627/2938 2946/3613/2946
f 2916/3615/2916 2917/3625/2917 2946/3613/2946
f 2939/3628/2939 2941/3629/2941 2942/3630/2942
f 2939/3631/2939 2940/3632/2940 2919/3633/2919
f 2939/3628/2939 2919/3634/2919 2914/3635/2914
f 2918/3626/2918 2919/3633/2919 2940/3632/2940
f 2918/3626/2918 2940/3632/2940 2938/3627/2938
f 2906/3636/2906 2943/3637/2943 2912/3638/2912
f 2906/3639/2906 2905/3640/2905 2943/3641/2943
f 2905/3640/2905 2944/3642/2944 2943/3641/2943
f 2905/3640/2905 2904/3624/2904 2944/3642/2944
f 2904/3624/2904 2945/3623/2945 2944/3642/2944
f 2909/3643/2909 2911/3644/2911 2936/3645/2936
f 2907/3646/2907 2909/3643/2909 2936/3645/2936
f 2907/3646/2907 2936/3645/2936 2937/3647/2937
f 2934/3648/2934 2936/3649/2936 2911/3650/2911
f 2908/3651/2908 2910/3652/2910 2911/3644/2911
f 2908/3651/2908 2911/3644/2911 2909/3643/2909
f 2910/3652/2910 2908/3651/2908 2903/3653/2903
f 2908/3651/2908 2909/3643/2909 2907/3646/2907
f 2934/3654/2934 2935/3655/2935 2936/3645/2936
f 2967/3656/2967 2939/3628/2939 2942/3630/2942
f 2920/3657/2920 2922/3658/2922 2921/3659/2921
f 2913/3660/2913 2941/3629/2941 2914/3635/2914
f 2941/3629/2941 2939/3628/2939 2914/3635/2914
f 2926/3661/2926 2927/3662/2927 2961/3663/2961
f 2953/3664/2953 2932/3665/2932 2933/3666/2933
f 2953/3664/2953 2955/3667/2955 2932/3665/2932
f 2955/3667/2955 2956/3668/2956 2932/3665/2932
f 2956/3668/2956 2958/3669/2958 2932/3665/2932
f 2930/3670/2930 2957/3671/2957 2951/3672/2951
f 2932/3665/2932 2958/3669/2958 2931/3673/2931
f 2958/3669/2958 2930/3670/2930 2931/3673/2931
f 2958/3669/2958 2957/3671/2957 2930/3670/2930
f 2930/3670/2930 2951/3672/2951 2929/3674/2929
f 2951/3672/2951 2959/3675/2959 2929/3674/2929
f 2959/3675/2959 2960/3676/2960 2929/3674/2929
f 2915/3618/2915 2947/3617/2947 2920/3657/2920
f 2927/3677/2927 2960/3676/2960 2961/3678/2961
f 2927/3677/2927 2928/3679/2928 2960/3676/2960
f 2928/3679/2928 2929/3674/2929 2960/3676/2960
f 2924/3680/2924 2925/3681/2925 2962/3622/2962
f 2925/3681/2925 2963/3682/2963 2962/3622/2962
f 2925/3681/2925 2964/3683/2964 2963/3682/2963
f 2925/3681/2925 2926/3661/2926 2964/3683/2964
f 2926/3661/2926 2965/3684/2965 2964/3683/2964
f 2926/3661/2926 2961/3663/2961 2965/3684/2965
f 2924/3680/2924 2962/3622/2962 2904/3624/2904
f 2962/3622/2962 2966/3685/2966 2945/3623/2945
f 2921/3659/2921 2915/3618/2915 2920/3657/2920
f 2952/3686/2952 2953/3664/2953 2937/3647/2937
f 2953/3664/2953 2907/3646/2907 2937/3647/2937
f 2953/3664/2953 2933/3666/2933 2907/3646/2907
f 2922/3658/2922 2954/3687/2954 2921/3659/2921
f 2954/3687/2954 2923/3688/2923 2921/3659/2921
f 2954/3689/2954 2934/3690/2934 2923/3691/2923
f 2954/3687/2954 2935/3655/2935 2934/3654/2934
f 2952/3686/2952 2937/3647/2937 2936/3645/2936
f 2954/3687/2954 2952/3686/2952 2936/3645/2936
f 2954/3687/2954 2936/3645/2936 2935/3655/2935
f 2971/3692/2971 2972/3693/2972 2969/3694/2969
f 2970/3695/2970 2971/3696/2971 2969/3697/2969
f 2970/3695/2970 2969/3697/2969 2968/3698/2968
f 2973/3699/2973 2972/3693/2972 2974/3700/2974
f 2972/3693/2972 2971/3692/2971 2974/3700/2974
f 2976/3701/2976 2975/3702/2975 2977/3703/2977
f 2978/3704/2978 2976/3701/2976 2977/3703/2977
f 2986/3705/2986 2979/3706/2979 2982/3707/2982
f 2979/3706/2979 2981/3708/2981 2983/3709/2983
f 2979/3706/2979 2986/3705/2986 2984/3710/2984
f 2979/3706/2979 2983/3709/2983 2982/3707/2982
f 2985/3711/2985 2980/3712/2980 2979/3706/2979
f 2984/3710/2984 2985/3711/2985 2979/3706/2979
f 2994/3713/2994 3000/3714/3000 3006/3715/3006
f 2995/3716/2995 3006/3715/3006 3005/3717/3005
f 3000/3714/3000 2997/3718/2997 2996/3719/2996
f 3007/3720/3007 2995/3716/2995 3005/3717/3005
f 2999/3721/2999 2998/3722/2998 3008/3723/3008
f 3007/3720/3007 2999/3721/2999 3008/3723/3008
f 2995/3716/2995 3007/3720/3007 3008/3723/3008
f 3013/3724/3013 2990/3725/2990 2989/3726/2989
f 3013/3724/3013 2989/3726/2989 2988/3727/2988
f 2987/3728/2987 3013/3724/3013 2988/3727/2988
f 3003/3729/3003 3013/3724/3013 2987/3728/2987
f 3012/3730/3012 3013/3724/3013 3003/3729/3003
f 3011/3731/3011 3012/3730/3012 3003/3729/3003
f 3011/3731/3011 3003/3729/3003 3004/3732/3004
f 3011/3733/3011 3004/3734/3004 3001/3735/3001
f 3010/3736/3010 3011/3733/3011 3001/3735/3001
f 2990/3725/2990 3013/3724/3013 2991/3737/2991
f 3010/3736/3010 3001/3735/3001 3002/3738/3002
f 3013/3724/3013 2992/3739/2992 2991/3737/2991
f 3009/3740/3009 3010/3736/3010 3002/3738/3002
f 2994/3713/2994 2997/3718/2997 3000/3714/3000
f 3013/3724/3013 3007/3720/3007 2992/3739/2992
f 3007/3720/3007 2993/3741/2993 2992/3739/2992
f 2995/3716/2995 2994/3713/2994 3006/3715/3006
f 3007/3720/3007 3005/3717/3005 2993/3741/2993
f 3015/3742/3015 3014/3743/3014 3018/3744/3018
f 3015/3742/3015 3018/3744/3018 3017/3745/3017
f 3016/3746/3016 3015/3742/3015 3017/3745/3017
f 3044/3747/3044 3045/3748/3045 3061/3749/3061
f 3049/3750/3049 3053/3751/3053 3050/3752/3050
f 3022/3753/3022 3039/3754/3039 3040/3755/3040
f 3065/3756/3065 3063/3757/3063 3047/3758/3047
f 3065/3756/3065 3047/3758/3047 3058/3759/3058
f 3045/3748/3045 3062/3760/3062 3061/3749/3061
f 3045/3761/3045 3046/3762/3046 3062/3763/3062
f 3064/3764/3064 3065/3756/3065 3058/3759/3058
f 3046/3762/3046 3047/3758/3047 3063/3757/3063
f 3062/3763/3062 3046/3762/3046 3063/3757/3063
f 3048/3765/3048 3041/3766/3041 3054/3767/3054
f 3041/3766/3041 3067/3768/3067 3054/3767/3054
f 3041/3766/3041 3035/3769/3035 3067/3768/3067
f 3035/3769/3035 3066/3770/3066 3067/3768/3067
f 3035/3769/3035 3029/3771/3029 3066/3770/3066
f 3066/3770/3066 3029/3771/3029 3032/3772/3032
f 3029/3771/3029 3024/3773/3024 3032/3772/3032
f 3053/3751/3053 3049/3750/3049 3048/3765/3048
f 3052/3774/3052 3051/3775/3051 3054/3767/3054
f 3051/3775/3051 3048/3765/3048 3054/3767/3054
f 3051/3775/3051 3053/3751/3053 3048/3765/3048
f 3022/3753/3022 3040/3755/3040 3059/3776/3059
f 3059/3776/3059 3042/3777/3042 3060/3778/3060
f 3042/3777/3042 3043/3779/3043 3060/3778/3060
f 3032/3772/3032 3024/3773/3024 3033/3780/3033
f 3043/3779/3043 3061/3749/3061 3060/3778/3060
f 3034/3781/3034 3029/3771/3029 3035/3769/3035
f 3058/3759/3058 3047/3758/3047 3020/3782/3020
f 3039/3754/3039 3022/3753/3022 3023/3783/3023
f 3040/3755/3040 3042/3777/3042 3059/3776/3059
f 3031/3784/3031 3022/3753/3022 3030/3785/3030
f 3022/3753/3022 3059/3776/3059 3030/3785/3030
f 3029/3771/3029 3034/3781/3034 3028/3786/3028
f 3034/3781/3034 3027/3787/3027 3028/3786/3028
f 3034/3781/3034 3036/3788/3036 3027/3787/3027
f 3036/3789/3036 3025/3790/3025 3027/3791/3027
f 3036/3789/3036 3037/3792/3037 3025/3790/3025
f 3037/3792/3037 3026/3793/3026 3025/3790/3025
f 3037/3792/3037 3038/3794/3038 3026/3793/3026
f 3038/3794/3038 3023/3783/3023 3026/3793/3026
f 3038/3794/3038 3039/3754/3039 3023/3783/3023
f 3055/3795/3055 3058/3759/3058 3020/3782/3020
f 3055/3795/3055 3020/3782/3020 3021/3796/3021
f 3019/3797/3019 3055/3798/3055 3021/3799/3021
f 3019/3797/3019 3057/3800/3057 3056/3801/3056
f 3055/3795/3055 3019/3802/3019 3056/3803/3056
f 3043/3779/3043 3044/3747/3044 3061/3749/3061
f 3071/3804/3071 3069/3805/3069 3070/3806/3070
f 3069/3805/3069 3068/3807/3068 3070/3806/3070
f 3072/3808/3072 3074/3809/3074 3075/3810/3075
f 3072/3811/3072 3073/3812/3073 3074/3813/3074
f 3079/3814/3079 3076/3815/3076 3077/3816/3077
f 3078/3817/3078 3079/3814/3079 3077/3816/3077
f 3079/3814/3079 3080/3818/3080 3076/3815/3076
f 3085/3819/3085 3089/3820/3089 3087/3821/3087
f 3087/3821/3087 3086/3822/3086 3081/3823/3081
f 3087/3821/3087 3081/3823/3081 3082/3824/3082
f 3087/3821/3087 3082/3824/3082 3084/3825/3084
f 3086/3822/3086 3083/3826/3083 3081/3823/3081
f 3088/3827/3088 3089/3820/3089 3085/3819/3085
f 3084/3825/3084 3085/3819/3085 3087/3821/3087
f 3090/3828/3090 3092/3829/3092 3093/3830/3093
f 3091/3831/3091 3092/3832/3092 3090/3833/3090
f 3094/3834/3094 3097/3835/3097 3096/3836/3096
f 3095/3837/3095 3096/3836/3096 3097/3835/3097
f 3100/3838/3100 3099/3839/3099 3098/3840/3098
f 3101/3841/3101 3099/3839/3099 3100/3838/3100
f 3105/3842/3105 3103/3843/3103 3102/3844/3102
f 3104/3845/3104 3103/3846/3103 3105/3847/3105
f 3104/3845/3104 3105/3847/3105 3102/3848/3102
f 3108/3849/3108 3106/3850/3106 3107/3851/3107
f 3109/3852/3109 3112/3853/3112 3111/3854/3111
f 3108/3849/3108 3109/3852/3109 3106/3850/3106
f 3112/3853/3112 3109/3852/3109 3113/3855/3113
f 3106/3850/3106 3111/3854/3111 3110/3856/3110
f 3109/3852/3109 3111/3854/3111 3106/3850/3106
f 3115/3857/3115 3114/3858/3114 3116/3859/3116
f 3114/3858/3114 3117/3860/3117 3116/3859/3116
f 3120/3861/3120 3118/3862/3118 3121/3863/3121
f 3118/3862/3118 3119/3864/3119 3121/3863/3121
f 3122/3865/3122 3123/3866/3123 3125/3867/3125
f 3122/3865/3122 3125/3867/3125 3124/3868/3124
f 3128/3869/3128 3129/3870/3129 3127/3871/3127
f 3129/3870/3129 3126/3872/3126 3127/3871/3127
f 3148/3873/3148 3136/3874/3136 3137/3875/3137
f 3149/3876/3149 3135/3877/3135 3136/3874/3136
f 3147/3878/3147 3148/3873/3148 3137/3875/3137
f 3147/3879/3147 3137/3880/3137 3132/3881/3132
f 3146/3882/3146 3147/3878/3147 3132/3883/3132
f 3146/3882/3146 3132/3883/3132 3133/3884/3133
f 3145/3885/3145 3146/3882/3146 3133/3884/3133
f 3145/3885/3145 3133/3884/3133 3134/3886/3134
f 3144/3887/3144 3145/3885/3145 3134/3886/3134
f 3144/3887/3144 3134/3886/3134 3130/3888/3130
f 3143/3889/3143 3144/3887/3144 3130/3888/3130
f 3143/3889/3143 3130/3888/3130 3131/3890/3131
f 3142/3891/3142 3143/3889/3143 3131/3890/3131
f 3148/3892/3148 3149/3893/3149 3136/3894/3136
f 3149/3876/3149 3150/3895/3150 3135/3877/3135
f 3150/3895/3150 3140/3896/3140 3135/3877/3135
f 3150/3895/3150 3151/3897/3151 3140/3896/3140
f 3151/3897/3151 3139/3898/3139 3140/3896/3140
f 3151/3897/3151 3152/3899/3152 3139/3898/3139
f 3152/3899/3152 3138/3900/3138 3139/3898/3139
f 3152/3899/3152 3153/3901/3153 3138/3900/3138
f 3153/3901/3153 3141/3902/3141 3138/3900/3138
f 3153/3901/3153 3154/3903/3154 3141/3902/3141
f 3170/3904/3170 3169/3905/3169 3210/3906/3210
f 3175/3907/3175 3174/3908/3174 3205/3909/3205
f 3170/3904/3170 3210/3906/3210 3209/3910/3209
f 3171/3911/3171 3170/3904/3170 3209/3910/3209
f 3171/3911/3171 3209/3910/3209 3208/3912/3208
f 3172/3913/3172 3171/3911/3171 3208/3912/3208
f 3172/3913/3172 3208/3912/3208 3207/3914/3207
f 3173/3915/3173 3172/3913/3172 3207/3914/3207
f 3173/3915/3173 3207/3914/3207 3206/3916/3206
f 3174/3908/3174 3173/3917/3173 3206/3918/3206
f 3174/3908/3174 3206/3918/3206 3205/3909/3205
f 3175/3907/3175 3205/3909/3205 3204/3919/3204
f 3169/3905/3169 3183/3920/3183 3210/3906/3210
f 3164/3921/3164 3188/3922/3188 3187/3923/3187
f 3165/3924/3165 3164/3921/3164 3187/3923/3187
f 3165/3924/3165 3187/3923/3187 3186/3925/3186
f 3166/3926/3166 3165/3924/3165 3186/3925/3186
f 3166/3926/3166 3186/3925/3186 3185/3927/3185
f 3167/3928/3167 3166/3929/3166 3185/3930/3185
f 3167/3928/3167 3185/3930/3185 3184/3931/3184
f 3168/3932/3168 3167/3928/3167 3184/3931/3184
f 3168/3932/3168 3184/3931/3184 3183/3920/3183
f 3169/3905/3169 3168/3932/3168 3183/3920/3183
f 3159/3933/3159 3193/3934/3193 3192/3935/3192
f 3155/3936/3155 3197/3937/3197 3196/3938/3196
f 3156/3939/3156 3155/3936/3155 3196/3938/3196
f 3156/3939/3156 3196/3938/3196 3195/3940/3195
f 3157/3941/3157 3156/3939/3156 3195/3940/3195
f 3157/3941/3157 3195/3940/3195 3194/3942/3194
f 3158/3943/3158 3157/3941/3157 3194/3942/3194
f 3158/3943/3158 3194/3942/3194 3193/3944/3193
f 3159/3933/3159 3158/3945/3158 3193/3934/3193
f 3155/3936/3155 3182/3946/3182 3197/3937/3197
f 3160/3947/3160 3159/3933/3159 3192/3935/3192
f 3160/3947/3160 3192/3935/3192 3191/3948/3191
f 3161/3949/3161 3160/3947/3160 3191/3948/3191
f 3161/3949/3161 3191/3948/3191 3190/3950/3190
f 3162/3951/3162 3161/3949/3161 3190/3950/3190
f 3162/3951/3162 3190/3950/3190 3189/3952/3189
f 3163/3953/3163 3162/3951/3162 3189/3952/3189
f 3163/3953/3163 3189/3952/3189 3188/3922/3188
f 3182/3946/3182 3198/3954/3198 3197/3937/3197
f 3182/3946/3182 3181/3955/3181 3198/3954/3198
f 3181/3955/3181 3199/3956/3199 3198/3954/3198
f 3181/3955/3181 3180/3957/3180 3199/3956/3199
f 3180/3957/3180 3200/3958/3200 3199/3956/3199
f 3180/3957/3180 3179/3959/3179 3200/3958/3200
f 3179/3960/3179 3201/3961/3201 3200/3962/3200
f 3179/3960/3179 3178/3963/3178 3201/3961/3201
f 3178/3963/3178 3202/3964/3202 3201/3961/3201
f 3178/3963/3178 3177/3965/3177 3202/3964/3202
f 3177/3965/3177 3203/3966/3203 3202/3964/3202
f 3177/3965/3177 3176/3967/3176 3203/3966/3203
f 3164/3921/3164 3163/3953/3163 3188/3922/3188
f 3176/3967/3176 3204/3919/3204 3203/3966/3203
f 3176/3967/3176 3175/3907/3175 3204/3919/3204
f 3225/3968/3225 3213/3969/3213 3227/3970/3227
f 3213/3969/3213 3228/3971/3228 3227/3970/3227
f 3221/3972/3221 3222/3973/3222 3226/3974/3226
f 3214/3975/3214 3229/3976/3229 3228/3971/3228
f 3213/3969/3213 3214/3975/3214 3228/3971/3228
f 3215/3977/3215 3216/3978/3216 3230/3979/3230
f 3214/3975/3214 3215/3977/3215 3229/3976/3229
f 3215/3977/3215 3230/3979/3230 3229/3976/3229
f 3219/3980/3219 3235/3981/3235 3234/3982/3234
f 3218/3983/3218 3234/3982/3234 3233/3984/3233
f 3218/3983/3218 3219/3980/3219 3234/3982/3234
f 3220/3985/3220 3236/3986/3236 3235/3981/3235
f 3220/3985/3220 3221/3972/3221 3236/3986/3236
f 3221/3972/3221 3237/3987/3237 3236/3986/3236
f 3221/3972/3221 3226/3974/3226 3237/3987/3237
f 3211/3988/3211 3212/3989/3212 3224/3990/3224
f 3216/3978/3216 3231/3991/3231 3230/3979/3230
f 3212/3989/3212 3213/3969/3213 3225/3968/3225
f 3217/3992/3217 3233/3984/3233 3232/3993/3232
f 3217/3992/3217 3218/3983/3218 3233/3984/3233
f 3216/3978/3216 3217/3992/3217 3231/3991/3231
f 3231/3991/3231 3217/3992/3217 3232/3993/3232
f 3212/3989/3212 3225/3968/3225 3224/3990/3224
f 3211/3988/3211 3224/3990/3224 3223/3994/3223
f 3219/3980/3219 3220/3985/3220 3235/3981/3235
f 3241/3995/3241 3238/3996/3238 3239/3997/3239
f 3241/3995/3241 3242/3998/3242 3238/3996/3238
f 3242/3998/3242 3243/3999/3243 3240/4000/3240
f 3242/3998/3242 3240/4000/3240 3238/3996/3238
f 3261/4001/3261 3262/4002/3262 3257/4003/3257
f 3260/4004/3260 3258/4005/3258 3247/4006/3247
f 3259/4007/3259 3260/4004/3260 3247/4006/3247
f 3267/4008/3267 3251/4009/3251 3252/4010/3252
f 3267/4008/3267 3268/4011/3268 3251/4009/3251
f 3268/4011/3268 3250/4012/3250 3251/4009/3251
f 3269/4013/3269 3249/4014/3249 3250/4012/3250
f 3268/4011/3268 3269/4013/3269 3250/4012/3250
f 3272/4015/3272 3245/4016/3245 3246/4017/3246
f 3271/4018/3271 3272/4015/3272 3246/4017/3246
f 3271/4018/3271 3246/4017/3246 3248/4019/3248
f 3265/4020/3265 3253/4021/3253 3254/4022/3254
f 3263/4023/3263 3264/4024/3264 3255/4025/3255
f 3264/4024/3264 3254/4022/3254 3255/4025/3255
f 3264/4024/3264 3265/4020/3265 3254/4022/3254
f 3266/4026/3266 3252/4027/3252 3253/4028/3253
f 3265/4020/3265 3266/4029/3266 3253/4021/3253
f 3261/4001/3261 3257/4003/3257 3258/4005/3258
f 3260/4004/3260 3261/4001/3261 3258/4005/3258
f 3273/4030/3273 3274/4031/3274 3244/4032/3244
f 3270/4033/3270 3271/4018/3271 3248/4019/3248
f 3269/4013/3269 3270/4033/3270 3249/4014/3249
f 3273/4030/3273 3244/4032/3244 3245/4016/3245
f 3272/4015/3272 3273/4030/3273 3245/4016/3245
f 3262/4002/3262 3256/4034/3256 3257/4003/3257
f 3262/4002/3262 3263/4023/3263 3256/4034/3256
f 3263/4023/3263 3255/4025/3255 3256/4034/3256
f 3266/4026/3266 3267/4035/3267 3252/4027/3252
f 3270/4033/3270 3248/4019/3248 3249/4014/3249
f 3307/4036/3307 3298/4037/3298 3308/4038/3308
f 3296/4039/3296 3310/4040/3310 3309/4041/3309
f 3297/4042/3297 3312/4043/3312 3311/4044/3311
f 3297/4042/3297 3293/4045/3293 3312/4043/3312
f 3296/4039/3296 3297/4042/3297 3310/4040/3310
f 3310/4040/3310 3297/4042/3297 3311/4044/3311
f 3292/4046/3292 3287/4047/3287 3324/4048/3324
f 3292/4046/3292 3324/4048/3324 3323/4049/3323
f 3322/4050/3322 3292/4046/3292 3323/4049/3323
f 3291/4051/3291 3292/4046/3292 3322/4050/3322
f 3291/4051/3291 3322/4050/3322 3321/4052/3321
f 3320/4053/3320 3291/4051/3291 3321/4052/3321
f 3290/4054/3290 3291/4051/3291 3320/4053/3320
f 3290/4054/3290 3320/4053/3320 3319/4055/3319
f 3318/4056/3318 3290/4054/3290 3319/4055/3319
f 3295/4057/3295 3290/4054/3290 3318/4056/3318
f 3295/4058/3295 3318/4059/3318 3317/4060/3317
f 3281/4061/3281 3282/4062/3282 3338/4063/3338
f 3281/4061/3281 3338/4063/3338 3337/4064/3337
f 3336/4065/3336 3281/4061/3281 3337/4064/3337
f 3286/4066/3286 3281/4061/3281 3336/4065/3336
f 3286/4066/3286 3336/4065/3336 3335/4067/3335
f 3279/4068/3279 3280/4069/3280 3346/4070/3346
f 3346/4070/3346 3280/4069/3280 3347/4071/3347
f 3280/4069/3280 3348/4072/3348 3347/4071/3347
f 3280/4069/3280 3277/4073/3277 3348/4072/3348
f 3348/4072/3348 3277/4073/3277 3349/4074/3349
f 3288/4075/3288 3289/4076/3289 3328/4077/3328
f 3328/4077/3328 3289/4076/3289 3329/4078/3329
f 3289/4076/3289 3330/4079/3330 3329/4078/3329
f 3289/4076/3289 3284/4080/3284 3330/4079/3330
f 3330/4079/3330 3284/4080/3284 3331/4081/3331
f 3284/4080/3284 3332/4082/3332 3331/4081/3331
f 3284/4080/3284 3285/4083/3285 3332/4082/3332
f 3332/4082/3332 3285/4083/3285 3333/4084/3333
f 3285/4083/3285 3334/4085/3334 3333/4084/3333
f 3285/4086/3285 3286/4087/3286 3334/4088/3334
f 3334/4085/3334 3286/4066/3286 3335/4067/3335
f 3275/4089/3275 3302/4090/3302 3351/4091/3351
f 3277/4073/3277 3350/4092/3350 3349/4074/3349
f 3275/4093/3275 3351/4094/3351 3350/4092/3350
f 3277/4095/3277 3275/4089/3275 3350/4096/3350
f 3278/4097/3278 3344/4098/3344 3343/4099/3343
f 3279/4068/3279 3346/4070/3346 3345/4100/3345
f 3278/4097/3278 3279/4068/3279 3344/4098/3344
f 3344/4098/3344 3279/4068/3279 3345/4100/3345
f 3340/4101/3340 3283/4102/3283 3341/4103/3341
f 3283/4102/3283 3342/4104/3342 3341/4103/3341
f 3283/4102/3283 3278/4097/3278 3342/4104/3342
f 3342/4104/3342 3278/4097/3278 3343/4099/3343
f 3282/4062/3282 3283/4102/3283 3340/4101/3340
f 3338/4063/3338 3282/4062/3282 3339/4105/3339
f 3312/4043/3312 3293/4045/3293 3313/4106/3313
f 3293/4045/3293 3314/4107/3314 3313/4106/3313
f 3324/4048/3324 3287/4047/3287 3325/4108/3325
f 3287/4047/3287 3326/4109/3326 3325/4108/3325
f 3287/4047/3287 3288/4075/3288 3326/4109/3326
f 3326/4109/3326 3288/4075/3288 3327/4110/3327
f 3288/4075/3288 3328/4077/3328 3327/4110/3327
f 3305/4111/3305 3300/4112/3300 3306/4113/3306
f 3300/4112/3300 3307/4036/3307 3306/4113/3306
f 3300/4112/3300 3298/4037/3298 3307/4036/3307
f 3299/4114/3299 3300/4112/3300 3305/4111/3305
f 3316/4115/3316 3295/4057/3295 3317/4116/3317
f 3294/4117/3294 3316/4115/3316 3315/4118/3315
f 3294/4119/3294 3295/4058/3295 3316/4120/3316
f 3293/4045/3293 3294/4117/3294 3314/4107/3314
f 3314/4107/3314 3294/4117/3294 3315/4118/3315
f 3275/4089/3275 3301/4121/3301 3302/4090/3302
f 3275/4093/3275 3276/4122/3276 3301/4123/3301
f 3299/4114/3299 3305/4111/3305 3304/4124/3304
f 3282/4062/3282 3340/4101/3340 3339/4105/3339
f 3276/4122/3276 3303/4125/3303 3301/4123/3301
f 3276/4122/3276 3299/4114/3299 3303/4125/3303
f 3303/4125/3303 3299/4114/3299 3304/4124/3304
f 3358/4126/3358 3352/4127/3352 3357/4128/3357
f 3355/4129/3355 3363/4130/3363 3364/4131/3364
f 3355/4129/3355 3362/4132/3362 3363/4130/3363
f 3354/4133/3354 3360/4134/3360 3361/4135/3361
f 3362/4132/3362 3354/4133/3354 3361/4135/3361
f 3362/4132/3362 3355/4129/3355 3354/4133/3354
f 3354/4133/3354 3353/4136/3353 3360/4134/3360
f 3352/4127/3352 3356/4137/3356 3357/4128/3357
f 3353/4136/3353 3358/4126/3358 3359/4138/3359
f 3353/4136/3353 3352/4127/3352 3358/4126/3358
f 3360/4134/3360 3353/4136/3353 3359/4138/3359
f 3368/4139/3368 3365/4140/3365 3367/4141/3367
f 3366/4142/3366 3365/4140/3365 3368/4139/3368
f 3370/4143/3370 3366/4144/3366 3369/4145/3369
f 3366/4144/3366 3368/4146/3368 3369/4145/3369
f 3372/4147/3372 3371/4148/3371 3374/4149/3374
f 3372/4147/3372 3374/4149/3374 3375/4150/3375
f 3373/4151/3373 3372/4147/3372 3376/4152/3376
f 3376/4152/3376 3372/4147/3372 3375/4150/3375
f 3377/4153/3377 3379/4154/3379 3380/4155/3380
f 3381/4156/3381 3377/4153/3377 3380/4155/3380
f 3378/4157/3378 3377/4153/3377 3381/4156/3381
f 3385/4158/3385 3382/4159/3382 3384/4160/3384
f 3383/4161/3383 3382/4159/3382 3385/4158/3385
f 3387/4162/3387 3386/4163/3386 3388/4164/3388
f 3387/4162/3387 3388/4164/3388 3389/4165/3389
f 3395/4166/3395 3391/4167/3391 3394/4168/3394
f 3391/4167/3391 3393/4169/3393 3394/4168/3394
f 3392/4170/3392 3395/4166/3395 3396/4171/3396
f 3392/4170/3392 3391/4167/3391 3395/4166/3395
f 3391/4167/3391 3390/4172/3390 3393/4169/3393
f 3475/4173/3475 3476/4174/3476 3441/4175/3441
f 3474/4176/3474 3475/4173/3475 3441/4175/3441
f 3471/4177/3471 3476/4174/3476 3477/4178/3477
f 3480/4179/3480 3471/4177/3471 3477/4178/3477
f 3478/4180/3478 3480/4179/3480 3477/4178/3477
f 3438/4181/3438 3436/4182/3436 3450/4183/3450
f 3438/4181/3438 3450/4183/3450 3451/4184/3451
f 3434/4185/3434 3438/4181/3438 3451/4184/3451
f 3434/4185/3434 3451/4184/3451 3452/4186/3452
f 3478/4180/3478 3474/4176/3474 3479/4187/3479
f 3438/4181/3438 3434/4185/3434 3435/4188/3435
f 3436/4182/3436 3438/4181/3438 3437/4189/3437
f 3422/4190/3422 3433/4191/3433 3423/4192/3423
f 3400/4193/3400 3402/4194/3402 3428/4195/3428
f 3401/4196/3401 3459/4197/3459 3458/4198/3458
f 3461/4199/3461 3460/4200/3460 3462/4201/3462
f 3416/4202/3416 3457/4203/3457 3463/4204/3463
f 3426/4205/3426 3439/4206/3439 3440/4207/3440
f 3461/4199/3461 3459/4197/3459 3460/4200/3460
f 3457/4203/3457 3461/4199/3461 3463/4204/3463
f 3416/4202/3416 3463/4204/3463 3467/4208/3467
f 3461/4199/3461 3462/4201/3462 3463/4204/3463
f 3421/4209/3421 3427/4210/3427 3426/4211/3426
f 3469/4212/3469 3420/4213/3420 3421/4214/3421
f 3473/4215/3473 3469/4212/3469 3421/4214/3421
f 3472/4216/3472 3473/4215/3473 3441/4175/3441
f 3403/4217/3403 3405/4218/3405 3404/4219/3404
f 3425/4220/3425 3439/4206/3439 3426/4205/3426
f 3472/4216/3472 3476/4174/3476 3471/4177/3471
f 3478/4180/3478 3479/4187/3479 3480/4179/3480
f 3472/4216/3472 3441/4175/3441 3476/4174/3476
f 3442/4221/3442 3479/4187/3479 3474/4176/3474
f 3449/4222/3449 3450/4183/3450 3436/4182/3436
f 3473/4215/3473 3421/4214/3421 3426/4205/3426
f 3448/4223/3448 3436/4182/3436 3479/4187/3479
f 3448/4223/3448 3449/4222/3449 3436/4182/3436
f 3447/4224/3447 3479/4187/3479 3443/4225/3443
f 3444/4226/3444 3447/4224/3447 3443/4225/3443
f 3469/4212/3469 3470/4227/3470 3420/4213/3420
f 3447/4224/3447 3448/4223/3448 3479/4187/3479
f 3400/4193/3400 3428/4195/3428 3427/4228/3427
f 3409/4229/3409 3408/4230/3408 3456/4231/3456
f 3421/4214/3421 3399/4232/3399 3427/4228/3427
f 3399/4232/3399 3400/4193/3400 3427/4228/3427
f 3446/4233/3446 3447/4224/3447 3423/4192/3423
f 3447/4224/3447 3424/4234/3424 3423/4192/3423
f 3434/4185/3434 3452/4186/3452 3433/4191/3433
f 3444/4226/3444 3439/4206/3439 3447/4224/3447
f 3459/4197/3459 3481/4235/3481 3460/4200/3460
f 3447/4224/3447 3425/4220/3425 3424/4234/3424
f 3470/4227/3470 3397/4236/3397 3420/4213/3420
f 3480/4179/3480 3482/4237/3482 3471/4177/3471
f 3443/4225/3443 3479/4187/3479 3442/4221/3442
f 3398/4238/3398 3397/4236/3397 3482/4237/3482
f 3458/4198/3458 3464/4239/3464 3401/4196/3401
f 3441/4175/3441 3442/4221/3442 3474/4176/3474
f 3417/4240/3417 3418/4241/3418 3402/4194/3402
f 3418/4241/3418 3428/4195/3428 3402/4194/3402
f 3418/4241/3418 3429/4242/3429 3428/4195/3428
f 3418/4241/3418 3419/4243/3419 3429/4242/3429
f 3419/4243/3419 3430/4244/3430 3429/4242/3429
f 3407/4245/3407 3406/4246/3406 3410/4247/3410
f 3406/4246/3406 3404/4219/3404 3410/4247/3410
f 3404/4219/3404 3414/4248/3414 3410/4247/3410
f 3460/4200/3460 3455/4249/3455 3465/4250/3465
f 3462/4201/3462 3460/4200/3460 3465/4250/3465
f 3455/4249/3455 3466/4251/3466 3465/4250/3465
f 3455/4249/3455 3456/4231/3456 3466/4251/3466
f 3473/4215/3473 3440/4207/3440 3441/4175/3441
f 3473/4215/3473 3426/4205/3426 3440/4207/3440
f 3398/4238/3398 3400/4193/3400 3399/4232/3399
f 3397/4236/3397 3398/4238/3398 3399/4232/3399
f 3416/4202/3416 3417/4240/3417 3457/4203/3457
f 3417/4240/3417 3464/4239/3464 3457/4203/3457
f 3417/4240/3417 3402/4194/3402 3464/4239/3464
f 3416/4202/3416 3468/4252/3468 3415/4253/3415
f 3468/4252/3468 3412/4254/3412 3415/4253/3415
f 3468/4252/3468 3411/4255/3411 3412/4254/3412
f 3467/4208/3467 3468/4252/3468 3416/4202/3416
f 3411/4255/3411 3407/4245/3407 3410/4247/3410
f 3397/4236/3397 3470/4227/3470 3471/4177/3471
f 3398/4238/3398 3459/4197/3459 3401/4196/3401
f 3398/4238/3398 3481/4235/3481 3459/4197/3459
f 3398/4238/3398 3482/4237/3482 3481/4235/3481
f 3482/4237/3482 3453/4256/3453 3481/4235/3481
f 3482/4237/3482 3454/4257/3454 3453/4256/3453
f 3464/4239/3464 3402/4194/3402 3401/4196/3401
f 3415/4253/3415 3412/4254/3412 3419/4243/3419
f 3412/4254/3412 3431/4258/3431 3419/4243/3419
f 3412/4254/3412 3413/4259/3413 3431/4258/3431
f 3413/4259/3413 3432/4260/3432 3431/4258/3431
f 3413/4259/3413 3405/4218/3405 3432/4260/3432
f 3413/4259/3413 3414/4248/3414 3405/4218/3405
f 3419/4243/3419 3431/4258/3431 3430/4244/3430
f 3468/4252/3468 3408/4230/3408 3411/4255/3411
f 3397/4236/3397 3471/4177/3471 3482/4237/3482
f 3439/4206/3439 3425/4220/3425 3447/4224/3447
f 3452/4186/3452 3445/4261/3445 3433/4191/3433
f 3445/4261/3445 3423/4192/3423 3433/4191/3433
f 3445/4261/3445 3446/4233/3446 3423/4192/3423
f 3404/4219/3404 3405/4218/3405 3414/4248/3414
f 3468/4252/3468 3456/4231/3456 3408/4230/3408
f 3456/4231/3456 3468/4252/3468 3466/4251/3466
f 3407/4245/3407 3411/4255/3411 3408/4230/3408
f 3485/4262/3485 3486/4263/3486 3484/4264/3484
f 3483/4265/3483 3485/4262/3485 3484/4264/3484
f 3488/4266/3488 3487/4267/3487 3490/4268/3490
f 3487/4267/3487 3489/4269/3489 3490/4268/3490
f 3493/4270/3493 3494/4271/3494 3504/4272/3504
f 3494/4273/3494 3495/4274/3495 3506/4275/3506
f 3491/4276/3491 3499/4277/3499 3498/4278/3498
f 3496/4279/3496 3491/4276/3491 3498/4278/3498
f 3495/4274/3495 3508/4280/3508 3507/4281/3507
f 3495/4282/3495 3496/4283/3496 3508/4284/3508
f 3494/4285/3494 3506/4286/3506 3505/4287/3505
f 3494/4271/3494 3505/4288/3505 3504/4272/3504
f 3495/4274/3495 3507/4281/3507 3506/4275/3506
f 3496/4279/3496 3498/4278/3498 3497/4289/3497
f 3496/4283/3496 3497/4290/3497 3508/4284/3508
f 3493/4270/3493 3504/4272/3504 3503/4291/3503
f 3491/4292/3491 3500/4293/3500 3499/4294/3499
f 3492/4295/3492 3501/4296/3501 3500/4297/3500
f 3492/4298/3492 3493/4299/3493 3502/4300/3502
f 3493/4299/3493 3503/4301/3503 3502/4300/3502
f 3492/4295/3492 3502/4302/3502 3501/4296/3501
f 3491/4303/3491 3492/4295/3492 3500/4297/3500
f 3512/4304/3512 3524/4305/3524 3523/4306/3523
f 3512/4307/3512 3523/4308/3523 3522/4309/3522
f 3511/4310/3511 3521/4311/3521 3520/4312/3520
f 3514/4313/3514 3516/4314/3516 3515/4315/3515
f 3514/4316/3514 3515/4317/3515 3526/4318/3526
f 3512/4319/3512 3513/4320/3513 3524/4321/3524
f 3513/4322/3513 3514/4316/3514 3526/4318/3526
f 3513/4320/3513 3526/4323/3526 3525/4324/3525
f 3513/4320/3513 3525/4324/3525 3524/4321/3524
f 3509/4325/3509 3517/4326/3517 3516/4314/3516
f 3509/4327/3509 3510/4328/3510 3518/4329/3518
f 3510/4328/3510 3519/4330/3519 3518/4329/3518
f 3509/4331/3509 3518/4332/3518 3517/4333/3517
f 3510/4328/3510 3520/4334/3520 3519/4330/3519
f 3510/4335/3510 3511/4310/3511 3520/4312/3520
f 3514/4313/3514 3509/4325/3509 3516/4314/3516
f 3511/4336/3511 3512/4307/3512 3522/4309/3522
f 3511/4336/3511 3522/4309/3522 3521/4337/3521
f 3528/4338/3528 3538/4339/3538 3537/4340/3537
f 3530/4341/3530 3531/4342/3531 3542/4343/3542
f 3529/4344/3529 3540/4345/3540 3539/4346/3539
f 3529/4344/3529 3530/4347/3530 3540/4345/3540
f 3528/4348/3528 3529/4349/3529 3538/4350/3538
f 3527/4351/3527 3535/4352/3535 3534/4353/3534
f 3532/4354/3532 3533/4355/3533 3544/4356/3544
f 3532/4357/3532 3534/4353/3534 3533/4358/3533
f 3532/4357/3532 3527/4351/3527 3534/4353/3534
f 3529/4349/3529 3539/4359/3539 3538/4350/3538
f 3531/4360/3531 3532/4354/3532 3544/4356/3544
f 3531/4342/3531 3543/4361/3543 3542/4343/3542
f 3528/4338/3528 3537/4340/3537 3536/4362/3536
f 3531/4342/3531 3544/4363/3544 3543/4361/3543
f 3527/4364/3527 3528/4338/3528 3536/4362/3536
f 3527/4365/3527 3536/4366/3536 3535/4367/3535
f 3530/4368/3530 3542/4369/3542 3541/4370/3541
f 3530/4347/3530 3541/4371/3541 3540/4345/3540
f 3548/4372/3548 3560/4373/3560 3559/4374/3559
f 3546/4375/3546 3555/4376/3555 3554/4377/3554
f 3549/4378/3549 3550/4379/3550 3562/4380/3562
f 3549/4381/3549 3562/4382/3562 3561/4383/3561
f 3549/4381/3549 3561/4383/3561 3560/4384/3560
f 3548/4385/3548 3549/4381/3549 3560/4384/3560
f 3545/4386/3545 3554/4387/3554 3553/4388/3553
f 3550/4389/3550 3545/4390/3545 3552/4391/3552
f 3546/4375/3546 3556/4392/3556 3555/4376/3555
f 3547/4393/3547 3558/4394/3558 3557/4395/3557
f 3547/4396/3547 3557/4397/3557 3556/4398/3556
f 3546/4399/3546 3547/4396/3547 3556/4398/3556
f 3550/4389/3550 3552/4391/3552 3551/4400/3551
f 3550/4379/3550 3551/4401/3551 3562/4380/3562
f 3545/4390/3545 3553/4402/3553 3552/4391/3552
f 3545/4403/3545 3546/4375/3546 3554/4377/3554
f 3547/4393/3547 3548/4404/3548 3558/4394/3558
f 3548/4404/3548 3559/4405/3559 3558/4394/3558
f 3566/4406/3566 3564/4407/3564 3563/4408/3563
f 3566/4409/3566 3567/4410/3567 3564/4411/3564
f 3565/4412/3565 3563/4408/3563 3564/4407/3564
f 3591/4413/3591 3590/4414/3590 3577/4415/3577
f 3574/4416/3574 3576/4417/3576 3575/4418/3575
f 3572/4419/3572 3573/4420/3573 3587/4421/3587
f 3582/4422/3582 3569/4423/3569 3570/4424/3570
f 3590/4414/3590 3576/4417/3576 3577/4415/3577
f 3594/4425/3594 3580/4426/3580 3581/4427/3581
f 3584/4428/3584 3596/4429/3596 3570/4424/3570
f 3593/4430/3593 3580/4431/3580 3594/4432/3594
f 3569/4423/3569 3568/4433/3568 3570/4424/3570
f 3593/4430/3593 3592/4434/3592 3579/4435/3579
f 3592/4434/3592 3578/4436/3578 3579/4435/3579
f 3588/4437/3588 3586/4438/3586 3573/4420/3573
f 3588/4437/3588 3573/4420/3573 3574/4439/3574
f 3585/4440/3585 3572/4419/3572 3587/4421/3587
f 3586/4438/3586 3585/4440/3585 3587/4421/3587
f 3572/4419/3572 3585/4440/3585 3597/4441/3597
f 3571/4442/3571 3572/4419/3572 3597/4441/3597
f 3568/4433/3568 3584/4428/3584 3570/4424/3570
f 3595/4443/3595 3594/4425/3594 3581/4427/3581
f 3574/4416/3574 3575/4418/3575 3588/4444/3588
f 3575/4418/3575 3589/4445/3589 3588/4444/3588
f 3582/4422/3582 3595/4443/3595 3581/4427/3581
f 3595/4443/3595 3582/4422/3582 3596/4429/3596
f 3576/4417/3576 3590/4414/3590 3589/4445/3589
f 3575/4418/3575 3576/4417/3576 3589/4445/3589
f 3596/4429/3596 3582/4422/3582 3570/4424/3570
f 3583/4446/3583 3571/4442/3571 3598/4447/3598
f 3571/4442/3571 3597/4441/3597 3598/4447/3598
f 3586/4438/3586 3587/4421/3587 3573/4420/3573
f 3591/4413/3591 3577/4415/3577 3578/4436/3578
f 3591/4413/3591 3578/4436/3578 3592/4434/3592
f 3580/4431/3580 3593/4430/3593 3579/4435/3579
f 3601/4448/3601 3602/4449/3602 3600/4450/3600
f 3599/4451/3599 3601/4448/3601 3600/4450/3600
f 3605/4452/3605 3606/4453/3606 3604/4454/3604
f 3603/4455/3603 3605/4456/3605 3604/4457/3604
f 3608/4458/3608 3610/4459/3610 3609/4460/3609
f 3607/4461/3607 3608/4462/3608 3609/4463/3609
f 3611/4464/3611 3612/4465/3612 3614/4466/3614
f 3613/4467/3613 3611/4468/3611 3614/4469/3614
f 3616/4470/3616 3618/4471/3618 3617/4472/3617
f 3615/4473/3615 3616/4474/3616 3617/4475/3617
f 3619/4476/3619 3621/4477/3621 3620/4478/3620
f 3621/4477/3621 3622/4479/3622 3620/4478/3620
f 3624/4480/3624 3626/4481/3626 3625/4482/3625
f 3624/4483/3624 3623/4484/3623 3626/4485/3626
f 3630/4486/3630 3629/4487/3629 3628/4488/3628
f 3629/4487/3629 3627/4489/3627 3628/4488/3628
f 3631/4490/3631 3633/4491/3633 3639/4492/3639
f 3637/4493/3637 3638/4494/3638 3636/4495/3636
f 3635/4496/3635 3637/4493/3637 3636/4495/3636
f 3631/4497/3631 3632/4498/3632 3633/4499/3633
f 3632/4500/3632 3634/4501/3634 3633/4491/3633
f 3637/4502/3637 3639/4503/3639 3638/4504/3638
f 3637/4493/3637 3631/4497/3631 3639/4505/3639
f 3640/4506/3640 3642/4507/3642 3641/4508/3641
f 3642/4509/3642 3643/4510/3643 3641/4511/3641
f 3644/4512/3644 3645/4513/3645 3646/4514/3646
f 3645/4515/3645 3647/4516/3647 3646/4517/3646
f 3652/4518/3652 3653/4519/3653 3651/4520/3651
f 3648/4521/3648 3649/4522/3649 3656/4523/3656
f 3652/4518/3652 3655/4524/3655 3654/4525/3654
f 3655/4526/3655 3656/4527/3656 3654/4528/3654
f 3655/4524/3655 3648/4529/3648 3656/4530/3656
f 3652/4531/3652 3654/4532/3654 3653/4533/3653
f 3650/4534/3650 3652/4518/3652 3651/4520/3651
f 3659/4535/3659 3662/4536/3662 3661/4537/3661
f 3659/4535/3659 3660/4538/3660 3658/4539/3658
f 3659/4535/3659 3661/4537/3661 3660/4538/3660
f 3662/4540/3662 3664/4541/3664 3663/4542/3663
f 3662/4536/3662 3663/4543/3663 3661/4537/3661
f 3657/4544/3657 3659/4535/3659 3658/4539/3658
f 3693/4545/3693 3682/4546/3682 3692/4547/3692
f 3673/4548/3673 3698/4549/3698 3699/4550/3699
f 3704/4551/3704 3678/4552/3678 3703/4553/3703
f 3715/4554/3715 3745/4555/3745 3746/4556/3746
f 3715/4554/3715 3746/4556/3746 3747/4557/3747
f 3714/4558/3714 3715/4554/3715 3747/4557/3747
f 3714/4558/3714 3747/4557/3747 3748/4559/3748
f 3713/4560/3713 3714/4558/3714 3748/4559/3748
f 3713/4560/3713 3748/4559/3748 3749/4561/3749
f 3703/4553/3703 3678/4552/3678 3676/4562/3676
f 3702/4563/3702 3703/4553/3703 3676/4562/3676
f 3702/4563/3702 3676/4562/3676 3675/4564/3675
f 3701/4565/3701 3702/4563/3702 3675/4564/3675
f 3701/4565/3701 3675/4564/3675 3674/4566/3674
f 3700/4567/3700 3701/4565/3701 3674/4566/3674
f 3707/4568/3707 3750/4569/3750 3731/4570/3731
f 3707/4568/3707 3731/4570/3731 3732/4571/3732
f 3737/4572/3737 3738/4573/3738 3665/4574/3665
f 3737/4572/3737 3665/4574/3665 3687/4575/3687
f 3736/4576/3736 3737/4572/3737 3687/4575/3687
f 3735/4577/3735 3736/4576/3736 3687/4575/3687
f 3686/4578/3686 3685/4579/3685 3724/4580/3724
f 3686/4578/3686 3724/4580/3724 3725/4581/3725
f 3754/4582/3754 3686/4578/3686 3725/4581/3725
f 3754/4582/3754 3725/4581/3725 3726/4583/3726
f 3712/4584/3712 3713/4560/3713 3749/4561/3749
f 3712/4584/3712 3749/4561/3749 3750/4569/3750
f 3670/4585/3670 3712/4584/3712 3750/4569/3750
f 3670/4585/3670 3750/4569/3750 3708/4586/3708
f 3670/4585/3670 3708/4586/3708 3666/4587/3666
f 3672/4588/3672 3670/4585/3670 3666/4587/3666
f 3672/4588/3672 3666/4587/3666 3698/4549/3698
f 3673/4548/3673 3672/4588/3672 3698/4549/3698
f 3706/4589/3706 3707/4568/3707 3732/4571/3732
f 3674/4566/3674 3673/4548/3673 3699/4550/3699
f 3700/4567/3700 3674/4566/3674 3699/4550/3699
f 3708/4586/3708 3750/4569/3750 3707/4568/3707
f 3695/4590/3695 3685/4579/3685 3684/4591/3684
f 3694/4592/3694 3695/4590/3695 3684/4591/3684
f 3694/4592/3694 3684/4591/3684 3683/4593/3683
f 3693/4545/3693 3694/4592/3694 3683/4593/3683
f 3678/4552/3678 3735/4577/3735 3688/4594/3688
f 3678/4552/3678 3688/4594/3688 3689/4595/3689
f 3680/4596/3680 3678/4552/3678 3689/4595/3689
f 3680/4596/3680 3689/4595/3689 3690/4597/3690
f 3681/4598/3681 3680/4596/3680 3690/4597/3690
f 3681/4598/3681 3690/4597/3690 3691/4599/3691
f 3682/4546/3682 3681/4598/3681 3691/4599/3691
f 3682/4546/3682 3691/4599/3691 3692/4547/3692
f 3723/4600/3723 3741/4601/3741 3742/4602/3742
f 3722/4603/3722 3723/4600/3723 3742/4602/3742
f 3722/4603/3722 3742/4602/3742 3743/4604/3743
f 3752/4605/3752 3710/4606/3710 3751/4607/3751
f 3721/4608/3721 3743/4604/3743 3744/4609/3744
f 3720/4610/3720 3721/4608/3721 3744/4609/3744
f 3720/4610/3720 3744/4609/3744 3745/4555/3745
f 3766/4611/3766 3720/4610/3720 3745/4555/3745
f 3766/4611/3766 3745/4555/3745 3716/4612/3716
f 3717/4613/3717 3766/4611/3766 3716/4612/3716
f 3767/4614/3767 3754/4582/3754 3728/4615/3728
f 3767/4614/3767 3728/4615/3728 3729/4616/3729
f 3730/4617/3730 3767/4614/3767 3729/4616/3729
f 3682/4546/3682 3693/4545/3693 3683/4593/3683
f 3685/4579/3685 3695/4590/3695 3696/4618/3696
f 3685/4579/3685 3696/4618/3696 3740/4619/3740
f 3724/4580/3724 3685/4579/3685 3740/4619/3740
f 3739/4620/3739 3740/4619/3740 3696/4618/3696
f 3763/4621/3763 3764/4622/3764 3671/4623/3671
f 3764/4622/3764 3669/4624/3669 3671/4623/3671
f 3763/4621/3763 3671/4623/3671 3672/4625/3672
f 3762/4626/3762 3763/4621/3763 3672/4625/3672
f 3765/4627/3765 3770/4628/3770 3751/4629/3751
f 3762/4626/3762 3672/4625/3672 3673/4630/3673
f 3679/4631/3679 3760/4632/3760 3677/4633/3677
f 3679/4631/3679 3757/4634/3757 3760/4632/3760
f 3769/4635/3769 3765/4627/3765 3751/4629/3751
f 3760/4632/3760 3676/4636/3676 3677/4633/3677
f 3685/4637/3685 3686/4638/3686 3756/4639/3756
f 3684/4640/3684 3685/4637/3685 3756/4639/3756
f 3683/4641/3683 3684/4640/3684 3759/4642/3759
f 3684/4640/3684 3756/4639/3756 3759/4642/3759
f 3710/4606/3710 3711/4643/3711 3751/4607/3751
f 3682/4644/3682 3683/4641/3683 3759/4642/3759
f 3688/4594/3688 3735/4577/3735 3687/4575/3687
f 3766/4611/3766 3767/4614/3767 3730/4617/3730
f 3712/4584/3712 3670/4585/3670 3711/4643/3711
f 3766/4611/3766 3717/4613/3717 3718/4645/3718
f 3768/4646/3768 3766/4611/3766 3718/4645/3718
f 3768/4646/3768 3718/4645/3718 3719/4647/3719
f 3667/4648/3667 3768/4646/3768 3719/4647/3719
f 3752/4605/3752 3768/4646/3768 3667/4648/3667
f 3752/4605/3752 3667/4648/3667 3709/4649/3709
f 3710/4606/3710 3752/4605/3752 3709/4649/3709
f 3716/4612/3716 3745/4555/3745 3715/4554/3715
f 3754/4582/3754 3726/4583/3726 3727/4650/3727
f 3728/4615/3728 3754/4582/3754 3727/4650/3727
f 3723/4600/3723 3740/4619/3740 3741/4601/3741
f 3681/4651/3681 3758/4652/3758 3757/4634/3757
f 3706/4589/3706 3732/4571/3732 3733/4653/3733
f 3705/4654/3705 3706/4589/3706 3733/4653/3733
f 3705/4654/3705 3733/4653/3733 3734/4655/3734
f 3704/4551/3704 3705/4654/3705 3734/4655/3734
f 3704/4551/3704 3734/4655/3734 3735/4577/3735
f 3678/4552/3678 3704/4551/3704 3735/4577/3735
f 3751/4607/3751 3770/4656/3770 3752/4605/3752
f 3669/4624/3669 3764/4622/3764 3769/4635/3769
f 3751/4629/3751 3669/4624/3669 3769/4635/3769
f 3755/4657/3755 3686/4638/3686 3753/4658/3753
f 3771/4659/3771 3755/4657/3755 3753/4658/3753
f 3721/4608/3721 3722/4603/3722 3743/4604/3743
f 3738/4573/3738 3697/4660/3697 3665/4574/3665
f 3738/4573/3738 3739/4620/3739 3697/4660/3697
f 3739/4620/3739 3696/4618/3696 3697/4660/3697
f 3761/4661/3761 3675/4662/3675 3676/4636/3676
f 3760/4632/3760 3761/4661/3761 3676/4636/3676
f 3680/4663/3680 3681/4651/3681 3757/4634/3757
f 3751/4607/3751 3670/4585/3670 3669/4664/3669
f 3670/4665/3670 3671/4623/3671 3669/4624/3669
f 3670/4585/3670 3672/4588/3672 3671/4666/3671
f 3678/4552/3678 3680/4596/3680 3679/4667/3679
f 3676/4562/3676 3678/4552/3678 3677/4668/3677
f 3678/4669/3678 3679/4631/3679 3677/4633/3677
f 3724/4580/3724 3740/4619/3740 3723/4600/3723
f 3720/4610/3720 3766/4611/3766 3668/4670/3668
f 3766/4611/3766 3730/4617/3730 3668/4670/3668
f 3711/4643/3711 3670/4585/3670 3751/4607/3751
f 3682/4644/3682 3759/4642/3759 3758/4671/3758
f 3681/4651/3681 3682/4672/3682 3758/4652/3758
f 3761/4661/3761 3762/4673/3762 3674/4674/3674
f 3679/4631/3679 3680/4663/3680 3757/4634/3757
f 3761/4661/3761 3674/4674/3674 3675/4662/3675
f 3762/4626/3762 3673/4630/3673 3674/4675/3674
f 3686/4638/3686 3755/4657/3755 3756/4639/3756
f 3773/4676/3773 3772/4677/3772 3774/4678/3774
f 3772/4677/3772 3775/4679/3775 3774/4678/3774
f 3777/4680/3777 3776/4681/3776 3778/4682/3778
f 3776/4681/3776 3779/4683/3779 3778/4682/3778
f 3780/4684/3780 3783/4685/3783 3782/4686/3782
f 3780/4684/3780 3781/4687/3781 3783/4685/3783
f 3786/4688/3786 3787/4689/3787 3784/4690/3784
f 3786/4688/3786 3784/4690/3784 3785/4691/3785
f 3790/4692/3790 3789/4693/3789 3788/4694/3788
f 3790/4692/3790 3791/4695/3791 3789/4693/3789
f 3794/4696/3794 3793/4697/3793 3792/4698/3792
f 3794/4696/3794 3795/4699/3795 3793/4697/3793
f 3798/4700/3798 3799/4701/3799 3797/4702/3797
f 3798/4700/3798 3797/4702/3797 3796/4703/3796
f 3802/4704/3802 3801/4705/3801 3800/4706/3800
f 3802/4704/3802 3803/4707/3803 3801/4705/3801
f 3807/4708/3807 3805/4709/3805 3804/4710/3804
f 3807/4708/3807 3806/4711/3806 3805/4709/3805
f 3810/4712/3810 3811/4713/3811 3808/4714/3808
f 3810/4712/3810 3808/4714/3808 3809/4715/3809
f 3814/4716/3814 3815/4717/3815 3813/4718/3813
f 3814/4716/3814 3813/4718/3813 3812/4719/3812
f 3818/4720/3818 3819/4721/3819 3817/4722/3817
f 3818/4720/3818 3817/4722/3817 3816/4723/3816
f 3822/4724/3822 3823/4725/3823 3821/4726/3821
f 3822/4724/3822 3821/4726/3821 3820/4727/3820
f 3826/4728/3826 3827/4729/3827 3825/4730/3825
f 3826/4728/3826 3825/4730/3825 3824/4731/3824
f 3831/4732/3831 3830/4733/3830 3829/4734/3829
f 3831/4732/3831 3829/4734/3829 3828/4735/3828
f 3834/4736/3834 3832/4737/3832 3833/4738/3833
f 3834/4736/3834 3835/4739/3835 3832/4737/3832
f 3838/4740/3838 3839/4741/3839 3837/4742/3837
f 3838/4740/3838 3837/4742/3837 3836/4743/3836
f 3842/4744/3842 3843/4745/3843 3841/4746/3841
f 3842/4744/3842 3841/4746/3841 3840/4747/3840
f 3846/4748/3846 3847/4749/3847 3845/4750/3845
f 3846/4748/3846 3845/4750/3845 3844/4751/3844
f 3850/4752/3850 3851/4753/3851 3849/4754/3849
f 3850/4752/3850 3849/4754/3849 3848/4755/3848
f 3855/4756/3855 3854/4757/3854 3853/4758/3853
f 3855/4756/3855 3853/4758/3853 3852/4759/3852
f 3881/4760/3881 3882/4761/3882 3864/4762/3864
f 3885/4763/3885 3870/4764/3870 3869/4765/3869
f 3882/4761/3882 3865/4766/3865 3864/4762/3864
f 3876/4767/3876 3877/4768/3877 3875/4769/3875
f 3883/4770/3883 3866/4771/3866 3865/4766/3865
f 3882/4761/3882 3883/4770/3883 3865/4766/3865
f 3879/4772/3879 3860/4773/3860 3859/4774/3859
f 3883/4770/3883 3884/4775/3884 3867/4776/3867
f 3878/4777/3878 3858/4778/3858 3857/4779/3857
f 3878/4780/3878 3859/4774/3859 3858/4781/3858
f 3878/4780/3878 3879/4772/3879 3859/4774/3859
f 3883/4770/3883 3867/4776/3867 3866/4771/3866
f 3877/4768/3877 3857/4779/3857 3856/4782/3856
f 3877/4768/3877 3878/4777/3878 3857/4779/3857
f 3884/4783/3884 3869/4765/3869 3868/4784/3868
f 3884/4783/3884 3885/4763/3885 3869/4765/3869
f 3884/4775/3884 3868/4785/3868 3867/4776/3867
f 3881/4760/3881 3864/4762/3864 3863/4786/3863
f 3880/4787/3880 3881/4788/3881 3862/4789/3862
f 3880/4787/3880 3862/4789/3862 3861/4790/3861
f 3877/4768/3877 3856/4782/3856 3875/4769/3875
f 3881/4788/3881 3863/4791/3863 3862/4789/3862
f 3886/4792/3886 3872/4793/3872 3871/4794/3871
f 3886/4792/3886 3887/4795/3887 3872/4793/3872
f 3886/4792/3886 3871/4794/3871 3870/4764/3870
f 3885/4763/3885 3886/4792/3886 3870/4764/3870
f 3876/4767/3876 3875/4769/3875 3874/4796/3874
f 3887/4797/3887 3876/4767/3876 3874/4796/3874
f 3880/4787/3880 3861/4790/3861 3860/4773/3860
f 3879/4772/3879 3880/4787/3880 3860/4773/3860
f 3887/4797/3887 3874/4796/3874 3873/4798/3873
f 3887/4795/3887 3873/4799/3873 3872/4793/3872
f 3890/4800/3890 3888/4801/3888 3889/4802/3889
f 3890/4800/3890 3891/4803/3891 3888/4801/3888
f 3894/4804/3894 3893/4805/3893 3892/4806/3892
f 3894/4804/3894 3895/4807/3895 3893/4805/3893
f 3898/4808/3898 3897/4809/3897 3896/4810/3896
f 3898/4808/3898 3899/4811/3899 3897/4809/3897
f 3902/4812/3902 3901/4813/3901 3900/4814/3900
f 3902/4812/3902 3903/4815/3903 3901/4813/3901
f 3906/4816/3906 3907/4817/3907 3905/4818/3905
f 3906/4816/3906 3905/4818/3905 3904/4819/3904
f 3911/4820/3911 3910/4821/3910 3909/4822/3909
f 3911/4820/3911 3909/4822/3909 3908/4823/3908
f 3915/4824/3915 3914/4825/3914 3912/4826/3912
f 3913/4827/3913 3915/4824/3915 3912/4826/3912
f 3918/4828/3918 3919/4829/3919 3917/4830/3917
f 3916/4831/3916 3918/4828/3918 3917/4830/3917
f 3920/4832/3920 3924/4833/3924 3921/4834/3921
f 3927/4835/3927 3929/4836/3929 3928/4837/3928
f 3923/4838/3923 3921/4834/3921 3926/4839/3926
f 3920/4832/3920 3921/4834/3921 3922/4840/3922
f 3921/4841/3921 3927/4835/3927 3928/4837/3928
f 3921/4834/3921 3928/4842/3928 3926/4839/3926
f 3921/4834/3921 3923/4838/3923 3922/4840/3922
f 3920/4843/3920 3925/4844/3925 3924/4845/3924
f 3931/4846/3931 3932/4847/3932 3933/4848/3933
f 3931/4846/3931 3933/4848/3933 3930/4849/3930
f 3934/4850/3934 3935/4851/3935 3938/4852/3938
f 3939/4853/3939 3938/4854/3938 3940/4855/3940
f 3938/4852/3938 3935/4851/3935 3941/4856/3941
f 3938/4854/3938 3941/4857/3941 3940/4855/3940
f 3938/4852/3938 3937/4858/3937 3934/4850/3934
f 3937/4858/3937 3936/4859/3936 3934/4850/3934
f 3943/4860/3943 3942/4861/3942 3944/4862/3944
f 3942/4861/3942 3945/4863/3945 3944/4862/3944
f 3948/4864/3948 3946/4865/3946 3947/4866/3947
f 3948/4867/3948 3949/4868/3949 3946/4869/3946
f 3953/4870/3953 3950/4871/3950 3951/4872/3951
f 3952/4873/3952 3953/4870/3953 3951/4872/3951
f 3957/4874/3957 3956/4875/3956 3954/4876/3954
f 3956/4875/3956 3955/4877/3955 3954/4876/3954
f 3957/4874/3957 3954/4876/3954 3958/4878/3958
f 3954/4876/3954 3959/4879/3959 3958/4878/3958
f 3955/4877/3955 3956/4875/3956 3960/4880/3960
f 3961/4881/3961 3964/4882/3964 3963/4883/3963
f 3961/4881/3961 3962/4884/3962 3964/4882/3964
f 3977/4885/3977 3971/4886/3971 3970/4887/3970
f 3974/4888/3974 3975/4889/3975 3967/4890/3967
f 3975/4889/3975 3966/4891/3966 3967/4890/3967
f 3975/4889/3975 3976/4892/3976 3966/4891/3966
f 3965/4893/3965 3966/4891/3966 3976/4892/3976
f 3974/4888/3974 3968/4894/3968 3969/4895/3969
f 3974/4888/3974 3967/4890/3967 3968/4894/3968
f 3977/4885/3977 3974/4888/3974 3969/4895/3969
f 3981/4896/3981 3972/4897/3972 3983/4898/3983
f 3970/4887/3970 3981/4896/3981 3977/4885/3977
f 3982/4899/3982 3979/4900/3979 3978/4901/3978
f 3981/4896/3981 3983/4898/3983 3977/4885/3977
f 3981/4896/3981 3982/4899/3982 3973/4902/3973
f 3979/4900/3979 3982/4899/3982 3980/4903/3980
f 3981/4896/3981 3980/4903/3980 3982/4899/3982
f 3981/4896/3981 3973/4902/3973 3972/4897/3972
f 3977/4885/3977 3969/4895/3969 3971/4886/3971
f 3987/4904/3987 3985/4905/3985 3984/4906/3984
f 3986/4907/3986 3987/4904/3987 3984/4906/3984
f 3991/4908/3991 3988/4909/3988 3989/4910/3989
f 3990/4911/3990 3991/4908/3991 3989/4910/3989
f 3994/4912/3994 3995/4913/3995 3992/4914/3992
f 3995/4913/3995 3993/4915/3993 3992/4914/3992
f 3999/4916/3999 3997/4917/3997 3996/4918/3996
f 3999/4916/3999 3998/4919/3998 3997/4917/3997
f 4003/4920/4003 4001/4921/4001 4000/4922/4000
f 4002/4923/4002 4003/4924/4003 4000/4925/4000
f 4007/4926/4007 4004/4927/4004 4005/4928/4005
f 4006/4929/4006 4007/4926/4007 4005/4928/4005
f 4010/4930/4010 4011/4931/4011 4009/4932/4009
f 4010/4930/4010 4009/4932/4009 4008/4933/4008
f 4014/4934/4014 4013/4935/4013 4012/4936/4012
f 4015/4937/4015 4014/4934/4014 4012/4936/4012
f 4018/4938/4018 4019/4939/4019 4017/4940/4017
f 4018/4938/4018 4017/4940/4017 4016/4941/4016
f 4023/4942/4023 4020/4943/4020 4021/4944/4021
f 4022/4945/4022 4023/4942/4023 4021/4944/4021
f 4026/4946/4026 4027/4947/4027 4025/4948/4025
f 4026/4946/4026 4025/4948/4025 4024/4949/4024
f 4031/4950/4031 4029/4951/4029 4028/4952/4028
f 4030/4953/4030 4031/4950/4031 4028/4952/4028
f 4034/4954/4034 4035/4955/4035 4033/4956/4033
f 4034/4954/4034 4033/4956/4033 4032/4957/4032
f 4038/4958/4038 4039/4959/4039 4037/4960/4037
f 4039/4959/4039 4036/4961/4036 4037/4960/4037
f 4042/4962/4042 4041/4963/4041 4040/4964/4040
f 4042/4962/4042 4043/4965/4043 4041/4963/4041
f 4046/4966/4046 4047/4967/4047 4044/4968/4044
f 4047/4967/4047 4045/4969/4045 4044/4968/4044
f 4048/4970/4048 4050/4971/4050 4049/4972/4049
f 4050/4971/4050 4051/4973/4051 4049/4972/4049
f 4053/4974/4053 4056/4975/4056 4055/4976/4055
f 4052/4977/4052 4053/4978/4053 4054/4979/4054
f 4053/4974/4053 4055/4976/4055 4054/4980/4054
f 4060/4981/4060 4059/4982/4059 4058/4983/4058
f 4060/4981/4060 4057/4984/4057 4059/4982/4059
f 4064/4985/4064 4062/4986/4062 4061/4987/4061
f 4064/4988/4064 4065/4989/4065 4062/4990/4062
f 4065/4989/4065 4063/4991/4063 4062/4990/4062
f 4068/4992/4068 4069/4993/4069 4067/4994/4067
f 4069/4995/4069 4066/4996/4066 4067/4997/4067
f 4072/4998/4072 4073/4999/4073 4071/5000/4071
f 4073/4999/4073 4070/5001/4070 4071/5000/4071
f 4076/5002/4076 4074/5003/4074 4075/5004/4075
f 4076/5002/4076 4077/5005/4077 4074/5003/4074
f 4081/5006/4081 4079/5007/4079 4078/5008/4078
f 4081/5006/4081 4080/5009/4080 4079/5007/4079
f 4082/5010/4082 4083/5011/4083 4085/5012/4085
f 4083/5011/4083 4084/5013/4084 4085/5012/4085
f 4090/5014/4090 4089/5015/4089 4086/5016/4086
f 4090/5014/4090 4093/5017/4093 4089/5015/4089
f 4094/5018/4094 4087/5019/4087 4088/5020/4088
f 4093/5017/4093 4088/5020/4088 4089/5015/4089
f 4096/5021/4096 4095/5022/4095 4092/5023/4092
f 4094/5018/4094 4096/5021/4096 4087/5019/4087
f 4096/5021/4096 4092/5023/4092 4091/5024/4091
f 4093/5017/4093 4094/5018/4094 4088/5020/4088
f 4096/5021/4096 4091/5024/4091 4087/5019/4087
f 4097/5025/4097 4098/5026/4098 4100/5027/4100
f 4100/5027/4100 4103/5028/4103 4099/5029/4099
f 4100/5027/4100 4102/5030/4102 4101/5031/4101
f 4100/5027/4100 4101/5031/4101 4103/5028/4103
f 4104/5032/4104 4102/5030/4102 4100/5027/4100
f 4099/5029/4099 4097/5025/4097 4100/5027/4100
f 4106/5033/4106 4111/5034/4111 4107/5035/4107
f 4106/5033/4106 4108/5036/4108 4111/5034/4111
f 4106/5033/4106 4109/5037/4109 4108/5036/4108
f 4110/5038/4110 4105/5039/4105 4109/5040/4109
f 4110/5041/4110 4109/5037/4109 4106/5033/4106
f 4113/5042/4113 4112/5043/4112 4114/5044/4114
f 4112/5043/4112 4115/5045/4115 4114/5044/4114
f 4117/5046/4117 4116/5047/4116 4118/5048/4118
f 4116/5047/4116 4119/5049/4119 4118/5048/4118
f 4120/5050/4120 4121/5051/4121 4122/5052/4122
f 4121/5051/4121 4123/5053/4123 4122/5052/4122
f 4130/5054/4130 4129/5055/4129 4132/5056/4132
f 4127/5057/4127 4130/5054/4130 4133/5058/4133
f 4135/5059/4135 4136/5060/4136 4134/5061/4134
f 4137/5062/4137 4138/5063/4138 4133/5058/4133
f 4137/5062/4137 4133/5058/4133 4134/5061/4134
f 4130/5054/4130 4126/5064/4126 4133/5058/4133
f 4130/5054/4130 4132/5056/4132 4126/5064/4126
f 4136/5060/4136 4137/5062/4137 4134/5061/4134
f 4138/5063/4138 4140/5065/4140 4131/5066/4131
f 4131/5066/4131 4140/5065/4140 4139/5067/4139
f 4127/5057/4127 4133/5058/4133 4131/5066/4131
f 4129/5055/4129 4130/5054/4130 4128/5068/4128
f 4125/5069/4125 4126/5064/4126 4132/5056/4132
f 4133/5058/4133 4124/5070/4124 4134/5061/4134
f 4138/5063/4138 4131/5066/4131 4133/5058/4133
f 4143/5071/4143 4144/5072/4144 4141/5073/4141
f 4141/5073/4141 4144/5072/4144 4142/5074/4142
f 4162/5075/4162 4147/5076/4147 4163/5077/4163
f 4146/5078/4146 4147/5076/4147 4154/5079/4154
f 4159/5080/4159 4160/5081/4160 4154/5079/4154
f 4147/5076/4147 4148/5082/4148 4155/5083/4155
f 4148/5082/4148 4145/5084/4145 4156/5085/4156
f 4147/5076/4147 4155/5083/4155 4151/5086/4151
f 4152/5087/4152 4148/5082/4148 4156/5085/4156
f 4152/5087/4152 4153/5088/4153 4149/5089/4149
f 4147/5076/4147 4151/5086/4151 4163/5077/4163
f 4155/5083/4155 4148/5082/4148 4150/5090/4150
f 4155/5083/4155 4150/5090/4150 4151/5086/4151
f 4148/5082/4148 4152/5087/4152 4150/5090/4150
f 4163/5077/4163 4151/5086/4151 4157/5091/4157
f 4151/5086/4151 4158/5092/4158 4157/5091/4157
f 4153/5088/4153 4152/5087/4152 4156/5085/4156
f 4147/5076/4147 4162/5075/4162 4161/5093/4161
f 4147/5076/4147 4161/5093/4161 4159/5080/4159
f 4154/5079/4154 4147/5076/4147 4159/5080/4159
f 4168/5094/4168 4166/5095/4166 4164/5096/4164
f 4168/5097/4168 4164/5098/4164 4165/5099/4165
f 4167/5100/4167 4168/5097/4168 4165/5099/4165
f 4169/5101/4169 4172/5102/4172 4171/5103/4171
f 4169/5104/4169 4170/5105/4170 4172/5106/4172
f 4182/5107/4182 4183/5108/4183 4179/5109/4179
f 4181/5110/4181 4178/5111/4178 4177/5112/4177
f 4175/5113/4175 4181/5110/4181 4177/5112/4177
f 4183/5108/4183 4180/5114/4180 4179/5109/4179
f 4174/5115/4174 4183/5108/4183 4173/5116/4173
f 4180/5114/4180 4183/5108/4183 4176/5117/4176
f 4183/5108/4183 4175/5113/4175 4176/5117/4176
f 4175/5113/4175 4177/5112/4177 4176/5117/4176
f 4174/5115/4174 4175/5113/4175 4183/5108/4183
f 4184/5118/4184 4187/5119/4187 4185/5120/4185
f 4185/5120/4185 4187/5119/4187 4186/5121/4186
f 4194/5122/4194 4188/5123/4188 4191/5124/4191
f 4197/5125/4197 4192/5126/4192 4194/5122/4194
f 4189/5127/4189 4190/5128/4190 4193/5129/4193
f 4196/5130/4196 4192/5126/4192 4197/5125/4197
f 4190/5128/4190 4191/5124/4191 4193/5129/4193
f 4190/5128/4190 4194/5122/4194 4191/5124/4191
f 4194/5122/4194 4192/5126/4192 4188/5123/4188
f 4192/5126/4192 4196/5130/4196 4195/5131/4195
f 4198/5132/4198 4197/5125/4197 4194/5122/4194
f 4201/5133/4201 4200/5134/4200 4202/5135/4202
f 4203/5136/4203 4199/5137/4199 4201/5133/4201
f 4199/5137/4199 4200/5134/4200 4201/5133/4201
f 4206/5138/4206 4207/5139/4207 4208/5140/4208
f 4207/5139/4207 4205/5141/4205 4204/5142/4204
f 4207/5139/4207 4206/5138/4206 4205/5141/4205
f 4209/5143/4209 4211/5144/4211 4210/5145/4210
f 4209/5143/4209 4215/5146/4215 4211/5144/4211
f 4215/5146/4215 4213/5147/4213 4212/5148/4212
f 4214/5149/4214 4213/5147/4213 4215/5146/4215
f 4215/5146/4215 4212/5148/4212 4211/5144/4211
f 4220/5150/4220 4221/5151/4221 4217/5152/4217
f 4222/5153/4222 4223/5154/4223 4219/5155/4219
f 4221/5151/4221 4218/5156/4218 4217/5152/4217
f 4220/5150/4220 4217/5152/4217 4216/5157/4216
f 4219/5155/4219 4220/5150/4220 4216/5157/4216
f 4222/5153/4222 4219/5155/4219 4216/5157/4216
f 4226/5158/4226 4228/5159/4228 4230/5160/4230
f 4231/5161/4231 4225/5162/4225 4227/5163/4227
f 4224/5164/4224 4229/5165/4229 4228/5159/4228
f 4229/5165/4229 4224/5164/4224 4233/5166/4233
f 4224/5164/4224 4226/5158/4226 4232/5167/4232
f 4226/5158/4226 4224/5164/4224 4228/5159/4228
f 4225/5162/4225 4232/5167/4232 4227/5163/4227
f 4225/5162/4225 4224/5164/4224 4232/5167/4232
f 4237/5168/4237 4241/5169/4241 4236/5170/4236
f 4234/5171/4234 4235/5172/4235 4240/5173/4240
f 4244/5174/4244 4239/5175/4239 4240/5173/4240
f 4242/5176/4242 4245/5177/4245 4247/5178/4247
f 4253/5179/4253 4248/5180/4248 4251/5181/4251
f 4243/5182/4243 4253/5179/4253 4251/5181/4251
f 4244/5174/4244 4243/5182/4243 4249/5183/4249
f 4243/5182/4243 4244/5174/4244 4240/5173/4240
f 4253/5179/4253 4243/5182/4243 4236/5170/4236
f 4241/5169/4241 4253/5179/4253 4236/5170/4236
f 4247/5178/4247 4238/5184/4238 4242/5176/4242
f 4243/5182/4243 4240/5173/4240 4236/5170/4236
f 4238/5184/4238 4234/5171/4234 4239/5175/4239
f 4246/5185/4246 4247/5178/4247 4245/5177/4245
f 4249/5183/4249 4243/5182/4243 4250/5186/4250
f 4234/5171/4234 4240/5173/4240 4239/5175/4239
f 4238/5184/4238 4247/5178/4247 4252/5187/4252
f 4242/5176/4242 4238/5184/4238 4239/5175/4239
f 4257/5188/4257 4255/5189/4255 4254/5190/4254
f 4255/5189/4255 4256/5191/4256 4258/5192/4258
f 4254/5190/4254 4255/5189/4255 4258/5192/4258
f 4259/5193/4259 4264/5194/4264 4260/5195/4260
f 4264/5194/4264 4259/5193/4259 4261/5196/4261
f 4263/5197/4263 4264/5194/4264 4262/5198/4262
f 4261/5196/4261 4262/5198/4262 4264/5194/4264
f 4267/5199/4267 4270/5200/4270 4265/5201/4265
f 4265/5201/4265 4266/5202/4266 4267/5199/4267
f 4267/5199/4267 4268/5203/4268 4269/5204/4269
f 4270/5200/4270 4267/5199/4267 4269/5204/4269
f 4271/5205/4271 4273/5206/4273 4274/5207/4274
f 4272/5208/4272 4273/5206/4273 4271/5205/4271
f 4275/5209/4275 4278/5210/4278 4277/5211/4277
f 4275/5209/4275 4277/5211/4277 4276/5212/4276
f 4279/5213/4279 4280/5214/4280 4281/5215/4281
f 4283/5216/4283 4279/5217/4279 4281/5218/4281
f 4279/5213/4279 4282/5219/4282 4280/5214/4280
f 4286/5220/4286 4288/5221/4288 4292/5222/4292
f 4286/5220/4286 4292/5222/4292 4291/5223/4291
f 4290/5224/4290 4286/5220/4286 4291/5223/4291
f 4287/5225/4287 4286/5220/4286 4284/5226/4284
f 4286/5220/4286 4290/5224/4290 4289/5227/4289
f 4285/5228/4285 4286/5220/4286 4289/5227/4289
f 4287/5225/4287 4288/5221/4288 4286/5220/4286
f 4295/5229/4295 4298/5230/4298 4293/5231/4293
f 4295/5229/4295 4299/5232/4299 4298/5230/4298
f 4293/5231/4293 4298/5230/4298 4294/5233/4294
f 4295/5229/4295 4297/5234/4297 4301/5235/4301
f 4296/5236/4296 4297/5234/4297 4295/5229/4295
f 4295/5229/4295 4301/5235/4301 4300/5237/4300
f 4299/5232/4299 4295/5229/4295 4300/5237/4300
f 4316/5238/4316 4310/5239/4310 4311/5240/4311
f 4320/5241/4320 4322/5242/4322 4307/5243/4307
f 4318/5244/4318 4319/5245/4319 4313/5246/4313
f 4303/5247/4303 4302/5248/4302 4308/5249/4308
f 4318/5244/4318 4313/5246/4313 4314/5250/4314
f 4319/5245/4319 4306/5251/4306 4313/5246/4313
f 4320/5241/4320 4307/5243/4307 4306/5251/4306
f 4317/5252/4317 4314/5250/4314 4310/5253/4310
f 4317/5252/4317 4318/5244/4318 4314/5250/4314
f 4316/5254/4316 4317/5252/4317 4310/5253/4310
f 4308/5255/4308 4306/5251/4306 4307/5243/4307
f 4302/5248/4302 4310/5256/4310 4314/5257/4314
f 4303/5258/4303 4308/5255/4308 4309/5259/4309
f 4305/5260/4305 4310/5253/4310 4302/5261/4302
f 4302/5261/4302 4314/5250/4314 4313/5246/4313
f 4306/5251/4306 4302/5261/4302 4313/5246/4313
f 4308/5249/4308 4302/5248/4302 4306/5262/4306
f 4319/5245/4319 4320/5241/4320 4306/5251/4306
f 4304/5263/4304 4312/5264/4312 4311/5240/4311
f 4315/5265/4315 4316/5238/4316 4312/5264/4312
f 4316/5238/4316 4311/5240/4311 4312/5264/4312
f 4322/5242/4322 4308/5255/4308 4307/5243/4307
f 4322/5242/4322 4321/5266/4321 4308/5255/4308
f 4320/5241/4320 4319/5245/4319 4322/5242/4322
f 4321/5266/4321 4309/5259/4309 4308/5255/4308
f 4324/5267/4324 4325/5268/4325 4326/5269/4326
f 4327/5270/4327 4326/5269/4326 4325/5268/4325
f 4324/5267/4324 4326/5269/4326 4323/5271/4323
f 4329/5272/4329 4328/5273/4328 4330/5274/4330
f 4329/5275/4329 4330/5276/4330 4331/5277/4331
f 4335/5278/4335 4333/5279/4333 4332/5280/4332
f 4334/5281/4334 4335/5278/4335 4332/5280/4332
f 4336/5282/4336 4340/5283/4340 4338/5284/4338
f 4336/5282/4336 4338/5284/4338 4337/5285/4337
f 4340/5283/4340 4339/5286/4339 4338/5284/4338
f 4343/5287/4343 4344/5288/4344 4341/5289/4341
f 4344/5288/4344 4342/5290/4342 4341/5289/4341
f 4345/5291/4345 4348/5292/4348 4346/5293/4346
f 4348/5292/4348 4347/5294/4347 4346/5293/4346
f 4350/5295/4350 4352/5296/4352 4349/5297/4349
f 4352/5296/4352 4351/5298/4351 4349/5297/4349
f 4357/5299/4357 4364/5300/4364 4355/5301/4355
f 4357/5299/4357 4358/5302/4358 4364/5300/4364
f 4359/5303/4359 4366/5304/4366 4374/5305/4374
f 4359/5306/4359 4362/5307/4362 4366/5308/4366
f 4359/5306/4359 4360/5309/4360 4362/5307/4362
f 4355/5301/4355 4364/5300/4364 4371/5310/4371
f 4358/5302/4358 4372/5311/4372 4364/5300/4364
f 4358/5312/4358 4365/5313/4365 4372/5314/4372
f 4364/5300/4364 4372/5311/4372 4370/5315/4370
f 4372/5314/4372 4365/5313/4365 4369/5316/4369
f 4365/5313/4365 4368/5317/4368 4369/5316/4369
f 4365/5313/4365 4373/5318/4373 4368/5317/4368
f 4373/5318/4373 4367/5319/4367 4368/5317/4368
f 4374/5305/4374 4366/5304/4366 4367/5319/4367
f 4366/5304/4366 4353/5320/4353 4367/5319/4367
f 4366/5304/4366 4362/5321/4362 4353/5320/4353
f 4354/5322/4354 4356/5323/4356 4355/5301/4355
f 4356/5323/4356 4358/5302/4358 4357/5299/4357
f 4359/5324/4359 4373/5325/4373 4361/5326/4361
f 4373/5325/4373 4363/5327/4363 4361/5326/4361
f 4356/5323/4356 4363/5328/4363 4358/5302/4358
f 4363/5327/4363 4365/5329/4365 4358/5330/4358
f 4363/5327/4363 4373/5325/4373 4365/5329/4365
f 4356/5323/4356 4357/5299/4357 4355/5301/4355
f 4359/5306/4359 4361/5331/4361 4360/5309/4360
f 4372/5314/4372 4369/5316/4369 4370/5332/4370
f 4368/5317/4368 4375/5333/4375 4369/5316/4369
f 4353/5320/4353 4368/5317/4368 4367/5319/4367
f 4375/5333/4375 4377/5334/4377 4370/5332/4370
f 4375/5333/4375 4370/5332/4370 4369/5316/4369
f 4375/5333/4375 4368/5317/4368 4376/5335/4376
f 4403/5336/4403 4393/5337/4393 4392/5338/4392
f 4401/5339/4401 4400/5340/4400 4382/5341/4382
f 4381/5342/4381 4400/5340/4400 4399/5343/4399
f 4400/5340/4400 4381/5342/4381 4382/5341/4382
f 4380/5344/4380 4381/5345/4381 4398/5346/4398
f 4381/5345/4381 4399/5347/4399 4398/5346/4398
f 4398/5346/4398 4397/5348/4397 4380/5344/4380
f 4403/5336/4403 4404/5349/4404 4393/5337/4393
f 4406/5350/4406 4390/5351/4390 4388/5352/4388
f 4402/5353/4402 4405/5354/4405 4383/5355/4383
f 4397/5348/4397 4396/5356/4396 4379/5357/4379
f 4397/5348/4397 4379/5357/4379 4380/5344/4380
f 4384/5358/4384 4379/5359/4379 4378/5360/4378
f 4379/5357/4379 4396/5356/4396 4378/5361/4378
f 4399/5362/4399 4400/5363/4400 4392/5338/4392
f 4387/5364/4387 4391/5365/4391 4386/5366/4386
f 4404/5349/4404 4394/5367/4394 4393/5337/4393
f 4401/5368/4401 4389/5369/4389 4390/5351/4390
f 4400/5363/4400 4401/5368/4401 4390/5351/4390
f 4400/5363/4400 4390/5351/4390 4392/5338/4392
f 4394/5367/4394 4395/5370/4395 4391/5365/4391
f 4385/5371/4385 4378/5360/4378 4386/5372/4386
f 4387/5364/4387 4396/5373/4396 4391/5365/4391
f 4396/5373/4396 4397/5374/4397 4394/5367/4394
f 4396/5373/4396 4394/5367/4394 4391/5365/4391
f 4378/5360/4378 4396/5375/4396 4387/5376/4387
f 4378/5360/4378 4387/5376/4387 4386/5372/4386
f 4378/5360/4378 4385/5371/4385 4384/5358/4384
f 4406/5350/4406 4403/5336/4403 4390/5351/4390
f 4404/5349/4404 4402/5353/4402 4394/5367/4394
f 4402/5353/4402 4395/5370/4395 4394/5367/4394
f 4402/5353/4402 4383/5355/4383 4395/5370/4395
f 4403/5336/4403 4392/5338/4392 4390/5351/4390
f 4399/5362/4399 4392/5338/4392 4393/5337/4393
f 4391/5365/4391 4383/5355/4383 4386/5366/4386
f 4395/5370/4395 4383/5355/4383 4391/5365/4391
f 4397/5348/4397 4398/5346/4398 4393/5377/4393
f 4398/5378/4398 4399/5362/4399 4393/5337/4393
f 4397/5374/4397 4393/5337/4393 4394/5367/4394
f 4410/5379/4410 4415/5380/4415 4418/5381/4418
f 4411/5382/4411 4410/5379/4410 4418/5381/4418
f 4410/5383/4410 4409/5384/4409 4415/5385/4415
f 4409/5384/4409 4408/5386/4408 4416/5387/4416
f 4411/5382/4411 4418/5381/4418 4417/5388/4417
f 4408/5386/4408 4407/5389/4407 4413/5390/4413
f 4408/5386/4408 4413/5390/4413 4416/5387/4416
f 4409/5384/4409 4416/5387/4416 4415/5385/4415
f 4407/5389/4407 4414/5391/4414 4413/5390/4413
f 4412/5392/4412 4411/5382/4411 4417/5388/4417
f 4419/5393/4419 4420/5394/4420 4422/5395/4422
f 4419/5393/4419 4422/5395/4422 4421/5396/4421
f 4423/5397/4423 4425/5398/4425 4427/5399/4427
f 4424/5400/4424 4423/5397/4423 4427/5399/4427
f 4424/5400/4424 4427/5399/4427 4426/5401/4426
f 4428/5402/4428 4431/5403/4431 4429/5404/4429
f 4429/5404/4429 4430/5405/4430 4428/5402/4428
f 4435/5406/4435 4436/5407/4436 4432/5408/4432
f 4435/5406/4435 4434/5409/4434 4436/5407/4436
f 4433/5410/4433 4435/5406/4435 4432/5408/4432
f 4448/5411/4448 4438/5412/4438 4447/5413/4447
f 4452/5414/4452 4456/5415/4456 4444/5416/4444
f 4450/5417/4450 4452/5414/4452 4445/5418/4445
f 4438/5412/4438 4448/5411/4448 4458/5419/4458
f 4456/5415/4456 4443/5420/4443 4444/5416/4444
f 4454/5421/4454 4438/5412/4438 4458/5419/4458
f 4456/5415/4456 4457/5422/4457 4443/5420/4443
f 4457/5422/4457 4442/5423/4442 4443/5420/4443
f 4438/5412/4438 4439/5424/4439 4447/5413/4447
f 4458/5419/4458 4446/5425/4446 4440/5426/4440
f 4441/5427/4441 4442/5423/4442 4458/5419/4458
f 4442/5423/4442 4457/5422/4457 4458/5419/4458
f 4458/5419/4458 4440/5426/4440 4441/5427/4441
f 4458/5419/4458 4448/5411/4448 4446/5425/4446
f 4438/5412/4438 4454/5421/4454 4453/5428/4453
f 4437/5429/4437 4449/5430/4449 4451/5431/4451
f 4452/5414/4452 4444/5416/4444 4445/5418/4445
f 4437/5429/4437 4438/5412/4438 4455/5432/4455
f 4438/5412/4438 4453/5428/4453 4455/5432/4455
f 4449/5430/4449 4437/5429/4437 4455/5432/4455
f 4468/5433/4468 4471/5434/4471 4463/5435/4463
f 4474/5436/4474 4477/5437/4477 4460/5438/4460
f 4460/5438/4460 4465/5439/4465 4478/5440/4478
f 4460/5438/4460 4478/5440/4478 4474/5436/4474
f 4459/5441/4459 4469/5442/4469 4468/5433/4468
f 4459/5441/4459 4468/5433/4468 4462/5443/4462
f 4479/5444/4479 4478/5440/4478 4465/5439/4465
f 4479/5444/4479 4465/5439/4465 4464/5445/4464
f 4461/5446/4461 4471/5434/4471 4464/5445/4464
f 4479/5444/4479 4464/5445/4464 4471/5434/4471
f 4462/5443/4462 4468/5433/4468 4463/5435/4463
f 4467/5447/4467 4470/5448/4470 4476/5449/4476
f 4477/5437/4477 4466/5450/4466 4460/5438/4460
f 4468/5433/4468 4467/5447/4467 4476/5449/4476
f 4468/5433/4468 4476/5449/4476 4475/5451/4475
f 4468/5433/4468 4475/5451/4475 4473/5452/4473
f 4471/5434/4471 4468/5433/4468 4473/5452/4473
f 4472/5453/4472 4470/5448/4470 4467/5447/4467
f 4471/5434/4471 4461/5446/4461 4463/5435/4463
f 4481/5454/4481 4483/5455/4483 4482/5456/4482
f 4480/5457/4480 4481/5454/4481 4482/5456/4482
f 4492/5458/4492 4491/5459/4491 4493/5460/4493
f 4490/5461/4490 4496/5462/4496 4495/5463/4495
f 4495/5463/4495 4487/5464/4487 4490/5461/4490
f 4495/5463/4495 4491/5459/4491 4486/5465/4486
f 4484/5466/4484 4489/5467/4489 4488/5468/4488
f 4491/5459/4491 4495/5463/4495 4494/5469/4494
f 4491/5459/4491 4494/5469/4494 4493/5460/4493
f 4496/5462/4496 4497/5470/4497 4495/5463/4495
f 4497/5470/4497 4494/5469/4494 4495/5463/4495
f 4486/5465/4486 4491/5459/4491 4489/5467/4489
f 4491/5459/4491 4492/5458/4492 4489/5467/4489
f 4489/5467/4489 4485/5471/4485 4486/5465/4486
f 4485/5471/4485 4489/5467/4489 4484/5466/4484
f 4508/5472/4508 4510/5473/4510 4509/5474/4509
f 4508/5472/4508 4509/5474/4509 4507/5475/4507
f 4504/5476/4504 4505/5477/4505 4510/5473/4510
f 4502/5478/4502 4500/5479/4500 4498/5480/4498
f 4501/5481/4501 4510/5473/4510 4502/5478/4502
f 4505/5477/4505 4503/5482/4503 4510/5473/4510
f 4503/5482/4503 4511/5483/4511 4510/5473/4510
f 4504/5476/4504 4510/5473/4510 4501/5481/4501
f 4501/5481/4501 4498/5480/4498 4499/5484/4499
f 4501/5481/4501 4502/5478/4502 4498/5480/4498
f 4506/5485/4506 4508/5472/4508 4507/5475/4507
f 4510/5473/4510 4511/5483/4511 4509/5474/4509
f 4652/5486/4652 4651/5487/4651 4636/5488/4636
f 4656/5489/4656 4654/5490/4654 4610/5491/4610
f 4640/5492/4640 4637/5493/4637 4651/5487/4651
f 4624/5494/4624 4623/5495/4623 4648/5496/4648
f 4623/5495/4623 4649/5497/4649 4648/5496/4648
f 4650/5498/4650 4621/5499/4621 4601/5500/4601
f 4655/5501/4655 4657/5502/4657 4608/5503/4608
f 4657/5502/4657 4607/5504/4607 4608/5503/4608
f 4657/5502/4657 4650/5498/4650 4607/5504/4607
f 4650/5498/4650 4601/5500/4601 4607/5504/4607
f 4650/5498/4650 4649/5497/4649 4621/5499/4621
f 4649/5497/4649 4623/5495/4623 4621/5499/4621
f 4643/5505/4643 4609/5506/4609 4642/5507/4642
f 4643/5505/4643 4656/5508/4656 4609/5506/4609
f 4640/5492/4640 4651/5487/4651 4643/5505/4643
f 4580/5509/4580 4547/5510/4547 4553/5511/4553
f 4580/5509/4580 4583/5512/4583 4547/5510/4547
f 4583/5512/4583 4544/5513/4544 4547/5510/4547
f 4642/5507/4642 4606/5514/4606 4635/5515/4635
f 4583/5512/4583 4575/5516/4575 4544/5513/4544
f 4521/5517/4521 4545/5518/4545 4575/5516/4575
f 4560/5519/4560 4562/5520/4562 4558/5521/4558
f 4562/5520/4562 4591/5522/4591 4558/5521/4558
f 4562/5520/4562 4592/5523/4592 4591/5522/4591
f 4562/5520/4562 4564/5524/4564 4592/5523/4592
f 4564/5524/4564 4593/5525/4593 4592/5523/4592
f 4564/5524/4564 4594/5526/4594 4593/5525/4593
f 4564/5524/4564 4566/5527/4566 4594/5526/4594
f 4566/5527/4566 4595/5528/4595 4594/5526/4594
f 4566/5527/4566 4567/5529/4567 4595/5528/4595
f 4569/5530/4569 4596/5531/4596 4567/5529/4567
f 4586/5532/4586 4585/5533/4585 4578/5534/4578
f 4569/5530/4569 4571/5535/4571 4597/5536/4597
f 4571/5535/4571 4513/5537/4513 4597/5536/4597
f 4513/5537/4513 4572/5538/4572 4597/5536/4597
f 4513/5537/4513 4512/5539/4512 4572/5538/4572
f 4512/5539/4512 4539/5540/4539 4572/5538/4572
f 4591/5522/4591 4590/5541/4590 4540/5542/4540
f 4592/5523/4592 4589/5543/4589 4590/5541/4590
f 4591/5522/4591 4592/5523/4592 4590/5541/4590
f 4593/5525/4593 4594/5526/4594 4588/5544/4588
f 4594/5526/4594 4587/5545/4587 4588/5544/4588
f 4592/5523/4592 4593/5525/4593 4589/5543/4589
f 4593/5525/4593 4588/5544/4588 4589/5543/4589
f 4594/5526/4594 4586/5532/4586 4587/5545/4587
f 4579/5546/4579 4580/5509/4580 4553/5511/4553
f 4595/5528/4595 4567/5529/4567 4585/5533/4585
f 4595/5528/4595 4585/5533/4585 4586/5532/4586
f 4597/5536/4597 4572/5538/4572 4581/5547/4581
f 4572/5538/4572 4574/5548/4574 4581/5547/4581
f 4567/5529/4567 4584/5549/4584 4585/5533/4585
f 4567/5529/4567 4596/5531/4596 4584/5549/4584
f 4596/5531/4596 4583/5512/4583 4584/5549/4584
f 4596/5531/4596 4597/5536/4597 4583/5512/4583
f 4597/5536/4597 4582/5550/4582 4583/5512/4583
f 4597/5536/4597 4581/5547/4581 4582/5550/4582
f 4573/5551/4573 4537/5552/4537 4541/5553/4541
f 4537/5552/4537 4538/5554/4538 4541/5553/4541
f 4572/5538/4572 4573/5555/4573 4574/5548/4574
f 4573/5555/4573 4541/5556/4541 4574/5548/4574
f 4569/5530/4569 4597/5536/4597 4596/5531/4596
f 4585/5533/4585 4579/5546/4579 4578/5534/4578
f 4584/5549/4584 4580/5509/4580 4579/5546/4579
f 4585/5533/4585 4584/5549/4584 4579/5546/4579
f 4520/5557/4520 4519/5558/4519 4546/5559/4546
f 4545/5518/4545 4521/5517/4521 4520/5557/4520
f 4629/5560/4629 4529/5561/4529 4525/5562/4525
f 4548/5563/4548 4555/5564/4555 4516/5565/4516
f 4642/5507/4642 4609/5506/4609 4606/5514/4606
f 4543/5566/4543 4635/5515/4635 4606/5514/4606
f 4632/5567/4632 4638/5568/4638 4633/5569/4633
f 4638/5568/4638 4639/5570/4639 4633/5569/4633
f 4639/5570/4639 4634/5571/4634 4633/5569/4633
f 4639/5570/4639 4641/5572/4641 4634/5571/4634
f 4641/5572/4641 4635/5515/4635 4634/5571/4634
f 4634/5571/4634 4635/5515/4635 4536/5573/4536
f 4584/5549/4584 4583/5512/4583 4580/5509/4580
f 4582/5550/4582 4575/5516/4575 4583/5512/4583
f 4582/5550/4582 4522/5574/4522 4575/5516/4575
f 4557/5575/4557 4548/5563/4548 4516/5565/4516
f 4557/5575/4557 4576/5576/4576 4548/5563/4548
f 4576/5576/4576 4549/5577/4549 4548/5563/4548
f 4576/5576/4576 4577/5578/4577 4549/5577/4549
f 4577/5578/4577 4550/5579/4550 4549/5577/4549
f 4577/5578/4577 4578/5534/4578 4550/5579/4550
f 4578/5534/4578 4551/5580/4551 4550/5579/4550
f 4578/5534/4578 4579/5546/4579 4551/5580/4551
f 4579/5546/4579 4553/5511/4553 4551/5580/4551
f 4581/5547/4581 4574/5548/4574 4523/5581/4523
f 4594/5526/4594 4595/5528/4595 4586/5532/4586
f 4574/5548/4574 4524/5582/4524 4523/5581/4523
f 4575/5516/4575 4522/5574/4522 4521/5517/4521
f 4522/5574/4522 4582/5550/4582 4581/5547/4581
f 4543/5566/4543 4519/5583/4519 4533/5584/4533
f 4543/5566/4543 4546/5585/4546 4519/5583/4519
f 4520/5557/4520 4546/5559/4546 4545/5518/4545
f 4563/5586/4563 4566/5527/4566 4564/5524/4564
f 4563/5586/4563 4565/5587/4565 4566/5527/4566
f 4589/5543/4589 4557/5575/4557 4515/5588/4515
f 4589/5543/4589 4588/5544/4588 4557/5575/4557
f 4588/5544/4588 4576/5576/4576 4557/5575/4557
f 4588/5544/4588 4587/5545/4587 4576/5576/4576
f 4587/5545/4587 4577/5578/4577 4576/5576/4576
f 4587/5545/4587 4586/5532/4586 4577/5578/4577
f 4586/5532/4586 4578/5534/4578 4577/5578/4577
f 4590/5541/4590 4589/5543/4589 4515/5588/4515
f 4515/5588/4515 4557/5575/4557 4516/5565/4516
f 4540/5542/4540 4590/5541/4590 4514/5589/4514
f 4590/5541/4590 4515/5588/4515 4514/5589/4514
f 4559/5590/4559 4561/5591/4561 4562/5520/4562
f 4561/5591/4561 4564/5524/4564 4562/5520/4562
f 4561/5591/4561 4563/5586/4563 4564/5524/4564
f 4581/5547/4581 4523/5581/4523 4522/5574/4522
f 4637/5493/4637 4639/5570/4639 4638/5568/4638
f 4565/5587/4565 4567/5529/4567 4566/5527/4566
f 4565/5587/4565 4569/5530/4569 4567/5529/4567
f 4565/5587/4565 4568/5592/4568 4569/5530/4569
f 4568/5592/4568 4570/5593/4570 4569/5530/4569
f 4570/5593/4570 4513/5537/4513 4571/5535/4571
f 4572/5538/4572 4539/5540/4539 4573/5555/4573
f 4640/5492/4640 4642/5507/4642 4641/5572/4641
f 4642/5507/4642 4635/5515/4635 4641/5572/4641
f 4637/5493/4637 4640/5492/4640 4639/5570/4639
f 4640/5492/4640 4641/5572/4641 4639/5570/4639
f 4612/5594/4612 4629/5560/4629 4631/5595/4631
f 4542/5596/4542 4533/5584/4533 4534/5597/4534
f 4544/5513/4544 4602/5598/4602 4547/5510/4547
f 4543/5566/4543 4533/5584/4533 4542/5596/4542
f 4603/5599/4603 4604/5600/4604 4608/5503/4608
f 4603/5599/4603 4575/5516/4575 4604/5600/4604
f 4544/5513/4544 4575/5516/4575 4602/5598/4602
f 4551/5580/4551 4553/5511/4553 4552/5601/4552
f 4547/5510/4547 4554/5602/4554 4553/5511/4553
f 4518/5603/4518 4555/5564/4555 4556/5604/4556
f 4556/5605/4556 4629/5560/4629 4518/5606/4518
f 4629/5560/4629 4517/5607/4517 4518/5606/4518
f 4517/5607/4517 4629/5560/4629 4525/5562/4525
f 4619/5608/4619 4620/5609/4620 4551/5580/4551
f 4620/5609/4620 4550/5579/4550 4551/5580/4551
f 4620/5609/4620 4622/5610/4622 4550/5579/4550
f 4622/5610/4622 4549/5577/4549 4550/5579/4550
f 4632/5567/4632 4633/5569/4633 4531/5611/4531
f 4615/5612/4615 4616/5613/4616 4617/5614/4617
f 4635/5515/4635 4542/5596/4542 4536/5573/4536
f 4635/5515/4635 4543/5566/4543 4542/5596/4542
f 4542/5596/4542 4535/5615/4535 4536/5573/4536
f 4542/5596/4542 4534/5597/4534 4535/5615/4535
f 4633/5569/4633 4634/5571/4634 4532/5616/4532
f 4634/5571/4634 4530/5617/4530 4532/5616/4532
f 4634/5571/4634 4536/5573/4536 4530/5617/4530
f 4633/5569/4633 4532/5616/4532 4531/5611/4531
f 4637/5493/4637 4638/5568/4638 4636/5488/4636
f 4638/5568/4638 4632/5567/4632 4636/5488/4636
f 4624/5494/4624 4625/5618/4625 4626/5619/4626
f 4625/5618/4625 4627/5620/4627 4626/5619/4626
f 4625/5618/4625 4628/5621/4628 4627/5620/4627
f 4628/5622/4628 4629/5560/4629 4627/5623/4627
f 4612/5594/4612 4631/5595/4631 4630/5624/4630
f 4607/5504/4607 4554/5602/4554 4602/5598/4602
f 4629/5560/4629 4628/5622/4628 4631/5595/4631
f 4529/5561/4529 4629/5560/4629 4612/5594/4612
f 4556/5605/4556 4627/5623/4627 4629/5560/4629
f 4556/5604/4556 4555/5564/4555 4627/5620/4627
f 4555/5564/4555 4626/5619/4626 4627/5620/4627
f 4555/5564/4555 4548/5563/4548 4626/5619/4626
f 4624/5494/4624 4626/5619/4626 4622/5610/4622
f 4626/5619/4626 4549/5577/4549 4622/5610/4622
f 4626/5619/4626 4548/5563/4548 4549/5577/4549
f 4619/5608/4619 4551/5580/4551 4552/5601/4552
f 4613/5625/4613 4612/5594/4612 4630/5624/4630
f 4613/5625/4613 4614/5626/4614 4600/5627/4600
f 4615/5612/4615 4613/5625/4613 4616/5613/4616
f 4598/5628/4598 4615/5612/4615 4611/5629/4611
f 4615/5612/4615 4617/5614/4617 4611/5629/4611
f 4599/5630/4599 4598/5628/4598 4528/5631/4528
f 4616/5613/4616 4618/5632/4618 4617/5614/4617
f 4613/5625/4613 4615/5612/4615 4614/5626/4614
f 4613/5625/4613 4600/5627/4600 4612/5594/4612
f 4614/5626/4614 4615/5612/4615 4600/5627/4600
f 4552/5601/4552 4601/5500/4601 4619/5608/4619
f 4620/5609/4620 4619/5608/4619 4621/5499/4621
f 4619/5608/4619 4601/5500/4601 4621/5499/4621
f 4622/5610/4622 4620/5609/4620 4623/5495/4623
f 4620/5609/4620 4621/5499/4621 4623/5495/4623
f 4622/5610/4622 4623/5495/4623 4624/5494/4624
f 4545/5518/4545 4546/5559/4546 4605/5633/4605
f 4546/5585/4546 4606/5514/4606 4605/5634/4605
f 4546/5585/4546 4543/5566/4543 4606/5514/4606
f 4608/5503/4608 4602/5598/4602 4603/5599/4603
f 4608/5503/4608 4607/5504/4607 4602/5598/4602
f 4607/5504/4607 4601/5500/4601 4554/5602/4554
f 4601/5500/4601 4552/5601/4552 4554/5602/4554
f 4653/5635/4653 4618/5632/4618 4616/5613/4616
f 4653/5635/4653 4616/5613/4616 4613/5625/4613
f 4575/5516/4575 4545/5518/4545 4604/5600/4604
f 4609/5506/4609 4610/5636/4610 4606/5514/4606
f 4610/5636/4610 4605/5634/4605 4606/5514/4606
f 4610/5491/4610 4604/5600/4604 4605/5633/4605
f 4610/5491/4610 4608/5503/4608 4604/5600/4604
f 4612/5594/4612 4600/5627/4600 4529/5561/4529
f 4598/5628/4598 4527/5637/4527 4528/5631/4528
f 4598/5628/4598 4611/5629/4611 4527/5637/4527
f 4611/5629/4611 4526/5638/4526 4527/5637/4527
f 4600/5627/4600 4599/5630/4599 4529/5561/4529
f 4600/5627/4600 4598/5628/4598 4599/5630/4599
f 4600/5627/4600 4615/5612/4615 4598/5628/4598
f 4553/5511/4553 4554/5602/4554 4552/5601/4552
f 4547/5510/4547 4602/5598/4602 4554/5602/4554
f 4602/5598/4602 4575/5516/4575 4603/5599/4603
f 4545/5518/4545 4605/5633/4605 4604/5600/4604
f 4651/5487/4651 4637/5493/4637 4636/5488/4636
f 4628/5621/4628 4625/5618/4625 4647/5639/4647
f 4648/5496/4648 4647/5639/4647 4624/5494/4624
f 4647/5639/4647 4625/5618/4625 4624/5494/4624
f 4608/5503/4608 4610/5491/4610 4655/5501/4655
f 4610/5491/4610 4654/5490/4654 4655/5501/4655
f 4640/5492/4640 4643/5505/4643 4642/5507/4642
f 4630/5624/4630 4644/5640/4644 4613/5625/4613
f 4644/5640/4644 4645/5641/4645 4613/5625/4613
f 4628/5622/4628 4646/5642/4646 4631/5595/4631
f 4646/5642/4646 4644/5640/4644 4631/5595/4631
f 4644/5640/4644 4630/5624/4630 4631/5595/4631
f 4628/5621/4628 4647/5639/4647 4646/5643/4646
f 4656/5508/4656 4610/5636/4610 4609/5506/4609
f 4645/5641/4645 4653/5635/4653 4613/5625/4613
f 4661/5644/4661 4660/5645/4660 4659/5646/4659
f 4658/5647/4658 4661/5644/4661 4659/5646/4659
f 4663/5648/4663 4669/5649/4669 4668/5650/4668
f 4666/5651/4666 4663/5648/4663 4667/5652/4667
f 4663/5648/4663 4665/5653/4665 4664/5654/4664
f 4663/5648/4663 4666/5651/4666 4665/5653/4665
f 4663/5648/4663 4662/5655/4662 4670/5656/4670
f 4663/5648/4663 4670/5656/4670 4669/5649/4669
f 4663/5648/4663 4668/5650/4668 4667/5652/4667
f 4662/5655/4662 4671/5657/4671 4670/5656/4670
f 4690/5658/4690 4691/5659/4691 4689/5660/4689
f 4687/5661/4687 4693/5662/4693 4682/5663/4682
f 4686/5664/4686 4693/5662/4693 4687/5661/4687
f 4691/5659/4691 4692/5665/4692 4689/5660/4689
f 4681/5666/4681 4680/5667/4680 4689/5660/4689
f 4692/5665/4692 4691/5659/4691 4688/5668/4688
f 4691/5659/4691 4686/5664/4686 4688/5668/4688
f 4681/5666/4681 4689/5660/4689 4692/5665/4692
f 4684/5669/4684 4679/5670/4679 4683/5671/4683
f 4677/5672/4677 4676/5673/4676 4680/5674/4680
f 4689/5675/4689 4680/5674/4680 4674/5676/4674
f 4680/5674/4680 4675/5677/4675 4674/5676/4674
f 4680/5674/4680 4676/5673/4676 4675/5677/4675
f 4672/5678/4672 4690/5679/4690 4673/5680/4673
f 4684/5669/4684 4685/5681/4685 4678/5682/4678
f 4679/5670/4679 4684/5669/4684 4678/5682/4678
f 4693/5662/4693 4679/5670/4679 4682/5663/4682
f 4681/5666/4681 4688/5668/4688 4682/5663/4682
f 4688/5668/4688 4687/5661/4687 4682/5663/4682
f 4692/5665/4692 4688/5668/4688 4681/5666/4681
f 4693/5662/4693 4683/5671/4683 4679/5670/4679
f 4686/5664/4686 4687/5661/4687 4688/5668/4688
f 4690/5679/4690 4689/5675/4689 4673/5680/4673
f 4697/5683/4697 4696/5684/4696 4694/5685/4694
f 4696/5684/4696 4695/5686/4695 4694/5685/4694
f 4727/5687/4727 4716/5688/4716 4717/5689/4717
f 4716/5688/4716 4726/5690/4726 4715/5691/4715
f 4722/5692/4722 4723/5693/4723 4721/5694/4721
f 4723/5693/4723 4702/5695/4702 4721/5694/4721
f 4699/5696/4699 4700/5697/4700 4711/5698/4711
f 4730/5699/4730 4727/5687/4727 4717/5689/4717
f 4711/5698/4711 4710/5700/4710 4709/5701/4709
f 4706/5702/4706 4736/5703/4736 4705/5704/4705
f 4735/5705/4735 4708/5706/4708 4712/5707/4712
f 4735/5705/4735 4736/5703/4736 4708/5706/4708
f 4736/5708/4736 4707/5709/4707 4708/5710/4708
f 4736/5703/4736 4706/5702/4706 4707/5711/4707
f 4734/5712/4734 4735/5705/4735 4713/5713/4713
f 4735/5705/4735 4712/5707/4712 4713/5713/4713
f 4712/5707/4712 4708/5706/4708 4700/5697/4700
f 4723/5693/4723 4724/5714/4724 4720/5715/4720
f 4736/5703/4736 4703/5716/4703 4704/5717/4704
f 4736/5703/4736 4704/5717/4704 4705/5704/4705
f 4698/5718/4698 4699/5696/4699 4709/5701/4709
f 4700/5697/4700 4708/5706/4708 4711/5698/4711
f 4699/5696/4699 4711/5698/4711 4709/5701/4709
f 4733/5719/4733 4734/5712/4734 4714/5720/4714
f 4702/5695/4702 4723/5693/4723 4701/5721/4701
f 4732/5722/4732 4733/5719/4733 4714/5720/4714
f 4732/5722/4732 4714/5720/4714 4715/5691/4715
f 4731/5723/4731 4732/5722/4732 4715/5691/4715
f 4726/5690/4726 4731/5723/4731 4715/5691/4715
f 4723/5693/4723 4720/5715/4720 4701/5721/4701
f 4725/5724/4725 4728/5725/4728 4720/5715/4720
f 4724/5714/4724 4725/5724/4725 4720/5715/4720
f 4716/5688/4716 4727/5687/4727 4726/5690/4726
f 4730/5726/4730 4717/5727/4717 4718/5728/4718
f 4729/5729/4729 4730/5726/4730 4718/5728/4718
f 4729/5729/4729 4718/5728/4718 4719/5730/4719
f 4728/5725/4728 4719/5730/4719 4720/5715/4720
f 4734/5712/4734 4713/5713/4713 4714/5720/4714
f 4707/5711/4707 4710/5700/4710 4711/5698/4711
f 4707/5711/4707 4711/5698/4711 4708/5706/4708
f 4728/5725/4728 4729/5729/4729 4719/5730/4719
f 4738/5731/4738 4739/5732/4739 4746/5733/4746
f 4737/5734/4737 4743/5735/4743 4753/5736/4753
f 4742/5737/4742 4737/5734/4737 4753/5736/4753
f 4741/5738/4741 4742/5737/4742 4752/5739/4752
f 4741/5738/4741 4752/5739/4752 4751/5740/4751
f 4739/5732/4739 4740/5741/4740 4748/5742/4748
f 4739/5732/4739 4748/5742/4748 4747/5743/4747
f 4738/5731/4738 4746/5733/4746 4745/5744/4745
f 4740/5741/4740 4750/5745/4750 4749/5746/4749
f 4740/5741/4740 4741/5738/4741 4750/5745/4750
f 4741/5738/4741 4751/5740/4751 4750/5745/4750
f 4740/5741/4740 4749/5746/4749 4748/5742/4748
f 4742/5737/4742 4753/5736/4753 4752/5739/4752
f 4738/5731/4738 4745/5744/4745 4744/5747/4744
f 4737/5734/4737 4744/5747/4744 4743/5735/4743
f 4737/5734/4737 4738/5731/4738 4744/5747/4744
f 4739/5732/4739 4747/5743/4747 4746/5733/4746
f 4756/5748/4756 4757/5749/4757 4763/5750/4763
f 4755/5751/4755 4761/5752/4761 4760/5753/4760
f 4757/5749/4757 4758/5754/4758 4765/5755/4765
f 4757/5749/4757 4765/5755/4765 4764/5756/4764
f 4754/5757/4754 4759/5758/4759 4766/5759/4766
f 4757/5749/4757 4764/5756/4764 4763/5750/4763
f 4758/5754/4758 4766/5759/4766 4765/5755/4765
f 4756/5748/4756 4762/5760/4762 4761/5752/4761
f 4755/5751/4755 4756/5748/4756 4761/5752/4761
f 4756/5748/4756 4763/5750/4763 4762/5760/4762
f 4758/5754/4758 4754/5757/4754 4766/5759/4766
f 4768/5761/4768 4770/5762/4770 4767/5763/4767
f 4769/5764/4769 4770/5762/4770 4768/5761/4768
f 4791/5765/4791 4792/5766/4792 4800/5767/4800
f 4777/5768/4777 4791/5765/4791 4801/5769/4801
f 4808/5770/4808 4804/5771/4804 4810/5772/4810
f 4795/5773/4795 4796/5774/4796 4798/5775/4798
f 4794/5776/4794 4795/5773/4795 4798/5775/4798
f 4794/5776/4794 4798/5775/4798 4797/5777/4797
f 4793/5778/4793 4794/5776/4794 4797/5777/4797
f 4793/5778/4793 4797/5777/4797 4799/5779/4799
f 4792/5766/4792 4793/5778/4793 4799/5779/4799
f 4791/5765/4791 4800/5767/4800 4801/5769/4801
f 4781/5780/4781 4813/5781/4813 4812/5782/4812
f 4781/5780/4781 4814/5783/4814 4782/5784/4782
f 4814/5783/4814 4811/5785/4811 4782/5784/4782
f 4814/5783/4814 4781/5780/4781 4812/5782/4812
f 4806/5786/4806 4809/5787/4809 4805/5788/4805
f 4810/5772/4810 4802/5789/4802 4803/5790/4803
f 4808/5770/4808 4810/5772/4810 4803/5790/4803
f 4806/5786/4806 4807/5791/4807 4809/5787/4809
f 4808/5770/4808 4803/5790/4803 4809/5787/4809
f 4779/5792/4779 4782/5784/4782 4804/5771/4804
f 4786/5793/4786 4804/5771/4804 4808/5770/4808
f 4785/5794/4785 4786/5793/4786 4808/5770/4808
f 4785/5794/4785 4808/5770/4808 4807/5791/4807
f 4785/5794/4785 4807/5791/4807 4806/5786/4806
f 4783/5795/4783 4785/5794/4785 4806/5786/4806
f 4790/5796/4790 4806/5786/4806 4796/5774/4796
f 4792/5766/4792 4799/5779/4799 4800/5767/4800
f 4773/5797/4773 4784/5798/4784 4772/5799/4772
f 4787/5800/4787 4784/5798/4784 4771/5801/4771
f 4791/5802/4791 4777/5803/4777 4778/5804/4778
f 4780/5805/4780 4783/5795/4783 4790/5796/4790
f 4780/5805/4780 4795/5773/4795 4794/5776/4794
f 4784/5798/4784 4775/5806/4775 4776/5807/4776
f 4784/5808/4784 4788/5809/4788 4792/5766/4792
f 4784/5798/4784 4773/5797/4773 4771/5801/4771
f 4791/5802/4791 4778/5804/4778 4774/5810/4774
f 4775/5806/4775 4791/5802/4791 4774/5810/4774
f 4775/5806/4775 4784/5798/4784 4791/5802/4791
f 4784/5798/4784 4776/5807/4776 4772/5799/4772
f 4788/5809/4788 4789/5811/4789 4793/5778/4793
f 4788/5809/4788 4793/5778/4793 4792/5766/4792
f 4784/5808/4784 4792/5766/4792 4791/5765/4791
f 4780/5805/4780 4790/5796/4790 4795/5773/4795
f 4805/5788/4805 4796/5774/4796 4806/5786/4806
f 4806/5786/4806 4790/5796/4790 4783/5795/4783
f 4804/5771/4804 4782/5784/4782 4811/5785/4811
f 4802/5789/4802 4804/5771/4804 4811/5785/4811
f 4804/5771/4804 4802/5789/4802 4810/5772/4810
f 4789/5811/4789 4794/5776/4794 4793/5778/4793
f 4795/5773/4795 4790/5796/4790 4796/5774/4796
f 4786/5793/4786 4779/5792/4779 4804/5771/4804
f 4789/5811/4789 4780/5805/4780 4794/5776/4794
f 4807/5791/4807 4808/5770/4808 4809/5787/4809
f 4816/5812/4816 4818/5813/4818 4815/5814/4815
f 4818/5813/4818 4817/5815/4817 4815/5814/4815
f 4824/5816/4824 4819/5817/4819 4822/5818/4822
f 4824/5816/4824 4821/5819/4821 4820/5820/4820
f 4824/5816/4824 4823/5821/4823 4819/5817/4819
f 4821/5819/4821 4824/5816/4824 4822/5818/4822
f 4827/5822/4827 4829/5823/4829 4828/5824/4828
f 4827/5822/4827 4826/5825/4826 4825/5826/4825
f 4827/5822/4827 4825/5826/4825 4829/5823/4829
f 5232/5827/5232 5516/5828/5516 5517/5829/5517
f 5525/5830/5525 5240/5831/5240 5234/5832/5234
f 5524/5833/5524 5525/5830/5525 5234/5832/5234
f 5522/5834/5522 5524/5833/5524 5234/5832/5234
f 5235/5835/5235 5521/5836/5521 5523/5837/5523
f 5234/5838/5234 5235/5835/5235 5523/5837/5523
f 5522/5839/5522 5234/5838/5234 5523/5837/5523
f 5236/5840/5236 5533/5841/5533 5521/5836/5521
f 5235/5835/5235 5236/5840/5236 5521/5836/5521
f 5231/5842/5231 5667/5843/5667 5520/5844/5520
f 5230/5845/5230 5231/5842/5231 5520/5844/5520
f 5518/5846/5518 5667/5843/5667 5231/5842/5231
f 5232/5827/5232 5517/5829/5517 5519/5847/5519
f 5231/5848/5231 5232/5827/5232 5519/5847/5519
f 5231/5842/5231 5519/5849/5519 5518/5846/5518
f 5239/5850/5239 5240/5831/5240 5525/5830/5525
f 5516/5828/5516 5232/5827/5232 5233/5851/5233
f 5513/5852/5513 5516/5828/5516 5233/5851/5233
f 5233/5851/5233 5512/5853/5512 5515/5854/5515
f 5233/5855/5233 5515/5856/5515 5514/5857/5514
f 5513/5852/5513 5233/5851/5233 5514/5858/5514
f 5511/5859/5511 5509/5860/5509 5508/5861/5508
f 5511/5859/5511 5508/5861/5508 5510/5862/5510
f 5626/5863/5626 5510/5862/5510 5507/5864/5507
f 5422/5865/5422 5424/5866/5424 5505/5867/5505
f 5508/5861/5508 5422/5865/5422 5505/5867/5505
f 5427/5868/5427 5422/5865/5422 5508/5861/5508
f 5504/5869/5504 5427/5868/5427 5508/5861/5508
f 5504/5869/5504 5508/5861/5508 5509/5860/5509
f 5501/5870/5501 5504/5869/5504 5509/5860/5509
f 5360/5871/5360 5536/5872/5536 5359/5873/5359
f 5544/5874/5544 5548/5875/5548 5547/5876/5547
f 5249/5877/5249 5547/5876/5547 5546/5878/5546
f 5543/5879/5543 5249/5877/5249 5546/5878/5546
f 5246/5880/5246 5359/5873/5359 5536/5872/5536
f 5247/5881/5247 5246/5880/5246 5536/5872/5536
f 5247/5881/5247 5536/5872/5536 5544/5874/5544
f 5248/5882/5248 5247/5881/5247 5544/5874/5544
f 5249/5877/5249 5248/5882/5248 5544/5874/5544
f 5545/5883/5545 5249/5877/5249 5543/5879/5543
f 5545/5883/5545 5250/5884/5250 5249/5877/5249
f 5253/5885/5253 5250/5884/5250 5490/5886/5490
f 5539/5887/5539 5794/5888/5794 5538/5889/5538
f 5537/5890/5537 5539/5887/5539 5538/5889/5538
f 5500/5891/5500 5537/5890/5537 5538/5889/5538
f 5510/5862/5510 5508/5861/5508 5505/5867/5505
f 5237/5892/5237 5532/5893/5532 5535/5894/5535
f 5237/5892/5237 5535/5894/5535 5534/5895/5534
f 5236/5896/5236 5237/5892/5237 5534/5895/5534
f 5236/5896/5236 5534/5895/5534 5533/5897/5533
f 5238/5898/5238 5529/5899/5529 5532/5893/5532
f 5237/5892/5237 5238/5898/5238 5532/5893/5532
f 5239/5900/5239 5526/5901/5526 5531/5902/5531
f 5239/5900/5239 5531/5902/5531 5530/5903/5530
f 5238/5904/5238 5239/5900/5239 5530/5903/5530
f 5528/5905/5528 5238/5904/5238 5530/5903/5530
f 5528/5905/5528 5529/5906/5529 5238/5904/5238
f 5239/5850/5239 5525/5830/5525 5527/5907/5527
f 5239/5900/5239 5527/5908/5527 5526/5901/5526
f 5481/5909/5481 5442/5910/5442 5440/5911/5440
f 5628/5912/5628 5498/5913/5498 5493/5914/5493
f 5491/5915/5491 5253/5885/5253 5490/5886/5490
f 5489/5916/5489 5491/5915/5491 5490/5886/5490
f 5489/5916/5489 5490/5886/5490 5250/5884/5250
f 5486/5917/5486 5423/5918/5423 5428/5919/5428
f 5485/5920/5485 5486/5917/5486 5428/5919/5428
f 5485/5920/5485 5428/5919/5428 5426/5921/5426
f 5484/5922/5484 5485/5920/5485 5426/5921/5426
f 5484/5922/5484 5426/5921/5426 5425/5923/5425
f 5483/5924/5483 5484/5922/5484 5425/5923/5425
f 5483/5924/5483 5425/5923/5425 5429/5925/5429
f 5482/5926/5482 5483/5924/5483 5429/5925/5429
f 5482/5926/5482 5429/5925/5429 5442/5927/5442
f 5481/5928/5481 5482/5926/5482 5442/5927/5442
f 5255/5929/5255 5496/5930/5496 5495/5931/5495
f 5480/5932/5480 5481/5909/5481 5440/5911/5440
f 5480/5933/5480 5440/5934/5440 5438/5935/5438
f 5479/5936/5479 5480/5933/5480 5438/5935/5438
f 5479/5936/5479 5438/5935/5438 5436/5937/5436
f 5478/5938/5478 5479/5936/5479 5436/5937/5436
f 5478/5938/5478 5436/5937/5436 5433/5939/5433
f 5477/5940/5477 5478/5938/5478 5433/5939/5433
f 5477/5940/5477 5433/5939/5433 5432/5941/5432
f 5476/5942/5476 5477/5940/5477 5432/5941/5432
f 5476/5942/5476 5432/5941/5432 5453/5943/5453
f 5475/5944/5475 5476/5942/5476 5453/5943/5453
f 5475/5944/5475 5453/5943/5453 5451/5945/5451
f 5474/5946/5474 5475/5944/5475 5451/5945/5451
f 5474/5946/5474 5451/5945/5451 5449/5947/5449
f 5498/5913/5498 5499/5948/5499 5493/5914/5493
f 5510/5862/5510 5505/5867/5505 5506/5949/5506
f 5507/5864/5507 5510/5862/5510 5506/5949/5506
f 5431/5950/5431 5427/5868/5427 5504/5869/5504
f 5431/5950/5431 5504/5869/5504 5503/5951/5503
f 5430/5952/5430 5431/5950/5431 5503/5951/5503
f 5444/5953/5444 5430/5952/5430 5503/5951/5503
f 5505/5867/5505 5424/5866/5424 5506/5949/5506
f 5503/5951/5503 5504/5869/5504 5501/5870/5501
f 5503/5951/5503 5501/5870/5501 5502/5954/5502
f 5444/5953/5444 5503/5951/5503 5443/5955/5443
f 5489/5956/5489 5500/5891/5500 5492/5957/5492
f 5489/5916/5489 5492/5958/5492 5493/5914/5493
f 5491/5915/5491 5489/5916/5489 5493/5914/5493
f 5499/5948/5499 5491/5915/5491 5493/5914/5493
f 5544/5874/5544 5536/5872/5536 5548/5875/5548
f 5487/5959/5487 5498/5913/5498 5494/5960/5494
f 5496/5930/5496 5487/5959/5487 5494/5960/5494
f 5488/5961/5488 5496/5930/5496 5494/5960/5494
f 5255/5929/5255 5256/5962/5256 5496/5930/5496
f 5491/5915/5491 5499/5948/5499 5252/5963/5252
f 5253/5885/5253 5491/5915/5491 5252/5963/5252
f 5254/5964/5254 5252/5963/5252 5499/5948/5499
f 5254/5964/5254 5499/5948/5499 5498/5913/5498
f 5254/5964/5254 5498/5913/5498 5487/5959/5487
f 5257/5965/5257 5254/5966/5254 5487/5967/5487
f 5257/5968/5257 5487/5959/5487 5496/5930/5496
f 5256/5962/5256 5257/5968/5257 5496/5930/5496
f 5496/5930/5496 5497/5969/5497 5495/5931/5495
f 5574/5970/5574 5557/5971/5557 5558/5972/5558
f 5366/5973/5366 5373/5974/5373 5590/5975/5590
f 5367/5976/5367 5366/5973/5366 5585/5977/5585
f 5266/5978/5266 5367/5976/5367 5585/5977/5585
f 5367/5976/5367 5266/5978/5266 5267/5979/5267
f 5580/5980/5580 5583/5981/5583 5582/5982/5582
f 5580/5983/5580 5582/5984/5582 5581/5985/5581
f 5577/5986/5577 5261/5987/5261 5260/5988/5260
f 5577/5986/5577 5260/5988/5260 5556/5989/5556
f 5577/5986/5577 5556/5989/5556 5555/5990/5555
f 5576/5991/5576 5577/5986/5577 5555/5990/5555
f 5576/5991/5576 5555/5990/5555 5554/5992/5554
f 5575/5993/5575 5576/5991/5576 5554/5992/5554
f 5575/5993/5575 5554/5992/5554 5557/5971/5557
f 5574/5970/5574 5575/5993/5575 5557/5971/5557
f 5373/5974/5373 5586/5994/5586 5590/5975/5590
f 5573/5995/5573 5574/5970/5574 5558/5972/5558
f 5573/5995/5573 5558/5972/5558 5559/5996/5559
f 5561/5997/5561 5573/5995/5573 5559/5996/5559
f 5561/5997/5561 5559/5996/5559 5560/5998/5560
f 5561/5997/5561 5560/5998/5560 5552/5999/5552
f 5356/6000/5356 5561/5997/5561 5552/5999/5552
f 5357/6001/5357 5356/6000/5356 5552/5999/5552
f 5572/6002/5572 5261/5987/5261 5577/5986/5577
f 5571/6003/5571 5572/6002/5572 5577/5986/5577
f 5571/6003/5571 5577/5986/5577 5576/5991/5576
f 5570/6004/5570 5571/6003/5571 5576/5991/5576
f 5570/6004/5570 5576/5991/5576 5575/5993/5575
f 5569/6005/5569 5570/6004/5570 5575/5993/5575
f 5569/6005/5569 5575/5993/5575 5574/5970/5574
f 5591/6006/5591 5586/5994/5586 5579/6007/5579
f 5383/6008/5383 5595/6009/5595 5376/6010/5376
f 5595/6009/5595 5383/6008/5383 5596/6011/5596
f 5592/6012/5592 5593/6013/5593 5596/6011/5596
f 5592/6012/5592 5596/6011/5596 5399/6014/5399
f 5591/6006/5591 5580/5980/5580 5581/6015/5581
f 5586/5994/5586 5591/6006/5591 5581/6015/5581
f 5586/5994/5586 5581/6015/5581 5582/5982/5582
f 5590/5975/5590 5586/5994/5586 5582/5982/5582
f 5590/5975/5590 5582/5982/5582 5583/5981/5583
f 5584/6016/5584 5590/5975/5590 5583/5981/5583
f 5589/6017/5589 5366/5973/5366 5584/6016/5584
f 5589/6017/5589 5584/6016/5584 5259/6018/5259
f 5269/6019/5269 5589/6017/5589 5259/6018/5259
f 5586/5994/5586 5587/6020/5587 5579/6007/5579
f 5568/6021/5568 5569/6005/5569 5574/5970/5574
f 5587/6020/5587 5374/6022/5374 5588/6023/5588
f 5579/6007/5579 5587/6020/5587 5588/6023/5588
f 5579/6007/5579 5588/6023/5588 5384/6024/5384
f 5579/6007/5579 5384/6024/5384 5578/6025/5578
f 5590/5975/5590 5584/6016/5584 5366/5973/5366
f 5585/5977/5585 5366/5973/5366 5589/6017/5589
f 5585/5977/5585 5589/6017/5589 5269/6019/5269
f 5266/5978/5266 5585/5977/5585 5269/6019/5269
f 5377/6026/5377 5578/6025/5578 5384/6024/5384
f 5384/6024/5384 5588/6023/5588 5378/6027/5378
f 5374/6022/5374 5378/6027/5378 5588/6023/5588
f 5587/6020/5587 5586/5994/5586 5372/6028/5372
f 5587/6020/5587 5372/6028/5372 5374/6022/5374
f 5548/5875/5548 5549/6029/5549 5541/6030/5541
f 5551/6031/5551 5563/6032/5563 5287/6033/5287
f 5288/6034/5288 5563/6032/5563 5562/6035/5562
f 5289/6036/5289 5288/6034/5288 5562/6035/5562
f 5289/6036/5289 5562/6035/5562 5354/6037/5354
f 4913/6038/4913 5289/6036/5289 5354/6037/5354
f 5567/6039/5567 5355/6040/5355 5354/6037/5354
f 5561/5997/5561 5356/6000/5356 5355/6040/5355
f 5553/6041/5553 5558/5972/5558 5557/5971/5557
f 5553/6041/5553 5557/5971/5557 5554/5992/5554
f 5556/5989/5556 5260/5988/5260 5258/6042/5258
f 5287/6033/5287 5550/6043/5550 5551/6031/5551
f 5358/6044/5358 5357/6001/5357 5542/6045/5542
f 5549/6029/5549 5358/6046/5358 5542/6047/5542
f 5549/6029/5549 5542/6047/5542 5541/6030/5541
f 5563/6032/5563 5288/6034/5288 5287/6033/5287
f 5547/6048/5547 5548/6049/5548 5541/6050/5541
f 5547/5876/5547 5541/6030/5541 5540/6051/5540
f 5547/5876/5547 5540/6051/5540 5539/6052/5539
f 5546/6053/5546 5547/6048/5547 5539/5887/5539
f 5543/6054/5543 5546/6053/5546 5539/5887/5539
f 5543/5879/5543 5539/6052/5539 5537/6055/5537
f 5545/5883/5545 5543/5879/5543 5537/6055/5537
f 5545/5883/5545 5537/6055/5537 5500/6056/5500
f 5545/5883/5545 5500/6056/5500 5489/5916/5489
f 5250/5884/5250 5545/5883/5545 5489/5916/5489
f 5360/5871/5360 5358/6046/5358 5549/6029/5549
f 5536/5872/5536 5360/5871/5360 5549/6029/5549
f 5536/5872/5536 5549/6029/5549 5548/5875/5548
f 5551/6031/5551 5569/6005/5569 5568/6021/5568
f 5568/6021/5568 5574/5970/5574 5573/5995/5573
f 5567/6039/5567 5568/6021/5568 5573/5995/5573
f 5567/6039/5567 5573/5995/5573 5561/5997/5561
f 5355/6040/5355 5567/6039/5567 5561/5997/5561
f 5281/6057/5281 5263/6058/5263 5261/5987/5261
f 5281/6057/5281 5261/5987/5261 5572/6002/5572
f 5566/6059/5566 5281/6057/5281 5572/6002/5572
f 5565/6060/5565 5566/6059/5566 5572/6002/5572
f 5565/6060/5565 5572/6002/5572 5571/6003/5571
f 5564/6061/5564 5565/6060/5565 5571/6003/5571
f 5564/6061/5564 5571/6003/5571 5570/6004/5570
f 5550/6043/5550 5564/6061/5564 5570/6004/5570
f 5550/6043/5550 5570/6004/5570 5569/6005/5569
f 5551/6031/5551 5550/6043/5550 5569/6005/5569
f 5473/6062/5473 5474/5946/5474 5449/5947/5449
f 5563/6032/5563 5551/6031/5551 5568/6021/5568
f 5563/6032/5563 5568/6021/5568 5567/6039/5567
f 5562/6035/5562 5563/6032/5563 5567/6039/5567
f 5354/6037/5354 5562/6035/5562 5567/6039/5567
f 5281/6057/5281 5182/6063/5182 5263/6058/5263
f 5283/6064/5283 5281/6057/5281 5566/6059/5566
f 5283/6064/5283 5566/6059/5566 5565/6060/5565
f 5564/6061/5564 5285/6065/5285 5284/6066/5284
f 5565/6060/5565 5564/6061/5564 5284/6066/5284
f 5565/6060/5565 5284/6066/5284 5283/6064/5283
f 5550/6043/5550 5287/6033/5287 5286/6067/5286
f 5550/6043/5550 5286/6067/5286 5285/6065/5285
f 5564/6061/5564 5550/6043/5550 5285/6065/5285
f 5364/6068/5364 5382/6069/5382 5383/6008/5383
f 5387/6070/5387 5396/6071/5396 5397/6072/5397
f 5398/6073/5398 5397/6072/5397 5392/6074/5392
f 5399/6014/5399 5398/6073/5398 5392/6074/5392
f 5399/6014/5399 5392/6074/5392 5599/6075/5599
f 5391/6076/5391 5399/6014/5399 5599/6075/5599
f 5392/6074/5392 5397/6072/5397 5396/6071/5396
f 5392/6074/5392 5396/6071/5396 5395/6077/5395
f 5392/6074/5392 5395/6077/5395 5394/6078/5394
f 5393/6079/5393 5392/6074/5392 5394/6078/5394
f 5392/6074/5392 5393/6079/5393 5599/6075/5599
f 5387/6070/5387 5397/6072/5397 5385/6080/5385
f 5379/6081/5379 5380/6082/5380 5375/6083/5375
f 5594/6084/5594 5379/6081/5379 5375/6083/5375
f 5364/6068/5364 5381/6085/5381 5382/6069/5382
f 5387/6070/5387 5388/6086/5388 5396/6071/5396
f 5368/6087/5368 5364/6068/5364 5383/6008/5383
f 5368/6087/5368 5383/6008/5383 5380/6082/5380
f 5375/6083/5375 5380/6082/5380 5376/6010/5376
f 5379/6081/5379 5594/6084/5594 5377/6026/5377
f 5379/6081/5379 5377/6026/5377 5384/6024/5384
f 5378/6027/5378 5379/6081/5379 5384/6024/5384
f 5383/6008/5383 5376/6010/5376 5380/6082/5380
f 5368/6087/5368 5380/6082/5380 5379/6081/5379
f 5370/6088/5370 5368/6087/5368 5379/6081/5379
f 5378/6027/5378 5370/6088/5370 5379/6081/5379
f 5369/6089/5369 5378/6027/5378 5374/6022/5374
f 5371/6090/5371 5369/6089/5369 5374/6022/5374
f 5372/6028/5372 5371/6090/5371 5374/6022/5374
f 5371/6090/5371 5372/6028/5372 5586/5994/5586
f 4881/6091/4881 4882/6092/4882 5406/6093/5406
f 4892/6094/4892 4891/6095/4891 5414/6096/5414
f 4892/6094/4892 5414/6096/5414 5413/6097/5413
f 4892/6094/4892 5413/6097/5413 5412/6098/5412
f 5229/6099/5229 4892/6094/4892 5412/6098/5412
f 5229/6099/5229 5412/6098/5412 5411/6100/5411
f 4885/6101/4885 5229/6099/5229 5411/6100/5411
f 4885/6101/4885 5411/6100/5411 5410/6102/5410
f 4884/6103/4884 4885/6101/4885 5410/6102/5410
f 4884/6103/4884 5410/6102/5410 5409/6104/5409
f 4883/6105/4883 4884/6103/4884 5409/6104/5409
f 4883/6105/4883 5409/6104/5409 5408/6106/5408
f 4883/6105/4883 5408/6106/5408 5407/6107/5407
f 4882/6092/4882 4883/6105/4883 5407/6107/5407
f 4882/6092/4882 5407/6107/5407 5406/6093/5406
f 5206/6108/5206 5371/6090/5371 5586/5994/5586
f 4881/6091/4881 5406/6093/5406 5405/6109/5405
f 4881/6091/4881 5405/6109/5405 5404/6110/5404
f 4879/6111/4879 4881/6091/4881 5404/6110/5404
f 4879/6111/4879 5404/6110/5404 5403/6112/5403
f 5225/6113/5225 4879/6111/4879 5403/6112/5403
f 5225/6113/5225 5403/6112/5403 5402/6114/5402
f 5224/6115/5224 5225/6113/5225 5402/6114/5402
f 5224/6115/5224 5402/6114/5402 5401/6116/5401
f 5386/6117/5386 5224/6115/5224 5401/6116/5401
f 5224/6115/5224 5386/6117/5386 4890/6118/4890
f 5388/6086/5388 5389/6119/5389 5396/6071/5396
f 5400/6120/5400 5385/6080/5385 5397/6072/5397
f 5400/6120/5400 5397/6072/5397 5398/6073/5398
f 5199/6121/5199 5223/6122/5223 5220/6123/5220
f 5204/6124/5204 5205/6125/5205 5365/6126/5365
f 5168/6127/5168 5169/6128/5169 5196/6129/5196
f 5167/6130/5167 5168/6127/5168 5196/6129/5196
f 5167/6130/5167 5196/6129/5196 5197/6131/5197
f 5167/6130/5167 5197/6131/5197 5193/6132/5193
f 5167/6130/5167 5193/6132/5193 5172/6133/5172
f 5166/6134/5166 5167/6130/5167 5172/6133/5172
f 5195/6135/5195 5196/6129/5196 5169/6128/5169
f 5195/6135/5195 5169/6128/5169 5170/6136/5170
f 5194/6137/5194 5195/6135/5195 5170/6136/5170
f 5199/6121/5199 5194/6137/5194 5170/6136/5170
f 5199/6121/5199 5170/6136/5170 5171/6138/5171
f 5222/6139/5222 5199/6121/5199 5171/6138/5171
f 5199/6121/5199 5222/6139/5222 5223/6122/5223
f 5210/6140/5210 5366/5973/5366 5209/6141/5209
f 5198/6142/5198 5199/6121/5199 5220/6123/5220
f 5221/6143/5221 5198/6142/5198 5220/6123/5220
f 5202/6144/5202 5198/6142/5198 5221/6143/5221
f 5358/6046/5358 5360/5871/5360 5244/6145/5244
f 5357/6146/5357 5358/6046/5358 5244/6145/5244
f 5357/6146/5357 5244/6145/5244 5356/6147/5356
f 5354/6037/5354 5356/6000/5356 5361/6148/5361
f 5354/6149/5354 5361/6150/5361 5362/6151/5362
f 5353/6152/5353 5354/6149/5354 5362/6151/5362
f 5353/6152/5353 5362/6151/5362 4916/6153/4916
f 4917/6154/4917 4916/6153/4916 5362/6151/5362
f 4917/6154/4917 5362/6151/5362 5361/6150/5361
f 5244/6145/5244 4917/6154/4917 5361/6150/5361
f 5244/6145/5244 5361/6150/5361 5356/6147/5356
f 5264/6155/5264 5203/6156/5203 5219/6157/5219
f 5206/6108/5206 5586/5994/5586 5373/5974/5373
f 5365/6126/5365 5206/6108/5206 5373/5974/5373
f 5365/6126/5365 5373/5974/5373 5366/5973/5366
f 5365/6126/5365 5366/5973/5366 5210/6140/5210
f 5204/6124/5204 5365/6126/5365 5210/6140/5210
f 5363/6158/5363 5368/6087/5368 5370/6088/5370
f 5363/6158/5363 5370/6088/5370 5378/6027/5378
f 5369/6089/5369 5363/6158/5363 5378/6027/5378
f 5363/6158/5363 5364/6068/5364 5368/6087/5368
f 5202/6144/5202 5221/6143/5221 5218/6159/5218
f 5201/6160/5201 5202/6144/5202 5218/6159/5218
f 5201/6160/5201 5218/6159/5218 5219/6157/5219
f 5180/6161/5180 5201/6160/5201 5219/6157/5219
f 5203/6156/5203 5180/6161/5180 5219/6157/5219
f 4891/6095/4891 5415/6162/5415 5414/6096/5414
f 5264/6155/5264 5219/6157/5219 5217/6163/5217
f 5265/6164/5265 5264/6155/5264 5217/6163/5217
f 5265/6164/5265 5217/6163/5217 5216/6165/5216
f 5215/6166/5215 5265/6164/5265 5216/6165/5216
f 5265/6164/5265 5215/6166/5215 5214/6167/5214
f 5213/6168/5213 5265/6164/5265 5214/6167/5214
f 5211/6169/5211 5212/6170/5212 5267/5979/5267
f 5213/6168/5213 5267/5979/5267 5265/6164/5265
f 5267/5979/5267 5212/6170/5212 5207/6171/5207
f 5267/5979/5267 5207/6171/5207 5208/6172/5208
f 5367/5976/5367 5267/5979/5267 5208/6172/5208
f 5366/5973/5366 5367/5976/5367 5208/6172/5208
f 5366/5973/5366 5208/6172/5208 5209/6141/5209
f 5407/6107/5407 5408/6106/5408 5472/6173/5472
f 5414/6096/5414 5415/6162/5415 5479/6174/5479
f 5414/6096/5414 5479/6174/5479 5478/6175/5478
f 5413/6097/5413 5414/6096/5414 5478/6175/5478
f 5413/6097/5413 5478/6175/5478 5477/6176/5477
f 5412/6098/5412 5413/6097/5413 5477/6176/5477
f 5412/6098/5412 5477/6176/5477 5476/6177/5476
f 5411/6100/5411 5412/6098/5412 5476/6177/5476
f 5411/6100/5411 5476/6177/5476 5475/6178/5475
f 5410/6102/5410 5411/6100/5411 5475/6178/5475
f 5410/6102/5410 5475/6178/5475 5474/6179/5474
f 5409/6104/5409 5410/6102/5410 5474/6179/5474
f 5409/6104/5409 5474/6179/5474 5473/6180/5473
f 5408/6106/5408 5409/6104/5409 5473/6180/5473
f 5408/6106/5408 5473/6180/5473 5472/6173/5472
f 5415/6162/5415 5480/5932/5480 5479/6174/5479
f 5407/6107/5407 5472/6173/5472 5471/6181/5471
f 5406/6093/5406 5407/6107/5407 5471/6181/5471
f 5406/6093/5406 5471/6181/5471 5470/6182/5470
f 5405/6109/5405 5406/6093/5406 5470/6182/5470
f 5405/6109/5405 5470/6182/5470 5469/6183/5469
f 5404/6110/5404 5405/6109/5405 5469/6183/5469
f 5404/6110/5404 5469/6183/5469 5468/6184/5468
f 5403/6112/5403 5404/6110/5404 5468/6184/5468
f 5403/6112/5403 5468/6184/5468 5467/6185/5467
f 5402/6114/5402 5403/6112/5403 5467/6185/5467
f 5402/6114/5402 5467/6185/5467 5466/6186/5466
f 5401/6116/5401 5402/6114/5402 5466/6186/5466
f 5401/6116/5401 5466/6186/5466 5390/6187/5390
f 5386/6117/5386 5401/6116/5401 5390/6187/5390
f 5466/6188/5466 5464/6189/5464 5389/6119/5389
f 5473/6062/5473 5449/5947/5449 5446/6190/5446
f 5472/6191/5472 5473/6062/5473 5446/6190/5446
f 5472/6191/5472 5446/6190/5446 5445/6192/5445
f 5471/6193/5471 5472/6191/5472 5445/6192/5445
f 5471/6181/5471 5445/6194/5445 5456/6195/5456
f 5470/6182/5470 5471/6181/5471 5456/6195/5456
f 5470/6196/5470 5456/6197/5456 5460/6198/5460
f 5469/6199/5469 5470/6196/5470 5460/6198/5460
f 5469/6199/5469 5460/6198/5460 5459/6200/5459
f 5468/6201/5468 5469/6199/5469 5459/6200/5459
f 5468/6201/5468 5459/6200/5459 5465/6202/5465
f 5467/6203/5467 5468/6201/5468 5465/6202/5465
f 5467/6203/5467 5465/6202/5465 5464/6189/5464
f 5466/6188/5466 5467/6203/5467 5464/6189/5464
f 5459/6200/5459 5461/6204/5461 5393/6079/5393
f 5390/6205/5390 5466/6188/5466 5389/6119/5389
f 5421/6206/5421 5486/6207/5486 5485/6208/5485
f 5420/6209/5420 5421/6206/5421 5485/6208/5485
f 5420/6209/5420 5485/6208/5485 5484/6210/5484
f 5419/6211/5419 5420/6209/5420 5484/6210/5484
f 5419/6211/5419 5484/6210/5484 5483/6212/5483
f 5418/6213/5418 5419/6211/5419 5483/6212/5483
f 5418/6213/5418 5483/6212/5483 5482/6214/5482
f 5417/6215/5417 5418/6213/5418 5482/6214/5482
f 5417/6215/5417 5482/6214/5482 5481/5909/5481
f 5416/6216/5416 5417/6215/5417 5481/5909/5481
f 5416/6216/5416 5481/5909/5481 5480/5932/5480
f 5415/6162/5415 5416/6216/5416 5480/5932/5480
f 5426/5921/5426 5422/5865/5422 5427/5868/5427
f 5440/5934/5440 5442/6217/5442 5441/6218/5441
f 5440/5934/5440 5441/6218/5441 5439/6219/5439
f 5438/5935/5438 5440/5934/5440 5439/6219/5439
f 5438/5935/5438 5439/6219/5439 5437/6220/5437
f 5436/5937/5436 5438/5935/5438 5437/6220/5437
f 5436/5937/5436 5437/6220/5437 5435/6221/5435
f 5433/5939/5433 5436/5937/5436 5435/6221/5435
f 5433/5939/5433 5435/6221/5435 5434/6222/5434
f 5432/5941/5432 5433/5939/5433 5434/6222/5434
f 5425/5923/5425 5427/5868/5427 5431/5950/5431
f 5425/5923/5425 5431/5950/5431 5430/5952/5430
f 5429/6223/5429 5425/6224/5425 5430/6225/5430
f 5428/5919/5428 5423/5918/5423 5422/5865/5422
f 5426/5921/5426 5428/5919/5428 5422/5865/5422
f 5442/5927/5442 5443/5955/5443 5441/6226/5441
f 5425/5923/5425 5426/5921/5426 5427/5868/5427
f 5422/5865/5422 5423/5918/5423 5424/5866/5424
f 4888/6227/4888 5421/6206/5421 5420/6209/5420
f 5228/6228/5228 4888/6227/4888 5420/6209/5420
f 5228/6228/5228 5420/6209/5420 5419/6211/5419
f 5227/6229/5227 5228/6228/5228 5419/6211/5419
f 5227/6229/5227 5419/6211/5419 5418/6213/5418
f 4878/6230/4878 5227/6229/5227 5418/6213/5418
f 4878/6230/4878 5418/6213/5418 5417/6215/5417
f 5226/6231/5226 4878/6230/4878 5417/6215/5417
f 5226/6231/5226 5417/6215/5417 5416/6216/5416
f 4891/6095/4891 5226/6231/5226 5416/6216/5416
f 4891/6095/4891 5416/6216/5416 5415/6162/5415
f 5432/5941/5432 5434/6222/5434 5455/6232/5455
f 5459/6200/5459 5393/6079/5393 5394/6078/5394
f 5465/6233/5465 5459/6234/5459 5394/6235/5394
f 5465/6202/5465 5394/6078/5394 5395/6077/5395
f 5464/6189/5464 5465/6202/5465 5395/6077/5395
f 5464/6189/5464 5395/6077/5395 5396/6071/5396
f 5389/6119/5389 5464/6189/5464 5396/6071/5396
f 5456/6197/5456 5457/6236/5457 5463/6237/5463
f 5456/6197/5456 5463/6237/5463 5462/6238/5462
f 5460/6239/5460 5456/6195/5456 5462/6240/5462
f 5460/6198/5460 5462/6238/5462 5461/6204/5461
f 5459/6200/5459 5460/6198/5460 5461/6204/5461
f 5445/6192/5445 5447/6241/5447 5458/6242/5458
f 5445/6192/5445 5458/6242/5458 5457/6243/5457
f 5456/6195/5456 5445/6194/5445 5457/6244/5457
f 5595/6009/5595 5375/6083/5375 5376/6010/5376
f 5432/5941/5432 5455/6232/5455 5454/6245/5454
f 5453/5943/5453 5432/5941/5432 5454/6245/5454
f 5453/5943/5453 5454/6245/5454 5452/6246/5452
f 5451/5945/5451 5453/5943/5453 5452/6246/5452
f 5451/5945/5451 5452/6246/5452 5450/6247/5450
f 5449/5947/5449 5451/5945/5451 5450/6247/5450
f 5449/5947/5449 5450/6247/5450 5448/6248/5448
f 5446/6190/5446 5449/5947/5449 5448/6248/5448
f 5446/6190/5446 5448/6248/5448 5447/6241/5447
f 5445/6192/5445 5446/6190/5446 5447/6241/5447
f 5429/5925/5429 5430/5952/5430 5444/5953/5444
f 5429/5925/5429 5444/5953/5444 5443/5955/5443
f 5442/5910/5442 5429/6223/5429 5443/6249/5443
f 5706/6250/5706 5703/6251/5703 5708/6252/5708
f 5732/6253/5732 5678/6254/5678 5681/6255/5681
f 5749/6256/5749 5732/6253/5732 5681/6255/5681
f 5682/6257/5682 5749/6256/5749 5681/6255/5681
f 5680/6258/5680 5749/6256/5749 5682/6257/5682
f 5749/6256/5749 5680/6258/5680 5679/6259/5679
f 5750/6260/5750 5749/6256/5749 5679/6259/5679
f 5750/6260/5750 5679/6259/5679 5701/6261/5701
f 5703/6251/5703 5750/6260/5750 5701/6261/5701
f 5690/6262/5690 5684/6263/5684 5735/6264/5735
f 5704/6265/5704 5690/6262/5690 5735/6264/5735
f 5735/6264/5735 5684/6263/5684 5685/6266/5685
f 5735/6264/5735 5685/6266/5685 5683/6267/5683
f 5732/6253/5732 5735/6264/5735 5683/6267/5683
f 5703/6251/5703 5707/6268/5707 5708/6252/5708
f 5706/6250/5706 5754/6269/5754 5703/6251/5703
f 5754/6269/5754 5706/6250/5706 5705/6270/5705
f 5725/6271/5725 5754/6269/5754 5705/6270/5705
f 5610/6272/5610 5656/6273/5656 5672/6274/5672
f 5611/6275/5611 5610/6272/5610 5672/6274/5672
f 5611/6275/5611 5672/6274/5672 5655/6276/5655
f 5665/6277/5665 5611/6275/5611 5655/6276/5655
f 5753/6278/5753 5611/6275/5611 5648/6279/5648
f 5753/6278/5753 5648/6279/5648 5636/6280/5636
f 5753/6278/5753 5636/6280/5636 5641/6281/5641
f 5642/6282/5642 5753/6278/5753 5641/6281/5641
f 5752/6283/5752 5642/6282/5642 5640/6284/5640
f 5639/6285/5639 5752/6283/5752 5640/6284/5640
f 5751/6286/5751 5638/6287/5638 5637/6288/5637
f 5646/6289/5646 5751/6286/5751 5637/6288/5637
f 5767/6290/5767 5768/6291/5768 5759/6292/5759
f 5745/6293/5745 5768/6291/5768 5767/6290/5767
f 5746/6294/5746 5745/6293/5745 5767/6290/5767
f 5746/6294/5746 5767/6290/5767 5758/6295/5758
f 5747/6296/5747 5746/6294/5746 5758/6295/5758
f 5747/6296/5747 5758/6295/5758 5766/6297/5766
f 5608/6298/5608 5747/6296/5747 5766/6297/5766
f 5608/6298/5608 5766/6297/5766 5751/6286/5751
f 5609/6299/5609 5608/6298/5608 5751/6286/5751
f 5609/6299/5609 5751/6286/5751 5646/6289/5646
f 5654/6300/5654 5609/6299/5609 5646/6289/5646
f 5769/6301/5769 5764/6302/5764 5763/6303/5763
f 5769/6301/5769 5763/6303/5763 5761/6304/5761
f 5768/6291/5768 5761/6304/5761 5760/6305/5760
f 5768/6291/5768 5760/6305/5760 5759/6292/5759
f 5657/6306/5657 5656/6273/5656 5610/6272/5610
f 5767/6290/5767 5759/6292/5759 5758/6295/5758
f 5766/6297/5766 5758/6295/5758 5757/6307/5757
f 5764/6302/5764 5765/6308/5765 5763/6303/5763
f 5761/6304/5761 5763/6303/5763 5762/6309/5762
f 5761/6304/5761 5762/6309/5762 5760/6305/5760
f 5758/6295/5758 5759/6292/5759 5757/6307/5757
f 5754/6269/5754 5725/6271/5725 5704/6265/5704
f 5754/6269/5754 5704/6265/5704 5735/6264/5735
f 5756/6310/5756 5754/6269/5754 5735/6264/5735
f 5756/6310/5756 5735/6264/5735 5736/6311/5736
f 5756/6310/5756 5736/6311/5736 5737/6312/5737
f 5754/6269/5754 5756/6310/5756 5755/6313/5755
f 5754/6269/5754 5755/6313/5755 5703/6251/5703
f 5720/6314/5720 5721/6315/5721 5716/6316/5716
f 5630/6317/5630 5737/6318/5737 5736/6319/5736
f 5630/6317/5630 5736/6319/5736 5735/6320/5735
f 5635/6321/5635 5630/6317/5630 5735/6320/5735
f 5502/5954/5502 5635/6321/5635 5735/6320/5735
f 5741/6322/5741 5584/6323/5584 5583/6324/5583
f 5591/6325/5591 5734/6326/5734 5580/5983/5580
f 5678/6254/5678 5732/6253/5732 5683/6267/5683
f 5559/5996/5559 5731/6327/5731 5560/5998/5560
f 5722/6328/5722 5706/6250/5706 5708/6252/5708
f 5722/6328/5722 5708/6252/5708 5707/6268/5707
f 5722/6328/5722 5707/6268/5707 5728/6329/5728
f 5715/6330/5715 5716/6316/5716 5712/6331/5712
f 5715/6332/5715 5712/6333/5712 5714/6334/5714
f 5721/6315/5721 5722/6328/5722 5716/6316/5716
f 5630/6335/5630 5625/6336/5625 5737/6312/5737
f 5720/6314/5720 5716/6316/5716 5715/6330/5715
f 5720/6314/5720 5715/6330/5715 5717/6337/5717
f 5723/6338/5723 5720/6314/5720 5717/6337/5717
f 5724/6339/5724 5723/6338/5723 5717/6337/5717
f 5724/6339/5724 5717/6337/5717 5718/6340/5718
f 5675/6341/5675 5724/6339/5724 5718/6340/5718
f 5730/6342/5730 5522/5834/5522 5523/6343/5523
f 5730/6344/5730 5523/5837/5523 5727/6345/5727
f 5712/6333/5712 5730/6344/5730 5727/6345/5727
f 5713/6346/5713 5712/6333/5712 5709/6347/5709
f 5713/6346/5713 5709/6347/5709 5710/6348/5710
f 5713/6349/5713 5710/6350/5710 5711/6351/5711
f 5713/6349/5713 5711/6351/5711 5533/6352/5533
f 5713/6353/5713 5533/5897/5533 5719/6354/5719
f 5593/6013/5593 5744/6355/5744 5743/6356/5743
f 5657/6306/5657 5610/6272/5610 5609/6299/5609
f 5668/6357/5668 5657/6306/5657 5609/6299/5609
f 5668/6357/5668 5609/6299/5609 5654/6300/5654
f 5748/6358/5748 5745/6293/5745 5624/6359/5624
f 5623/6360/5623 5748/6358/5748 5624/6359/5624
f 5749/6256/5749 5750/6260/5750 5620/6361/5620
f 5732/6253/5732 5749/6256/5749 5620/6361/5620
f 5732/6253/5732 5620/6361/5620 5622/6362/5622
f 5735/6264/5735 5732/6253/5732 5622/6362/5622
f 5735/6320/5735 5622/6363/5622 5502/5954/5502
f 5746/6294/5746 5747/6296/5747 5607/6364/5607
f 5745/6293/5745 5746/6294/5746 5607/6364/5607
f 5744/6355/5744 5593/6013/5593 5592/6012/5592
f 5733/6365/5733 5744/6355/5744 5592/6012/5592
f 5745/6293/5745 5748/6358/5748 5768/6291/5768
f 5594/6084/5594 5593/6013/5593 5743/6356/5743
f 5591/6325/5591 5579/6366/5579 5734/6326/5734
f 5734/6326/5734 5579/6366/5579 5578/6367/5578
f 5377/6368/5377 5734/6326/5734 5578/6367/5578
f 5741/6322/5741 5742/6369/5742 5584/6323/5584
f 5580/5983/5580 5741/6322/5741 5583/6324/5583
f 5740/6370/5740 5555/5990/5555 5556/5989/5556
f 5740/6370/5740 5556/5989/5556 5258/6042/5258
f 5259/6371/5259 5740/6370/5740 5258/6042/5258
f 5541/6050/5541 5738/6372/5738 5540/6373/5540
f 5738/6372/5738 5539/5887/5539 5540/6373/5540
f 5538/5889/5538 5737/6312/5737 5625/6336/5625
f 5500/5891/5500 5538/5889/5538 5625/6336/5625
f 5792/6374/5792 5797/6375/5797 5800/6376/5800
f 5788/6377/5788 5777/6378/5777 5753/6379/5753
f 5778/6380/5778 5788/6381/5788 5787/6382/5787
f 5779/6383/5779 5778/6380/5778 5787/6382/5787
f 5779/6383/5779 5787/6382/5787 5786/6384/5786
f 5780/6385/5780 5779/6383/5779 5786/6384/5786
f 5780/6385/5780 5786/6384/5786 5785/6386/5785
f 5781/6387/5781 5780/6385/5780 5785/6386/5785
f 5781/6387/5781 5785/6386/5785 5772/6388/5772
f 5781/6387/5781 5772/6388/5772 5793/6389/5793
f 5770/6390/5770 5781/6387/5781 5793/6389/5793
f 5770/6390/5770 5793/6389/5793 5791/6391/5791
f 5790/6392/5790 5770/6390/5770 5791/6391/5791
f 5790/6392/5790 5791/6391/5791 5731/6327/5731
f 5559/5996/5559 5790/6392/5790 5731/6327/5731
f 5777/6378/5777 5611/6393/5611 5753/6379/5753
f 5792/6374/5792 5800/6376/5800 5796/6394/5796
f 5739/6395/5739 5796/6394/5796 5799/6396/5799
f 5739/6395/5739 5799/6396/5799 5798/6397/5798
f 5795/6398/5795 5739/6395/5739 5798/6397/5798
f 5793/6389/5793 5772/6388/5772 5801/6399/5801
f 5792/6374/5792 5793/6389/5793 5801/6399/5801
f 5792/6374/5792 5801/6399/5801 5797/6375/5797
f 5792/6374/5792 5796/6394/5796 5739/6395/5739
f 5731/6327/5731 5792/6374/5792 5739/6395/5739
f 5731/6327/5731 5739/6395/5739 5738/6372/5738
f 5789/6400/5789 5731/6327/5731 5738/6372/5738
f 5789/6400/5789 5738/6372/5738 5541/6050/5541
f 5542/6045/5542 5789/6400/5789 5541/6050/5541
f 5738/6372/5738 5739/6395/5739 5795/6398/5795
f 5797/6375/5797 5762/6309/5762 5763/6303/5763
f 5752/6283/5752 5639/6285/5639 5638/6287/5638
f 5752/6283/5752 5638/6287/5638 5751/6286/5751
f 5787/6382/5787 5752/6283/5752 5751/6286/5751
f 5787/6382/5787 5751/6286/5751 5766/6297/5766
f 5786/6384/5786 5787/6382/5787 5766/6297/5766
f 5786/6384/5786 5766/6297/5766 5757/6307/5757
f 5785/6386/5785 5786/6384/5786 5757/6307/5757
f 5784/6401/5784 5785/6386/5785 5757/6307/5757
f 5784/6401/5784 5757/6307/5757 5759/6292/5759
f 5783/6402/5783 5784/6401/5784 5759/6292/5759
f 5783/6402/5783 5759/6292/5759 5760/6305/5760
f 5801/6399/5801 5783/6402/5783 5760/6305/5760
f 5801/6399/5801 5760/6305/5760 5762/6309/5762
f 5797/6375/5797 5801/6399/5801 5762/6309/5762
f 5738/6372/5738 5795/6398/5795 5794/5888/5794
f 5800/6376/5800 5797/6375/5797 5763/6303/5763
f 5800/6376/5800 5763/6303/5763 5765/6308/5765
f 5796/6394/5796 5800/6376/5800 5765/6308/5765
f 5796/6394/5796 5765/6308/5765 5755/6313/5755
f 5799/6396/5799 5796/6394/5796 5755/6313/5755
f 5799/6396/5799 5755/6313/5755 5756/6310/5756
f 5798/6397/5798 5799/6396/5799 5756/6310/5756
f 5798/6397/5798 5756/6310/5756 5737/6312/5737
f 5795/6398/5795 5798/6397/5798 5737/6312/5737
f 5795/6398/5795 5737/6312/5737 5538/5889/5538
f 5794/5888/5794 5795/6398/5795 5538/5889/5538
f 5777/6378/5777 5733/6365/5733 5612/6403/5612
f 5777/6378/5777 5612/6403/5612 5611/6393/5611
f 5773/6404/5773 5555/5990/5555 5740/6370/5740
f 5788/6381/5788 5778/6380/5778 5743/6405/5743
f 5788/6377/5788 5743/6356/5743 5744/6355/5744
f 5777/6378/5777 5788/6377/5788 5744/6355/5744
f 5777/6378/5777 5744/6355/5744 5733/6365/5733
f 5399/6014/5399 5733/6365/5733 5592/6012/5592
f 5580/5983/5580 5734/6326/5734 5775/6406/5775
f 5741/6322/5741 5580/5983/5580 5775/6406/5775
f 5741/6322/5741 5775/6406/5775 5776/6407/5776
f 5742/6369/5742 5741/6322/5741 5776/6407/5776
f 5773/6404/5773 5742/6369/5742 5776/6407/5776
f 5774/6408/5774 5775/6406/5775 5734/6326/5734
f 5771/6409/5771 5553/6041/5553 5554/5992/5554
f 5771/6409/5771 5554/5992/5554 5555/5990/5555
f 5773/6404/5773 5771/6409/5771 5555/5990/5555
f 5781/6387/5781 5782/6410/5782 5780/6385/5780
f 5742/6369/5742 5773/6404/5773 5740/6370/5740
f 5742/6369/5742 5740/6370/5740 5259/6371/5259
f 5584/6323/5584 5742/6369/5742 5259/6371/5259
f 5772/6388/5772 5783/6402/5783 5801/6399/5801
f 5770/6390/5770 5553/6041/5553 5771/6409/5771
f 5755/6313/5755 5765/6308/5765 5764/6302/5764
f 5703/6251/5703 5755/6313/5755 5764/6302/5764
f 5750/6260/5750 5703/6251/5703 5764/6302/5764
f 5750/6260/5750 5764/6302/5764 5769/6301/5769
f 5623/6360/5623 5750/6260/5750 5769/6301/5769
f 5623/6360/5623 5769/6301/5769 5761/6304/5761
f 5748/6358/5748 5623/6360/5623 5761/6304/5761
f 5748/6358/5748 5761/6304/5761 5768/6291/5768
f 5594/6084/5594 5743/6356/5743 5377/6026/5377
f 5539/5887/5539 5738/6372/5738 5794/5888/5794
f 5790/6392/5790 5558/5972/5558 5770/6390/5770
f 5781/6387/5781 5770/6390/5770 5771/6409/5771
f 5781/6387/5781 5771/6409/5771 5773/6404/5773
f 5782/6410/5782 5781/6387/5781 5773/6404/5773
f 5782/6410/5782 5773/6404/5773 5776/6407/5776
f 5780/6385/5780 5782/6410/5782 5776/6407/5776
f 5780/6385/5780 5776/6407/5776 5775/6406/5775
f 5779/6383/5779 5780/6385/5780 5775/6406/5775
f 5779/6383/5779 5775/6406/5775 5774/6408/5774
f 5778/6380/5778 5779/6383/5779 5774/6408/5774
f 5778/6380/5778 5774/6408/5774 5734/6326/5734
f 5743/6405/5743 5778/6380/5778 5734/6326/5734
f 5743/6405/5743 5734/6326/5734 5377/6368/5377
f 5522/5839/5522 5730/6344/5730 5729/6411/5729
f 5770/6390/5770 5558/5972/5558 5553/6041/5553
f 5791/6391/5791 5793/6389/5793 5792/6374/5792
f 5791/6391/5791 5792/6374/5792 5731/6327/5731
f 5560/5998/5560 5731/6327/5731 5789/6400/5789
f 5790/6392/5790 5559/5996/5559 5558/5972/5558
f 5552/5999/5552 5560/5998/5560 5789/6400/5789
f 5552/5999/5552 5789/6400/5789 5542/6045/5542
f 5357/6001/5357 5552/5999/5552 5542/6045/5542
f 5753/6278/5753 5642/6282/5642 5752/6283/5752
f 5788/6381/5788 5753/6278/5753 5752/6283/5752
f 5788/6381/5788 5752/6283/5752 5787/6382/5787
f 5772/6388/5772 5785/6386/5785 5784/6401/5784
f 5772/6388/5772 5784/6401/5784 5783/6402/5783
f 5623/6360/5623 5624/6359/5624 5618/6412/5618
f 5632/6413/5632 5631/6414/5631 5509/5860/5509
f 5634/6415/5634 5632/6413/5632 5509/5860/5509
f 5634/6415/5634 5509/5860/5509 5511/5859/5511
f 5494/5960/5494 5634/6415/5634 5511/5859/5511
f 5510/5862/5510 5494/5960/5494 5511/5859/5511
f 5501/5870/5501 5509/5860/5509 5631/6414/5631
f 5492/5958/5492 5625/6416/5625 5629/6417/5629
f 5628/5912/5628 5492/5958/5492 5629/6417/5629
f 5496/5930/5496 5488/5961/5488 5627/6418/5627
f 5625/6336/5625 5492/5957/5492 5500/5891/5500
f 5745/6293/5745 5607/6364/5607 5617/6419/5617
f 5624/6359/5624 5745/6293/5745 5617/6419/5617
f 5624/6359/5624 5617/6419/5617 5614/6420/5614
f 5624/6359/5624 5614/6420/5614 5618/6412/5618
f 5631/6414/5631 5633/6421/5633 5630/6317/5630
f 5623/6360/5623 5618/6412/5618 5619/6422/5619
f 5750/6260/5750 5623/6360/5623 5619/6422/5619
f 5750/6260/5750 5619/6422/5619 5620/6361/5620
f 5502/5954/5502 5622/6363/5622 5621/6423/5621
f 5503/5951/5503 5502/5954/5502 5621/6423/5621
f 5615/6424/5615 5503/5951/5503 5621/6423/5621
f 5615/6424/5615 5621/6423/5621 5622/6363/5622
f 5615/6425/5615 5622/6362/5622 5620/6361/5620
f 5616/6426/5616 5615/6425/5615 5620/6361/5620
f 5616/6426/5616 5620/6361/5620 5619/6422/5619
f 5613/6427/5613 5614/6420/5614 5617/6419/5617
f 5601/6428/5601 5613/6427/5613 5617/6419/5617
f 5619/6422/5619 5618/6412/5618 5437/6220/5437
f 5616/6426/5616 5619/6422/5619 5437/6220/5437
f 5635/6321/5635 5501/5870/5501 5631/6414/5631
f 5514/5858/5514 5652/6429/5652 5513/5852/5513
f 5513/5852/5513 5660/6430/5660 5653/6431/5653
f 5513/5852/5513 5653/6431/5653 5516/5828/5516
f 5639/6285/5639 5640/6284/5640 5644/6432/5644
f 5639/6433/5639 5644/6434/5644 5638/6435/5638
f 5650/6436/5650 5636/6280/5636 5649/6437/5649
f 5650/6436/5650 5647/6438/5647 5641/6281/5641
f 5645/6439/5645 5646/6289/5646 5637/6288/5637
f 5645/6440/5645 5637/6441/5637 5643/6442/5643
f 5644/6434/5644 5643/6442/5643 5637/6441/5637
f 5638/6287/5638 5644/6432/5644 5637/6288/5637
f 5650/6436/5650 5641/6281/5641 5636/6280/5636
f 5641/6281/5641 5640/6284/5640 5642/6282/5642
f 5635/6321/5635 5502/5954/5502 5501/5870/5501
f 5616/6426/5616 5437/6220/5437 5439/6219/5439
f 5630/6317/5630 5635/6321/5635 5631/6414/5631
f 5625/6416/5625 5630/6317/5630 5633/6421/5633
f 5625/6416/5625 5633/6421/5633 5632/6413/5632
f 5629/6417/5629 5625/6416/5625 5632/6413/5632
f 5629/6417/5629 5632/6413/5632 5634/6415/5634
f 5628/5912/5628 5629/6417/5629 5634/6415/5634
f 5628/5912/5628 5634/6415/5634 5494/5960/5494
f 5488/5961/5488 5494/5960/5494 5510/5862/5510
f 5488/5961/5488 5510/5862/5510 5626/5863/5626
f 5627/6418/5627 5488/5961/5488 5626/5863/5626
f 5627/6418/5627 5626/5863/5626 5497/5969/5497
f 5496/5930/5496 5627/6418/5627 5497/5969/5497
f 5631/6414/5631 5632/6413/5632 5633/6421/5633
f 5461/6204/5461 5462/6238/5462 5599/6075/5599
f 5602/6443/5602 5457/6243/5457 5458/6242/5458
f 5603/6444/5603 5602/6443/5602 5458/6242/5458
f 5603/6444/5603 5458/6242/5458 5447/6241/5447
f 5604/6445/5604 5603/6444/5603 5447/6241/5447
f 5604/6445/5604 5447/6241/5447 5448/6248/5448
f 5605/6446/5605 5604/6445/5604 5448/6248/5448
f 5605/6446/5605 5448/6248/5448 5450/6247/5450
f 5606/6447/5606 5605/6446/5605 5450/6247/5450
f 5606/6447/5606 5450/6247/5450 5452/6246/5452
f 5601/6428/5601 5606/6447/5606 5452/6246/5452
f 5601/6428/5601 5452/6246/5452 5454/6245/5454
f 5463/6237/5463 5602/6448/5602 5600/6449/5600
f 5462/6238/5462 5463/6237/5463 5600/6449/5600
f 5462/6238/5462 5600/6449/5600 5599/6075/5599
f 5602/6448/5602 5463/6237/5463 5457/6236/5457
f 5391/6076/5391 5733/6365/5733 5399/6014/5399
f 5598/6450/5598 5597/6451/5597 5400/6120/5400
f 5596/6011/5596 5598/6450/5598 5398/6073/5398
f 5399/6014/5399 5596/6011/5596 5398/6073/5398
f 5596/6011/5596 5383/6008/5383 5598/6450/5598
f 5595/6009/5595 5596/6011/5596 5593/6013/5593
f 5594/6084/5594 5595/6009/5595 5593/6013/5593
f 5400/6120/5400 5398/6073/5398 5598/6450/5598
f 5400/6120/5400 5597/6451/5597 5385/6080/5385
f 5597/6451/5597 5598/6450/5598 5383/6008/5383
f 5597/6451/5597 5383/6008/5383 5382/6069/5382
f 5381/6085/5381 5597/6451/5597 5382/6069/5382
f 5595/6009/5595 5594/6084/5594 5375/6083/5375
f 5612/6403/5612 5600/6449/5600 5602/6448/5602
f 5615/6425/5615 5616/6426/5616 5439/6219/5439
f 5615/6425/5615 5439/6219/5439 5441/6218/5441
f 5615/6424/5615 5441/6226/5441 5443/5955/5443
f 5503/5951/5503 5615/6424/5615 5443/5955/5443
f 5435/6221/5435 5437/6220/5437 5618/6412/5618
f 5435/6221/5435 5618/6412/5618 5614/6420/5614
f 5434/6222/5434 5435/6221/5435 5614/6420/5614
f 5434/6222/5434 5614/6420/5614 5613/6427/5613
f 5455/6232/5455 5434/6222/5434 5613/6427/5613
f 5455/6232/5455 5613/6427/5613 5601/6428/5601
f 5454/6245/5454 5455/6232/5455 5601/6428/5601
f 5599/6075/5599 5393/6079/5393 5461/6204/5461
f 5733/6365/5733 5391/6076/5391 5600/6449/5600
f 5612/6403/5612 5733/6365/5733 5600/6449/5600
f 5652/6429/5652 5658/6452/5658 5513/5852/5513
f 5611/6393/5611 5612/6403/5612 5602/6448/5602
f 5611/6275/5611 5602/6443/5602 5603/6444/5603
f 5610/6272/5610 5611/6275/5611 5603/6444/5603
f 5610/6272/5610 5603/6444/5603 5604/6445/5604
f 5609/6299/5609 5610/6272/5610 5604/6445/5604
f 5609/6299/5609 5604/6445/5604 5605/6446/5605
f 5608/6298/5608 5609/6299/5609 5605/6446/5605
f 5608/6298/5608 5605/6446/5605 5606/6447/5606
f 5747/6296/5747 5608/6298/5608 5606/6447/5606
f 5747/6296/5747 5606/6447/5606 5607/6364/5607
f 5601/6428/5601 5617/6419/5617 5607/6364/5607
f 5601/6428/5601 5607/6364/5607 5606/6447/5606
f 5599/6075/5599 5600/6449/5600 5391/6076/5391
f 5698/6453/5698 5529/5906/5529 5697/6454/5697
f 5675/6341/5675 5690/6262/5690 5704/6265/5704
f 5702/6455/5702 5703/6251/5703 5701/6261/5701
f 5674/6456/5674 5535/5894/5535 5532/5893/5532
f 5674/6456/5674 5532/5893/5532 5529/5899/5529
f 5693/6457/5693 5674/6458/5674 5529/5906/5529
f 5693/6457/5693 5529/5906/5529 5698/6453/5698
f 5693/6459/5693 5698/6460/5698 5695/6461/5695
f 5689/6462/5689 5695/6461/5695 5700/6463/5700
f 5678/6254/5678 5689/6462/5689 5700/6463/5700
f 5676/6464/5676 5678/6254/5678 5700/6463/5700
f 5526/5901/5526 5677/6465/5677 5699/6466/5699
f 5526/5901/5526 5699/6466/5699 5696/6467/5696
f 5526/5901/5526 5696/6467/5696 5530/5903/5530
f 5531/5902/5531 5526/5901/5526 5530/5903/5530
f 5709/6347/5709 5521/5836/5521 5710/6348/5710
f 5698/6453/5698 5697/6454/5697 5528/5905/5528
f 5698/6453/5698 5528/5905/5528 5530/5903/5530
f 5699/6466/5699 5698/6453/5698 5530/5903/5530
f 5699/6466/5699 5530/5903/5530 5696/6467/5696
f 5698/6453/5698 5677/6465/5677 5700/6468/5700
f 5695/6469/5695 5698/6453/5698 5700/6468/5700
f 5699/6466/5699 5677/6465/5677 5698/6453/5698
f 5528/5905/5528 5697/6454/5697 5529/5906/5529
f 5695/6461/5695 5689/6462/5689 5694/6470/5694
f 5693/6459/5693 5694/6470/5694 5692/6471/5692
f 5674/6456/5674 5693/6472/5693 5692/6473/5692
f 5674/6474/5674 5692/6471/5692 5691/6475/5691
f 5535/5894/5535 5674/6456/5674 5691/6476/5691
f 5693/6457/5693 5695/6469/5695 5694/6477/5694
f 5525/5830/5525 5726/6478/5726 5688/6479/5688
f 5522/5834/5522 5729/6480/5729 5728/6481/5728
f 5702/6482/5702 5522/5839/5522 5728/6483/5728
f 5702/6484/5702 5728/6481/5728 5707/6485/5707
f 5703/6251/5703 5702/6455/5702 5707/6268/5707
f 5729/6411/5729 5730/6344/5730 5712/6333/5712
f 5729/6486/5729 5712/6331/5712 5722/6328/5722
f 5728/6483/5728 5729/6411/5729 5722/6487/5722
f 5727/6345/5727 5523/5837/5523 5521/5836/5521
f 5709/6347/5709 5727/6345/5727 5521/5836/5521
f 5701/6488/5701 5679/6489/5679 5688/6479/5688
f 5701/6261/5701 5688/6490/5688 5702/6455/5702
f 5522/5834/5522 5702/6484/5702 5726/6478/5726
f 5522/5834/5522 5726/6478/5726 5524/5833/5524
f 5726/6478/5726 5702/6484/5702 5688/6479/5688
f 5689/6462/5689 5678/6254/5678 5683/6267/5683
f 5524/5833/5524 5726/6478/5726 5525/5830/5525
f 5725/6271/5725 5675/6341/5675 5704/6265/5704
f 5725/6271/5725 5705/6270/5705 5724/6339/5724
f 5724/6339/5724 5675/6341/5675 5725/6271/5725
f 5720/6314/5720 5723/6338/5723 5724/6339/5724
f 5720/6314/5720 5724/6339/5724 5705/6270/5705
f 5706/6250/5706 5720/6314/5720 5705/6270/5705
f 5706/6250/5706 5722/6328/5722 5721/6315/5721
f 5720/6314/5720 5706/6250/5706 5721/6315/5721
f 5719/6354/5719 5535/5894/5535 5691/6476/5691
f 5533/5897/5533 5534/5895/5534 5719/6354/5719
f 5521/5836/5521 5533/5841/5533 5711/6491/5711
f 5521/5836/5521 5711/6491/5711 5710/6348/5710
f 5646/6492/5646 5645/6440/5645 5654/6493/5654
f 5653/6431/5653 5670/6494/5670 5669/6495/5669
f 5673/6496/5673 5651/6497/5651 5663/6498/5663
f 5664/6499/5664 5672/6274/5672 5656/6273/5656
f 5664/6499/5664 5656/6273/5656 5657/6306/5657
f 5671/6500/5671 5664/6499/5664 5657/6306/5657
f 5671/6500/5671 5657/6306/5657 5668/6357/5668
f 5519/5849/5519 5671/6501/5671 5668/6502/5668
f 5519/5849/5519 5668/6502/5668 5667/5843/5667
f 5670/6503/5670 5671/6501/5671 5519/5849/5519
f 5669/6495/5669 5670/6494/5670 5519/5847/5519
f 5517/6504/5517 5669/6505/5669 5519/5849/5519
f 5519/5849/5519 5667/5843/5667 5518/5846/5518
f 5667/5843/5667 5668/6502/5668 5654/6493/5654
f 5667/5843/5667 5654/6493/5654 5645/6440/5645
f 5653/6431/5653 5660/6430/5660 5670/6494/5670
f 5520/5844/5520 5667/5843/5667 5645/6440/5645
f 5665/6277/5665 5648/6279/5648 5611/6275/5611
f 5672/6274/5672 5664/6499/5664 5655/6276/5655
f 5665/6277/5665 5655/6276/5655 5666/6506/5666
f 5665/6277/5665 5666/6506/5666 5651/6497/5651
f 5662/6507/5662 5661/6508/5661 5659/6509/5659
f 5662/6507/5662 5659/6509/5659 5652/6429/5652
f 5512/6510/5512 5652/6511/5652 5514/5857/5514
f 5515/5856/5515 5512/6510/5512 5514/5857/5514
f 5661/6512/5661 5662/6513/5662 5663/6498/5663
f 5652/6429/5652 5659/6509/5659 5660/6430/5660
f 5658/6452/5658 5652/6429/5652 5660/6430/5660
f 5658/6452/5658 5660/6430/5660 5513/5852/5513
f 5682/6257/5682 5681/6255/5681 5676/6464/5676
f 5689/6462/5689 5683/6267/5683 5685/6266/5685
f 5689/6462/5689 5685/6266/5685 5694/6470/5694
f 5718/6340/5718 5692/6471/5692 5675/6341/5675
f 5675/6341/5675 5694/6470/5694 5685/6266/5685
f 5690/6262/5690 5675/6341/5675 5685/6266/5685
f 5690/6262/5690 5685/6266/5685 5684/6263/5684
f 5688/6479/5688 5687/6514/5687 5525/5830/5525
f 5676/6464/5676 5677/6515/5677 5526/6516/5526
f 5676/6517/5676 5526/5901/5526 5686/6518/5686
f 5680/6519/5680 5676/6517/5676 5686/6518/5686
f 5680/6520/5680 5686/6521/5686 5687/6514/5687
f 5680/6520/5680 5687/6514/5687 5688/6479/5688
f 5679/6259/5679 5680/6258/5680 5688/6490/5688
f 5681/6255/5681 5678/6254/5678 5676/6464/5676
f 5213/6168/5213 5211/6169/5211 5267/5979/5267
f 5682/6257/5682 5676/6464/5676 5680/6258/5680
f 5526/5901/5526 5527/5908/5527 5686/6518/5686
f 5527/5907/5527 5525/5830/5525 5687/6514/5687
f 5686/6521/5686 5527/5907/5527 5687/6514/5687
f 5673/6496/5673 5665/6277/5665 5651/6497/5651
f 5663/6498/5663 5651/6497/5651 5666/6506/5666
f 5663/6498/5663 5666/6506/5666 5655/6276/5655
f 5661/6512/5661 5663/6498/5663 5655/6276/5655
f 5661/6512/5661 5655/6276/5655 5664/6499/5664
f 5659/6509/5659 5661/6508/5661 5664/6522/5664
f 5660/6523/5660 5659/6524/5659 5664/6499/5664
f 5660/6430/5660 5664/6522/5664 5671/6525/5671
f 5660/6430/5660 5671/6525/5671 5670/6494/5670
f 5097/6526/5097 5082/6527/5082 5099/6528/5099
f 5106/6529/5106 5102/6530/5102 5062/6531/5062
f 5102/6530/5102 5106/6529/5106 5105/6532/5105
f 5102/6530/5102 5105/6532/5105 5104/6533/5104
f 5067/6534/5067 5102/6530/5102 5104/6533/5104
f 5067/6534/5067 5104/6533/5104 5103/6535/5103
f 5068/6536/5068 5067/6534/5067 5103/6535/5103
f 5102/6530/5102 5067/6534/5067 5069/6537/5069
f 5101/6538/5101 5102/6530/5102 5069/6537/5069
f 5101/6538/5101 5069/6537/5069 5100/6539/5100
f 5065/6540/5065 5086/6541/5086 5096/6542/5096
f 5070/6543/5070 5065/6540/5065 5096/6542/5096
f 5070/6544/5070 5096/6545/5096 5099/6528/5099
f 5098/6546/5098 5099/6547/5099 5082/6548/5082
f 5062/6531/5062 5102/6530/5102 5095/6549/5095
f 5101/6538/5101 5098/6550/5098 5102/6530/5102
f 5097/6526/5097 5099/6528/5099 5096/6545/5096
f 5084/6551/5084 5097/6552/5097 5096/6542/5096
f 5086/6553/5086 5084/6554/5084 5096/6555/5096
f 5090/6556/5090 5083/6557/5083 5091/6558/5091
f 5090/6559/5090 5091/6560/5091 5089/6561/5089
f 5087/6562/5087 5090/6559/5090 5089/6561/5089
f 5087/6562/5087 5089/6561/5089 5088/6563/5088
f 5082/6548/5082 5087/6562/5087 5088/6563/5088
f 5084/6551/5084 5086/6541/5086 5085/6564/5085
f 5083/6557/5083 5084/6551/5084 5085/6564/5085
f 4869/6565/4869 5063/6566/5063 4872/6567/4872
f 5064/6568/5064 5154/6569/5154 5063/6566/5063
f 5078/6570/5078 5080/6571/5080 5079/6572/5079
f 5080/6571/5080 5078/6570/5078 5074/6573/5074
f 5118/6574/5118 5119/6575/5119 5076/6576/5076
f 5118/6574/5118 5076/6576/5076 5077/6577/5077
f 5117/6578/5117 5118/6574/5118 5077/6577/5077
f 5117/6578/5117 5077/6577/5077 5079/6572/5079
f 5082/6548/5082 5117/6578/5117 5079/6572/5079
f 5082/6548/5082 5079/6572/5079 5080/6571/5080
f 5081/6579/5081 5082/6548/5082 5080/6571/5080
f 5116/6580/5116 5114/6581/5114 5113/6582/5113
f 5116/6583/5116 5113/6584/5113 4874/6585/4874
f 5075/6586/5075 5116/6583/5116 4874/6585/4874
f 5075/6586/5075 4874/6585/4874 5061/6587/5061
f 5078/6570/5078 5075/6586/5075 5061/6587/5061
f 5078/6570/5078 5061/6587/5061 5074/6573/5074
f 5078/6570/5078 5079/6572/5079 5077/6577/5077
f 5080/6571/5080 5074/6573/5074 4871/6588/4871
f 5113/6582/5113 4875/6589/4875 4874/6590/4874
f 5123/6591/5123 5111/6592/5111 4877/6593/4877
f 5072/6594/5072 5123/6591/5123 4877/6593/4877
f 5072/6594/5072 4877/6593/4877 5112/6595/5112
f 5073/6596/5073 5072/6594/5072 5112/6595/5112
f 4877/6593/4877 5111/6592/5111 4876/6597/4876
f 5112/6595/5112 4877/6593/4877 4875/6589/4875
f 5110/6598/5110 5112/6599/5112 4875/6600/4875
f 5107/6601/5107 5065/6540/5065 5070/6543/5070
f 5100/6602/5100 5070/6543/5070 5099/6603/5099
f 5100/6539/5100 5099/6528/5099 5098/6550/5098
f 5101/6538/5101 5100/6539/5100 5098/6550/5098
f 5034/6604/5034 5035/6605/5035 5023/6606/5023
f 5028/6607/5028 5033/6608/5033 5031/6609/5031
f 5029/6610/5029 5028/6607/5028 5031/6609/5031
f 5029/6610/5029 5031/6609/5031 5030/6611/5030
f 5052/6612/5052 4981/6613/4981 4982/6614/4982
f 5052/6612/5052 4982/6614/4982 5050/6615/5050
f 5055/6616/5055 5052/6617/5052 5050/6618/5050
f 5055/6616/5055 5050/6618/5050 5049/6619/5049
f 5058/6620/5058 5051/6621/5051 5059/6622/5059
f 5003/6623/5003 5059/6622/5059 5035/6624/5035
f 5003/6623/5003 5035/6624/5035 5004/6625/5004
f 5003/6626/5003 5004/6627/5004 5015/6628/5015
f 5014/6629/5014 5015/6628/5015 5030/6611/5030
f 5035/6624/5035 4853/6630/4853 4854/6631/4854
f 5035/6624/5035 4854/6631/4854 5023/6632/5023
f 5028/6607/5028 5005/6633/5005 5033/6608/5033
f 5032/6634/5032 5034/6604/5034 5024/6635/5024
f 5032/6634/5032 5024/6635/5024 5027/6636/5027
f 5013/6637/5013 5027/6636/5027 4951/6638/4951
f 4855/6639/4855 4853/6630/4853 5057/6640/5057
f 5057/6640/5057 5051/6621/5051 4855/6639/4855
f 5043/6641/5043 5060/6642/5060 5042/6643/5042
f 5038/6644/5038 5043/6641/5043 5042/6643/5042
f 5038/6644/5038 5042/6643/5042 5040/6645/5040
f 5008/6646/5008 5038/6644/5038 5040/6645/5040
f 5008/6647/5008 5040/6648/5040 5039/6649/5039
f 5009/6650/5009 5008/6651/5008 5039/6652/5039
f 5009/6653/5009 5039/6649/5039 5036/6654/5036
f 5056/6655/5056 5009/6653/5009 5036/6654/5036
f 5053/6656/5053 5054/6657/5054 5052/6617/5052
f 5075/6586/5075 5078/6570/5078 5077/6577/5077
f 5075/6586/5075 5077/6577/5077 5076/6576/5076
f 5116/6583/5116 5075/6586/5075 5076/6576/5076
f 5074/6573/5074 4873/6658/4873 4870/6659/4870
f 4873/6658/4873 5074/6573/5074 5061/6587/5061
f 4874/6585/4874 4873/6658/4873 5061/6587/5061
f 5108/6660/5108 5109/6661/5109 5071/6662/5071
f 5067/6663/5067 5137/6664/5137 5066/6665/5066
f 5069/6666/5069 5067/6663/5067 5066/6665/5066
f 5137/6664/5137 5067/6663/5067 5068/6667/5068
f 5063/6566/5063 4869/6565/4869 5064/6568/5064
f 4981/6668/4981 5052/6617/5052 5054/6657/5054
f 5053/6669/5053 4981/6613/4981 5054/6670/5054
f 5119/6575/5119 5116/6583/5116 5076/6576/5076
f 5053/6656/5053 5052/6617/5052 5056/6655/5056
f 5037/6671/5037 5009/6650/5009 5058/6620/5058
f 5037/6671/5037 5058/6620/5058 5059/6622/5059
f 5007/6672/5007 5037/6671/5037 5059/6622/5059
f 5007/6673/5007 5059/6674/5059 5003/6626/5003
f 5044/6675/5044 5003/6626/5003 5015/6628/5015
f 5044/6675/5044 5015/6628/5015 5017/6676/5017
f 5043/6641/5043 5044/6675/5044 5017/6676/5017
f 5043/6641/5043 5017/6676/5017 5060/6642/5060
f 5049/6677/5049 4857/6678/4857 5051/6679/5051
f 5051/6621/5051 5057/6640/5057 5059/6622/5059
f 5005/6680/5005 5035/6624/5035 5034/6681/5034
f 5005/6680/5005 5034/6681/5034 5033/6682/5033
f 5141/6683/5141 5140/6684/5140 5159/6685/5159
f 5144/6686/5144 5162/6687/5162 5142/6688/5142
f 5144/6686/5144 5142/6688/5142 5140/6689/5140
f 5143/6690/5143 5144/6686/5144 5140/6689/5140
f 5143/6691/5143 5140/6684/5140 5141/6683/5141
f 5162/6687/5162 5165/6692/5165 5164/6693/5164
f 5162/6687/5162 5164/6693/5164 5146/6694/5146
f 5144/6695/5144 5143/6691/5143 5163/6696/5163
f 5144/6686/5144 5163/6697/5163 5165/6692/5165
f 5144/6686/5144 5165/6692/5165 5162/6687/5162
f 5160/6698/5160 4867/6699/4867 4868/6700/4868
f 5160/6698/5160 4868/6700/4868 4866/6701/4866
f 5142/6688/5142 5160/6698/5160 4866/6701/4866
f 5142/6688/5142 4866/6701/4866 5120/6702/5120
f 5142/6688/5142 5120/6702/5120 5140/6689/5140
f 5162/6687/5162 5160/6698/5160 5142/6688/5142
f 4867/6703/4867 5160/6704/5160 5158/6705/5158
f 5154/6569/5154 4869/6565/4869 5155/6706/5155
f 5154/6569/5154 5155/6706/5155 5158/6705/5158
f 5148/6707/5148 5154/6708/5154 5158/6709/5158
f 5148/6710/5148 5158/6711/5158 5157/6712/5157
f 5148/6710/5148 5157/6712/5157 5145/6713/5145
f 5158/6709/5158 5155/6714/5155 5156/6715/5156
f 5148/6710/5148 5062/6531/5062 5095/6549/5095
f 5148/6710/5148 5095/6549/5095 5092/6716/5092
f 5155/6714/5155 4867/6699/4867 5156/6715/5156
f 4869/6565/4869 5154/6569/5154 5064/6568/5064
f 5153/6717/5153 5130/6718/5130 5129/6719/5129
f 5152/6720/5152 5153/6717/5153 5129/6719/5129
f 5151/6721/5151 5105/6532/5105 5106/6529/5106
f 5141/6683/5141 5159/6685/5159 5125/6722/5125
f 5143/6691/5143 5141/6683/5141 5163/6696/5163
f 5165/6723/5165 5163/6696/5163 5122/6724/5122
f 5146/6694/5146 5164/6693/5164 5147/6725/5147
f 5162/6726/5162 5146/6727/5146 5157/6712/5157
f 5161/6728/5161 5162/6687/5162 5157/6729/5157
f 5161/6728/5161 5157/6729/5157 5158/6709/5158
f 4867/6699/4867 5158/6709/5158 5156/6715/5156
f 5135/6730/5135 5068/6536/5068 5103/6535/5103
f 5135/6730/5135 5103/6535/5103 5104/6533/5104
f 5150/6731/5150 5135/6732/5135 5104/6733/5104
f 5150/6734/5150 5104/6533/5104 5105/6532/5105
f 5151/6721/5151 5150/6734/5150 5105/6532/5105
f 5152/6735/5152 5129/6736/5129 5131/6737/5131
f 5152/6720/5152 5151/6721/5151 5106/6529/5106
f 5153/6717/5153 5152/6720/5152 5148/6710/5148
f 5153/6717/5153 5148/6710/5148 5145/6713/5145
f 5130/6738/5130 5153/6739/5153 5145/6740/5145
f 5130/6718/5130 5145/6713/5145 5147/6741/5147
f 5128/6742/5128 5130/6738/5130 5147/6725/5147
f 5128/6743/5128 5147/6744/5147 5164/6745/5164
f 5127/6746/5127 5128/6743/5128 5164/6745/5164
f 5127/6746/5127 5164/6745/5164 5165/6723/5165
f 5126/6747/5126 5127/6746/5127 5165/6723/5165
f 5126/6747/5126 5165/6723/5165 5122/6724/5122
f 5161/6728/5161 5158/6709/5158 5160/6698/5160
f 5162/6687/5162 5161/6728/5161 5160/6698/5160
f 5073/6596/5073 5113/6582/5113 5114/6581/5114
f 5119/6575/5119 5118/6574/5118 5089/6561/5089
f 5119/6575/5119 5089/6561/5089 5091/6560/5091
f 5116/6580/5116 5119/6748/5119 5091/6558/5091
f 5116/6580/5116 5091/6558/5091 5083/6557/5083
f 5116/6580/5116 5083/6557/5083 5085/6564/5085
f 5109/6661/5109 5116/6580/5116 5085/6564/5085
f 5109/6661/5109 5085/6564/5085 5086/6541/5086
f 5109/6661/5109 5086/6541/5086 5065/6540/5065
f 5071/6662/5071 5109/6661/5109 5065/6540/5065
f 5071/6662/5071 5065/6540/5065 5276/6749/5276
f 5110/6598/5110 4875/6600/4875 5113/6584/5113
f 5112/6595/5112 5110/6750/5110 5113/6582/5113
f 5073/6596/5073 5112/6595/5112 5113/6582/5113
f 5118/6574/5118 5088/6563/5088 5089/6561/5089
f 5073/6596/5073 5114/6581/5114 5115/6751/5115
f 5108/6660/5108 5073/6596/5073 5115/6751/5115
f 5108/6660/5108 5115/6751/5115 5116/6580/5116
f 5109/6661/5109 5108/6660/5108 5116/6580/5116
f 5094/6752/5094 5095/6549/5095 5102/6530/5102
f 5093/6753/5093 5094/6752/5094 5102/6530/5102
f 5093/6753/5093 5102/6530/5102 5098/6550/5098
f 5082/6527/5082 5093/6753/5093 5098/6550/5098
f 5087/6754/5087 5082/6527/5082 5097/6526/5097
f 5090/6559/5090 5087/6562/5087 5097/6755/5097
f 5090/6756/5090 5097/6526/5097 5084/6757/5084
f 5083/6557/5083 5090/6556/5090 5084/6551/5084
f 5115/6751/5115 5114/6581/5114 5116/6580/5116
f 5121/6758/5121 4863/6759/4863 5111/6592/5111
f 5151/6721/5151 5152/6720/5152 5131/6760/5131
f 5151/6761/5151 5131/6737/5131 5134/6762/5134
f 5150/6731/5150 5151/6761/5151 5134/6762/5134
f 5150/6731/5150 5134/6762/5134 5149/6763/5149
f 5135/6732/5135 5150/6731/5150 5149/6763/5149
f 5136/6764/5136 5135/6732/5135 5149/6763/5149
f 5106/6529/5106 5062/6531/5062 5148/6710/5148
f 5139/6765/5139 4864/6766/4864 4865/6767/4865
f 5125/6722/5125 5139/6765/5139 5121/6758/5121
f 5124/6768/5124 5125/6722/5125 5121/6758/5121
f 5123/6591/5123 5124/6768/5124 5121/6758/5121
f 5123/6591/5123 5121/6758/5121 5111/6592/5111
f 5121/6758/5121 4865/6767/4865 4863/6759/4863
f 5056/6655/5056 5036/6654/5036 5011/6769/5011
f 5139/6770/5139 5138/6771/5138 4864/6772/4864
f 5138/6771/5138 4866/6701/4866 4864/6772/4864
f 5136/6764/5136 5137/6664/5137 5068/6667/5068
f 5135/6732/5135 5136/6764/5136 5068/6667/5068
f 5134/6762/5134 5131/6737/5131 5132/6773/5132
f 5128/6743/5128 5127/6746/5127 5133/6774/5133
f 5129/6736/5129 5128/6743/5128 5133/6774/5133
f 5129/6736/5129 5133/6774/5133 5132/6773/5132
f 5131/6737/5131 5129/6736/5129 5132/6773/5132
f 5128/6743/5128 5129/6736/5129 5130/6775/5130
f 5093/6753/5093 5092/6716/5092 5094/6752/5094
f 5117/6578/5117 5082/6548/5082 5088/6563/5088
f 5118/6574/5118 5117/6578/5117 5088/6563/5088
f 4936/6776/4936 4914/6777/4914 4915/6778/4915
f 4965/6779/4965 4966/6780/4966 4967/6781/4967
f 4962/6782/4962 4964/6783/4964 4963/6784/4963
f 4962/6782/4962 4963/6784/4963 4961/6785/4961
f 4960/6786/4960 4962/6782/4962 4961/6785/4961
f 4960/6786/4960 4961/6785/4961 4959/6787/4959
f 4958/6788/4958 4960/6786/4960 4959/6787/4959
f 4958/6788/4958 4959/6787/4959 4954/6789/4954
f 4955/6790/4955 4958/6788/4958 4954/6789/4954
f 4957/6791/4957 4955/6792/4955 4997/6793/4997
f 4956/6794/4956 4955/6792/4955 4957/6791/4957
f 4956/6794/4956 4856/6795/4856 4953/6796/4953
f 4955/6792/4955 4956/6794/4956 4953/6796/4953
f 4940/6797/4940 5297/6798/5297 4948/6799/4948
f 4914/6777/4914 4916/6153/4916 4915/6778/4915
f 4966/6780/4966 4968/6800/4968 4967/6781/4967
f 4936/6776/4936 4915/6778/4915 4920/6801/4920
f 4937/6802/4937 4936/6776/4936 4920/6801/4920
f 4937/6802/4937 4920/6801/4920 4919/6803/4919
f 4938/6804/4938 4937/6802/4937 4919/6803/4919
f 4938/6804/4938 4919/6803/4919 4918/6805/4918
f 4932/6806/4932 4938/6804/4938 4918/6805/4918
f 4932/6806/4932 4918/6805/4918 4923/6807/4923
f 4932/6806/4932 4923/6807/4923 4922/6808/4922
f 4934/6809/4934 4932/6806/4932 4922/6808/4922
f 4930/6810/4930 4922/6808/4922 4925/6811/4925
f 4930/6810/4930 4925/6811/4925 4924/6812/4924
f 4931/6813/4931 4930/6810/4930 4924/6812/4924
f 4931/6813/4931 4924/6812/4924 4927/6814/4927
f 4972/6815/4972 4971/6816/4971 4977/6817/4977
f 4944/6818/4944 4983/6819/4983 4985/6820/4985
f 4944/6821/4944 4945/6822/4945 4984/6823/4984
f 4944/6821/4944 4984/6823/4984 4946/6824/4946
f 4947/6825/4947 4983/6826/4983 4946/6824/4946
f 4979/6827/4979 4940/6797/4940 4948/6799/4948
f 4965/6779/4965 4973/6828/4973 4974/6829/4974
f 4966/6780/4966 4965/6779/4965 4974/6829/4974
f 4966/6780/4966 4974/6829/4974 4976/6830/4976
f 4941/6831/4941 4966/6780/4966 4976/6830/4976
f 4941/6832/4941 4976/6833/4976 4979/6827/4979
f 4942/6834/4942 4941/6832/4941 4979/6827/4979
f 4971/6835/4971 4982/6614/4982 4981/6613/4981
f 4971/6836/4971 4981/6668/4981 4977/6837/4977
f 4929/6838/4929 4931/6813/4931 4927/6814/4927
f 4972/6815/4972 4977/6817/4977 4975/6839/4975
f 4974/6829/4974 4972/6815/4972 4975/6839/4975
f 4975/6839/4975 4977/6817/4977 4980/6840/4980
f 4976/6830/4976 4975/6839/4975 4980/6840/4980
f 4976/6830/4976 4980/6840/4980 4940/6841/4940
f 4979/6842/4979 4976/6830/4976 4940/6841/4940
f 4974/6829/4974 4975/6839/4975 4976/6830/4976
f 4972/6815/4972 4974/6829/4974 4973/6828/4973
f 4972/6815/4972 4973/6828/4973 4970/6843/4970
f 4971/6816/4971 4972/6815/4972 4970/6843/4970
f 4941/6832/4941 4942/6834/4942 4969/6844/4969
f 4941/6832/4941 4969/6844/4969 4968/6845/4968
f 4966/6780/4966 4941/6831/4941 4968/6800/4968
f 4831/6846/4831 4855/6847/4855 4857/6678/4857
f 4847/6848/4847 4874/6585/4874 4875/6600/4875
f 4846/6849/4846 4847/6848/4847 4875/6600/4875
f 4848/6850/4848 4873/6658/4873 4874/6585/4874
f 4847/6848/4847 4848/6850/4848 4874/6585/4874
f 4873/6658/4873 4848/6850/4848 4849/6851/4849
f 4870/6659/4870 4873/6658/4873 4849/6851/4849
f 4850/6852/4850 4869/6565/4869 4872/6567/4872
f 4850/6852/4850 4872/6567/4872 4871/6853/4871
f 4849/6854/4849 4850/6852/4850 4871/6853/4871
f 4849/6851/4849 4871/6588/4871 4870/6659/4870
f 4841/6855/4841 4867/6703/4867 5155/6706/5155
f 4840/6856/4840 4841/6857/4841 5155/6714/5155
f 4840/6858/4840 5155/6706/5155 4869/6565/4869
f 4856/6795/4856 4858/6859/4858 4839/6860/4839
f 4845/6861/4845 4876/6597/4876 5111/6592/5111
f 4830/6862/4830 4831/6863/4831 4857/6864/4857
f 4830/6865/4830 4857/6678/4857 5050/6615/5050
f 4839/6860/4839 4830/6865/4830 5050/6615/5050
f 4839/6860/4839 5050/6615/5050 4856/6795/4856
f 4832/6866/4832 4853/6630/4853 4855/6639/4855
f 4831/6863/4831 4832/6866/4832 4855/6639/4855
f 4833/6867/4833 4852/6868/4852 4854/6631/4854
f 4833/6867/4833 4854/6631/4854 4853/6630/4853
f 4832/6866/4832 4833/6867/4833 4853/6630/4853
f 4834/6869/4834 5012/6870/5012 4852/6868/4852
f 4833/6867/4833 4834/6869/4834 4852/6868/4852
f 4834/6871/4834 4835/6872/4835 5012/6873/5012
f 4846/6874/4846 4875/6589/4875 4877/6593/4877
f 4860/6875/4860 4861/6876/4861 4837/6877/4837
f 4932/6806/4932 4939/6878/4939 4938/6804/4938
f 4922/6808/4922 4930/6810/4930 4935/6879/4935
f 4922/6880/4922 4935/6881/4935 4934/6882/4934
f 4932/6806/4932 4934/6809/4934 4933/6883/4933
f 4931/6884/4931 4929/6885/4929 4928/6886/4928
f 4864/6772/4864 4844/6887/4844 4865/6888/4865
f 4843/6889/4843 4844/6887/4844 4864/6772/4864
f 4863/6759/4863 4844/6890/4844 4845/6861/4845
f 5111/6592/5111 4863/6759/4863 4845/6861/4845
f 4836/6891/4836 4861/6892/4861 4862/6893/4862
f 4835/6872/4835 4836/6891/4836 4862/6893/4862
f 5012/6873/5012 4835/6872/4835 4862/6893/4862
f 4861/6876/4861 4836/6894/4836 4837/6877/4837
f 4983/6819/4983 4977/6837/4977 4986/6895/4986
f 4838/6896/4838 4993/6897/4993 5001/6898/5001
f 4838/6896/4838 5001/6898/5001 4860/6875/4860
f 4837/6877/4837 4838/6896/4838 4860/6875/4860
f 4922/6808/4922 4926/6899/4926 4925/6811/4925
f 4918/6805/4918 4919/6803/4919 4923/6807/4923
f 4915/6778/4915 4916/6153/4916 4921/6900/4921
f 4915/6778/4915 4921/6900/4921 4920/6801/4920
f 4842/6901/4842 4866/6701/4866 4868/6700/4868
f 4842/6901/4842 4868/6700/4868 4867/6699/4867
f 4843/6889/4843 4864/6772/4864 4866/6701/4866
f 4844/6890/4844 4863/6759/4863 4865/6767/4865
f 4846/6874/4846 4877/6593/4877 4876/6597/4876
f 4845/6861/4845 4846/6874/4846 4876/6597/4876
f 5031/6609/5031 5033/6608/5033 5032/6634/5032
f 5006/6902/5006 5007/6673/5007 5044/6675/5044
f 5006/6902/5006 5044/6675/5044 5043/6641/5043
f 5038/6644/5038 5006/6902/5006 5043/6641/5043
f 5040/6645/5040 5042/6643/5042 5041/6903/5041
f 5040/6648/5040 5041/6904/5041 5039/6649/5039
f 5006/6902/5006 5038/6644/5038 5008/6646/5008
f 5007/6673/5007 5006/6902/5006 5037/6905/5037
f 4983/6819/4983 4986/6895/4986 5010/6906/5010
f 5012/6873/5012 4862/6893/4862 4988/6907/4988
f 5025/6908/5025 5012/6873/5012 4988/6907/4988
f 5025/6908/5025 4988/6907/4988 4951/6638/4951
f 5026/6909/5026 5025/6908/5025 4951/6638/4951
f 5027/6636/5027 5026/6909/5026 4951/6638/4951
f 5033/6608/5033 5034/6604/5034 5032/6634/5032
f 5007/6673/5007 5003/6626/5003 5044/6675/5044
f 5031/6609/5031 5032/6634/5032 5027/6636/5027
f 5030/6611/5030 5031/6609/5031 5027/6636/5027
f 5014/6629/5014 5016/6910/5016 5017/6676/5017
f 5014/6629/5014 5017/6676/5017 5015/6628/5015
f 5029/6610/5029 5030/6611/5030 5015/6628/5015
f 5028/6607/5028 5029/6610/5029 5015/6628/5015
f 5028/6607/5028 5015/6628/5015 5004/6627/5004
f 5005/6633/5005 5028/6607/5028 5004/6627/5004
f 5026/6909/5026 5027/6636/5027 5024/6635/5024
f 5025/6908/5025 5026/6909/5026 5012/6873/5012
f 5023/6632/5023 4854/6631/4854 4852/6868/4852
f 5019/6911/5019 5021/6912/5021 5020/6913/5020
f 5018/6914/5018 5019/6911/5019 5020/6913/5020
f 5049/6677/5049 5050/6615/5050 4857/6678/4857
f 5053/6656/5053 5056/6655/5056 5011/6769/5011
f 5053/6656/5053 5011/6769/5011 4978/6915/4978
f 5042/6643/5042 5060/6642/5060 5021/6912/5021
f 5042/6643/5042 5021/6912/5021 5019/6911/5019
f 5041/6903/5041 5042/6643/5042 5019/6911/5019
f 5041/6903/5041 5019/6911/5019 5018/6914/5018
f 5039/6916/5039 5041/6903/5041 5018/6914/5018
f 5036/6654/5036 5039/6649/5039 5046/6917/5046
f 5036/6654/5036 5046/6917/5046 5010/6906/5010
f 5011/6769/5011 5036/6654/5036 5010/6906/5010
f 5011/6769/5011 5010/6906/5010 4986/6895/4986
f 4978/6918/4978 5011/6919/5011 4986/6920/4986
f 4978/6915/4978 4986/6895/4986 4987/6921/4987
f 4983/6826/4983 5010/6922/5010 4985/6923/4985
f 5050/6615/5050 4982/6614/4982 4953/6796/4953
f 4953/6796/4953 4856/6795/4856 5050/6615/5050
f 5045/6924/5045 5047/6925/5047 5048/6926/5048
f 5045/6924/5045 5048/6926/5048 5022/6927/5022
f 5010/6906/5010 5045/6928/5045 5022/6929/5022
f 5010/6922/5010 5022/6927/5022 4945/6822/4945
f 5018/6914/5018 5020/6913/5020 5048/6926/5048
f 5018/6914/5018 5048/6926/5048 5047/6925/5047
f 5046/6930/5046 5018/6914/5018 5047/6925/5047
f 5046/6917/5046 5047/6931/5047 5045/6928/5045
f 5010/6906/5010 5046/6917/5046 5045/6928/5045
f 5010/6922/5010 4945/6822/4945 4944/6821/4944
f 4985/6820/4985 5010/6906/5010 4944/6818/4944
f 4993/6897/4993 4992/6932/4992 4995/6933/4995
f 4996/6934/4996 4954/6789/4954 4959/6787/4959
f 4995/6933/4995 4996/6934/4996 4959/6787/4959
f 4995/6933/4995 4959/6787/4959 4961/6785/4961
f 4994/6935/4994 4995/6933/4995 4961/6785/4961
f 4994/6935/4994 4961/6785/4961 4963/6784/4963
f 5001/6898/5001 4994/6935/4994 4963/6784/4963
f 5001/6898/5001 4963/6784/4963 4964/6783/4964
f 4999/6936/4999 5000/6937/5000 4991/6938/4991
f 4998/6939/4998 4999/6940/4999 4991/6941/4991
f 4860/6875/4860 4998/6939/4998 4991/6941/4991
f 4859/6942/4859 4997/6943/4997 4996/6934/4996
f 4992/6944/4992 4859/6945/4859 4996/6946/4996
f 4992/6932/4992 4996/6934/4996 4995/6933/4995
f 4996/6934/4996 4997/6943/4997 4954/6789/4954
f 4993/6897/4993 4995/6933/4995 4994/6935/4994
f 5001/6898/5001 4993/6897/4993 4994/6935/4994
f 4990/6947/4990 4860/6875/4860 4991/6941/4991
f 4990/6948/4990 4991/6938/4991 4950/6949/4950
f 4943/6950/4943 4990/6948/4990 4950/6949/4950
f 4989/6951/4989 4951/6638/4951 4862/6893/4862
f 4989/6951/4989 4862/6893/4862 4861/6892/4861
f 4990/6948/4990 4989/6951/4989 4861/6892/4861
f 4990/6947/4990 4861/6876/4861 4860/6875/4860
f 4990/6948/4990 4943/6950/4943 4989/6951/4989
f 4951/6638/4951 4989/6951/4989 4952/6952/4952
f 4862/6893/4862 4951/6638/4951 4988/6907/4988
f 4977/6837/4977 4987/6921/4987 4986/6895/4986
f 4971/6816/4971 4970/6843/4970 4958/6788/4958
f 5004/6627/5004 5035/6605/5035 5005/6633/5005
f 4942/6834/4942 4979/6827/4979 4949/6953/4949
f 4942/6834/4942 4949/6953/4949 4969/6844/4969
f 4968/6845/4968 4969/6844/4969 5002/6954/5002
f 4968/6800/4968 5002/6955/5002 5001/6898/5001
f 4967/6781/4967 4968/6800/4968 5001/6898/5001
f 4967/6781/4967 5001/6898/5001 4964/6783/4964
f 4965/6779/4965 4967/6781/4967 4964/6783/4964
f 4965/6779/4965 4964/6783/4964 4962/6782/4962
f 4973/6828/4973 4965/6779/4965 4962/6782/4962
f 4973/6828/4973 4962/6782/4962 4960/6786/4960
f 4970/6843/4970 4973/6828/4973 4960/6786/4960
f 4970/6843/4970 4960/6786/4960 4958/6788/4958
f 5359/5873/5359 5245/6956/5245 5360/5871/5360
f 4971/6835/4971 4958/6957/4958 4955/6792/4955
f 4982/6614/4982 4971/6835/4971 4955/6792/4955
f 4953/6796/4953 4982/6614/4982 4955/6792/4955
f 4998/6939/4998 4860/6875/4860 5001/6898/5001
f 4999/6940/4999 4998/6939/4998 5001/6898/5001
f 4999/6940/4999 5001/6898/5001 5002/6955/5002
f 5000/6937/5000 4999/6936/4999 5002/6954/5002
f 5000/6937/5000 5002/6954/5002 4969/6844/4969
f 4977/6837/4977 4978/6915/4978 4987/6921/4987
f 4980/6840/4980 4977/6817/4977 4983/6958/4983
f 4940/6841/4940 4980/6840/4980 4983/6958/4983
f 4940/6797/4940 4983/6826/4983 4947/6825/4947
f 4997/6793/4997 4955/6792/4955 4954/6959/4954
f 5302/6960/5302 5300/6961/5300 5132/6773/5132
f 5069/6666/5069 5066/6665/5066 5277/6962/5277
f 5066/6665/5066 5137/6664/5137 5277/6962/5277
f 5134/6762/5134 5300/6961/5300 5149/6763/5149
f 5300/6961/5300 5136/6764/5136 5149/6763/5149
f 5163/6696/5163 5301/6963/5301 5122/6724/5122
f 5301/6963/5301 5126/6747/5126 5122/6724/5122
f 5302/6960/5302 5133/6774/5133 5127/6746/5127
f 5133/6774/5133 5302/6960/5302 5132/6773/5132
f 5069/6666/5069 5277/6962/5277 5276/6749/5276
f 5300/6961/5300 5134/6762/5134 5132/6773/5132
f 5270/6964/5270 5303/6965/5303 5141/6966/5141
f 5278/6967/5278 5270/6964/5270 5123/6968/5123
f 5270/6964/5270 5124/6969/5124 5123/6968/5123
f 5270/6964/5270 5125/6970/5125 5124/6969/5124
f 5069/6666/5069 5276/6749/5276 5100/6602/5100
f 5100/6602/5100 5276/6749/5276 5070/6543/5070
f 5276/6749/5276 5107/6601/5107 5070/6543/5070
f 5299/6971/5299 5277/6962/5277 5137/6664/5137
f 5298/6972/5298 5297/6798/5297 4940/6797/4940
f 5298/6972/5298 4940/6797/4940 4947/6825/4947
f 4946/6824/4946 5298/6972/5298 4947/6825/4947
f 5298/6972/5298 4946/6824/4946 4984/6823/4984
f 5298/6972/5298 4984/6823/4984 4945/6822/4945
f 5271/6973/5271 4950/6949/4950 4991/6938/4991
f 5271/6973/5271 4991/6938/4991 5000/6937/5000
f 5297/6798/5297 4949/6953/4949 4979/6827/4979
f 4948/6799/4948 5297/6798/5297 4979/6827/4979
f 4949/6953/4949 5297/6798/5297 4969/6844/4969
f 5000/6937/5000 4969/6844/4969 5271/6973/5271
f 5272/6974/5272 4952/6975/4952 4989/6976/4989
f 5296/6977/5296 5272/6974/5272 4989/6976/4989
f 4943/6978/4943 5296/6977/5296 4989/6976/4989
f 5310/6979/5310 5300/6961/5300 5302/6960/5302
f 4943/6950/4943 5271/6973/5271 5296/6980/5296
f 5302/6960/5302 5127/6746/5127 5126/6747/5126
f 5302/6960/5302 5126/6747/5126 5301/6963/5301
f 5308/6981/5308 5302/6960/5302 5301/6963/5301
f 5308/6981/5308 5301/6963/5301 5313/6982/5313
f 5306/6983/5306 5308/6981/5308 5313/6982/5313
f 5306/6983/5306 5313/6982/5313 5312/6984/5312
f 5304/6985/5304 5306/6983/5306 5312/6984/5312
f 5304/6985/5304 5312/6984/5312 5311/6986/5311
f 5297/6798/5297 5304/6985/5304 5311/6986/5311
f 5297/6798/5297 5311/6986/5311 5271/6973/5271
f 4969/6844/4969 5297/6798/5297 5271/6973/5271
f 5299/6971/5299 5137/6664/5137 5136/6764/5136
f 5299/6971/5299 5136/6764/5136 5300/6961/5300
f 5310/6979/5310 5299/6971/5299 5300/6961/5300
f 4951/6987/4951 4952/6975/4952 5272/6974/5272
f 5309/6988/5309 5310/6979/5310 5302/6960/5302
f 5309/6988/5309 5302/6960/5302 5308/6981/5308
f 5307/6989/5307 5309/6988/5309 5308/6981/5308
f 5307/6989/5307 5308/6981/5308 5306/6983/5306
f 5305/6990/5305 5307/6989/5307 5306/6983/5306
f 5305/6990/5305 5306/6983/5306 5304/6985/5304
f 5298/6972/5298 5305/6990/5305 5304/6985/5304
f 5298/6972/5298 5304/6985/5304 5297/6798/5297
f 5278/6967/5278 5123/6968/5123 5072/6991/5072
f 5275/6992/5275 5278/6967/5278 5072/6991/5072
f 5275/6993/5275 5072/6594/5072 5073/6596/5073
f 5275/6993/5275 5073/6596/5073 5108/6660/5108
f 5071/6662/5071 5275/6993/5275 5108/6660/5108
f 5275/6993/5275 5071/6662/5071 5276/6749/5276
f 5107/6601/5107 5276/6749/5276 5065/6540/5065
f 4950/6949/4950 5271/6973/5271 4943/6950/4943
f 5282/6994/5282 5181/6995/5181 5182/6063/5182
f 5281/6057/5281 5282/6994/5282 5182/6063/5182
f 5280/6996/5280 5183/6997/5183 5181/6995/5181
f 5183/6997/5183 5340/6998/5340 5184/6999/5184
f 5334/7000/5334 5185/7001/5185 5184/6999/5184
f 5279/7002/5279 5186/7003/5186 5185/7001/5185
f 5275/6993/5275 5189/7004/5189 5188/7005/5188
f 5278/6967/5278 5275/6992/5275 5188/7006/5188
f 5278/6967/5278 5188/7006/5188 5186/7003/5186
f 5277/6962/5277 5190/7007/5190 5189/7004/5189
f 5276/6749/5276 5277/6962/5277 5189/7004/5189
f 5275/6993/5275 5276/6749/5276 5189/7004/5189
f 5274/7008/5274 5191/7009/5191 5192/7010/5192
f 5190/7007/5190 5274/7008/5274 5192/7010/5192
f 5273/7011/5273 5178/7012/5178 5191/7009/5191
f 5281/6057/5281 5283/6064/5283 5282/6994/5282
f 5125/6970/5125 5270/6964/5270 5141/6966/5141
f 4939/7013/4939 5333/7014/5333 4938/7015/4938
f 5180/6161/5180 5203/6156/5203 5264/6155/5264
f 5262/7016/5262 5180/6161/5180 5264/6155/5264
f 5262/7016/5262 5264/6155/5264 5261/7017/5261
f 5260/7018/5260 5261/7017/5261 5268/7019/5268
f 5260/7018/5260 5268/7019/5268 5265/6164/5265
f 5258/7020/5258 5260/7018/5260 5265/6164/5265
f 5258/7020/5258 5265/6164/5265 5269/6019/5269
f 5259/6018/5259 5258/7020/5258 5269/6019/5269
f 5267/5979/5267 5266/5978/5266 5269/6019/5269
f 5267/5979/5267 5269/6019/5269 5265/6164/5265
f 5265/6164/5265 5268/7019/5268 5261/7017/5261
f 5264/6155/5264 5265/6164/5265 5261/7017/5261
f 5262/7016/5262 5182/7021/5182 5181/7022/5181
f 4934/6882/4934 4935/6881/4935 5048/6926/5048
f 5013/7023/5013 4951/6987/4951 5272/6974/5272
f 5013/7023/5013 5272/6974/5272 4932/7024/4932
f 4933/7025/4933 5013/7023/5013 4932/7024/4932
f 4934/6882/4934 5048/6926/5048 5020/6913/5020
f 5021/6912/5021 4934/6882/4934 5020/6913/5020
f 4934/6882/4934 5021/6912/5021 5060/6642/5060
f 4934/6882/4934 5060/6642/5060 5017/6676/5017
f 4933/7026/4933 4934/6882/4934 5017/6676/5017
f 4933/7026/4933 5017/6676/5017 5016/6910/5016
f 4933/7026/4933 5016/6910/5016 5014/6629/5014
f 5030/6611/5030 4933/7026/4933 5014/6629/5014
f 5027/6636/5027 4933/7026/4933 5030/6611/5030
f 4933/7026/4933 5027/6636/5027 5013/6637/5013
f 5022/6927/5022 5048/6926/5048 4935/6881/4935
f 5022/6927/5022 4935/6881/4935 4945/6822/4945
f 5271/6973/5271 5314/7027/5314 5296/6980/5296
f 5273/7011/5273 5295/7028/5295 5174/7029/5174
f 5273/7011/5273 5174/7029/5174 5173/7030/5173
f 5178/7012/5178 5273/7011/5273 5173/7030/5173
f 5294/7031/5294 5177/7032/5177 5174/7029/5174
f 5295/7028/5295 5294/7031/5294 5174/7029/5174
f 5176/7033/5176 5177/7032/5177 5294/7031/5294
f 5176/7033/5176 5294/7031/5294 5293/7034/5293
f 5176/7033/5176 5293/7034/5293 5292/7035/5292
f 5292/7035/5292 5291/7036/5291 5176/7033/5176
f 5322/7037/5322 5290/7038/5290 5175/7039/5175
f 5322/7037/5322 5175/7039/5175 5291/7036/5291
f 4928/6886/4928 4929/6885/4929 5175/7039/5175
f 5290/7038/5290 4928/6886/4928 5175/7039/5175
f 4914/7040/4914 5289/6036/5289 4913/6038/4913
f 5283/6064/5283 5284/6066/5284 5282/6994/5282
f 5344/7041/5344 5339/7042/5339 5338/7043/5338
f 5340/6998/5340 5335/7044/5335 5334/7000/5334
f 5340/6998/5340 5341/7045/5341 5335/7044/5335
f 5341/7045/5341 5336/7046/5336 5335/7044/5335
f 5341/7045/5341 5342/7047/5342 5336/7046/5336
f 5342/7047/5342 5337/7048/5337 5336/7046/5336
f 5342/7047/5342 5343/7049/5343 5337/7048/5337
f 5343/7049/5343 5338/7043/5338 5337/7048/5337
f 5343/7049/5343 5344/7041/5344 5338/7043/5338
f 5184/6999/5184 5340/6998/5340 5334/7000/5334
f 5344/7041/5344 5345/7050/5345 5339/7042/5339
f 5345/7050/5345 4938/7015/4938 5339/7042/5339
f 5345/7050/5345 4937/7051/4937 4938/7015/4938
f 5183/6997/5183 5280/6996/5280 5340/6998/5340
f 5280/6996/5280 5346/7052/5346 5340/6998/5340
f 5346/7052/5346 5341/7045/5341 5340/6998/5340
f 5346/7052/5346 5347/7053/5347 5341/7045/5341
f 5347/7053/5347 5342/7047/5342 5341/7045/5341
f 5339/7042/5339 4938/7015/4938 5333/7014/5333
f 5338/7043/5338 5339/7042/5339 5333/7014/5333
f 5338/7043/5338 5333/7014/5333 5332/7054/5332
f 5337/7048/5337 5338/7043/5338 5332/7054/5332
f 5337/7048/5337 5332/7054/5332 5331/7055/5331
f 5336/7046/5336 5337/7048/5337 5331/7055/5331
f 5336/7046/5336 5331/7055/5331 5330/7056/5330
f 5335/7044/5335 5336/7046/5336 5330/7056/5330
f 5335/7044/5335 5330/7056/5330 5329/7057/5329
f 5334/7000/5334 5335/7044/5335 5329/7057/5329
f 5334/7000/5334 5329/7057/5329 5279/7002/5279
f 5185/7001/5185 5334/7000/5334 5279/7002/5279
f 5333/7014/5333 4939/7013/4939 4932/7024/4932
f 5333/7014/5333 4932/7024/4932 5272/6974/5272
f 5333/7014/5333 5272/6974/5272 5296/6977/5296
f 5284/6066/5284 5285/6065/5285 5348/7058/5348
f 5245/6956/5245 5244/6145/5244 5360/5871/5360
f 5245/6956/5245 5359/5873/5359 5246/5880/5246
f 5354/6149/5354 5355/7059/5355 5356/6147/5356
f 5354/6037/5354 4914/7040/4914 4913/6038/4913
f 4914/6777/4914 5353/6152/5353 4916/6153/4916
f 5289/6036/5289 4914/7040/4914 4936/7060/4936
f 5289/6036/5289 4936/7060/4936 5352/7061/5352
f 5288/6034/5288 5289/6036/5289 5352/7061/5352
f 5288/6034/5288 5352/7061/5352 5351/7062/5351
f 5287/6033/5287 5288/6034/5288 5351/7062/5351
f 5287/6033/5287 5351/7062/5351 5350/7063/5350
f 5286/6067/5286 5287/6033/5287 5350/7063/5350
f 5286/6067/5286 5350/7063/5350 5349/7064/5349
f 5285/6065/5285 5286/6067/5286 5349/7064/5349
f 5285/6065/5285 5349/7064/5349 5348/7058/5348
f 5332/7054/5332 5333/7014/5333 5296/6977/5296
f 5284/6066/5284 5348/7058/5348 5347/7053/5347
f 5282/6994/5282 5284/6066/5284 5347/7053/5347
f 5282/6994/5282 5347/7053/5347 5346/7052/5346
f 5282/6994/5282 5346/7052/5346 5280/6996/5280
f 5181/6995/5181 5282/6994/5282 5280/6996/5280
f 5352/7061/5352 4936/7060/4936 4937/7051/4937
f 5352/7061/5352 4937/7051/4937 5345/7050/5345
f 5351/7062/5351 5352/7061/5352 5345/7050/5345
f 5350/7063/5350 5351/7062/5351 5345/7050/5345
f 5350/7063/5350 5345/7050/5345 5344/7041/5344
f 5349/7064/5349 5350/7063/5350 5344/7041/5344
f 5349/7064/5349 5344/7041/5344 5343/7049/5343
f 5348/7058/5348 5349/7064/5349 5343/7049/5343
f 5348/7058/5348 5343/7049/5343 5342/7047/5342
f 5347/7053/5347 5348/7058/5348 5342/7047/5342
f 5319/7065/5319 5320/7066/5320 5292/7035/5292
f 5326/7067/5326 5321/7068/5321 5320/7066/5320
f 5325/7069/5325 5326/7067/5326 5320/7066/5320
f 5325/7069/5325 5320/7066/5320 5319/7065/5319
f 5324/7070/5324 5325/7069/5325 5319/7065/5319
f 5324/7070/5324 5319/7065/5319 5318/7071/5318
f 5274/7008/5274 5324/7070/5324 5318/7071/5318
f 5274/7008/5274 5318/7071/5318 5317/7072/5317
f 5274/7008/5274 5317/7072/5317 5273/7011/5273
f 5191/7009/5191 5274/7008/5274 5273/7011/5273
f 5323/7073/5323 4931/6884/4931 4928/6886/4928
f 5323/7073/5323 4928/6886/4928 5290/7038/5290
f 5322/7037/5322 5323/7073/5323 5290/7038/5290
f 5321/7068/5321 5322/7037/5322 5291/7036/5291
f 5320/7066/5320 5321/7068/5321 5291/7036/5291
f 5320/7066/5320 5291/7036/5291 5292/7035/5292
f 5326/7067/5326 5327/7074/5327 5321/7068/5321
f 5319/7065/5319 5292/7035/5292 5293/7034/5293
f 5318/7071/5318 5319/7065/5319 5293/7034/5293
f 5318/7071/5318 5293/7034/5293 5294/7031/5294
f 5317/7072/5317 5318/7071/5318 5294/7031/5294
f 5317/7072/5317 5294/7031/5294 5295/7028/5295
f 5273/7011/5273 5317/7072/5317 5295/7028/5295
f 5301/6963/5301 5163/6696/5163 5141/6683/5141
f 5301/7075/5301 5141/6966/5141 5303/6965/5303
f 5313/7076/5313 5301/7075/5301 5303/6965/5303
f 5313/7076/5313 5303/6965/5303 5316/7077/5316
f 5312/7078/5312 5313/7076/5313 5316/7077/5316
f 5312/7078/5312 5316/7077/5316 5315/7079/5315
f 5311/7080/5311 5312/7078/5312 5315/7079/5315
f 5311/7080/5311 5315/7079/5315 5314/7081/5314
f 5271/7082/5271 5311/7080/5311 5314/7081/5314
f 5305/6990/5305 5328/7083/5328 5327/7074/5327
f 5332/7054/5332 5296/6977/5296 5314/7081/5314
f 5331/7055/5331 5332/7054/5332 5314/7081/5314
f 5331/7055/5331 5314/7081/5314 5315/7079/5315
f 5330/7056/5330 5331/7055/5331 5315/7079/5315
f 5330/7056/5330 5315/7079/5315 5316/7077/5316
f 5329/7057/5329 5330/7056/5330 5316/7077/5316
f 5329/7057/5329 5316/7077/5316 5303/6965/5303
f 5279/7002/5279 5329/7057/5329 5303/6965/5303
f 5279/7002/5279 5303/6965/5303 5270/6964/5270
f 5279/7002/5279 5270/6964/5270 5278/6967/5278
f 5186/7003/5186 5279/7002/5279 5278/6967/5278
f 4945/6822/4945 4935/6881/4935 4930/7084/4930
f 4945/6822/4945 4930/7084/4930 5328/7083/5328
f 5298/6972/5298 4945/6822/4945 5328/7083/5328
f 5305/6990/5305 5298/6972/5298 5328/7083/5328
f 5159/7085/5159 5140/6689/5140 5139/6770/5139
f 5307/6989/5307 5305/6990/5305 5327/7074/5327
f 5307/6989/5307 5327/7074/5327 5326/7067/5326
f 5309/6988/5309 5307/6989/5307 5326/7067/5326
f 5309/6988/5309 5326/7067/5326 5325/7069/5325
f 5310/6979/5310 5309/6988/5309 5325/7069/5325
f 5310/6979/5310 5325/7069/5325 5324/7070/5324
f 5299/6971/5299 5310/6979/5310 5324/7070/5324
f 5299/6971/5299 5324/7070/5324 5274/7008/5274
f 5277/6962/5277 5299/6971/5299 5274/7008/5274
f 5190/7007/5190 5277/6962/5277 5274/7008/5274
f 5328/7083/5328 4930/7084/4930 4931/6884/4931
f 5328/7083/5328 4931/6884/4931 5323/7073/5323
f 5328/7083/5328 5323/7073/5323 5322/7037/5322
f 5327/7074/5327 5328/7083/5328 5322/7037/5322
f 5327/7074/5327 5322/7037/5322 5321/7068/5321
f 4921/6900/4921 4916/6153/4916 4907/7086/4907
f 4922/6808/4922 4905/7087/4905 4904/7088/4904
f 4922/6808/4922 4923/6807/4923 4905/7087/4905
f 5120/6702/5120 4866/6701/4866 5138/6771/5138
f 4905/7087/4905 4923/6807/4923 4906/7089/4906
f 4923/6807/4923 4919/6803/4919 4906/7089/4906
f 4919/6803/4919 4903/7090/4903 4906/7089/4906
f 4903/7090/4903 4919/6803/4919 4902/7091/4902
f 4919/6803/4919 4920/6801/4920 4902/7091/4902
f 4920/6801/4920 4907/7086/4907 4902/7091/4902
f 4920/6801/4920 4921/6900/4921 4907/7086/4907
f 4926/6899/4926 4922/6808/4922 4904/7088/4904
f 4916/6153/4916 4908/7092/4908 4907/7086/4907
f 4916/6153/4916 4917/6154/4917 4908/7092/4908
f 4917/6154/4917 4909/7093/4909 4908/7092/4908
f 5140/6689/5140 5120/6702/5120 5138/6771/5138
f 5140/6689/5140 5138/6771/5138 5139/6770/5139
f 4917/6154/4917 4910/7094/4910 4909/7093/4909
f 5190/7095/5190 5195/6135/5195 5194/6137/5194
f 5189/7096/5189 5190/7095/5190 5194/6137/5194
f 5159/6685/5159 5139/6765/5139 5125/6722/5125
f 5190/7095/5190 5192/7097/5192 5195/6135/5195
f 5249/5877/5249 5242/7098/5242 5243/7099/5243
f 5185/7100/5185 5187/7101/5187 5198/6142/5198
f 5185/7100/5185 5198/6142/5198 5202/6144/5202
f 5184/7102/5184 5185/7100/5185 5202/6144/5202
f 5184/7102/5184 5202/6144/5202 5201/6160/5201
f 5183/7103/5183 5184/7102/5184 5201/6160/5201
f 5183/7103/5183 5201/6160/5201 5180/6161/5180
f 5181/7022/5181 5183/7103/5183 5180/6161/5180
f 5181/7022/5181 5180/6161/5180 5179/7104/5179
f 5200/7105/5200 5194/6137/5194 5199/6121/5199
f 5193/6132/5193 5197/6131/5197 5196/6129/5196
f 5189/7096/5189 5194/6137/5194 5200/7105/5200
f 4927/6814/4927 4899/7106/4899 4898/7107/4898
f 4927/6814/4927 4924/6812/4924 4899/7106/4899
f 4924/6812/4924 4925/6811/4925 4899/7106/4899
f 4925/6811/4925 4900/7108/4900 4899/7106/4899
f 5193/6132/5193 5173/7109/5173 5172/6133/5172
f 5186/7003/5186 5188/7006/5188 5187/7110/5187
f 5185/7100/5185 5186/7111/5186 5187/7101/5187
f 4900/7108/4900 4925/6811/4925 4901/7112/4901
f 4925/6811/4925 4904/7088/4904 4901/7112/4901
f 4925/6811/4925 4926/6899/4926 4904/7088/4904
f 5251/7113/5251 5242/7098/5242 5253/5885/5253
f 5248/5882/5248 4895/7114/4895 4894/7115/4894
f 5248/5882/5248 5249/5877/5249 4895/7114/4895
f 4886/7116/4886 4887/7117/4887 5228/6228/5228
f 5243/7099/5243 4896/7118/4896 5249/5877/5249
f 4896/7118/4896 4895/7114/4895 5249/5877/5249
f 4896/7118/4896 4897/7119/4897 4895/7114/4895
f 5242/7098/5242 5249/5877/5249 5250/5884/5250
f 5241/7120/5241 5251/7113/5251 5252/5963/5252
f 5252/5963/5252 5251/7113/5251 5253/5885/5253
f 5187/7121/5187 5189/7004/5189 5200/7122/5200
f 5187/7101/5187 5200/7105/5200 5199/6121/5199
f 4893/7123/4893 5248/5882/5248 4894/7115/4894
f 5242/7098/5242 5250/5884/5250 5253/5885/5253
f 5241/7124/5241 5252/7125/5252 5254/5966/5254
f 5255/7126/5255 5241/7124/5241 5256/7127/5256
f 5241/7124/5241 5257/5965/5257 5256/7127/5256
f 5241/7124/5241 5254/5966/5254 5257/5965/5257
f 5261/5987/5261 5263/6058/5263 5262/7128/5262
f 5263/6058/5263 5182/6063/5182 5262/7128/5262
f 5180/6161/5180 5262/7016/5262 5179/7104/5179
f 5179/7129/5179 5262/7128/5262 5181/6995/5181
f 5187/7101/5187 5199/6121/5199 5198/6142/5198
f 4893/7123/4893 4851/7130/4851 5247/5881/5247
f 5192/7097/5192 5191/7131/5191 5196/6129/5196
f 5191/7131/5191 5193/6132/5193 5196/6129/5196
f 5191/7131/5191 5178/7132/5178 5193/6132/5193
f 5178/7132/5178 5173/7109/5173 5193/6132/5193
f 4889/7133/4889 5224/6115/5224 4890/6118/4890
f 4889/7133/4889 4880/7134/4880 5224/6115/5224
f 4880/7134/4880 5225/6113/5225 5224/6115/5224
f 4880/7134/4880 4879/6111/4879 5225/6113/5225
f 4911/7135/4911 4910/7094/4910 5244/6145/5244
f 4910/7094/4910 4917/6154/4917 5244/6145/5244
f 5244/6145/5244 4912/7136/4912 4911/7135/4911
f 5244/6145/5244 5245/6956/5245 4912/7136/4912
f 5245/6956/5245 5246/5880/5246 4912/7136/4912
f 5246/5880/5246 4851/7130/4851 4912/7136/4912
f 5246/5880/5246 5247/5881/5247 4851/7130/4851
f 4893/7123/4893 5247/5881/5247 5248/5882/5248
f 4878/6230/4878 4886/7116/4886 5227/6229/5227
f 4886/7116/4886 5228/6228/5228 5227/6229/5227
f 5192/7097/5192 5196/6129/5196 5195/6135/5195
f 5803/7137/5803 5804/7138/5804 5802/7139/5802
f 5804/7140/5804 5805/7141/5805 5802/7142/5802
f 5806/7143/5806 5808/7144/5808 5809/7145/5809
f 5807/7146/5807 5806/7143/5806 5809/7145/5809
f 5810/7147/5810 5811/7148/5811 5812/7149/5812
f 5810/7147/5810 5812/7149/5812 5814/7150/5814
f 5815/7151/5815 5810/7147/5810 5813/7152/5813
f 5815/7151/5815 5811/7148/5811 5810/7147/5810
f 5817/7153/5817 5819/7154/5819 5818/7155/5818
f 5816/7156/5816 5817/7153/5817 5818/7155/5818
f 5820/7157/5820 5823/7158/5823 5822/7159/5822
f 5821/7160/5821 5820/7157/5820 5822/7159/5822
f 5825/7161/5825 5826/7162/5826 5827/7163/5827
f 5824/7164/5824 5825/7161/5825 5827/7163/5827
f 5829/7165/5829 5830/7166/5830 5831/7167/5831
f 5829/7165/5829 5828/7168/5828 5830/7166/5830
f 5833/7169/5833 5835/7170/5835 5834/7171/5834
f 5833/7169/5833 5832/7172/5832 5835/7170/5835
f 5836/7173/5836 5839/7174/5839 5838/7175/5838
f 5836/7173/5836 5837/7176/5837 5839/7174/5839
f 5840/7177/5840 5846/7178/5846 5841/7179/5841
f 5843/7180/5843 5848/7181/5848 5849/7182/5849
f 5846/7178/5846 5844/7183/5844 5841/7179/5841
f 5846/7178/5846 5847/7184/5847 5844/7183/5844
f 5847/7184/5847 5845/7185/5845 5844/7183/5844
f 5843/7180/5843 5847/7186/5847 5848/7181/5848
f 5843/7180/5843 5845/7187/5845 5847/7186/5847
f 5842/7188/5842 5843/7180/5843 5849/7182/5849
f 5851/7189/5851 5850/7190/5850 5854/7191/5854
f 5851/7189/5851 5854/7191/5854 5853/7192/5853
f 5852/7193/5852 5851/7189/5851 5853/7192/5853
f 5855/7194/5855 5852/7195/5852 5853/7196/5853
f 5857/7197/5857 5856/7198/5856 5860/7199/5860
f 5859/7200/5859 5860/7199/5860 5856/7198/5856
f 5858/7201/5858 5859/7200/5859 5856/7198/5856
f 5864/7202/5864 5863/7203/5863 5861/7204/5861
f 5863/7203/5863 5864/7202/5864 5862/7205/5862
f 5868/7206/5868 5869/7207/5869 5867/7208/5867
f 5868/7209/5868 5867/7210/5867 5866/7211/5866
f 5869/7207/5869 5868/7206/5868 5865/7212/5865
f 5873/7213/5873 5872/7214/5872 5871/7215/5871
f 5870/7216/5870 5871/7215/5871 5872/7214/5872
f 5870/7217/5870 5872/7218/5872 5873/7219/5873
f 5876/7220/5876 5875/7221/5875 5878/7222/5878
f 5875/7221/5875 5879/7223/5879 5878/7222/5878
f 5875/7221/5875 5876/7220/5876 5877/7224/5877
f 5875/7221/5875 5877/7224/5877 5874/7225/5874
f 5883/7226/5883 5882/7227/5882 5880/7228/5880
f 5883/7226/5883 5880/7228/5880 5881/7229/5881
f 5943/7230/5943 5904/7231/5904 5940/7232/5940
f 5913/7233/5913 5914/7234/5914 5932/7235/5932
f 5914/7234/5914 5927/7236/5927 5932/7235/5932
f 5912/7237/5912 5931/7238/5931 5911/7239/5911
f 5931/7238/5931 5933/7240/5933 5911/7239/5911
f 5933/7240/5933 5934/7241/5934 5911/7239/5911
f 5934/7241/5934 5935/7242/5935 5911/7239/5911
f 5935/7242/5935 5910/7243/5910 5911/7239/5911
f 5935/7244/5935 5936/7245/5936 5910/7246/5910
f 5912/7237/5912 5913/7247/5913 5932/7248/5932
f 5936/7245/5936 5937/7249/5937 5910/7246/5910
f 5907/7250/5907 5908/7251/5908 5938/7252/5938
f 5938/7252/5938 5908/7251/5908 5939/7253/5939
f 5908/7251/5908 5905/7254/5905 5939/7253/5939
f 5905/7254/5905 5909/7255/5909 5939/7253/5939
f 5909/7255/5909 5937/7249/5937 5939/7253/5939
f 5909/7255/5909 5910/7246/5910 5937/7249/5937
f 5906/7256/5906 5938/7252/5938 5941/7257/5941
f 5906/7256/5906 5907/7250/5907 5938/7252/5938
f 5903/7258/5903 5941/7259/5941 5940/7232/5940
f 5903/7258/5903 5906/7260/5906 5941/7259/5941
f 5914/7234/5914 5887/7261/5887 5886/7262/5886
f 5922/7263/5922 5924/7264/5924 5915/7265/5915
f 5915/7265/5915 5923/7266/5923 5897/7267/5897
f 5915/7265/5915 5924/7264/5924 5923/7266/5923
f 5922/7268/5922 5944/7269/5944 5924/7270/5924
f 5922/7268/5922 5925/7271/5925 5944/7269/5944
f 5925/7271/5925 5926/7272/5926 5944/7269/5944
f 5888/7273/5888 5914/7234/5914 5891/7274/5891
f 5884/7275/5884 5927/7236/5927 5885/7276/5885
f 5927/7236/5927 5886/7262/5886 5885/7276/5885
f 5927/7236/5927 5914/7234/5914 5886/7262/5886
f 5912/7237/5912 5932/7248/5932 5931/7238/5931
f 5914/7234/5914 5888/7273/5888 5887/7261/5887
f 5884/7275/5884 5894/7277/5894 5927/7236/5927
f 5894/7277/5894 5928/7278/5928 5927/7236/5927
f 5894/7279/5894 5893/7280/5893 5928/7281/5928
f 5893/7280/5893 5929/7282/5929 5928/7281/5928
f 5893/7280/5893 5895/7283/5895 5929/7282/5929
f 5895/7283/5895 5896/7284/5896 5929/7282/5929
f 5896/7284/5896 5930/7285/5930 5929/7282/5929
f 5896/7284/5896 5923/7266/5923 5930/7285/5930
f 5896/7284/5896 5897/7267/5897 5923/7266/5923
f 5901/7286/5901 5902/7287/5902 5942/7288/5942
f 5904/7231/5904 5903/7258/5903 5940/7232/5940
f 5942/7289/5942 5921/7290/5921 5900/7291/5900
f 5942/7289/5942 5900/7291/5900 5901/7292/5901
f 5900/7293/5900 5920/7294/5920 5919/7295/5919
f 5899/7296/5899 5900/7293/5900 5919/7295/5919
f 5918/7297/5918 5899/7296/5899 5919/7295/5919
f 5898/7298/5898 5899/7296/5899 5918/7297/5918
f 5898/7298/5898 5918/7297/5918 5917/7299/5917
f 5889/7300/5889 5898/7298/5898 5917/7299/5917
f 5889/7300/5889 5917/7299/5917 5916/7301/5916
f 5892/7302/5892 5889/7300/5889 5916/7301/5916
f 5898/7298/5898 5889/7300/5889 5890/7303/5890
f 5921/7290/5921 5920/7304/5920 5900/7291/5900
f 5904/7231/5904 5943/7230/5943 5942/7288/5942
f 5902/7287/5902 5904/7231/5904 5942/7288/5942
f 5948/7305/5948 5945/7306/5945 5946/7307/5946
f 5945/7306/5945 5948/7305/5948 5947/7308/5947
f 5949/7309/5949 5950/7310/5950 5952/7311/5952
f 5950/7310/5950 5951/7312/5951 5952/7311/5952
f 5951/7312/5951 5953/7313/5953 5952/7311/5952
f 5949/7309/5949 5952/7311/5952 5954/7314/5954
f 5958/7315/5958 5955/7316/5955 5956/7317/5956
f 5958/7315/5958 5956/7317/5956 5957/7318/5957
f 5959/7319/5959 5964/7320/5964 5971/7321/5971
f 5963/7322/5963 5959/7319/5959 5971/7321/5971
f 5963/7322/5963 5971/7321/5971 5970/7323/5970
f 5962/7324/5962 5970/7323/5970 5969/7325/5969
f 5962/7324/5962 5969/7325/5969 5968/7326/5968
f 5961/7327/5961 5962/7324/5962 5968/7326/5968
f 5960/7328/5960 5961/7327/5961 5968/7326/5968
f 5960/7328/5960 5968/7326/5968 5967/7329/5967
f 5960/7328/5960 5967/7329/5967 5966/7330/5966
f 5960/7328/5960 5966/7330/5966 5965/7331/5965
f 5959/7319/5959 5960/7328/5960 5965/7331/5965
f 5962/7324/5962 5963/7322/5963 5970/7323/5970
f 5959/7319/5959 5965/7331/5965 5964/7320/5964
f 5975/7332/5975 5982/7333/5982 5981/7334/5981
f 5975/7332/5975 5976/7335/5976 5982/7333/5982
f 5976/7335/5976 5983/7336/5983 5982/7333/5982
f 5976/7335/5976 5977/7337/5977 5983/7336/5983
f 5974/7338/5974 5975/7332/5975 5981/7334/5981
f 5974/7338/5974 5981/7334/5981 5980/7339/5980
f 5973/7340/5973 5974/7338/5974 5980/7339/5980
f 5973/7340/5973 5980/7339/5980 5979/7341/5979
f 5973/7340/5973 5979/7341/5979 5978/7342/5978
f 5972/7343/5972 5973/7340/5973 5978/7342/5978
f 5972/7343/5972 5978/7342/5978 5977/7337/5977
f 5976/7335/5976 5972/7343/5972 5977/7337/5977
f 5996/7344/5996 5990/7345/5990 5997/7346/5997
f 5987/7347/5987 5994/7348/5994 5989/7349/5989
f 5987/7347/5987 5988/7350/5988 5994/7348/5994
f 6004/7351/6004 6005/7352/6005 6000/7353/6000
f 6004/7351/6004 6000/7353/6000 5999/7354/5999
f 6003/7355/6003 6004/7351/6004 5999/7354/5999
f 6003/7355/6003 5999/7354/5999 6002/7356/6002
f 5990/7345/5990 5996/7344/5996 5995/7357/5995
f 5986/7358/5986 5990/7345/5990 5992/7359/5992
f 5984/7360/5984 5985/7361/5985 5993/7362/5993
f 5985/7363/5985 5991/7364/5991 5993/7365/5993
f 5988/7350/5988 5984/7366/5984 5994/7348/5994
f 5984/7366/5984 5993/7365/5993 5994/7348/5994
f 5985/7361/5985 5986/7358/5986 5992/7359/5992
f 6001/7367/6001 6002/7368/6002 5998/7369/5998
f 5999/7354/5999 5985/7361/5985 5992/7359/5992
f 5990/7345/5990 5995/7357/5995 5992/7359/5992
f 5995/7357/5995 5998/7370/5998 5992/7359/5992
f 5999/7354/5999 5991/7371/5991 5985/7361/5985
f 5998/7370/5998 6002/7356/6002 5992/7359/5992
f 6002/7356/6002 5999/7354/5999 5992/7359/5992
f 6000/7353/6000 5991/7371/5991 5999/7354/5999
f 6000/7353/6000 5993/7362/5993 5991/7371/5991
f 6001/7372/6001 5998/7370/5998 5995/7357/5995
f 6001/7372/6001 6003/7355/6003 6002/7356/6002
f 6010/7373/6010 6011/7374/6011 6008/7375/6008
f 6011/7374/6011 6009/7376/6009 6008/7375/6008
f 6012/7377/6012 6010/7373/6010 6008/7375/6008
f 6006/7378/6006 6007/7379/6007 6009/7380/6009
f 6007/7381/6007 6008/7375/6008 6009/7376/6009
f 6018/7382/6018 6024/7383/6024 6023/7384/6023
f 6014/7385/6014 6019/7386/6019 6022/7387/6022
f 6019/7386/6019 6023/7384/6023 6022/7387/6022
f 6016/7388/6016 6021/7389/6021 6022/7390/6022
f 6019/7391/6019 6014/7392/6014 6018/7393/6018
f 6020/7394/6020 6013/7395/6013 6014/7392/6014
f 6017/7396/6017 6015/7397/6015 6016/7398/6016
f 6014/7392/6014 6022/7390/6022 6021/7389/6021
f 6013/7399/6013 6015/7397/6015 6017/7396/6017
f 6020/7394/6020 6016/7388/6016 6015/7400/6015
f 6020/7401/6020 6021/7402/6021 6016/7403/6016
f 6020/7401/6020 6014/7385/6014 6021/7402/6021
f 6019/7386/6019 6018/7382/6018 6023/7384/6023
f 6028/7404/6028 6027/7405/6027 6030/7406/6030
f 6030/7406/6030 6031/7407/6031 6028/7404/6028
f 6025/7408/6025 6027/7405/6027 6026/7409/6026
f 6029/7410/6029 6027/7405/6027 6025/7408/6025
f 6030/7406/6030 6027/7405/6027 6029/7410/6029
f 6033/7411/6033 6035/7412/6035 6032/7413/6032
f 6034/7414/6034 6033/7411/6033 6032/7413/6032
f 6037/7415/6037 6039/7416/6039 6038/7417/6038
f 6039/7416/6039 6037/7415/6037 6036/7418/6036
f 6041/7419/6041 6043/7420/6043 6042/7421/6042
f 6042/7421/6042 6043/7420/6043 6040/7422/6040
f 6041/7419/6041 6040/7422/6040 6043/7420/6043
f 6046/7423/6046 6047/7424/6047 6044/7425/6044
f 6049/7426/6049 6046/7423/6046 6048/7427/6048
f 6047/7428/6047 6046/7429/6046 6049/7430/6049
f 6045/7431/6045 6047/7428/6047 6049/7430/6049
f 6059/7432/6059 6060/7433/6060 6052/7434/6052
f 6058/7435/6058 6057/7436/6057 6055/7437/6055
f 6059/7432/6059 6058/7435/6058 6055/7437/6055
f 6059/7438/6059 6055/7439/6055 6056/7440/6056
f 6060/7433/6060 6059/7432/6059 6054/7441/6054
f 6060/7433/6060 6054/7441/6054 6050/7442/6050
f 6060/7433/6060 6051/7443/6051 6052/7434/6052
f 6059/7432/6059 6052/7434/6052 6053/7444/6053
f 6058/7435/6058 6059/7432/6059 6053/7444/6053
f 6054/7445/6054 6056/7440/6056 6055/7439/6055
f 6063/7446/6063 6064/7447/6064 6061/7448/6061
f 6062/7449/6062 6063/7450/6063 6061/7451/6061
f 6067/7452/6067 6065/7453/6065 6066/7454/6066
f 6067/7452/6067 6066/7454/6066 6068/7455/6068
f 6069/7456/6069 6070/7457/6070 6071/7458/6071
f 6074/7459/6074 6073/7460/6073 6072/7461/6072
f 6076/7462/6076 6077/7463/6077 6075/7464/6075
f 6080/7465/6080 6079/7466/6079 6078/7467/6078
f 6082/7468/6082 6083/7469/6083 6081/7470/6081
f 6086/7471/6086 6085/7472/6085 6084/7473/6084
f 6088/7474/6088 6089/7475/6089 6087/7476/6087
f 6092/7477/6092 6090/7478/6090 6091/7479/6091
f 6094/7480/6094 6095/7481/6095 6093/7482/6093
f 6098/7483/6098 6096/7484/6096 6097/7485/6097
f 6101/7486/6101 6100/7487/6100 6099/7488/6099
f 6104/7489/6104 6103/7490/6103 6102/7491/6102
f 6105/7492/6105 6107/7493/6107 6106/7494/6106
f 6110/7495/6110 6109/7496/6109 6108/7497/6108
f 6111/7498/6111 6113/7499/6113 6112/7500/6112
f 6115/7501/6115 6114/7502/6114 6116/7503/6116
f 6117/7504/6117 6119/7505/6119 6118/7506/6118
f 6120/7507/6120 6122/7508/6122 6121/7509/6121
f 6124/7510/6124 6125/7511/6125 6123/7512/6123
f 6126/7513/6126 6127/7514/6127 6128/7515/6128
f 6129/7516/6129 6130/7517/6130 6131/7518/6131
f 6132/7519/6132 6134/7520/6134 6133/7521/6133
f 6136/7522/6136 6135/7523/6135 6137/7524/6137
f 6138/7525/6138 6140/7526/6140 6139/7527/6139
f 6142/7528/6142 6141/7529/6141 6143/7530/6143
f 6144/7531/6144 6145/7532/6145 6146/7533/6146
f 6147/7534/6147 6148/7535/6148 6149/7536/6149
f 6150/7537/6150 6151/7538/6151 6152/7539/6152
f 6153/7540/6153 6154/7541/6154 6155/7542/6155
f 6156/7543/6156 6158/7544/6158 6157/7545/6157
f 6159/7546/6159 6161/7547/6161 6160/7548/6160
f 6162/7549/6162 6163/7550/6163 6164/7551/6164
f 6165/7552/6165 6167/7553/6167 6166/7554/6166
f 6168/7555/6168 6170/7556/6170 6169/7557/6169
f 6171/7558/6171 6173/7559/6173 6172/7560/6172
f 6174/7561/6174 6176/7562/6176 6175/7563/6175
f 6178/7564/6178 6179/7565/6179 6177/7566/6177
f 6182/7567/6182 6180/7568/6180 6181/7569/6181
f 6185/7570/6185 6184/7571/6184 6183/7572/6183
f 6188/7573/6188 6187/7574/6187 6186/7575/6186
f 6190/7576/6190 6191/7577/6191 6189/7578/6189
f 6193/7579/6193 6194/7580/6194 6192/7581/6192
f 6196/7582/6196 6197/7583/6197 6195/7584/6195
f 6200/7585/6200 6198/7586/6198 6199/7587/6199
f 6202/7588/6202 6203/7589/6203 6201/7590/6201
f 6205/7591/6205 6206/7592/6206 6204/7593/6204
f 6208/7594/6208 6209/7595/6209 6207/7596/6207
f 6212/7597/6212 6211/7598/6211 6210/7599/6210
f 6215/7600/6215 6213/7601/6213 6214/7602/6214
f 6217/7603/6217 6218/7604/6218 6216/7605/6216
f 6221/7606/6221 6219/7607/6219 6220/7608/6220
f 6224/7609/6224 6222/7610/6222 6223/7611/6223
f 6226/7612/6226 6227/7613/6227 6225/7614/6225
f 6229/7615/6229 6230/7616/6230 6228/7617/6228
f 6233/7618/6233 6232/7619/6232 6231/7620/6231
f 6236/7621/6236 6234/7622/6234 6235/7623/6235
f 6239/7624/6239 6238/7625/6238 6237/7626/6237
f 6242/7627/6242 6241/7628/6241 6240/7629/6240
f 6245/7630/6245 6244/7631/6244 6243/7632/6243
f 6248/7633/6248 6246/7634/6246 6247/7635/6247
f 6251/7636/6251 6250/7637/6250 6249/7638/6249
f 6254/7639/6254 6253/7640/6253 6252/7641/6252
f 6257/7642/6257 6256/7643/6256 6255/7644/6255
f 6258/7645/6258 6260/7646/6260 6259/7647/6259
f 6261/7648/6261 6263/7649/6263 6262/7650/6262
f 6264/7651/6264 6266/7652/6266 6265/7653/6265
f 6268/7654/6268 6267/7655/6267 6269/7656/6269
f 6270/7657/6270 6272/7658/6272 6271/7659/6271
f 6273/7660/6273 6274/7661/6274 6275/7662/6275
f 6277/7663/6277 6278/7664/6278 6276/7665/6276
f 6279/7666/6279 6281/7667/6281 6280/7668/6280
f 6282/7669/6282 6283/7670/6283 6284/7671/6284
f 6285/7672/6285 6287/7673/6287 6286/7674/6286
f 6288/7675/6288 6290/7676/6290 6289/7677/6289
f 6291/7678/6291 6293/7679/6293 6292/7680/6292
f 6294/7681/6294 6295/7682/6295 6296/7683/6296
f 6297/7684/6297 6298/7685/6298 6299/7686/6299
f 6300/7687/6300 6301/7688/6301 6302/7689/6302
f 6304/7690/6304 6303/7691/6303 6305/7692/6305
f 6306/7693/6306 6307/7694/6307 6308/7695/6308
f 6309/7696/6309 6310/7697/6310 6311/7698/6311
f 6312/7699/6312 6314/7700/6314 6313/7701/6313
f 6316/7702/6316 6315/7703/6315 6317/7704/6317
f 6318/7705/6318 6319/7706/6319 6320/7707/6320
f 6323/7708/6323 6321/7709/6321 6322/7710/6322
f 6326/7711/6326 6325/7712/6325 6324/7713/6324
f 6327/7714/6327 6328/7715/6328 6329/7716/6329
f 6331/7717/6331 6332/7718/6332 6330/7719/6330
f 6333/7720/6333 6335/7721/6335 6334/7722/6334
f 6337/7723/6337 6338/7724/6338 6336/7725/6336
f 6339/7726/6339 6340/7727/6340 6341/7728/6341
f 6343/7729/6343 6344/7730/6344 6342/7731/6342
f 6345/7732/6345 6347/7733/6347 6346/7734/6346
f 6348/7735/6348 6349/7736/6349 6350/7737/6350
f 6352/7738/6352 6353/7739/6353 6351/7740/6351
f 6354/7741/6354 6355/7742/6355 6356/7743/6356
f 6357/7744/6357 6358/7745/6358 6359/7746/6359
f 6360/7747/6360 6361/7748/6361 6362/7749/6362
f 6365/7750/6365 6363/7751/6363 6364/7752/6364
f 6368/7753/6368 6367/7754/6367 6366/7755/6366
f 6369/7756/6369 6371/7757/6371 6370/7758/6370
f 6373/7759/6373 6372/7760/6372 6374/7761/6374
f 6375/7762/6375 6377/7763/6377 6376/7764/6376
f 6378/7765/6378 6380/7766/6380 6379/7767/6379
f 6382/7768/6382 6381/7769/6381 6383/7770/6383
f 6384/7771/6384 6385/7772/6385 6386/7773/6386
f 6387/7774/6387 6389/7775/6389 6388/7776/6388
f 6392/7777/6392 6390/7778/6390 6391/7779/6391
f 6394/7780/6394 6393/7781/6393 6395/7782/6395
f 6398/7783/6398 6397/7784/6397 6396/7785/6396
f 6401/7786/6401 6399/7787/6399 6400/7788/6400
f 6404/7789/6404 6403/7790/6403 6402/7791/6402
f 6407/7792/6407 6406/7793/6406 6405/7794/6405
f 6410/7795/6410 6409/7796/6409 6408/7797/6408
f 6413/7798/6413 6412/7799/6412 6411/7800/6411
f 6416/7801/6416 6415/7802/6415 6414/7803/6414
f 6417/7804/6417 6419/7805/6419 6418/7806/6418
f 6420/7807/6420 6421/7808/6421 6422/7809/6422
f 6425/7810/6425 6424/7811/6424 6423/7812/6423
f 6427/7813/6427 6428/7814/6428 6426/7815/6426
f 6431/7816/6431 6429/7817/6429 6430/7818/6430
f 6434/7819/6434 6432/7820/6432 6433/7821/6433
f 6436/7822/6436 6435/7823/6435 6437/7824/6437
f 6439/7825/6439 6440/7826/6440 6438/7827/6438
f 6443/7828/6443 6441/7829/6441 6442/7830/6442
f 6444/7831/6444 6445/7832/6445 6446/7833/6446
f 6448/7834/6448 6447/7835/6447 6449/7836/6449
f 6451/7837/6451 6452/7838/6452 6450/7839/6450
f 6455/7840/6455 6453/7841/6453 6454/7842/6454
f 6456/7843/6456 6458/7844/6458 6457/7845/6457
f 6460/7846/6460 6461/7847/6461 6459/7848/6459
f 6464/7849/6464 6462/7850/6462 6463/7851/6463
f 6465/7852/6465 6466/7853/6466 6467/7854/6467
f 6470/7855/6470 6469/7856/6469 6468/7857/6468
f 6473/7858/6473 6472/7859/6472 6471/7860/6471
f 6475/7861/6475 6474/7862/6474 6476/7863/6476
f 6479/7864/6479 6477/7865/6477 6478/7866/6478
f 6481/7867/6481 6482/7868/6482 6480/7869/6480
f 6483/7870/6483 6485/7871/6485 6484/7872/6484
f 6488/7873/6488 6486/7874/6486 6487/7875/6487
f 6491/7876/6491 6490/7877/6490 6489/7878/6489
f 6494/7879/6494 6492/7880/6492 6493/7881/6493
f 6497/7882/6497 6495/7883/6495 6496/7884/6496
f 6499/7885/6499 6498/7886/6498 6500/7887/6500
f 6503/7888/6503 6502/7889/6502 6501/7890/6501
f 6506/7891/6506 6504/7892/6504 6505/7893/6505
f 6507/7894/6507 6508/7895/6508 6509/7896/6509
f 6511/7897/6511 6510/7898/6510 6512/7899/6512
f 6514/7900/6514 6515/7901/6515 6513/7902/6513
f 6517/7903/6517 6518/7904/6518 6516/7905/6516
f 6520/7906/6520 6521/7907/6521 6519/7908/6519
f 6523/7909/6523 6524/7910/6524 6522/7911/6522
f 6526/7912/6526 6527/7913/6527 6525/7914/6525
f 6529/7915/6529 6530/7916/6530 6528/7917/6528
f 6532/7918/6532 6533/7919/6533 6531/7920/6531
f 6535/7921/6535 6536/7922/6536 6534/7923/6534
f 6538/7924/6538 6539/7925/6539 6537/7926/6537
f 6541/7927/6541 6542/7928/6542 6540/7929/6540
f 6544/7930/6544 6545/7931/6545 6543/7932/6543
f 6547/7933/6547 6548/7934/6548 6546/7935/6546
f 6550/7936/6550 6551/7937/6551 6549/7938/6549
f 6553/7939/6553 6554/7940/6554 6552/7941/6552
f 6556/7942/6556 6557/7943/6557 6555/7944/6555
f 6559/7945/6559 6560/7946/6560 6558/7947/6558
f 6562/7948/6562 6563/7949/6563 6561/7950/6561
f 6566/7951/6566 6565/7952/6565 6564/7953/6564
f 6567/7954/6567 6568/7955/6568 6569/7956/6569
f 6570/7957/6570 6572/7958/6572 6571/7959/6571
f 6573/7960/6573 6575/7961/6575 6574/7962/6574
f 6576/7963/6576 6578/7964/6578 6577/7965/6577
f 6579/7966/6579 6580/7967/6580 6581/7968/6581
f 6582/7969/6582 6583/7970/6583 6584/7971/6584
f 6586/7972/6586 6585/7973/6585 6587/7974/6587
f 6589/7975/6589 6588/7976/6588 6590/7977/6590
f 6592/7978/6592 6591/7979/6591 6593/7980/6593
f 6596/7981/6596 6594/7982/6594 6595/7983/6595
f 6598/7984/6598 6597/7985/6597 6599/7986/6599
f 6601/7987/6601 6600/7988/6600 6602/7989/6602
f 6603/7990/6603 6605/7991/6605 6604/7992/6604
f 6606/7993/6606 6607/7994/6607 6608/7995/6608
f 6609/7996/6609 6610/7997/6610 6611/7998/6611
f 6612/7999/6612 6614/8000/6614 6613/8001/6613
f 6615/8002/6615 6617/8003/6617 6616/8004/6616
f 6619/8005/6619 6618/8006/6618 6620/8007/6620
f 6621/8008/6621 6623/8009/6623 6622/8010/6622
f 6624/8011/6624 6625/8012/6625 6626/8013/6626
f 6627/8014/6627 6629/8015/6629 6628/8016/6628
f 6631/8017/6631 6630/8018/6630 6632/8019/6632
f 6634/8020/6634 6635/8021/6635 6633/8022/6633
f 6638/8023/6638 6637/8024/6637 6636/8025/6636
f 6640/8026/6640 6641/8027/6641 6639/8028/6639
f 6644/8029/6644 6643/8030/6643 6642/8031/6642
f 6646/8032/6646 6647/8033/6647 6645/8034/6645
f 6649/8035/6649 6650/8036/6650 6648/8037/6648
f 6653/8038/6653 6652/8039/6652 6651/8040/6651
f 6655/8041/6655 6656/8042/6656 6654/8043/6654
f 6658/8044/6658 6659/8045/6659 6657/8046/6657
f 6662/8047/6662 6661/8048/6661 6660/8049/6660
f 6664/8050/6664 6665/8051/6665 6663/8052/6663
f 6668/8053/6668 6667/8054/6667 6666/8055/6666
f 6669/8056/6669 6670/8057/6670 6671/8058/6671
f 6672/8059/6672 6673/8060/6673 6674/8061/6674
f 6675/8062/6675 6677/8063/6677 6676/8064/6676
f 6679/8065/6679 6680/8066/6680 6678/8067/6678
f 6681/8068/6681 6682/8069/6682 6683/8070/6683
f 6684/8071/6684 6686/8072/6686 6685/8073/6685
f 6688/8074/6688 6689/8075/6689 6687/8076/6687
f 6691/8077/6691 6692/8078/6692 6690/8079/6690
f 6695/8080/6695 6694/8081/6694 6693/8082/6693
f 6696/8083/6696 6698/8084/6698 6697/8085/6697
f 6701/8086/6701 6700/8087/6700 6699/8088/6699
f 6702/8089/6702 6703/8090/6703 6704/8091/6704
f 6705/8092/6705 6706/8093/6706 6707/8094/6707
f 6708/8095/6708 6710/8096/6710 6709/8097/6709
f 6711/8098/6711 6713/8099/6713 6712/8100/6712
f 6715/8101/6715 6714/8102/6714 6716/8103/6716
f 6717/8104/6717 6719/8105/6719 6718/8106/6718
f 6720/8107/6720 6722/8108/6722 6721/8109/6721
f 6723/8110/6723 6724/8111/6724 6725/8112/6725
f 6726/8113/6726 6727/8114/6727 6728/8115/6728
f 6729/8116/6729 6731/8117/6731 6730/8118/6730
f 6732/8119/6732 6734/8120/6734 6733/8121/6733
f 6735/8122/6735 6737/8123/6737 6736/8124/6736
f 6738/8125/6738 6740/8126/6740 6739/8127/6739
f 6741/8128/6741 6743/8129/6743 6742/8130/6742
f 6746/8131/6746 6744/8132/6744 6745/8133/6745
f 6749/8134/6749 6747/8135/6747 6748/8136/6748
f 6750/8137/6750 6751/8138/6751 6752/8139/6752
f 6753/8140/6753 6755/8141/6755 6754/8142/6754
f 6756/8143/6756 6758/8144/6758 6757/8145/6757
f 6760/8146/6760 6761/8147/6761 6759/8148/6759
f 6764/8149/6764 6762/8150/6762 6763/8151/6763
f 6767/8152/6767 6765/8153/6765 6766/8154/6766
f 6768/8155/6768 6769/8156/6769 6770/8157/6770
f 6771/8158/6771 6772/8159/6772 6773/8160/6773
f 6775/8161/6775 6774/8162/6774 6776/8163/6776
f 6777/8164/6777 6779/8165/6779 6778/8166/6778
f 6780/8167/6780 6781/8168/6781 6782/8169/6782
f 6783/8170/6783 6784/8171/6784 6785/8172/6785
f 6787/8173/6787 6786/8174/6786 6788/8175/6788
f 6790/8176/6790 6789/8177/6789 6791/8178/6791
f 6793/8179/6793 6794/8180/6794 6792/8181/6792
f 6796/8182/6796 6797/8183/6797 6795/8184/6795
f 6798/8185/6798 6800/8186/6800 6799/8187/6799
f 6801/8188/6801 6803/8189/6803 6802/8190/6802
f 6805/8191/6805 6806/8192/6806 6804/8193/6804
f 6807/8194/6807 6808/8195/6808 6809/8196/6809
f 6811/8197/6811 6810/8198/6810 6812/8199/6812
f 6813/8200/6813 6815/8201/6815 6814/8202/6814
f 6817/8203/6817 6818/8204/6818 6816/8205/6816
f 6819/8206/6819 6820/8207/6820 6821/8208/6821
f 6823/8209/6823 6824/8210/6824 6822/8211/6822
f 6826/8212/6826 6827/8213/6827 6825/8214/6825
f 6828/8215/6828 6829/8216/6829 6830/8217/6830
f 6832/8218/6832 6831/8219/6831 6833/8220/6833
f 6834/8221/6834 6836/8222/6836 6835/8223/6835
f 6837/8224/6837 6838/8225/6838 6839/8226/6839
f 6840/8227/6840 6841/8228/6841 6842/8229/6842
f 6844/8230/6844 6843/8231/6843 6845/8232/6845
f 6848/8233/6848 6846/8234/6846 6847/8235/6847
f 6850/8236/6850 6851/8237/6851 6849/8238/6849
f 6852/8239/6852 6853/8240/6853 6854/8241/6854
f 6855/8242/6855 6856/8243/6856 6857/8244/6857
f 6858/8245/6858 6859/8246/6859 6860/8247/6860
f 6862/8248/6862 6861/8249/6861 6863/8250/6863
f 6864/8251/6864 6865/8252/6865 6866/8253/6866
f 6868/8254/6868 6867/8255/6867 6869/8256/6869
f 6870/8257/6870 6871/8258/6871 6872/8259/6872
f 6873/8260/6873 6874/8261/6874 6875/8262/6875
f 6876/8263/6876 6878/8264/6878 6877/8265/6877
f 6879/8266/6879 6880/8267/6880 6881/8268/6881
f 6882/8269/6882 6884/8270/6884 6883/8271/6883
f 6886/8272/6886 6885/8273/6885 6887/8274/6887
f 6889/8275/6889 6888/8276/6888 6890/8277/6890
f 6891/8278/6891 6892/8279/6892 6893/8280/6893
f 6895/8281/6895 6894/8282/6894 6896/8283/6896
f 6898/8284/6898 6897/8285/6897 6899/8286/6899
f 6901/8287/6901 6900/8288/6900 6902/8289/6902
f 6904/8290/6904 6903/8291/6903 6905/8292/6905
f 6907/8293/6907 6906/8294/6906 6908/8295/6908
f 6909/8296/6909 6910/8297/6910 6911/8298/6911
f 6913/8299/6913 6912/8300/6912 6914/8301/6914
f 6916/8302/6916 6915/8303/6915 6917/8304/6917
f 6919/8305/6919 6918/8306/6918 6920/8307/6920
f 6922/8308/6922 6923/8309/6923 6921/8310/6921
f 6926/8311/6926 6924/8312/6924 6925/8313/6925
f 6928/8314/6928 6927/8315/6927 6929/8316/6929
f 6931/8317/6931 6930/8318/6930 6932/8319/6932
f 6933/8320/6933 6934/8321/6934 6935/8322/6935
f 6936/8323/6936 6938/8324/6938 6937/8325/6937
f 6939/8326/6939 6941/8327/6941 6940/8328/6940
f 6943/8329/6943 6944/8330/6944 6942/8331/6942
f 6946/8332/6946 6945/8333/6945 6947/8334/6947
f 6948/8335/6948 6949/8336/6949 6950/8337/6950
f 6952/8338/6952 6953/8339/6953 6951/8340/6951
f 6954/8341/6954 6956/8342/6956 6955/8343/6955
f 6959/8344/6959 6957/8345/6957 6958/8346/6958
f 6962/8347/6962 6961/8348/6961 6960/8349/6960
f 6965/8350/6965 6964/8351/6964 6963/8352/6963
f 6967/8353/6967 6966/8354/6966 6968/8355/6968
f 6971/8356/6971 6969/8357/6969 6970/8358/6970
f 6973/8359/6973 6974/8360/6974 6972/8361/6972
f 6976/8362/6976 6977/8363/6977 6975/8364/6975
f 6979/8365/6979 6978/8366/6978 6980/8367/6980
f 6981/8368/6981 6982/8369/6982 6983/8370/6983
f 6984/8371/6984 6985/8372/6985 6986/8373/6986
f 6988/8374/6988 6987/8375/6987 6989/8376/6989
f 6992/8377/6992 6991/8378/6991 6990/8379/6990
f 6995/8380/6995 6993/8381/6993 6994/8382/6994
f 6998/8383/6998 6996/8384/6996 6997/8385/6997
f 6999/8386/6999 7001/8387/7001 7000/8388/7000
f 7004/8389/7004 7002/8390/7002 7003/8391/7003
f 7005/8392/7005 7007/8393/7007 7006/8394/7006
f 7009/8395/7009 7010/8396/7010 7008/8397/7008
f 7013/8398/7013 7012/8399/7012 7011/8400/7011
f 7015/8401/7015 7016/8402/7016 7014/8403/7014
f 7019/8404/7019 7018/8405/7018 7017/8406/7017
f 7022/8407/7022 7021/8408/7021 7020/8409/7020
f 7024/8410/7024 7023/8411/7023 7025/8412/7025
f 7026/8413/7026 7027/8414/7027 7028/8415/7028
f 7030/8416/7030 7029/8417/7029 7031/8418/7031
f 7033/8419/7033 7032/8420/7032 7034/8421/7034
f 7037/8422/7037 7035/8423/7035 7036/8424/7036
f 7040/8425/7040 7039/8426/7039 7038/8427/7038
f 7042/8428/7042 7041/8429/7041 7043/8430/7043
f 7044/8431/7044 7046/8432/7046 7045/8433/7045
f 7047/8434/7047 7048/8435/7048 7049/8436/7049
f 7051/8437/7051 7050/8438/7050 7052/8439/7052
f 7053/8440/7053 7055/8441/7055 7054/8442/7054
f 7057/8443/7057 7056/8444/7056 7058/8445/7058
f 7059/8446/7059 7061/8447/7061 7060/8448/7060
f 7062/8449/7062 7063/8450/7063 7064/8451/7064
f 7065/8452/7065 7067/8453/7067 7066/8454/7066
f 7068/8455/7068 7070/8456/7070 7069/8457/7069
f 7072/8458/7072 7071/8459/7071 7073/8460/7073
f 7074/8461/7074 7076/8462/7076 7075/8463/7075
f 7077/8464/7077 7078/8465/7078 7079/8466/7079
f 7082/8467/7082 7081/8468/7081 7080/8469/7080
f 7085/8470/7085 7083/8471/7083 7084/8472/7084
f 7087/8473/7087 7088/8474/7088 7086/8475/7086
f 7090/8476/7090 7089/8477/7089 7091/8478/7091
f 7093/8479/7093 7094/8480/7094 7092/8481/7092
f 7095/8482/7095 7097/8483/7097 7096/8484/7096
f 7100/8485/7100 7099/8486/7099 7098/8487/7098
f 7102/8488/7102 7103/8489/7103 7101/8490/7101
f 7104/8491/7104 7105/8492/7105 7106/8493/7106
f 7108/8494/7108 7109/8495/7109 7107/8496/7107
f 7111/8497/7111 7110/8498/7110 7112/8499/7112
f 7114/8500/7114 7115/8501/7115 7113/8502/7113
f 7118/8503/7118 7117/8504/7117 7116/8505/7116
f 7119/8506/7119 7121/8507/7121 7120/8508/7120
f 7124/8509/7124 7122/8510/7122 7123/8511/7123
f 7127/8512/7127 7125/8513/7125 7126/8514/7126
f 7128/8515/7128 7129/8516/7129 7130/8517/7130
f 7131/8518/7131 7133/8519/7133 7132/8520/7132
f 7135/8521/7135 7136/8522/7136 7134/8523/7134
f 7138/8524/7138 7137/8525/7137 7139/8526/7139
f 7140/8527/7140 7141/8528/7141 7142/8529/7142
f 7143/8530/7143 7144/8531/7144 7145/8532/7145
f 7146/8533/7146 7148/8534/7148 7147/8535/7147
f 7151/8536/7151 7150/8537/7150 7149/8538/7149
f 7152/8539/7152 7154/8540/7154 7153/8541/7153
f 7157/8542/7157 7155/8543/7155 7156/8544/7156
f 7158/8545/7158 7159/8546/7159 7160/8547/7160
f 7163/8548/7163 7162/8549/7162 7161/8550/7161
f 7164/8551/7164 7166/8552/7166 7165/8553/7165
f 7169/8554/7169 7167/8555/7167 7168/8556/7168
f 7171/8557/7171 7172/8558/7172 7170/8559/7170
f 7173/8560/7173 7175/8561/7175 7174/8562/7174
f 7176/8563/7176 7178/8564/7178 7177/8565/7177
f 7179/8566/7179 7181/8567/7181 7180/8568/7180
f 7182/8569/7182 7184/8570/7184 7183/8571/7183
f 7186/8572/7186 7185/8573/7185 7187/8574/7187
f 7189/8575/7189 7190/8576/7190 7188/8577/7188
f 7191/8578/7191 7193/8579/7193 7192/8580/7192
f 7194/8581/7194 7195/8582/7195 7196/8583/7196
f 7198/8584/7198 7199/8585/7199 7197/8586/7197
f 7200/8587/7200 7201/8588/7201 7202/8589/7202
f 7205/8590/7205 7203/8591/7203 7204/8592/7204
f 7206/8593/7206 7208/8594/7208 7207/8595/7207
f 7211/8596/7211 7209/8597/7209 7210/8598/7210
f 7212/8599/7212 7214/8600/7214 7213/8601/7213
f 7216/8602/7216 7215/8603/7215 7217/8604/7217
f 7219/8605/7219 7220/8606/7220 7218/8607/7218
f 7222/8608/7222 7221/8609/7221 7223/8610/7223
f 7224/8611/7224 7226/8612/7226 7225/8613/7225
f 7229/8614/7229 7228/8615/7228 7227/8616/7227
f 7231/8617/7231 7232/8618/7232 7230/8619/7230
f 7234/8620/7234 7235/8621/7235 7233/8622/7233
f 7238/8623/7238 7237/8624/7237 7236/8625/7236
f 7240/8626/7240 7241/8627/7241 7239/8628/7239
f 7243/8629/7243 7244/8630/7244 7242/8631/7242
f 7245/8632/7245 7247/8633/7247 7246/8634/7246
f 7249/8635/7249 7250/8636/7250 7248/8637/7248
f 7251/8638/7251 7253/8639/7253 7252/8640/7252
f 7255/8641/7255 7254/8642/7254 7256/8643/7256
f 7258/8644/7258 7257/8645/7257 7259/8646/7259
f 7261/8647/7261 7262/8648/7262 7260/8649/7260
f 7264/8650/7264 7265/8651/7265 7263/8652/7263
f 7268/8653/7268 7267/8654/7267 7266/8655/7266
f 7270/8656/7270 7271/8657/7271 7269/8658/7269
