# OneRobotics A1 visual mesh, derived from ecf530911284ba0e559f7a24dc222fd8e60d31ed
# Source STL SHA-256: 2579284183b7fb457134c9271198575d89c42fa33c8cdbdc9a0a3d9edad2d3ac
# Changes: topology-checked part simplification, closed-shell union, smooth normals and box-projected UVs.
o link7
v 0.0198000 0.0002513 0.0000000
v 0.0198000 0.0002511 0.0056984
v 0.0198000 -0.0002487 0.0000000
v 0.0198000 -0.0002485 0.0056984
v 0.0065045 -0.0265918 0.0060053
v 0.0070395 -0.0265516 0.0054868
v 0.0064721 -0.0272235 0.0055102
v -0.0002481 -0.0278000 0.0056989
v -0.0066740 -0.0271374 0.0054961
v -0.0064861 -0.0266084 0.0060044
v 0.0002546 -0.0278660 0.0056332
v -0.0002949 -0.0281019 0.0055024
v 0.0031418 -0.0278232 0.0055000
v 0.0021639 -0.0274631 0.0060002
v -0.0030820 -0.0273267 0.0060000
v -0.0046305 -0.0271074 0.0060000
v -0.0002481 -0.0279989 0.0000000
v -0.0066702 -0.0271172 0.0000000
v -0.0036367 -0.0277780 0.0000000
v 0.0070395 -0.0265516 0.0054868
v 0.0064721 -0.0272235 0.0055102
v -0.0002481 -0.0278000 0.0000000
v -0.0002481 -0.0278000 0.0056989
v 0.0069677 -0.0269009 0.0000000
v 0.0002615 -0.0280028 0.0000000
v 0.0002546 -0.0278660 0.0056332
v 0.0031418 -0.0278232 0.0055000
v 0.0043833 -0.0276548 0.0000000
v -0.0070190 -0.0263544 0.0055095
v -0.0066740 -0.0271374 0.0054961
v -0.0064861 -0.0266084 0.0060044
v -0.0050799 -0.0206702 0.0059996
v -0.0055669 -0.0203129 0.0054962
v -0.0057119 -0.0189049 0.0059969
v -0.0062276 -0.0191652 0.0054978
v -0.0197300 -0.0002503 0.0058599
v -0.0111400 -0.0160648 0.0060004
v -0.0113618 -0.0165476 0.0055162
v -0.0157144 -0.0116577 0.0060003
v -0.0152167 -0.0129859 0.0055002
v -0.0172009 -0.0102158 0.0055002
v -0.0186963 -0.0057709 0.0060005
v -0.0186864 -0.0071489 0.0055002
v -0.0197940 -0.0031195 0.0054903
v -0.0198000 0.0002487 0.0000000
v -0.0198000 0.0002485 0.0056984
v -0.0055669 -0.0203129 0.0054962
v -0.0062276 -0.0191652 0.0054978
v -0.0199319 -0.0002541 -0.0000000
v -0.0197300 -0.0002503 0.0058599
v -0.0113618 -0.0165476 0.0055162
v -0.0152167 -0.0129859 0.0055002
v -0.0172009 -0.0102158 0.0055002
v -0.0186864 -0.0071489 0.0055002
v -0.0197940 -0.0031195 0.0054903
v -0.0062372 -0.0191640 0.0000002
v -0.0055895 -0.0203617 0.0000000
v -0.0196595 -0.0036745 0.0000000
v -0.0182218 -0.0084134 0.0000000
v -0.0143233 -0.0140585 0.0000000
v -0.0100238 -0.0173067 0.0000000
v -0.0002511 0.0198000 0.0056984
v 0.0002484 0.0198000 0.0056993
v -0.0002513 0.0198000 0.0000000
v 0.0002487 0.0198000 0.0000000
v 0.0152856 -0.0074455 0.0054750
v 0.0152520 -0.0075928 0.0060000
v 0.0137631 -0.0097656 0.0054854
v 0.0136127 -0.0098632 0.0060000
v 0.0152856 -0.0074455 0.0054750
v 0.0152520 -0.0075928 0.0060000
v 0.0137631 -0.0097656 0.0054854
v 0.0136127 -0.0098632 0.0060000
v 0.0109955 -0.0103430 0.0054750
v 0.0108482 -0.0103094 0.0060000
v 0.0086755 -0.0088205 0.0054854
v 0.0085778 -0.0086701 0.0060000
v 0.0080980 -0.0060530 0.0054750
v 0.0081316 -0.0059056 0.0060000
v 0.0096205 -0.0037329 0.0054854
v 0.0097709 -0.0036353 0.0060000
v 0.0123880 -0.0031554 0.0054750
v 0.0125354 -0.0031891 0.0060000
v 0.0147081 -0.0046779 0.0054854
v 0.0148057 -0.0048283 0.0060000
v 0.0126864 -0.0054321 0.0034942
v 0.0114754 -0.0051493 0.0035038
v 0.0103747 -0.0057546 0.0034942
v 0.0100919 -0.0069656 0.0035038
v 0.0106971 -0.0080663 0.0034942
v 0.0119082 -0.0083491 0.0035038
v 0.0130088 -0.0077439 0.0034942
v 0.0132917 -0.0065328 0.0035038
v 0.0109955 -0.0103430 0.0054750
v 0.0108482 -0.0103094 0.0060000
v 0.0086755 -0.0088205 0.0054854
v 0.0085778 -0.0086701 0.0060000
v 0.0080980 -0.0060530 0.0054750
v 0.0081316 -0.0059056 0.0060000
v 0.0096205 -0.0037329 0.0054854
v 0.0097709 -0.0036353 0.0060000
v 0.0123880 -0.0031554 0.0054750
v 0.0125354 -0.0031891 0.0060000
v 0.0147081 -0.0046779 0.0054854
v 0.0148057 -0.0048283 0.0060000
v -0.0080971 -0.0074470 0.0054750
v -0.0081307 -0.0075944 0.0060000
v -0.0096196 -0.0097671 0.0054854
v -0.0097700 -0.0098647 0.0060000
v -0.0080971 -0.0074470 0.0054750
v -0.0081307 -0.0075944 0.0060000
v -0.0096196 -0.0097671 0.0054854
v -0.0097700 -0.0098647 0.0060000
v -0.0123871 -0.0103446 0.0054750
v -0.0125345 -0.0103109 0.0060000
v -0.0147072 -0.0088221 0.0054854
v -0.0148048 -0.0086717 0.0060000
v -0.0152847 -0.0060545 0.0054750
v -0.0152510 -0.0059072 0.0060000
v -0.0137622 -0.0037345 0.0054854
v -0.0136118 -0.0036368 0.0060000
v -0.0109946 -0.0031570 0.0054750
v -0.0108473 -0.0031906 0.0060000
v -0.0086746 -0.0046795 0.0054854
v -0.0085770 -0.0048299 0.0060000
v -0.0106962 -0.0054337 0.0034942
v -0.0119073 -0.0051509 0.0035038
v -0.0130079 -0.0057561 0.0034942
v -0.0132908 -0.0069672 0.0035038
v -0.0126855 -0.0080678 0.0034942
v -0.0114745 -0.0083507 0.0035038
v -0.0103738 -0.0077454 0.0034942
v -0.0100910 -0.0065344 0.0035038
v -0.0123871 -0.0103446 0.0054750
v -0.0125345 -0.0103109 0.0060000
v -0.0147072 -0.0088221 0.0054854
v -0.0148048 -0.0086717 0.0060000
v -0.0152847 -0.0060545 0.0054750
v -0.0152510 -0.0059072 0.0060000
v -0.0137622 -0.0037345 0.0054854
v -0.0136118 -0.0036368 0.0060000
v -0.0109946 -0.0031570 0.0054750
v -0.0108473 -0.0031906 0.0060000
v -0.0086746 -0.0046795 0.0054854
v -0.0085770 -0.0048299 0.0060000
v -0.0080980 0.0060530 0.0054750
v -0.0081316 0.0059056 0.0060000
v -0.0096205 0.0037329 0.0054854
v -0.0097709 0.0036353 0.0060000
v -0.0080980 0.0060530 0.0054750
v -0.0081316 0.0059056 0.0060000
v -0.0096205 0.0037329 0.0054854
v -0.0097709 0.0036353 0.0060000
v -0.0123881 0.0031554 0.0054750
v -0.0125354 0.0031891 0.0060000
v -0.0147081 0.0046780 0.0054854
v -0.0148058 0.0048284 0.0060000
v -0.0152856 0.0074455 0.0054750
v -0.0152520 0.0075928 0.0060000
v -0.0137631 0.0097656 0.0054854
v -0.0136127 0.0098632 0.0060000
v -0.0109955 0.0103430 0.0054750
v -0.0108482 0.0103094 0.0060000
v -0.0086755 0.0088205 0.0054854
v -0.0106971 0.0080663 0.0034942
v -0.0119082 0.0083492 0.0035038
v -0.0130088 0.0077439 0.0034942
v -0.0132917 0.0065328 0.0035038
v -0.0126865 0.0054322 0.0034942
v -0.0114754 0.0051493 0.0035038
v -0.0103747 0.0057546 0.0034942
v -0.0100919 0.0069656 0.0035038
v -0.0085778 0.0086701 0.0060000
v -0.0123881 0.0031554 0.0054750
v -0.0125354 0.0031891 0.0060000
v -0.0147081 0.0046780 0.0054854
v -0.0148058 0.0048284 0.0060000
v -0.0152856 0.0074455 0.0054750
v -0.0152520 0.0075928 0.0060000
v -0.0137631 0.0097656 0.0054854
v -0.0136127 0.0098632 0.0060000
v -0.0109955 0.0103430 0.0054750
v -0.0108482 0.0103094 0.0060000
v -0.0086755 0.0088205 0.0054854
v -0.0085778 0.0086701 0.0060000
v 0.0152847 0.0060546 0.0054750
v 0.0152510 0.0059072 0.0060000
v 0.0137622 0.0037345 0.0054854
v 0.0136118 0.0036368 0.0060000
v 0.0152847 0.0060546 0.0054750
v 0.0152510 0.0059072 0.0060000
v 0.0137622 0.0037345 0.0054854
v 0.0136118 0.0036368 0.0060000
v 0.0109946 0.0031570 0.0054750
v 0.0108472 0.0031906 0.0060000
v 0.0086746 0.0046795 0.0054854
v 0.0085769 0.0048299 0.0060000
v 0.0080971 0.0074470 0.0054750
v 0.0081307 0.0075944 0.0060000
v 0.0096196 0.0097671 0.0054854
v 0.0123871 0.0103446 0.0054750
v 0.0125345 0.0103110 0.0060000
v 0.0147072 0.0088221 0.0054854
v 0.0148048 0.0086717 0.0060000
v 0.0097700 0.0098647 0.0060000
v 0.0126855 0.0080679 0.0034942
v 0.0114745 0.0083507 0.0035038
v 0.0103738 0.0077455 0.0034942
v 0.0100909 0.0065344 0.0035038
v 0.0106962 0.0054337 0.0034942
v 0.0119073 0.0051509 0.0035038
v 0.0130079 0.0057561 0.0034942
v 0.0132908 0.0069672 0.0035038
v 0.0109946 0.0031570 0.0054750
v 0.0108472 0.0031906 0.0060000
v 0.0086746 0.0046795 0.0054854
v 0.0085769 0.0048299 0.0060000
v 0.0080971 0.0074470 0.0054750
v 0.0081307 0.0075944 0.0060000
v 0.0096196 0.0097671 0.0054854
v 0.0097700 0.0098647 0.0060000
v 0.0123871 0.0103446 0.0054750
v 0.0125345 0.0103110 0.0060000
v 0.0147072 0.0088221 0.0054854
v 0.0148048 0.0086717 0.0060000
v 0.0198000 0.0002513 0.0000000
v 0.0198000 0.0002511 0.0056984
v 0.0199984 0.0002513 0.0000000
v 0.0199984 0.0002513 0.0055000
v 0.0002484 0.0198000 0.0056993
v 0.0002487 0.0198000 0.0000000
v 0.0002487 0.0199985 0.0000000
v 0.0002487 0.0199985 0.0055000
v 0.0198000 -0.0002487 0.0000000
v 0.0198000 -0.0002485 0.0056984
v 0.0199985 -0.0002486 0.0000000
v 0.0200116 -0.0002524 0.0054994
v 0.0198000 0.0002511 0.0056984
v 0.0198000 -0.0002485 0.0056984
v 0.0065045 -0.0265918 0.0060053
v 0.0070395 -0.0265516 0.0054868
v -0.0198000 0.0002485 0.0056984
v -0.0002511 0.0198000 0.0056984
v 0.0002484 0.0198000 0.0056993
v 0.0199984 0.0002513 0.0055000
v 0.0002487 0.0199985 0.0055000
v 0.0199985 -0.0002486 0.0000000
v 0.0050868 -0.0205472 0.0059997
v 0.0055922 -0.0205462 0.0054836
v 0.0057294 -0.0189133 0.0059976
v 0.0060931 -0.0192614 0.0054833
v -0.0197300 -0.0002503 0.0058599
v 0.0200116 -0.0002524 0.0054994
v -0.0199985 0.0002487 0.0055000
v -0.0002629 0.0200463 0.0054822
v -0.0016473 0.0194303 0.0060000
v 0.0030704 0.0193104 0.0060008
v -0.0193249 0.0026070 0.0060000
v 0.0196549 0.0039642 0.0054798
v 0.0193246 0.0026096 0.0060000
v 0.0194882 -0.0006782 0.0060000
v -0.0197698 0.0031318 0.0055035
v -0.0181564 0.0072996 0.0060004
v -0.0189450 0.0064628 0.0055003
v -0.0175751 0.0095819 0.0055003
v -0.0146967 0.0129213 0.0060002
v -0.0156960 0.0124235 0.0055002
v -0.0133622 0.0149054 0.0055002
v -0.0095644 0.0170728 0.0060002
v -0.0106412 0.0169556 0.0055002
v -0.0076118 0.0185148 0.0055002
v -0.0048922 0.0188763 0.0060000
v -0.0043618 0.0195375 0.0055002
v 0.0026296 0.0198291 0.0055089
v 0.0059604 0.0191082 0.0054873
v 0.0091160 0.0178193 0.0054874
v 0.0143930 0.0132470 0.0059999
v 0.0120071 0.0160135 0.0054875
v 0.0145498 0.0137434 0.0054877
v 0.0179753 0.0077164 0.0060000
v 0.0166703 0.0110747 0.0054879
v 0.0183070 0.0080852 0.0054881
v 0.0193446 -0.0024569 0.0060000
v 0.0186149 -0.0059940 0.0059999
v 0.0196357 -0.0038525 0.0054965
v 0.0186873 -0.0071463 0.0055002
v 0.0157158 -0.0116554 0.0060005
v 0.0172023 -0.0102135 0.0055002
v 0.0152184 -0.0129838 0.0055002
v 0.0109479 -0.0162160 0.0060005
v 0.0127934 -0.0153770 0.0055001
v 0.0099977 -0.0173236 0.0055001
v 0.0091779 0.0172739 0.0059999
v 0.0062363 -0.0191524 0.0000001
v 0.0117116 -0.0162981 0.0000000
v 0.0193170 -0.0053876 0.0000001
v 0.0165171 -0.0114015 0.0000000
v -0.0002481 -0.0278000 0.0000000
v -0.0002481 -0.0278000 0.0056989
v -0.0002949 -0.0281019 0.0055024
v -0.0002481 -0.0279989 0.0000000
v -0.0070190 -0.0263544 0.0055095
v -0.0066740 -0.0271374 0.0054961
v -0.0066702 -0.0271172 0.0000000
v -0.0070283 -0.0263521 0.0000000
v -0.0198000 0.0002487 0.0000000
v -0.0198000 0.0002485 0.0056984
v -0.0199985 0.0002487 0.0055000
v -0.0199985 0.0002487 0.0000000
v -0.0002511 0.0198000 0.0056984
v -0.0002513 0.0198000 0.0000000
v -0.0002629 0.0200463 0.0054822
v -0.0002513 0.0199984 0.0000000
v 0.0065045 -0.0265918 0.0060053
v -0.0064861 -0.0266084 0.0060044
v 0.0152520 -0.0075928 0.0060000
v 0.0136127 -0.0098632 0.0060000
v 0.0108482 -0.0103094 0.0060000
v 0.0085778 -0.0086701 0.0060000
v 0.0081316 -0.0059056 0.0060000
v 0.0097709 -0.0036353 0.0060000
v 0.0125354 -0.0031891 0.0060000
v 0.0148057 -0.0048283 0.0060000
v -0.0081307 -0.0075944 0.0060000
v -0.0097700 -0.0098647 0.0060000
v -0.0125345 -0.0103109 0.0060000
v -0.0148048 -0.0086717 0.0060000
v -0.0152510 -0.0059072 0.0060000
v -0.0136118 -0.0036368 0.0060000
v -0.0108473 -0.0031906 0.0060000
v -0.0085770 -0.0048299 0.0060000
v -0.0081316 0.0059056 0.0060000
v -0.0097709 0.0036353 0.0060000
v -0.0125354 0.0031891 0.0060000
v -0.0148058 0.0048284 0.0060000
v -0.0152520 0.0075928 0.0060000
v -0.0136127 0.0098632 0.0060000
v -0.0108482 0.0103094 0.0060000
v 0.0152510 0.0059072 0.0060000
v 0.0136118 0.0036368 0.0060000
v 0.0108472 0.0031906 0.0060000
v 0.0085769 0.0048299 0.0060000
v 0.0081307 0.0075944 0.0060000
v 0.0125345 0.0103110 0.0060000
v 0.0148048 0.0086717 0.0060000
v 0.0050868 -0.0205472 0.0059997
v 0.0057294 -0.0189133 0.0059976
v 0.0021639 -0.0274631 0.0060002
v -0.0030820 -0.0273267 0.0060000
v -0.0046305 -0.0271074 0.0060000
v -0.0050799 -0.0206702 0.0059996
v -0.0057119 -0.0189049 0.0059969
v -0.0197300 -0.0002503 0.0058599
v -0.0016473 0.0194303 0.0060000
v 0.0030704 0.0193104 0.0060008
v -0.0193249 0.0026070 0.0060000
v 0.0193246 0.0026096 0.0060000
v 0.0194882 -0.0006782 0.0060000
v -0.0111400 -0.0160648 0.0060004
v -0.0157144 -0.0116577 0.0060003
v -0.0186963 -0.0057709 0.0060005
v -0.0181564 0.0072996 0.0060004
v -0.0146967 0.0129213 0.0060002
v -0.0095644 0.0170728 0.0060002
v -0.0048922 0.0188763 0.0060000
v 0.0143930 0.0132470 0.0059999
v 0.0179753 0.0077164 0.0060000
v 0.0193446 -0.0024569 0.0060000
v 0.0186149 -0.0059940 0.0059999
v 0.0157158 -0.0116554 0.0060005
v 0.0109479 -0.0162160 0.0060005
v -0.0130515 -0.0017098 0.0059986
v 0.0094205 0.0024506 0.0060000
v 0.0046244 0.0089253 0.0060000
v 0.0017048 0.0119496 0.0059952
v -0.0017048 -0.0119496 0.0059952
v -0.0013287 -0.0137019 0.0059952
v 0.0003773 -0.0142537 0.0059965
v 0.0046256 -0.0089247 0.0060000
v 0.0017065 -0.0130504 0.0059952
v 0.0013294 -0.0112989 0.0059939
v -0.0003753 -0.0107476 0.0059952
v 0.0072220 -0.0020230 0.0060000
v 0.0142524 0.0003770 0.0059952
v 0.0137019 -0.0013287 0.0059952
v 0.0107476 -0.0003753 0.0059952
v 0.0112989 0.0013295 0.0059939
v 0.0119496 -0.0017048 0.0059952
v 0.0130504 0.0017065 0.0059952
v 0.0097700 0.0098647 0.0060000
v -0.0017520 0.0121241 0.0059940
v 0.0015146 0.0133751 0.0060000
v -0.0005513 0.0107943 0.0059952
v 0.0008743 0.0109845 0.0060000
v 0.0005500 0.0142070 0.0059965
v -0.0012028 0.0138295 0.0059952
v 0.0075000 0.0000005 0.0060000
v 0.0064084 -0.0038964 0.0060000
v 0.0042074 -0.0062831 0.0060000
v -0.0043247 -0.0061276 0.0060000
v -0.0017202 -0.0073635 0.0060000
v 0.0015264 -0.0073430 0.0060000
v -0.0058175 -0.0047335 0.0060000
v -0.0072289 0.0022187 0.0060000
v -0.0073293 -0.0018603 0.0060000
v -0.0058182 0.0047328 0.0060000
v -0.0085778 0.0086701 0.0060000
v 0.0045114 0.0060685 0.0060000
v 0.0007016 0.0075291 0.0060000
v -0.0033125 0.0067976 0.0060000
v 0.0070077 0.0028410 0.0060000
v 0.0077951 0.0089255 0.0060000
v 0.0091779 0.0172739 0.0059999
v -0.0119496 0.0017048 0.0059952
v -0.0112958 -0.0013329 0.0059985
v -0.0107476 0.0003753 0.0059952
v -0.0137011 0.0013278 0.0059939
v -0.0142524 -0.0003770 0.0059952
v 0.0137019 -0.0013287 0.0059952
v 0.0119496 -0.0017048 0.0059952
v 0.0133899 -0.0009223 0.0054863
v 0.0121455 -0.0012314 0.0054863
v 0.0107476 -0.0003753 0.0059952
v 0.0119496 -0.0017048 0.0059952
v 0.0121455 -0.0012314 0.0054863
v 0.0112556 -0.0003083 0.0054863
v 0.0107476 -0.0003753 0.0059952
v 0.0112989 0.0013295 0.0059939
v 0.0112556 -0.0003083 0.0054863
v 0.0116101 0.0009240 0.0054863
v 0.0112989 0.0013295 0.0059939
v 0.0130504 0.0017065 0.0059952
v 0.0116101 0.0009240 0.0054863
v 0.0128546 0.0012331 0.0054863
v 0.0142524 0.0003770 0.0059952
v 0.0130504 0.0017065 0.0059952
v 0.0128546 0.0012331 0.0054863
v 0.0137444 0.0003099 0.0054863
v 0.0142524 0.0003770 0.0059952
v 0.0137019 -0.0013287 0.0059952
v 0.0133899 -0.0009223 0.0054863
v 0.0137444 0.0003099 0.0054863
v 0.0017048 0.0119496 0.0059952
v 0.0015146 0.0133751 0.0060000
v -0.0005513 0.0107943 0.0059952
v 0.0008743 0.0109845 0.0060000
v 0.0005500 0.0142070 0.0059965
v 0.0008891 0.0115768 0.0054863
v -0.0003554 0.0112677 0.0054863
v 0.0003537 0.0137323 0.0054863
v 0.0012436 0.0128091 0.0054863
v -0.0017520 0.0121241 0.0059940
v -0.0005513 0.0107943 0.0059952
v -0.0003554 0.0112677 0.0054863
v -0.0012453 0.0121909 0.0054863
v -0.0017520 0.0121241 0.0059940
v -0.0012028 0.0138295 0.0059952
v -0.0012453 0.0121909 0.0054863
v -0.0008908 0.0134232 0.0054863
v 0.0005500 0.0142070 0.0059965
v -0.0012028 0.0138295 0.0059952
v -0.0008908 0.0134232 0.0054863
v 0.0003537 0.0137323 0.0054863
v -0.0130515 -0.0017098 0.0059986
v -0.0112958 -0.0013329 0.0059985
v -0.0116101 -0.0009240 0.0054863
v -0.0128545 -0.0012331 0.0054863
v -0.0130515 -0.0017098 0.0059986
v -0.0142524 -0.0003770 0.0059952
v -0.0128545 -0.0012331 0.0054863
v -0.0137444 -0.0003099 0.0054863
v -0.0137011 0.0013278 0.0059939
v -0.0142524 -0.0003770 0.0059952
v -0.0137444 -0.0003099 0.0054863
v -0.0133899 0.0009223 0.0054863
v -0.0119496 0.0017048 0.0059952
v -0.0137011 0.0013278 0.0059939
v -0.0133899 0.0009223 0.0054863
v -0.0121454 0.0012314 0.0054863
v -0.0119496 0.0017048 0.0059952
v -0.0107476 0.0003753 0.0059952
v -0.0121454 0.0012314 0.0054863
v -0.0112556 0.0003083 0.0054863
v -0.0112958 -0.0013329 0.0059985
v -0.0107476 0.0003753 0.0059952
v -0.0116101 -0.0009240 0.0054863
v -0.0112556 0.0003083 0.0054863
v -0.0017048 -0.0119496 0.0059952
v -0.0013287 -0.0137019 0.0059952
v 0.0003773 -0.0142537 0.0059965
v 0.0017065 -0.0130504 0.0059952
v 0.0013294 -0.0112989 0.0059939
v -0.0003753 -0.0107476 0.0059952
v 0.0008908 -0.0134232 0.0054863
v -0.0003537 -0.0137323 0.0054863
v -0.0012436 -0.0128091 0.0054863
v -0.0008891 -0.0115768 0.0054863
v 0.0003554 -0.0112677 0.0054863
v 0.0012453 -0.0121909 0.0054863
v 0.0199984 0.0002513 0.0000000
v 0.0199984 0.0002513 0.0055000
v 0.0002487 0.0199985 0.0000000
v 0.0002487 0.0199985 0.0055000
v 0.0196549 0.0039642 0.0054798
v 0.0026296 0.0198291 0.0055089
v 0.0059604 0.0191082 0.0054873
v 0.0091160 0.0178193 0.0054874
v 0.0120071 0.0160135 0.0054875
v 0.0145498 0.0137434 0.0054877
v 0.0166703 0.0110747 0.0054879
v 0.0183070 0.0080852 0.0054881
v 0.0196612 0.0036656 0.0000000
v 0.0085286 0.0181705 0.0000000
v 0.0036630 0.0196617 0.0000000
v 0.0181035 0.0086693 0.0000000
v 0.0141381 0.0142483 0.0000000
v 0.0070395 -0.0265516 0.0054868
v 0.0055922 -0.0205462 0.0054836
v 0.0060931 -0.0192614 0.0054833
v 0.0069677 -0.0269009 0.0000000
v 0.0062363 -0.0191524 0.0000001
v 0.0055846 -0.0204742 0.0000001
v -0.0070190 -0.0263544 0.0055095
v -0.0070283 -0.0263521 0.0000000
v -0.0055669 -0.0203129 0.0054962
v -0.0055895 -0.0203617 0.0000000
v -0.0199985 0.0002487 0.0055000
v -0.0002629 0.0200463 0.0054822
v -0.0197698 0.0031318 0.0055035
v -0.0189450 0.0064628 0.0055003
v -0.0175751 0.0095819 0.0055003
v -0.0156960 0.0124235 0.0055002
v -0.0133622 0.0149054 0.0055002
v -0.0106412 0.0169556 0.0055002
v -0.0076118 0.0185148 0.0055002
v -0.0043618 0.0195375 0.0055002
v -0.0199985 0.0002487 0.0000000
v -0.0002513 0.0199984 0.0000000
v -0.0053084 0.0193579 -0.0000000
v -0.0163619 0.0116269 -0.0000000
v -0.0196617 0.0036630 0.0000000
v -0.0187464 0.0069695 0.0000000
v -0.0115040 0.0164487 0.0000000
v 0.0126864 -0.0054321 0.0034942
v 0.0130088 -0.0077439 0.0034942
v 0.0132917 -0.0065328 0.0035038
v 0.0132918 -0.0067491 0.0000000
v 0.0128546 -0.0079119 0.0000001
v 0.0128545 -0.0055864 0.0000001
v 0.0100919 -0.0069656 0.0035038
v 0.0106971 -0.0080663 0.0034942
v 0.0119082 -0.0083491 0.0035038
v 0.0130088 -0.0077439 0.0034942
v 0.0128546 -0.0079119 0.0000001
v 0.0112805 -0.0083521 -0.0000001
v 0.0100890 -0.0071607 -0.0000000
v 0.0103747 -0.0057546 0.0034942
v 0.0100919 -0.0069656 0.0035038
v 0.0100890 -0.0071607 -0.0000000
v 0.0105290 -0.0055865 0.0000000
v 0.0126864 -0.0054321 0.0034942
v 0.0114754 -0.0051493 0.0035038
v 0.0103747 -0.0057546 0.0034942
v 0.0105290 -0.0055865 0.0000000
v 0.0116917 -0.0051492 0.0000000
v 0.0128545 -0.0055864 0.0000001
v -0.0106962 -0.0054337 0.0034942
v -0.0103738 -0.0077454 0.0034942
v -0.0100910 -0.0065344 0.0035038
v -0.0100909 -0.0067507 0.0000000
v -0.0105281 -0.0079135 0.0000000
v -0.0105282 -0.0055879 0.0000001
v -0.0126855 -0.0080678 0.0034942
v -0.0114745 -0.0083507 0.0035038
v -0.0103738 -0.0077454 0.0034942
v -0.0105281 -0.0079135 0.0000000
v -0.0116908 -0.0083508 0.0000000
v -0.0128536 -0.0079136 0.0000001
v -0.0130079 -0.0057561 0.0034942
v -0.0132908 -0.0069672 0.0035038
v -0.0126855 -0.0080678 0.0034942
v -0.0128536 -0.0079136 0.0000001
v -0.0132909 -0.0067509 0.0000000
v -0.0128537 -0.0055881 0.0000000
v -0.0106962 -0.0054337 0.0034942
v -0.0119073 -0.0051509 0.0035038
v -0.0130079 -0.0057561 0.0034942
v -0.0128537 -0.0055881 0.0000000
v -0.0116910 -0.0051508 0.0000000
v -0.0105282 -0.0055879 0.0000001
v -0.0106971 0.0080663 0.0034942
v -0.0114754 0.0051493 0.0035038
v -0.0103747 0.0057546 0.0034942
v -0.0100919 0.0069656 0.0035038
v -0.0100890 0.0063379 -0.0000001
v -0.0112803 0.0051464 -0.0000001
v -0.0105291 0.0079121 0.0000000
v -0.0126865 0.0054322 0.0034942
v -0.0114754 0.0051493 0.0035038
v -0.0112803 0.0051464 -0.0000001
v -0.0128545 0.0055864 0.0000001
v -0.0130088 0.0077439 0.0034942
v -0.0132917 0.0065328 0.0035038
v -0.0126865 0.0054322 0.0034942
v -0.0128545 0.0055864 0.0000001
v -0.0132918 0.0067491 0.0000000
v -0.0128546 0.0079119 0.0000001
v -0.0106971 0.0080663 0.0034942
v -0.0119082 0.0083492 0.0035038
v -0.0130088 0.0077439 0.0034942
v -0.0128546 0.0079119 0.0000001
v -0.0116919 0.0083492 0.0000000
v -0.0105291 0.0079121 0.0000000
v 0.0072220 -0.0020230 0.0060000
v 0.0075000 0.0000005 0.0060000
v 0.0064084 -0.0038964 0.0060000
v 0.0042074 -0.0062831 0.0060000
v -0.0043247 -0.0061276 0.0060000
v -0.0017202 -0.0073635 0.0060000
v 0.0015264 -0.0073430 0.0060000
v -0.0058175 -0.0047335 0.0060000
v -0.0072289 0.0022187 0.0060000
v -0.0073293 -0.0018603 0.0060000
v -0.0058182 0.0047328 0.0060000
v 0.0045114 0.0060685 0.0060000
v 0.0007016 0.0075291 0.0060000
v -0.0033125 0.0067976 0.0060000
v 0.0070077 0.0028410 0.0060000
v 0.0075145 -0.0008440 0.0000000
v 0.0064084 -0.0038964 0.0000000
v 0.0045123 -0.0060679 0.0000000
v 0.0007026 -0.0075290 0.0000000
v -0.0025111 -0.0070671 0.0000000
v -0.0050230 -0.0056524 0.0000000
v -0.0068789 -0.0029885 0.0000000
v -0.0074301 -0.0010217 0.0000000
v -0.0074302 0.0010208 0.0000000
v -0.0068793 0.0029876 0.0000000
v -0.0052965 0.0053970 0.0000000
v -0.0025121 0.0070668 0.0000000
v 0.0003292 0.0075546 0.0000000
v 0.0034500 0.0066594 0.0000000
v 0.0057458 0.0049158 0.0000000
v 0.0072217 0.0020240 0.0000000
v 0.0133899 -0.0009223 0.0054863
v 0.0121455 -0.0012314 0.0054863
v 0.0112556 -0.0003083 0.0054863
v 0.0116101 0.0009240 0.0054863
v 0.0128546 0.0012331 0.0054863
v 0.0137444 0.0003099 0.0054863
v 0.0137552 -0.0002684 0.0000000
v 0.0128944 -0.0012208 0.0000000
v 0.0116392 -0.0009516 0.0000000
v 0.0112448 0.0002701 0.0000000
v 0.0121056 0.0012225 0.0000000
v 0.0133608 0.0009533 0.0000000
v 0.0008891 0.0115768 0.0054863
v -0.0003554 0.0112677 0.0054863
v -0.0012453 0.0121909 0.0054863
v -0.0008908 0.0134232 0.0054863
v 0.0003537 0.0137323 0.0054863
v 0.0012436 0.0128091 0.0054863
v 0.0012544 0.0122308 0.0000000
v 0.0003936 0.0112783 0.0000000
v -0.0008616 0.0115476 0.0000000
v -0.0012560 0.0127693 0.0000000
v -0.0003952 0.0137217 0.0000000
v 0.0008599 0.0134524 0.0000000
v -0.0116101 -0.0009240 0.0054863
v -0.0128545 -0.0012331 0.0054863
v -0.0137444 -0.0003099 0.0054863
v -0.0133899 0.0009223 0.0054863
v -0.0121454 0.0012314 0.0054863
v -0.0112556 0.0003083 0.0054863
v -0.0112448 -0.0002701 0.0000000
v -0.0121056 -0.0012225 0.0000000
v -0.0133608 -0.0009532 0.0000000
v -0.0137552 0.0002684 0.0000000
v -0.0128944 0.0012208 0.0000000
v -0.0116392 0.0009516 0.0000000
v 0.0008908 -0.0134232 0.0054863
v 0.0003554 -0.0112677 0.0054863
v 0.0012453 -0.0121909 0.0054863
v 0.0012508 -0.0124999 0.0000000
v 0.0009533 -0.0133608 0.0000000
v 0.0002701 -0.0112448 0.0000000
v 0.0010833 -0.0118749 0.0000000
v 0.0008908 -0.0134232 0.0054863
v -0.0003537 -0.0137323 0.0054863
v 0.0009533 -0.0133608 0.0000000
v -0.0002684 -0.0137552 0.0000000
v -0.0003537 -0.0137323 0.0054863
v -0.0012436 -0.0128091 0.0054863
v -0.0002684 -0.0137552 0.0000000
v -0.0012208 -0.0128944 0.0000000
v -0.0012436 -0.0128091 0.0054863
v -0.0008891 -0.0115768 0.0054863
v -0.0012208 -0.0128944 0.0000000
v -0.0009516 -0.0116392 0.0000000
v -0.0008891 -0.0115768 0.0054863
v 0.0003554 -0.0112677 0.0054863
v -0.0009516 -0.0116392 0.0000000
v 0.0002701 -0.0112448 0.0000000
v 0.0126855 0.0080679 0.0034942
v 0.0119073 0.0051509 0.0035038
v 0.0130079 0.0057561 0.0034942
v 0.0132908 0.0069672 0.0035038
v 0.0132937 0.0063395 -0.0000001
v 0.0121024 0.0051480 -0.0000001
v 0.0128536 0.0079136 0.0000001
v 0.0106962 0.0054337 0.0034942
v 0.0119073 0.0051509 0.0035038
v 0.0121024 0.0051480 -0.0000001
v 0.0105282 0.0055880 0.0000001
v 0.0103738 0.0077455 0.0034942
v 0.0100909 0.0065344 0.0035038
v 0.0106962 0.0054337 0.0034942
v 0.0105282 0.0055880 0.0000001
v 0.0100909 0.0067507 0.0000000
v 0.0105281 0.0079135 0.0000001
v 0.0126855 0.0080679 0.0034942
v 0.0114745 0.0083507 0.0035038
v 0.0103738 0.0077455 0.0034942
v 0.0105281 0.0079135 0.0000001
v 0.0116908 0.0083508 0.0000000
v 0.0128536 0.0079136 0.0000001
v 0.0198000 0.0002513 0.0000000
v 0.0198000 -0.0002487 0.0000000
v -0.0002481 -0.0278000 0.0000000
v -0.0198000 0.0002487 0.0000000
v -0.0002513 0.0198000 0.0000000
v 0.0002487 0.0198000 0.0000000
v 0.0199984 0.0002513 0.0000000
v 0.0002487 0.0199985 0.0000000
v 0.0199985 -0.0002486 0.0000000
v 0.0069677 -0.0269009 0.0000000
v 0.0002615 -0.0280028 0.0000000
v -0.0002481 -0.0279989 0.0000000
v -0.0066702 -0.0271172 0.0000000
v -0.0070283 -0.0263521 0.0000000
v -0.0199319 -0.0002541 -0.0000000
v -0.0199985 0.0002487 0.0000000
v -0.0002513 0.0199984 0.0000000
v 0.0196612 0.0036656 0.0000000
v 0.0085286 0.0181705 0.0000000
v 0.0036630 0.0196617 0.0000000
v 0.0062363 -0.0191524 0.0000001
v 0.0117116 -0.0162981 0.0000000
v 0.0193170 -0.0053876 0.0000001
v 0.0055846 -0.0204742 0.0000001
v 0.0043833 -0.0276548 0.0000000
v -0.0036367 -0.0277780 0.0000000
v -0.0062372 -0.0191640 0.0000002
v -0.0055895 -0.0203617 0.0000000
v -0.0196595 -0.0036745 0.0000000
v -0.0182218 -0.0084134 0.0000000
v -0.0143233 -0.0140585 0.0000000
v -0.0100238 -0.0173067 0.0000000
v -0.0053084 0.0193579 -0.0000000
v -0.0163619 0.0116269 -0.0000000
v -0.0196617 0.0036630 0.0000000
v 0.0132918 -0.0067491 0.0000000
v 0.0128546 -0.0079119 0.0000001
v 0.0112805 -0.0083521 -0.0000001
v 0.0100890 -0.0071607 -0.0000000
v 0.0105290 -0.0055865 0.0000000
v 0.0116917 -0.0051492 0.0000000
v 0.0128545 -0.0055864 0.0000001
v -0.0100909 -0.0067507 0.0000000
v -0.0105281 -0.0079135 0.0000000
v -0.0116908 -0.0083508 0.0000000
v -0.0128536 -0.0079136 0.0000001
v -0.0132909 -0.0067509 0.0000000
v -0.0128537 -0.0055881 0.0000000
v -0.0116910 -0.0051508 0.0000000
v -0.0105282 -0.0055879 0.0000001
v -0.0100890 0.0063379 -0.0000001
v -0.0112803 0.0051464 -0.0000001
v -0.0128545 0.0055864 0.0000001
v -0.0132918 0.0067491 0.0000000
v -0.0128546 0.0079119 0.0000001
v -0.0116919 0.0083492 0.0000000
v -0.0105291 0.0079121 0.0000000
v 0.0075145 -0.0008440 0.0000000
v 0.0064084 -0.0038964 0.0000000
v 0.0045123 -0.0060679 0.0000000
v 0.0007026 -0.0075290 0.0000000
v -0.0025111 -0.0070671 0.0000000
v -0.0050230 -0.0056524 0.0000000
v -0.0068789 -0.0029885 0.0000000
v -0.0074301 -0.0010217 0.0000000
v -0.0074302 0.0010208 0.0000000
v -0.0068793 0.0029876 0.0000000
v -0.0052965 0.0053970 0.0000000
v -0.0025121 0.0070668 0.0000000
v 0.0003292 0.0075546 0.0000000
v 0.0034500 0.0066594 0.0000000
v 0.0057458 0.0049158 0.0000000
v 0.0072217 0.0020240 0.0000000
v 0.0137552 -0.0002684 0.0000000
v 0.0128944 -0.0012208 0.0000000
v 0.0116392 -0.0009516 0.0000000
v 0.0112448 0.0002701 0.0000000
v 0.0121056 0.0012225 0.0000000
v 0.0133608 0.0009533 0.0000000
v 0.0012544 0.0122308 0.0000000
v 0.0003936 0.0112783 0.0000000
v -0.0008616 0.0115476 0.0000000
v -0.0012560 0.0127693 0.0000000
v -0.0003952 0.0137217 0.0000000
v 0.0008599 0.0134524 0.0000000
v -0.0112448 -0.0002701 0.0000000
v -0.0121056 -0.0012225 0.0000000
v -0.0133608 -0.0009532 0.0000000
v -0.0137552 0.0002684 0.0000000
v -0.0128944 0.0012208 0.0000000
v -0.0116392 0.0009516 0.0000000
v 0.0012508 -0.0124999 0.0000000
v 0.0009533 -0.0133608 0.0000000
v -0.0002684 -0.0137552 0.0000000
v -0.0012208 -0.0128944 0.0000000
v -0.0009516 -0.0116392 0.0000000
v 0.0002701 -0.0112448 0.0000000
v 0.0010833 -0.0118749 0.0000000
v 0.0132937 0.0063395 -0.0000001
v 0.0121024 0.0051480 -0.0000001
v 0.0105282 0.0055880 0.0000001
v 0.0100909 0.0067507 0.0000000
v 0.0105281 0.0079135 0.0000001
v 0.0116908 0.0083508 0.0000000
v 0.0128536 0.0079136 0.0000001
v 0.0087955 0.0032006 0.0000000
v -0.0187464 0.0069695 0.0000000
v 0.0181035 0.0086693 0.0000000
v -0.0043757 0.0097997 0.0000000
v 0.0043743 0.0098003 0.0000000
v 0.0141381 0.0142483 0.0000000
v 0.0135209 -0.0031991 0.0000000
v 0.0165171 -0.0114015 0.0000000
v 0.0043755 -0.0079247 0.0000000
v -0.0043745 -0.0079253 0.0000000
v -0.0115040 0.0164487 0.0000000
v -0.0043755 0.0079247 0.0000000
v 0.0043745 0.0079253 0.0000000
vt 0.006278 0.142461
vt -0.006211 0.142461
vt -0.006217 0.000000
vt 0.006283 0.000000
vt -0.115761 -0.677684
vt -0.162152 -0.665209
vt -0.166851 -0.678435
vt 0.161801 -0.680588
vt 0.162613 -0.664796
vt 0.054097 -0.686578
vt -0.077051 -0.683169
vt -0.007374 -0.702548
vt -0.006203 -0.695000
vt 0.078545 0.137500
vt 0.054097 0.150005
vt 0.006364 0.140830
vt 0.006364 -0.696651
vt -0.115761 0.150000
vt -0.166851 0.137402
vt -0.007374 0.137560
vt -0.166754 0.000000
vt -0.090919 0.000000
vt -0.006203 0.000000
vt -0.077051 0.150000
vt -0.664796 0.150133
vt -0.680588 0.137754
vt -0.663790 0.137169
vt 0.078545 -0.695579
vt 0.078545 0.137500
vt 0.006364 0.140830
vt 0.006539 0.000001
vt 0.109584 0.000000
vt 0.161801 0.137754
vt -0.663790 0.137169
vt -0.680588 0.137754
vt -0.672522 0.000000
vt 0.174194 0.000000
vt -0.006203 0.142472
vt -0.006203 0.000000
vt -0.284046 -0.413689
vt -0.392860 -0.291441
vt -0.380417 -0.324647
vt -0.142797 -0.472622
vt -0.278501 -0.401621
vt -0.175475 -0.658860
vt -0.162152 -0.665209
vt -0.126997 -0.516755
vt -0.324647 0.137504
vt -0.291441 0.150007
vt -0.255395 0.137505
vt -0.467408 -0.144274
vt -0.493249 -0.006259
vt -0.494850 -0.077987
vt -0.155690 -0.479129
vt -0.139173 -0.507823
vt -0.516755 0.149989
vt -0.472622 0.149921
vt -0.507823 0.137404
vt -0.430023 -0.255395
vt -0.467159 -0.178722
vt -0.178722 0.137506
vt -0.144274 0.150011
vt -0.077987 0.137257
vt -0.658860 0.137739
vt -0.678435 0.137402
vt -0.665209 0.150111
vt -0.284046 0.137905
vt -0.250596 0.000000
vt -0.155931 0.000005
vt -0.155690 0.137446
vt -0.006352 -0.000001
vt -0.077987 0.137257
vt -0.006259 0.146497
vt -0.091863 0.000000
vt -0.210334 0.000000
vt -0.178722 0.137506
vt -0.358083 0.000000
vt -0.479100 0.000005
vt -0.509043 0.000001
vt -0.479129 0.137446
vt -0.507823 0.137404
vt -0.380417 0.137504
vt -0.351462 0.000000
vt -0.255395 0.137505
vt -0.324647 0.137504
vt 0.006217 0.000000
vt 0.006212 0.142461
vt 0.006211 0.142482
vt 0.006217 0.000000
vt -0.006283 0.000000
vt -0.006278 0.142461
vt -0.244139 0.137136
vt -0.246579 0.150000
vt -0.189821 0.150000
vt -0.186136 0.136874
vt 0.367703 -0.116948
vt 0.309701 -0.078885
vt 0.317161 -0.135804
vt -0.116948 0.137136
vt -0.186136 0.136874
vt -0.120708 0.150000
vt 0.309701 0.136874
vt 0.240513 0.137136
vt 0.286885 0.087594
vt 0.286885 -0.128732
vt -0.220512 0.137136
vt -0.151324 0.136874
vt -0.216752 0.150000
vt -0.189821 0.150000
vt -0.147640 0.150000
vt 0.313386 0.150000
vt 0.244273 0.150000
vt 0.240513 -0.093322
vt 0.259369 -0.143864
vt -0.174140 0.087594
vt 0.332293 -0.163319
vt -0.163319 0.087594
vt 0.274888 0.136874
vt 0.344077 0.137136
vt 0.297705 0.087594
vt 0.274888 -0.258576
vt 0.297705 -0.208729
vt 0.267429 -0.201657
vt 0.344077 -0.244139
vt 0.382141 -0.186136
vt 0.325221 -0.193597
vt 0.216887 -0.220512
vt 0.252296 -0.174140
vt 0.271204 0.150000
vt 0.340317 0.150000
vt 0.202449 -0.151324
vt 0.216887 0.137136
vt 0.214446 0.150000
vt 0.271204 0.150000
vt 0.274888 0.136874
vt -0.093322 0.137136
vt -0.090882 0.150000
vt -0.147640 0.150000
vt -0.151324 0.136874
vt 0.367703 0.137136
vt 0.370143 0.150000
vt 0.313386 0.150000
vt 0.309701 0.136874
vt -0.186176 0.136874
vt -0.244178 0.137136
vt -0.189860 0.150000
vt -0.246619 0.150000
vt -0.151364 0.136874
vt -0.220551 0.137136
vt -0.174180 0.087594
vt -0.147679 0.150000
vt -0.216791 0.150000
vt -0.367681 -0.220551
vt -0.309679 -0.258615
vt -0.317139 -0.201696
vt -0.286862 -0.208768
vt -0.116987 0.137136
vt -0.186176 0.136874
vt -0.120747 0.150000
vt -0.344054 0.137136
vt -0.274866 0.136874
vt -0.340294 0.150000
vt -0.189860 0.150000
vt -0.271182 0.150000
vt -0.332271 -0.174180
vt -0.216864 -0.116987
vt -0.274866 -0.078924
vt -0.267406 -0.135843
vt -0.297683 -0.128771
vt -0.297683 0.087594
vt -0.344054 -0.093361
vt -0.325198 -0.143903
vt -0.382118 -0.151364
vt -0.240491 -0.244178
vt -0.259346 -0.193636
vt -0.202426 -0.186176
vt -0.252274 -0.163359
vt -0.163359 0.087594
vt -0.240491 0.137136
vt -0.309679 0.136874
vt -0.244251 0.150000
vt -0.313363 0.150000
vt -0.286862 0.087594
vt -0.309679 0.136874
vt -0.367681 0.137136
vt -0.313363 0.150000
vt -0.370121 0.150000
vt -0.093361 0.137136
vt -0.090921 0.150000
vt -0.147679 0.150000
vt -0.151364 0.136874
vt -0.216864 0.137136
vt -0.214424 0.150000
vt -0.271182 0.150000
vt -0.274866 0.136874
vt 0.093322 0.137136
vt 0.090882 0.150000
vt 0.147640 0.150000
vt 0.151324 0.136874
vt -0.240513 0.093322
vt -0.202449 0.151324
vt -0.259369 0.143864
vt 0.116949 0.137136
vt 0.186137 0.136874
vt 0.120709 0.150000
vt -0.382141 0.186137
vt -0.332293 0.163321
vt -0.325221 0.193597
vt -0.367703 0.116949
vt -0.317161 0.135804
vt -0.344076 0.244139
vt -0.309701 0.078885
vt 0.163321 0.087594
vt -0.286885 0.128732
vt 0.189821 0.150000
vt -0.274888 0.258576
vt -0.297705 0.208729
vt -0.267429 0.201657
vt -0.274888 0.136874
vt -0.344076 0.137136
vt -0.297705 0.087594
vt -0.309701 0.136874
vt -0.240513 0.137136
vt -0.286885 0.087594
vt 0.151324 0.136874
vt 0.220512 0.137136
vt 0.174140 0.087594
vt -0.252296 0.174140
vt -0.216887 0.220512
vt -0.313386 0.150000
vt -0.244273 0.150000
vt 0.147640 0.150000
vt 0.216752 0.150000
vt -0.340317 0.150000
vt -0.271204 0.150000
vt -0.367703 0.137136
vt -0.370144 0.150000
vt -0.313386 0.150000
vt -0.309701 0.136874
vt 0.244139 0.137136
vt 0.246579 0.150000
vt 0.189821 0.150000
vt 0.186137 0.136874
vt -0.216887 0.137136
vt -0.214446 0.150000
vt -0.271204 0.150000
vt -0.274888 0.136874
vt 0.151364 0.136874
vt 0.093361 0.137136
vt 0.147679 0.150000
vt 0.090921 0.150000
vt 0.344054 0.137136
vt 0.274866 0.136874
vt 0.340294 0.150000
vt 0.240491 0.137136
vt 0.309679 0.136874
vt 0.244251 0.150000
vt 0.313363 0.150000
vt 0.271181 0.150000
vt 0.344054 0.093361
vt 0.382118 0.151364
vt 0.325198 0.143903
vt 0.332271 0.174180
vt 0.151364 0.136874
vt 0.220552 0.137136
vt 0.174180 0.087594
vt 0.367681 0.220552
vt 0.317139 0.201696
vt 0.309679 0.258616
vt 0.186176 0.136874
vt 0.189860 0.150000
vt 0.120748 0.150000
vt 0.116988 0.137136
vt 0.216792 0.150000
vt 0.147679 0.150000
vt 0.240491 0.244178
vt 0.202427 0.186176
vt 0.259346 0.193636
vt 0.286862 0.208768
vt 0.286862 0.087594
vt 0.274866 0.078924
vt 0.297683 0.128771
vt 0.267406 0.135843
vt 0.297683 0.087594
vt 0.252274 0.163360
vt 0.216864 0.116988
vt 0.163360 0.087594
vt 0.274866 0.136874
vt 0.216864 0.137136
vt 0.271181 0.150000
vt 0.214423 0.150000
vt 0.244178 0.137136
vt 0.246619 0.150000
vt 0.189860 0.150000
vt 0.186176 0.136874
vt 0.367681 0.137136
vt 0.370121 0.150000
vt 0.313363 0.150000
vt 0.309679 0.136874
vt 0.499961 0.000000
vt 0.499961 0.137500
vt 0.495000 0.000000
vt 0.495000 0.142461
vt 0.499961 0.000000
vt 0.495001 0.000000
vt 0.499961 0.137500
vt 0.495000 0.142482
vt 0.495000 0.000000
vt 0.495000 0.142461
vt 0.499961 0.000000
vt 0.500290 0.137484
vt 0.192910 0.149999
vt 0.099106 0.136994
vt 0.202130 0.137202
vt 0.449384 0.192910
vt 0.457674 0.202130
vt 0.416757 0.276867
vt 0.359824 0.331174
vt -0.266029 0.137505
vt -0.239111 0.150004
vt -0.190295 0.137505
vt -0.367418 0.323033
vt -0.239111 0.426821
vt -0.334056 0.372635
vt -0.392400 0.310588
vt -0.006216 0.000000
vt -0.006310 0.137484
vt -0.096313 0.137413
vt -0.266029 0.423891
vt -0.122305 0.150000
vt -0.109045 0.137504
vt -0.122305 0.471909
vt -0.190295 0.462869
vt -0.285038 0.000000
vt -0.178658 0.137506
vt -0.255337 0.137505
vt -0.324596 0.137504
vt -0.407452 0.000000
vt 0.292789 0.000000
vt 0.380461 0.137504
vt 0.319835 0.137503
vt 0.249942 0.137501
vt 0.155906 0.000004
vt 0.152329 0.137083
vt -0.439377 0.239547
vt -0.453910 0.182490
vt 0.161571 0.137507
vt 0.182490 0.150009
vt 0.239547 0.137507
vt 0.273699 -0.405399
vt 0.143235 -0.472832
vt 0.152329 -0.481534
vt 0.249942 -0.433091
vt 0.273699 0.150014
vt 0.392896 -0.291386
vt 0.319835 -0.384425
vt 0.465374 -0.149850
vt 0.430058 -0.255337
vt 0.467183 -0.178658
vt 0.380461 -0.324596
vt -0.291386 0.150012
vt 0.483615 -0.061423
vt 0.490893 -0.096313
vt -0.149850 0.149997
vt -0.061423 0.150000
vt -0.016954 0.150000
vt -0.513656 0.137091
vt -0.513679 0.149992
vt -0.664796 0.150133
vt 0.487205 -0.016954
vt 0.500290 -0.006310
vt 0.495000 -0.006211
vt 0.495000 0.006278
vt 0.483115 0.065241
vt 0.491371 0.099106
vt -0.481534 0.137083
vt 0.175987 -0.663790
vt 0.139804 -0.513656
vt 0.162613 -0.664796
vt -0.472832 0.149941
vt -0.134690 0.000003
vt 0.006212 0.142461
vt 0.065176 0.150000
vt 0.078295 0.137588
vt -0.494246 0.078295
vt -0.473626 0.161571
vt -0.483123 0.065176
vt 0.065241 0.150000
vt 0.006284 0.137500
vt 0.499961 0.006284
vt 0.076761 0.150019
vt 0.149010 0.137182
vt 0.065741 0.137722
vt 0.006211 0.142482
vt 0.229447 0.431847
vt 0.227900 0.445482
vt 0.149010 0.477706
vt 0.076761 0.482760
vt -0.041181 0.150000
vt -0.006573 0.137056
vt -0.041181 0.485758
vt -0.109045 0.488438
vt 0.229447 0.149997
vt 0.300178 0.137188
vt 0.227900 0.137185
vt 0.300178 0.400337
vt 0.363745 0.343584
vt -0.495000 0.006212
vt -0.499961 0.006216
vt 0.006216 0.137500
vt -0.006573 0.501156
vt -0.006278 0.495000
vt 0.006211 0.495000
vt -0.006259 0.146497
vt -0.695000 0.000000
vt -0.695000 0.142472
vt -0.699972 0.000000
vt -0.702548 0.137560
vt -0.678435 0.137402
vt -0.658860 0.137739
vt -0.658803 0.000000
vt -0.677929 0.000000
vt -0.495000 0.000000
vt -0.495000 0.142461
vt -0.499961 0.000000
vt -0.499961 0.137500
vt 0.495000 0.142461
vt 0.495000 0.000000
vt 0.499960 0.000000
vt 0.501156 0.137056
vt -0.115761 -0.677684
vt -0.077051 -0.683169
vt -0.033217 -0.342548
vt -0.042621 -0.298739
vt -0.043005 -0.184086
vt -0.126997 -0.516755
vt -0.162152 -0.665209
vt -0.142797 -0.472622
vt 0.054097 -0.686578
vt 0.009432 -0.356344
vt 0.244273 -0.090882
vt 0.313386 -0.079726
vt 0.180550 -0.050575
vt 0.392896 -0.291386
vt 0.340317 -0.246579
vt 0.271204 -0.257734
vt 0.273699 -0.405399
vt 0.214446 -0.216752
vt 0.143235 -0.472832
vt 0.160210 -0.097411
vt 0.115640 -0.223117
vt 0.162613 -0.664796
vt 0.127170 -0.513679
vt -0.009383 -0.268691
vt 0.033236 -0.282472
vt 0.042663 -0.326261
vt -0.278501 -0.401621
vt -0.244251 -0.246619
vt -0.340294 -0.090921
vt -0.326288 -0.042746
vt -0.381276 -0.147679
vt 0.483115 0.065241
vt 0.235513 0.061266
vt 0.326261 0.042663
vt 0.356309 0.009425
vt 0.483615 -0.061423
vt 0.342549 -0.033217
vt 0.298739 -0.042620
vt 0.268691 -0.009383
vt 0.282473 0.033237
vt 0.487205 -0.016954
vt 0.370143 -0.120708
vt 0.465374 -0.149850
vt 0.381299 -0.189821
vt 0.115610 0.223133
vt 0.042621 0.298740
vt 0.021857 0.274613
vt -0.013782 0.269858
vt -0.214446 0.216752
vt -0.043800 0.303103
vt 0.013751 0.355175
vt 0.037866 0.334378
vt 0.076761 0.482760
vt 0.359824 0.331174
vt 0.229447 0.431847
vt 0.244251 0.246619
vt 0.313363 0.257774
vt 0.370121 0.216792
vt 0.449384 0.192910
vt 0.381276 0.147679
vt 0.340294 0.090921
vt 0.271181 0.079766
vt 0.214423 0.120748
vt -0.244273 0.090882
vt -0.313386 0.079726
vt -0.180723 0.055468
vt -0.483123 0.065176
vt -0.370144 0.120709
vt -0.340317 0.246579
vt -0.367418 0.323033
vt -0.381299 0.189821
vt -0.271204 0.257734
vt -0.239111 0.426821
vt 0.187500 0.000013
vt 0.203268 0.189860
vt -0.298739 0.042621
vt -0.342527 0.033195
vt -0.282394 -0.033322
vt -0.268691 0.009383
vt -0.356309 -0.009425
vt 0.017539 0.188228
vt -0.082814 0.169939
vt 0.112786 0.151713
vt 0.175194 0.071025
vt 0.194877 0.223138
vt 0.203291 -0.147640
vt -0.214424 -0.120747
vt -0.271182 -0.079766
vt -0.145454 0.118319
vt -0.370121 -0.216791
vt -0.467408 -0.144274
vt -0.392860 -0.291441
vt 0.105184 -0.157078
vt 0.038160 -0.183576
vt -0.203268 -0.189860
vt -0.108117 -0.153189
vt -0.145438 -0.118339
vt -0.183233 -0.046508
vt -0.203291 0.147640
vt -0.041181 0.485758
vt -0.122305 0.471909
vt -0.030070 0.345738
vt -0.453910 0.182490
vt -0.493249 -0.006259
vt -0.313363 -0.257774
vt 0.303637 0.137158
vt 0.298739 0.149879
vt 0.342549 0.149879
vt 0.334748 0.137158
vt 0.281389 -0.007706
vt 0.268691 -0.009383
vt 0.298739 -0.042620
vt 0.303637 -0.030785
vt 0.023101 0.137158
vt 0.033237 0.149849
vt -0.009383 0.149879
vt -0.007706 0.137158
vt 0.321364 0.137158
vt 0.326261 0.149879
vt 0.282473 0.149849
vt 0.290253 0.137158
vt 0.343611 0.007748
vt 0.356309 0.009425
vt 0.326261 0.042663
vt 0.321364 0.030828
vt -0.023058 0.137158
vt -0.033217 0.149879
vt 0.009425 0.149879
vt 0.007748 0.137158
vt 0.008842 0.343307
vt 0.031090 0.320228
vt 0.013751 0.355175
vt 0.320228 0.137158
vt 0.298740 0.149879
vt 0.334378 0.150000
vt 0.037866 0.334378
vt 0.022226 0.289421
vt -0.008885 0.281694
vt 0.021857 0.274613
vt -0.008885 0.137158
vt -0.013782 0.149879
vt 0.021857 0.150000
vt 0.289421 0.137158
vt 0.274613 0.150000
vt 0.042621 0.298740
vt -0.008885 0.281694
vt -0.031132 0.304773
vt -0.013782 0.269858
vt -0.043800 0.303103
vt 0.335579 0.137158
vt 0.345738 0.149879
vt 0.303103 0.149849
vt 0.304773 0.137158
vt 0.008842 0.137158
vt 0.013751 0.149913
vt -0.030070 0.149879
vt -0.022269 0.137158
vt -0.290252 0.137158
vt -0.321363 0.137158
vt -0.282394 0.149962
vt -0.326288 0.149964
vt -0.321363 -0.030828
vt -0.343611 -0.007748
vt -0.326288 -0.042746
vt -0.356309 -0.009425
vt 0.023059 0.137158
vt 0.033195 0.149849
vt -0.009425 0.149879
vt -0.007748 0.137158
vt -0.303636 0.137158
vt -0.298739 0.149879
vt -0.342527 0.149849
vt -0.334747 0.137158
vt -0.281389 0.007706
vt -0.268691 0.009383
vt -0.298739 0.042621
vt -0.303636 0.030786
vt 0.007706 0.137158
vt -0.023100 0.137158
vt 0.009383 0.149879
vt -0.033322 0.149962
vt 0.008885 0.137158
vt 0.033236 0.149849
vt -0.009383 0.149879
vt -0.008842 0.137158
vt -0.033217 0.149879
vt 0.009432 0.149913
vt 0.008885 -0.281693
vt 0.031132 -0.304773
vt 0.033236 -0.282472
vt -0.304773 0.137158
vt -0.326261 0.149879
vt -0.282472 0.149849
vt 0.022269 0.137158
vt 0.042663 0.149879
vt 0.022269 -0.335579
vt 0.042663 -0.326261
vt -0.008842 -0.343307
vt 0.009432 -0.356344
vt -0.031090 -0.320227
vt -0.033217 -0.342548
vt -0.320227 0.137158
vt -0.298739 0.149879
vt -0.342548 0.149879
vt -0.022226 0.137158
vt -0.042621 0.149879
vt -0.022226 -0.289420
vt -0.009383 -0.268691
vt -0.042621 -0.298739
vt 0.353453 0.000000
vt 0.213216 0.000000
vt 0.300178 0.137188
vt 0.006216 0.000000
vt 0.006216 0.137500
vt 0.065741 0.137722
vt 0.099106 0.136994
vt 0.216733 0.000000
vt 0.202130 0.137202
vt 0.276867 0.137197
vt 0.356207 0.000000
vt 0.343584 0.137192
vt 0.006284 0.000000
vt 0.091641 0.000000
vt 0.363745 0.137192
vt 0.091574 0.000000
vt 0.149010 0.137182
vt 0.006284 0.137500
vt 0.227900 0.137185
vt -0.513656 0.137091
vt -0.663790 0.137169
vt -0.511856 0.000002
vt -0.481534 0.137083
vt -0.478811 0.000004
vt -0.672522 0.000000
vt -0.658860 0.137739
vt -0.507823 0.137404
vt -0.658803 0.000000
vt -0.509043 0.000001
vt 0.174237 0.000000
vt 0.091574 0.000000
vt 0.161571 0.137507
vt -0.190295 0.137505
vt -0.287601 0.000000
vt -0.266029 0.137505
vt 0.239547 0.137507
vt 0.290672 -0.000000
vt 0.310588 0.137506
vt -0.132711 -0.000000
vt -0.109045 0.137504
vt -0.006573 0.137056
vt -0.006284 0.000000
vt 0.078295 0.137588
vt 0.006216 0.000000
vt -0.334056 0.137506
vt -0.409048 -0.000000
vt 0.372635 0.137506
vt 0.006216 0.137500
vt -0.139659 0.000002
vt -0.168728 0.000000
vt -0.163319 0.087594
vt -0.193597 0.087355
vt -0.197797 0.000002
vt -0.135804 0.087356
vt -0.179018 -0.000001
vt -0.174140 0.087594
vt -0.201657 0.087355
vt 0.321366 0.000002
vt 0.297705 0.087594
vt 0.325221 0.087355
vt 0.282012 -0.000002
vt 0.267429 0.087355
vt 0.252225 -0.000001
vt -0.179018 -0.000001
vt -0.139663 0.000001
vt -0.143864 0.087355
vt -0.174140 0.087594
vt 0.292292 0.000000
vt 0.317161 0.087356
vt 0.286885 0.087594
vt 0.321361 0.000002
vt 0.263224 0.000001
vt 0.259369 0.087355
vt -0.168767 0.000000
vt -0.193636 0.087355
vt -0.163359 0.087594
vt -0.197837 0.000001
vt -0.139699 0.000001
vt -0.135843 0.087356
vt -0.292270 0.000000
vt -0.321339 0.000002
vt -0.317139 0.087355
vt -0.263202 0.000001
vt -0.286862 0.087594
vt -0.259346 0.087355
vt -0.168772 0.000000
vt -0.139703 0.000001
vt -0.143903 0.087355
vt -0.197841 0.000002
vt -0.174180 0.087594
vt -0.201696 0.087355
vt -0.321343 0.000001
vt -0.297683 0.087594
vt -0.325198 0.087355
vt -0.292275 0.000000
vt -0.263206 0.000001
vt -0.267406 0.087356
vt 0.197801 0.000001
vt 0.174140 0.087594
vt 0.201657 0.087356
vt 0.158448 -0.000002
vt 0.143864 0.087355
vt -0.282007 -0.000002
vt -0.286885 0.087594
vt -0.259369 0.087355
vt 0.128661 -0.000002
vt -0.282007 -0.000002
vt -0.321362 0.000002
vt -0.317161 0.087356
vt -0.286885 0.087594
vt 0.168728 0.000000
vt 0.197797 0.000001
vt 0.193597 0.087355
vt 0.139660 0.000002
vt 0.163321 0.087594
vt 0.135804 0.087356
vt -0.292298 0.000000
vt -0.263228 0.000001
vt -0.267429 0.087356
vt -0.321366 0.000001
vt -0.297705 0.087594
vt -0.325221 0.087355
vt 0.008230 0.000000
vt 0.017539 0.150000
vt -0.082814 0.150000
vt -0.021099 0.000000
vt -0.050575 0.150000
vt 0.000013 0.150000
vt -0.097411 0.000000
vt -0.097411 0.150000
vt -0.151697 0.000000
vt -0.157078 0.150000
vt 0.112806 0.000000
vt 0.017564 0.000000
vt 0.105184 0.150000
vt 0.038160 0.150000
vt 0.071025 0.150000
vt -0.062778 0.000000
vt -0.043005 0.150000
vt -0.125574 0.000000
vt -0.108117 0.150000
vt 0.086251 0.000000
vt 0.143646 0.000000
vt 0.112786 0.150000
vt -0.074712 0.000000
vt -0.025544 0.000000
vt -0.046508 0.150000
vt -0.118339 0.150000
vt -0.141310 0.000000
vt -0.145438 0.150000
vt 0.025519 0.000000
vt -0.132412 0.000000
vt -0.145454 0.150000
vt -0.062802 0.000000
vt 0.074689 0.000000
vt 0.134924 0.000000
vt 0.055468 0.150000
vt 0.118319 0.150000
vt 0.122896 0.000000
vt 0.050599 0.000000
vt 0.151713 0.150000
vt -0.006710 0.000000
vt -0.023058 0.137158
vt 0.007748 0.137158
vt 0.302639 0.000000
vt 0.321364 0.137158
vt 0.290253 0.137158
vt 0.334019 0.000000
vt 0.023832 0.000000
vt 0.030828 0.137158
vt 0.006752 0.000000
vt 0.030563 0.000000
vt 0.023101 0.137158
vt -0.007706 0.137158
vt -0.023789 0.000000
vt -0.030785 0.137158
vt 0.322360 0.000000
vt 0.290980 0.000000
vt 0.303637 0.137158
vt 0.334748 0.137158
vt -0.030520 0.000000
vt -0.009881 0.000000
vt 0.021499 0.000000
vt 0.008842 0.137158
vt -0.022269 0.137158
vt 0.319232 0.000000
vt 0.343042 0.000000
vt 0.335579 0.137158
vt 0.304773 0.137158
vt 0.288690 0.000000
vt 0.281694 0.137158
vt 0.009840 0.000000
vt -0.008885 0.137158
vt 0.022226 0.137158
vt -0.021540 0.000000
vt 0.336310 0.000000
vt 0.320228 0.137158
vt 0.343307 0.137158
vt 0.305769 0.000000
vt 0.281959 0.000000
vt 0.289421 0.137158
vt -0.006752 0.000000
vt -0.023100 0.137158
vt 0.007706 0.137158
vt -0.030562 0.000000
vt -0.302640 0.000000
vt -0.321363 0.137158
vt -0.290252 0.137158
vt -0.334020 0.000000
vt 0.006710 0.000000
vt 0.030520 0.000000
vt 0.023059 0.137158
vt -0.007748 0.137158
vt 0.023790 0.000000
vt 0.030786 0.137158
vt -0.322361 0.000000
vt -0.303636 0.137158
vt -0.334747 0.137158
vt -0.290981 0.000000
vt -0.023831 0.000000
vt -0.030828 0.137158
vt -0.296873 0.000000
vt -0.304773 0.137158
vt -0.281693 0.137158
vt 0.006753 0.000000
vt 0.027083 0.000000
vt 0.008885 0.137158
vt -0.312498 0.000000
vt -0.334019 0.000000
vt -0.335579 0.137158
vt 0.023831 0.000000
vt -0.006710 0.000000
vt 0.022269 0.137158
vt -0.008842 0.137158
vt -0.006710 0.000000
vt -0.030520 0.000000
vt -0.008842 0.137158
vt -0.322361 0.000000
vt -0.320227 0.137158
vt -0.343307 0.137158
vt -0.322361 0.000000
vt -0.290980 0.000000
vt -0.320227 0.137158
vt -0.289420 0.137158
vt -0.023789 0.000000
vt 0.006753 0.000000
vt -0.022226 0.137158
vt 0.008885 0.137158
vt 0.158488 -0.000002
vt 0.128700 -0.000002
vt 0.143903 0.087355
vt 0.302560 -0.000002
vt 0.297683 0.087594
vt 0.325198 0.087355
vt 0.197841 0.000002
vt 0.174180 0.087594
vt 0.201696 0.087356
vt 0.302560 -0.000002
vt 0.263206 0.000002
vt 0.267406 0.087356
vt 0.297683 0.087594
vt 0.139699 0.000002
vt 0.168767 0.000000
vt 0.163360 0.087594
vt 0.135843 0.087356
vt 0.197837 0.000001
vt 0.193636 0.087355
vt 0.292270 0.000000
vt 0.317139 0.087356
vt 0.286862 0.087594
vt 0.263202 0.000001
vt 0.259346 0.087355
vt 0.321339 0.000002
vt -0.109391 0.244993
vt 0.109359 0.245008
vt -0.109388 0.198118
vt -0.263228 0.197801
vt 0.213216 0.454263
vt 0.263202 0.197837
vt 0.143646 0.122896
vt 0.109362 0.198133
vt 0.353453 0.356207
vt 0.292270 0.208770
vt 0.321339 0.197841
vt 0.452587 0.216733
vt 0.219886 0.080015
vt 0.263206 0.139699
vt 0.302560 0.128700
vt 0.491530 0.091641
vt 0.332343 0.158488
vt 0.091574 0.491543
vt 0.006217 0.495001
vt 0.006216 0.499961
vt -0.006283 0.495000
vt -0.009881 0.343042
vt -0.031401 0.319232
vt 0.021499 0.336310
vt -0.021540 0.288690
vt 0.009840 0.281959
vt 0.031359 0.305769
vt -0.006284 0.499960
vt -0.132711 0.483947
vt 0.023831 -0.334019
vt 0.031271 -0.312498
vt -0.006203 -0.695000
vt -0.090919 -0.694451
vt -0.006203 -0.699972
vt 0.109388 -0.198118
vt 0.027083 -0.296873
vt -0.109362 -0.198132
vt -0.023789 -0.290980
vt -0.030520 -0.322361
vt 0.155906 -0.478811
vt 0.139615 -0.511856
vt 0.252225 -0.179018
vt 0.292789 -0.407452
vt 0.282012 -0.208801
vt 0.109584 -0.691369
vt 0.174194 -0.672522
vt 0.495000 0.006283
vt 0.343880 -0.006710
vt 0.334019 0.023832
vt 0.499961 0.006284
vt 0.338022 -0.079977
vt 0.495000 -0.006217
vt 0.499961 -0.006216
vt 0.482924 -0.134690
vt -0.455545 -0.210334
vt -0.491489 -0.091863
vt -0.321343 -0.139703
vt -0.321339 -0.197841
vt -0.358083 -0.351462
vt -0.175706 -0.658803
vt -0.139738 -0.509043
vt -0.166754 -0.677929
vt -0.155931 -0.479100
vt -0.250596 -0.432668
vt -0.006710 -0.343880
vt 0.006753 -0.281120
vt 0.006539 -0.700069
vt -0.263202 -0.197837
vt -0.252272 -0.168767
vt 0.321361 -0.139659
vt 0.292292 -0.128730
vt 0.263224 -0.139663
vt 0.321366 -0.197797
vt 0.412927 -0.285038
vt 0.332295 -0.168728
vt -0.287601 0.411218
vt -0.468659 0.174237
vt -0.409048 0.290672
vt -0.343880 0.006710
vt -0.498298 -0.006352
vt -0.495000 0.006217
vt -0.491543 0.091574
vt -0.292298 0.208730
vt -0.499961 0.006216
vt -0.185755 0.025519
vt -0.282007 0.128661
vt -0.252224 0.158448
vt -0.321366 0.197797
vt -0.332295 0.168728
vt -0.321362 0.139660
vt -0.132412 0.134924
vt -0.171982 0.074689
vt -0.332272 -0.168772
vt -0.292270 -0.208770
vt -0.062778 -0.176678
vt 0.017564 -0.188225
vt -0.125574 -0.141310
vt -0.263206 -0.139699
vt -0.171972 -0.074712
vt -0.185752 -0.025544
vt -0.292275 -0.128770
vt -0.062802 0.176670
vt 0.008230 0.188864
vt 0.187862 -0.021099
vt 0.180544 0.050599
vt 0.281120 0.006752
vt 0.290980 -0.023789
vt 0.322360 -0.030520
vt 0.302639 0.030563
vt 0.112806 -0.151697
vt 0.160210 -0.097411
vt 0.086251 0.166484
vt 0.252272 0.168767
vt -0.302640 -0.030562
vt -0.281120 -0.006752
vt -0.290981 0.023790
vt -0.322361 0.030520
vt -0.334020 -0.023831
vn 1.000000 0.000067 -0.000000
vn 1.000000 0.000064 -0.000000
vn 1.000000 0.000067 -0.000000
vn 1.000000 0.000063 -0.000000
vn 0.369103 -0.585035 0.722147
vn 0.620678 -0.503220 0.601272
vn 0.303458 -0.601674 0.738852
vn -0.009395 -0.589658 0.807599
vn -0.180377 -0.909520 0.374483
vn -0.172957 -0.649785 0.740179
vn 0.008566 -0.695254 0.718713
vn -0.077051 -0.883583 0.461892
vn 0.106117 -0.696991 0.709184
vn 0.053326 -0.738497 0.672144
vn -0.102897 -0.773337 0.625589
vn -0.130214 -0.803789 0.580490
vn -0.065026 -0.997698 -0.019234
vn -0.212864 -0.977075 -0.003747
vn -0.143580 -0.989633 0.003485
vn 0.764176 -0.644261 0.031023
vn 0.491739 -0.870626 0.014273
vn -0.356512 -0.934058 0.020865
vn -0.130234 -0.991483 0.000000
vn 0.332298 -0.942835 -0.025311
vn -0.156344 -0.987641 0.011029
vn -0.068762 -0.997559 0.012168
vn 0.099527 -0.994982 0.010279
vn 0.177335 -0.984036 -0.015004
vn -0.686624 -0.021026 0.726709
vn -0.722000 -0.328581 0.608893
vn -0.696729 -0.071115 0.713801
vn -0.710889 0.018759 0.703055
vn -0.727446 -0.138379 0.672066
vn -0.514458 -0.470338 0.717018
vn -0.440956 -0.523737 0.728874
vn -0.590482 -0.090136 0.802002
vn -0.406182 -0.547327 0.731744
vn -0.389631 -0.556056 0.734159
vn -0.609294 -0.448071 0.654212
vn -0.457998 -0.458422 0.761634
vn -0.548503 -0.290672 0.783999
vn -0.741445 -0.218324 0.634503
vn -0.613886 -0.273286 0.740580
vn -0.607505 -0.099875 0.788012
vn -0.971905 0.233257 0.031482
vn -0.990283 -0.139065 -0.000004
vn -0.866647 -0.498858 0.007994
vn -0.690275 -0.723536 0.003958
vn -0.994562 0.102859 0.016325
vn -0.998894 -0.042783 0.019521
vn -0.566278 -0.824209 0.002874
vn -0.760140 -0.649751 0.003244
vn -0.852533 -0.522625 -0.007181
vn -0.940809 -0.338935 -0.001543
vn -0.991076 -0.133149 0.006283
vn -0.695592 -0.718419 0.005189
vn -0.877709 -0.479188 0.002429
vn -0.981212 -0.192879 -0.004530
vn -0.905014 -0.425253 -0.010525
vn -0.721454 -0.692319 -0.014126
vn -0.509833 -0.860257 -0.005273
vn 0.000005 1.000000 -0.000000
vn 0.000001 1.000000 0.000000
vn -0.000063 1.000000 0.000006
vn -0.000067 1.000000 0.000006
vn -0.831649 0.546222 0.100003
vn -0.830830 0.551265 0.076338
vn -0.809248 0.578615 -0.101598
vn -0.804394 0.580813 -0.124928
vn -0.911759 0.007595 0.410655
vn -0.981511 -0.158425 -0.107412
vn -0.355243 0.765127 0.537012
vn -0.198988 0.974788 0.100953
vn 0.007599 0.911758 0.410657
vn -0.158420 0.981512 -0.107411
vn 0.765126 0.355245 0.537013
vn 0.974788 0.198991 0.100953
vn 0.911757 -0.007595 0.410660
vn 0.981512 0.158424 -0.107407
vn 0.355246 -0.765126 0.537013
vn 0.198990 -0.974788 0.100953
vn -0.007596 -0.911757 0.410659
vn 0.158424 -0.981512 -0.107407
vn -0.765124 -0.355248 0.537014
vn -0.974787 -0.198993 0.100955
vn -0.407827 -0.537145 0.738345
vn 0.097141 -0.673370 0.732896
vn 0.537139 -0.407834 0.738345
vn 0.673370 0.097136 0.732896
vn 0.407833 0.537140 0.738345
vn -0.097142 0.673370 0.732896
vn -0.537141 0.407833 0.738344
vn -0.673369 -0.097145 0.732896
vn 0.546225 0.831648 0.100001
vn 0.551268 0.830829 0.076336
vn 0.578618 0.809246 -0.101599
vn 0.580816 0.804392 -0.124928
vn 0.831654 -0.546217 0.099997
vn 0.830834 -0.551260 0.076332
vn 0.809252 -0.578609 -0.101599
vn 0.804398 -0.580807 -0.124929
vn -0.546218 -0.831653 0.099997
vn -0.551261 -0.830834 0.076332
vn -0.578610 -0.809251 -0.101601
vn -0.580809 -0.804396 -0.124931
vn -0.831650 0.546222 0.100003
vn -0.830831 0.551265 0.076338
vn -0.809249 0.578614 -0.101598
vn -0.804394 0.580813 -0.124928
vn -0.911759 0.007594 0.410655
vn -0.981511 -0.158426 -0.107412
vn -0.355244 0.765127 0.537013
vn -0.198989 0.974788 0.100953
vn 0.007599 0.911758 0.410657
vn -0.158421 0.981512 -0.107410
vn 0.765126 0.355245 0.537013
vn 0.974788 0.198991 0.100953
vn 0.911757 -0.007596 0.410660
vn 0.981512 0.158423 -0.107407
vn 0.355246 -0.765126 0.537013
vn 0.198990 -0.974788 0.100953
vn -0.007596 -0.911757 0.410659
vn 0.158424 -0.981512 -0.107407
vn -0.765124 -0.355248 0.537014
vn -0.974787 -0.198994 0.100955
vn -0.407827 -0.537144 0.738345
vn 0.097142 -0.673370 0.732896
vn 0.537139 -0.407834 0.738345
vn 0.673370 0.097136 0.732896
vn 0.407833 0.537140 0.738345
vn -0.097140 0.673370 0.732896
vn -0.537139 0.407834 0.738344
vn -0.673369 -0.097144 0.732896
vn 0.546225 0.831648 0.100000
vn 0.551268 0.830829 0.076336
vn 0.578617 0.809247 -0.101599
vn 0.580815 0.804392 -0.124929
vn 0.831653 -0.546218 0.099997
vn 0.830834 -0.551261 0.076332
vn 0.809252 -0.578610 -0.101599
vn 0.804397 -0.580808 -0.124929
vn -0.546218 -0.831653 0.099996
vn -0.551261 -0.830834 0.076332
vn -0.578610 -0.809251 -0.101601
vn -0.580808 -0.804397 -0.124931
vn -0.831650 0.546221 0.100003
vn -0.830831 0.551265 0.076338
vn -0.809249 0.578614 -0.101598
vn -0.804394 0.580813 -0.124928
vn -0.911759 0.007596 0.410656
vn -0.981512 -0.158423 -0.107412
vn -0.355244 0.765127 0.537013
vn -0.198988 0.974788 0.100953
vn 0.007599 0.911758 0.410657
vn -0.158421 0.981512 -0.107411
vn 0.765127 0.355244 0.537013
vn 0.974788 0.198990 0.100954
vn 0.911759 -0.007597 0.410656
vn 0.981512 0.158422 -0.107412
vn 0.355243 -0.765127 0.537012
vn 0.198988 -0.974788 0.100953
vn -0.007599 -0.911758 0.410657
vn 0.158420 -0.981512 -0.107410
vn -0.765126 -0.355245 0.537013
vn -0.407833 -0.537140 0.738345
vn 0.097142 -0.673370 0.732896
vn 0.537140 -0.407836 0.738343
vn 0.673371 0.097135 0.732896
vn 0.407833 0.537140 0.738345
vn -0.097141 0.673370 0.732896
vn -0.537139 0.407836 0.738344
vn -0.673371 -0.097135 0.732896
vn -0.974788 -0.198991 0.100953
vn 0.546225 0.831648 0.100001
vn 0.551268 0.830829 0.076336
vn 0.578618 0.809246 -0.101599
vn 0.580816 0.804392 -0.124929
vn 0.831649 -0.546223 0.100003
vn 0.830830 -0.551266 0.076338
vn 0.809248 -0.578615 -0.101598
vn 0.804393 -0.580814 -0.124928
vn -0.546225 -0.831648 0.100000
vn -0.551268 -0.830829 0.076335
vn -0.578617 -0.809246 -0.101599
vn -0.580816 -0.804392 -0.124928
vn -0.831650 0.546222 0.100003
vn -0.830831 0.551265 0.076338
vn -0.809248 0.578615 -0.101598
vn -0.804394 0.580813 -0.124928
vn -0.911759 0.007596 0.410655
vn -0.981512 -0.158423 -0.107412
vn -0.355244 0.765127 0.537013
vn -0.198989 0.974788 0.100953
vn 0.007599 0.911758 0.410657
vn -0.158421 0.981512 -0.107411
vn 0.765126 0.355244 0.537013
vn 0.974788 0.198991 0.100953
vn 0.911759 -0.007596 0.410656
vn 0.981512 0.158423 -0.107412
vn 0.355244 -0.765127 0.537012
vn -0.007599 -0.911758 0.410657
vn 0.158421 -0.981512 -0.107411
vn -0.765126 -0.355245 0.537013
vn -0.974788 -0.198991 0.100953
vn 0.198989 -0.974788 0.100953
vn -0.407833 -0.537140 0.738345
vn 0.097141 -0.673370 0.732896
vn 0.537139 -0.407836 0.738343
vn 0.673371 0.097135 0.732896
vn 0.407833 0.537140 0.738345
vn -0.097141 0.673370 0.732896
vn -0.537140 0.407836 0.738343
vn -0.673371 -0.097135 0.732896
vn 0.546225 0.831648 0.100001
vn 0.551268 0.830829 0.076336
vn 0.578617 0.809246 -0.101599
vn 0.580816 0.804392 -0.124929
vn 0.831650 -0.546222 0.100003
vn 0.830831 -0.551265 0.076338
vn 0.809248 -0.578614 -0.101598
vn 0.804394 -0.580813 -0.124928
vn -0.546224 -0.831648 0.100000
vn -0.551267 -0.830829 0.076336
vn -0.578617 -0.809247 -0.101599
vn -0.580815 -0.804392 -0.124929
vn 0.000091 -1.000000 -0.000001
vn 0.001082 -0.999999 -0.000037
vn 0.000067 -1.000000 -0.000000
vn 0.001066 -0.999999 -0.000036
vn -0.999999 0.001042 -0.000040
vn -1.000000 -0.000042 -0.000001
vn -1.000000 -0.000067 0.000000
vn -0.999999 0.001025 -0.000039
vn -0.000067 1.000000 -0.000037
vn 0.018396 0.999831 0.000606
vn 0.000389 1.000000 -0.000021
vn 0.019219 0.999815 0.000635
vn 0.673056 0.036743 0.738678
vn 0.690277 0.006868 0.723512
vn 0.681866 0.164410 0.712761
vn 0.680161 0.164296 0.714415
vn -0.760510 0.071789 0.645346
vn -0.005680 0.644886 0.764257
vn 0.026324 0.635385 0.771747
vn 0.713559 0.055819 0.698368
vn 0.047706 0.707750 0.704850
vn 0.992527 -0.121221 -0.013980
vn 0.714106 -0.044451 0.698625
vn 0.712442 -0.058476 0.699290
vn 0.528966 -0.480637 0.699417
vn 0.546301 -0.651322 0.526626
vn -0.794495 0.083117 0.601555
vn 0.925728 -0.076344 0.370404
vn -0.705986 0.055123 0.706078
vn -0.034793 0.687742 0.725121
vn -0.077057 0.724399 0.685061
vn 0.131369 0.716178 0.685442
vn -0.694781 0.091542 0.713372
vn 0.629413 0.148648 0.762721
vn 0.713480 0.085379 0.695454
vn 0.700457 -0.032768 0.712942
vn -0.667801 0.127191 0.733392
vn -0.689680 0.288767 0.664045
vn -0.660768 0.188556 0.726521
vn -0.520342 0.310400 0.795548
vn -0.550586 0.497316 0.670471
vn -0.561671 0.400390 0.724026
vn -0.386478 0.465003 0.796497
vn -0.356443 0.654109 0.667150
vn -0.396712 0.567823 0.721247
vn -0.233755 0.596157 0.768085
vn -0.190844 0.674281 0.713388
vn -0.137657 0.674231 0.725578
vn 0.081882 0.721534 0.687521
vn 0.188487 0.573862 0.796966
vn 0.323579 0.667182 0.670943
vn 0.539145 0.486522 0.687473
vn 0.364564 0.475596 0.800563
vn 0.531869 0.520916 0.667655
vn 0.678478 0.279352 0.679434
vn 0.502343 0.327455 0.800265
vn 0.681826 0.307902 0.663559
vn 0.733247 -0.086164 0.674481
vn 0.717213 -0.224443 0.659721
vn 0.905783 -0.172726 0.386942
vn 0.851738 -0.353582 0.386680
vn 0.610364 -0.446413 0.654348
vn 0.790176 -0.442793 0.423741
vn 0.679581 -0.617010 0.396822
vn 0.434665 -0.630297 0.643267
vn 0.597677 -0.680059 0.424620
vn 0.446113 -0.802836 0.395521
vn 0.348203 0.637686 0.687103
vn 0.454705 -0.890518 -0.014867
vn 0.592657 -0.805307 -0.015429
vn 0.960718 -0.277009 -0.016920
vn 0.822312 -0.568703 -0.019518
vn 1.000000 0.000067 0.000000
vn 0.988475 -0.151295 0.005282
vn 0.987631 -0.156703 0.005471
vn 0.999986 -0.005286 0.000187
vn -0.915103 -0.403219 0.001366
vn -0.914219 -0.405220 0.001024
vn -0.905700 -0.423913 -0.002196
vn -0.906647 -0.421887 -0.001846
vn 0.000067 -1.000000 -0.000031
vn -0.000794 -1.000000 -0.000001
vn -0.000834 -1.000000 -0.000000
vn 0.000047 -1.000000 -0.000031
vn 0.998882 0.047255 0.001607
vn 1.000000 0.000067 -0.000036
vn 0.998784 0.049265 0.001677
vn 0.999999 0.001425 0.000011
vn -0.001312 0.000630 0.999999
vn 0.002458 0.000240 0.999997
vn -0.000030 0.000075 1.000000
vn -0.000079 0.000170 1.000000
vn 0.000011 0.000107 1.000000
vn -0.000261 -0.000087 1.000000
vn 0.000000 0.000000 1.000000
vn 0.000000 -0.000000 1.000000
vn 0.000000 -0.000000 1.000000
vn 0.000011 -0.000005 1.000000
vn -0.000000 0.000000 1.000000
vn 0.000131 -0.000104 1.000000
vn 0.000033 0.000076 1.000000
vn 0.000123 0.000056 1.000000
vn 0.000073 0.000190 1.000000
vn -0.001259 0.001106 0.999999
vn 0.000395 0.000909 1.000000
vn -0.000046 0.000113 1.000000
vn -0.000000 -0.000000 1.000000
vn 0.000000 -0.000000 1.000000
vn -0.000000 0.000000 1.000000
vn 0.000037 -0.000021 1.000000
vn 0.000118 -0.000020 1.000000
vn 0.000036 -0.000049 1.000000
vn 0.000001 -0.000033 1.000000
vn 0.000006 0.000003 1.000000
vn -0.000000 0.000000 1.000000
vn 0.000000 -0.000000 1.000000
vn -0.000000 -0.000000 1.000000
vn -0.000000 -0.000000 1.000000
vn 0.000004 0.000034 1.000000
vn 0.000017 0.000019 1.000000
vn 0.000267 0.000102 1.000000
vn 0.001922 0.000026 0.999998
vn -0.000522 0.000369 1.000000
vn -0.000016 0.000319 1.000000
vn 0.001125 0.000259 0.999999
vn -0.000447 0.000152 1.000000
vn -0.001494 0.000316 0.999999
vn -0.024418 -0.016739 0.999562
vn -0.000007 -0.000665 1.000000
vn -0.000268 -0.000374 1.000000
vn -0.010887 -0.016475 0.999805
vn -0.000441 -0.000335 1.000000
vn -0.000886 0.000040 1.000000
vn 0.000403 -0.000019 1.000000
vn 0.000086 0.000074 1.000000
vn -0.006191 0.008986 0.999940
vn 0.000093 -0.000048 1.000000
vn 0.000045 -0.000042 1.000000
vn 0.000034 -0.000021 1.000000
vn 0.000297 -0.000398 1.000000
vn 0.000012 0.000023 1.000000
vn 0.000012 0.000011 1.000000
vn -0.000408 0.000305 1.000000
vn 0.000009 0.000011 1.000000
vn -0.000074 0.000119 1.000000
vn -0.000328 -0.000018 1.000000
vn -0.005830 0.001249 0.999982
vn 0.000564 -0.000618 1.000000
vn -0.000170 0.000142 1.000000
vn 0.000219 0.000871 1.000000
vn 0.005190 -0.000921 0.999986
vn 0.000284 0.000263 1.000000
vn 0.000103 0.000389 1.000000
vn -0.000047 -0.000297 1.000000
vn -0.001479 0.000296 0.999999
vn -0.000997 -0.001161 0.999999
vn 0.000276 -0.001474 0.999999
vn 0.000468 0.000220 1.000000
vn -0.000794 -0.000173 1.000000
vn -0.000589 0.001431 0.999999
vn 0.001645 0.000011 0.999999
vn 0.001507 -0.002866 0.999995
vn 0.000427 0.007388 0.999973
vn -0.000060 -0.004644 0.999989
vn -0.000001 0.000016 1.000000
vn 0.000962 -0.000152 1.000000
vn 0.004998 -0.001442 0.999986
vn -0.000270 0.001248 0.999999
vn -0.001111 -0.002023 0.999997
vn -0.001494 -0.000231 0.999999
vn 0.000317 -0.000930 1.000000
vn -0.000000 0.000000 1.000000
vn 0.000001 -0.000035 1.000000
vn -0.000000 -0.000000 1.000000
vn -0.000000 0.000000 1.000000
vn 0.000243 -0.000636 1.000000
vn 0.000000 0.000000 1.000000
vn 0.000000 -0.000000 1.000000
vn -0.000379 -0.000180 1.000000
vn -0.000282 0.000058 1.000000
vn -0.000000 -0.000000 1.000000
vn 0.000205 0.000113 1.000000
vn 0.000000 0.000000 1.000000
vn -0.000000 0.000000 1.000000
vn -0.000000 0.000000 1.000000
vn -0.000000 -0.000000 1.000000
vn -0.000001 0.000006 1.000000
vn 0.000066 -0.000021 1.000000
vn -0.000359 -0.005560 0.999984
vn -0.000490 0.000801 1.000000
vn -0.002031 0.001252 0.999997
vn 0.000516 -0.002454 0.999997
vn 0.003916 0.005035 0.999980
vn -0.172105 0.726481 0.665286
vn -0.161586 0.752777 0.638135
vn -0.177156 0.713205 0.678199
vn -0.165015 0.744399 0.647024
vn 0.571127 0.516325 0.638140
vn 0.543097 0.512287 0.665288
vn 0.529076 0.510024 0.678200
vn 0.562158 0.515106 0.647027
vn 0.715200 -0.214198 0.665288
vn 0.732745 -0.236497 0.638086
vn 0.706232 -0.203190 0.678196
vn 0.727199 -0.229331 0.646985
vn 0.172102 -0.726469 0.665299
vn 0.161611 -0.752767 0.638141
vn 0.177136 -0.713202 0.678208
vn 0.165024 -0.744405 0.647015
vn -0.571133 -0.516315 0.638143
vn -0.543111 -0.512279 0.665283
vn -0.529093 -0.510016 0.678191
vn -0.562166 -0.515097 0.647028
vn -0.715202 0.214199 0.665286
vn -0.732711 0.236453 0.638141
vn -0.727172 0.229295 0.647028
vn -0.706232 0.203189 0.678196
vn -0.667357 0.202777 0.716601
vn -0.577006 -0.379871 0.723023
vn -0.101965 0.747589 0.656288
vn -0.320151 0.645285 0.693621
vn -0.490963 -0.503165 0.711182
vn -0.463286 0.502389 0.730049
vn -0.119854 0.719780 0.683778
vn -0.529088 -0.510035 0.678181
vn -0.679521 -0.187319 0.709340
vn 0.571188 0.516322 0.638088
vn 0.543109 0.512279 0.665284
vn 0.529093 0.510016 0.678191
vn 0.562210 0.515103 0.646985
vn 0.715194 -0.214182 0.665300
vn 0.732730 -0.236425 0.638130
vn 0.706217 -0.203184 0.678213
vn 0.727193 -0.229285 0.647008
vn 0.161610 -0.752720 0.638197
vn 0.172105 -0.726483 0.665284
vn 0.177157 -0.713205 0.678200
vn 0.165034 -0.744353 0.647072
vn -0.161556 0.752628 0.638318
vn -0.172074 0.726527 0.665244
vn -0.177166 0.713246 0.678154
vn -0.165010 0.744249 0.647198
vn 0.543148 0.512282 0.665250
vn 0.571169 0.516242 0.638170
vn 0.529106 0.510053 0.678154
vn 0.562153 0.515041 0.647083
vn 0.732744 -0.236498 0.638087
vn 0.715200 -0.214199 0.665288
vn 0.706232 -0.203191 0.678196
vn 0.727198 -0.229332 0.646985
vn 0.161611 -0.752767 0.638141
vn 0.172102 -0.726469 0.665300
vn 0.177136 -0.713201 0.678208
vn 0.165024 -0.744405 0.647015
vn -0.543111 -0.512279 0.665282
vn -0.571132 -0.516316 0.638143
vn -0.529093 -0.510017 0.678191
vn -0.562166 -0.515097 0.647028
vn -0.732620 0.236332 0.638291
vn -0.715205 0.214202 0.665281
vn -0.727098 0.229199 0.647145
vn -0.706232 0.203188 0.678197
vn 0.689552 -0.219615 0.690136
vn 0.534896 0.487458 0.690124
vn -0.154588 0.707065 0.690045
vn -0.689489 0.219832 0.690129
vn -0.534908 -0.487321 0.690211
vn 0.154683 -0.706946 0.690146
vn -0.512429 0.543676 0.664705
vn 0.214638 0.715597 0.664719
vn 0.727229 0.171957 0.664507
vn 0.512528 -0.543824 0.664508
vn -0.214768 -0.715919 0.664331
vn -0.727394 -0.171990 0.664317
vn 0.995383 0.095949 -0.002603
vn 0.995746 0.092140 0.000000
vn 0.091071 0.995806 -0.008753
vn 0.070939 0.997481 0.000000
vn 0.978977 0.203909 -0.005102
vn 0.138278 0.990391 0.002144
vn 0.293529 0.955945 0.003109
vn 0.461556 0.887080 0.007374
vn 0.594391 0.804130 -0.008631
vn 0.731461 0.681838 0.007862
vn 0.829309 0.558727 -0.008413
vn 0.920261 0.391233 0.007520
vn 0.980680 0.195386 -0.009509
vn 0.434701 0.900385 -0.018513
vn 0.192588 0.981192 -0.013101
vn 0.899375 0.436903 -0.015528
vn 0.704453 0.709354 -0.023698
vn 0.975185 0.220959 -0.013839
vn 0.997880 -0.065045 -0.002229
vn 0.926410 -0.376506 -0.002638
vn 0.977280 0.210331 -0.026166
vn 0.896826 -0.442143 0.014624
vn 0.993689 -0.112167 0.000213
vn -0.972307 0.233700 0.001728
vn -0.972326 0.233621 0.001818
vn -0.972329 0.233609 0.001833
vn -0.972348 0.233530 0.001925
vn -0.996871 0.079045 0.000000
vn -0.124372 0.992184 -0.010116
vn -0.987325 0.158713 0.000068
vn -0.946698 0.322119 0.001401
vn -0.880590 0.473877 0.001608
vn -0.777843 0.628451 0.003146
vn -0.675265 0.737521 -0.008981
vn -0.523336 0.852119 0.003562
vn -0.389564 0.920955 -0.009042
vn -0.202905 0.979194 0.002945
vn -0.995710 0.092268 -0.006975
vn -0.125651 0.992034 -0.008921
vn -0.270549 0.962588 -0.015069
vn -0.809054 0.587430 -0.018917
vn -0.983002 0.183438 -0.007527
vn -0.933300 0.358845 -0.013461
vn -0.572701 0.819429 -0.023449
vn -0.875966 -0.481922 -0.020851
vn -0.967115 0.254270 -0.005926
vn -0.990822 -0.134473 -0.013718
vn -0.999799 -0.000590 0.020051
vn -0.935751 0.351816 0.024384
vn -0.924670 -0.380561 0.012607
vn 0.875809 0.481872 -0.027545
vn 0.608020 0.793606 -0.022369
vn -0.143069 0.989482 -0.021356
vn -0.481909 0.875973 -0.020851
vn -0.316111 0.948150 0.032941
vn 0.249300 0.967183 0.049065
vn 0.747907 0.662504 0.041527
vn 0.970925 -0.238800 0.016702
vn 0.973738 -0.227361 0.011869
vn 0.965296 -0.259897 0.025652
vn 0.962671 -0.269058 0.029553
vn -0.254262 -0.967117 -0.005924
vn 0.134468 -0.990823 -0.013717
vn 0.481909 -0.875973 -0.020852
vn 0.380548 -0.924675 0.012605
vn 0.000594 -0.999799 0.020050
vn -0.351808 -0.935754 0.024385
vn -0.875966 -0.481921 -0.020851
vn -0.967115 0.254271 -0.005926
vn -0.990822 -0.134472 -0.013718
vn -0.999799 -0.000589 0.020051
vn -0.935751 0.351816 0.024384
vn -0.924670 -0.380561 0.012607
vn 0.254266 0.967116 -0.005924
vn -0.134465 0.990823 -0.013717
vn -0.481906 0.875975 -0.020851
vn -0.380548 0.924675 0.012605
vn -0.000592 0.999799 0.020050
vn 0.351810 0.935754 0.024385
vn 0.967113 -0.254277 -0.005924
vn 0.990824 0.134460 -0.013717
vn 0.875975 0.481906 -0.020851
vn 0.924672 0.380555 0.012604
vn 0.999799 0.000586 0.020050
vn 0.935750 -0.351819 0.024385
vn -0.254262 -0.967117 -0.005925
vn 0.134469 -0.990823 -0.013717
vn 0.481909 -0.875973 -0.020852
vn 0.380549 -0.924675 0.012605
vn 0.000593 -0.999799 0.020050
vn -0.351808 -0.935755 0.024385
vn -0.875975 -0.481905 -0.020851
vn -0.481874 0.875807 -0.027544
vn -0.793603 0.608025 -0.022368
vn -0.989484 -0.143060 -0.021356
vn -0.967185 0.249291 0.049065
vn -0.662515 0.747897 0.041528
vn -0.948147 -0.316120 0.032939
vn 0.238788 0.970928 0.016701
vn 0.227350 0.973741 0.011868
vn 0.259885 0.965299 0.025651
vn 0.269046 0.962674 0.029552
vn 0.967113 -0.254277 -0.005924
vn 0.990824 0.134459 -0.013717
vn 0.875975 0.481905 -0.020851
vn 0.924672 0.380555 0.012604
vn 0.999799 0.000588 0.020050
vn 0.935751 -0.351817 0.024384
vn -0.254264 -0.967117 -0.005925
vn 0.134468 -0.990823 -0.013717
vn 0.481909 -0.875973 -0.020852
vn 0.380549 -0.924675 0.012605
vn 0.000588 -0.999799 0.020050
vn -0.351809 -0.935754 0.024385
vn -0.961027 0.276389 -0.005924
vn -0.999512 -0.031190 0.001977
vn -0.840019 0.542536 -0.004723
vn -0.556648 0.830740 0.003831
vn 0.550916 0.834558 0.001977
vn 0.230497 0.973070 -0.002321
vn -0.206282 0.978490 -0.002008
vn 0.795065 0.606353 -0.014401
vn 0.960360 -0.278694 -0.006244
vn 0.972999 0.229997 -0.019346
vn 0.777527 -0.628846 -0.002008
vn -0.592401 -0.805165 -0.027779
vn -0.089420 -0.995865 -0.016020
vn 0.417811 -0.908416 -0.014637
vn -0.922509 -0.385888 -0.008194
vn -0.993856 0.110647 0.002849
vn -0.858081 0.513444 0.008490
vn -0.576743 0.816908 0.005399
vn -0.115141 0.993241 0.014638
vn 0.337472 0.941333 0.002008
vn 0.663532 0.748142 0.002849
vn 0.904095 0.427088 0.014401
vn 0.992255 0.124213 0.000698
vn 0.992284 -0.123964 -0.002486
vn 0.904395 -0.426692 -0.001977
vn 0.702630 -0.711551 0.002321
vn 0.332285 -0.943177 0.002008
vn -0.043839 -0.999031 -0.003831
vn -0.442865 -0.896515 0.011437
vn -0.767023 -0.641465 0.014102
vn -0.963654 -0.267145 0.002008
vn -0.693742 0.719589 -0.030213
vn 0.276307 0.960594 -0.030213
vn 0.970054 0.241002 -0.030214
vn 0.693732 -0.719599 -0.030213
vn -0.276330 -0.960588 -0.030213
vn -0.970057 -0.240992 -0.030212
vn -0.977317 0.209700 0.029637
vn -0.307046 0.951233 0.029637
vn 0.670266 0.741529 0.029636
vn 0.977318 -0.209692 0.029636
vn 0.307069 -0.951226 0.029636
vn -0.670254 -0.741540 0.029636
vn -0.693731 0.719600 -0.030213
vn 0.276331 0.960588 -0.030213
vn 0.970057 0.240993 -0.030212
vn 0.693743 -0.719589 -0.030213
vn -0.276307 -0.960594 -0.030213
vn -0.970054 -0.241001 -0.030214
vn -0.977318 0.209691 0.029636
vn -0.307070 0.951225 0.029636
vn 0.670254 0.741540 0.029636
vn 0.977317 -0.209700 0.029637
vn 0.307046 -0.951233 0.029637
vn -0.670266 -0.741529 0.029636
vn -0.693743 0.719589 -0.030213
vn 0.276307 0.960594 -0.030213
vn 0.970054 0.241001 -0.030214
vn 0.693731 -0.719600 -0.030213
vn -0.276330 -0.960588 -0.030213
vn -0.970056 -0.240993 -0.030212
vn -0.977316 0.209701 0.029637
vn -0.307046 0.951233 0.029637
vn 0.670266 0.741529 0.029636
vn 0.977318 -0.209691 0.029636
vn 0.307069 -0.951226 0.029636
vn -0.670255 -0.741539 0.029636
vn -0.960987 0.276482 -0.007804
vn -0.708052 -0.705983 -0.015813
vn -0.971228 -0.237695 -0.014761
vn -0.998938 0.045936 -0.003600
vn -0.947446 0.319427 -0.017682
vn -0.612489 -0.790455 0.006216
vn -0.831389 -0.555628 0.008334
vn -0.250764 0.968032 -0.005606
vn -0.241061 0.970479 -0.007804
vn -0.307241 0.951604 0.007321
vn -0.297717 0.954640 0.005124
vn 0.712959 0.701183 -0.005606
vn 0.719929 0.694003 -0.007804
vn 0.670493 0.741880 0.007321
vn 0.677885 0.735150 0.005125
vn 0.963719 -0.266860 -0.005606
vn 0.960986 -0.276487 -0.007804
vn 0.977731 -0.209736 0.007321
vn 0.975598 -0.219503 0.005125
vn 0.250740 -0.968038 -0.005606
vn 0.241037 -0.970485 -0.007804
vn 0.307216 -0.951612 0.007321
vn 0.297692 -0.954648 0.005125
vn -0.875975 -0.481905 -0.020851
vn -0.481875 0.875807 -0.027544
vn -0.793603 0.608024 -0.022368
vn -0.989484 -0.143060 -0.021356
vn -0.967184 0.249294 0.049065
vn -0.662514 0.747897 0.041528
vn -0.948147 -0.316120 0.032939
vn 0.238787 0.970928 0.016701
vn 0.227349 0.973741 0.011868
vn 0.259884 0.965299 0.025651
vn 0.269045 0.962674 0.029552
vn 0.967113 -0.254277 -0.005924
vn 0.990824 0.134459 -0.013717
vn 0.875975 0.481905 -0.020851
vn 0.924672 0.380555 0.012604
vn 0.999799 0.000590 0.020050
vn 0.935751 -0.351816 0.024384
vn -0.254265 -0.967116 -0.005925
vn 0.134467 -0.990823 -0.013717
vn 0.481909 -0.875973 -0.020851
vn 0.380549 -0.924675 0.012605
vn 0.000591 -0.999799 0.020050
vn -0.351809 -0.935754 0.024384
vn 0.000000 0.000000 -1.000000
vn 0.000000 0.000000 -1.000000
vn 0.000010 -0.000001 -1.000000
vn -0.000000 0.000042 -1.000000
vn 0.000000 0.000000 -1.000000
vn 0.000000 0.000000 -1.000000
vn 0.000000 0.000000 -1.000000
vn 0.000000 0.000000 -1.000000
vn 0.000008 -0.000018 -1.000000
vn -0.000003 0.000010 -1.000000
vn 0.000012 -0.000001 -1.000000
vn 0.000000 0.000000 -1.000000
vn 0.000002 0.000006 -1.000000
vn 0.000002 0.000005 -1.000000
vn 0.000001 0.000045 -1.000000
vn 0.000000 0.000000 -1.000000
vn 0.000003 -0.000001 -1.000000
vn 0.000007 -0.000004 -1.000000
vn -0.000000 -0.000002 -1.000000
vn -0.000000 -0.000000 -1.000000
vn 0.000057 -0.000001 -1.000000
vn -0.000011 -0.000005 -1.000000
vn 0.000019 -0.000007 -1.000000
vn 0.000056 0.000002 -1.000000
vn 0.000000 0.000004 -1.000000
vn -0.000001 0.000002 -1.000000
vn -0.000125 0.000004 -1.000000
vn -0.000047 0.000003 -1.000000
vn -0.000001 -0.000011 -1.000000
vn 0.000005 0.000000 -1.000000
vn 0.000002 0.000004 -1.000000
vn 0.000019 -0.000011 -1.000000
vn 0.000001 -0.000002 -1.000000
vn 0.000015 -0.000012 -1.000000
vn -0.000001 0.000000 -1.000000
vn -0.000023 -0.000006 -1.000000
vn 0.000005 -0.000014 -1.000000
vn 0.000005 -0.000012 -1.000000
vn -0.000009 0.000002 -1.000000
vn 0.000005 0.000013 -1.000000
vn -0.000001 0.000001 -1.000000
vn -0.000061 -0.000009 -1.000000
vn -0.000005 0.000007 -1.000000
vn 0.000002 -0.000006 -1.000000
vn 0.000000 -0.000000 -1.000000
vn -0.000006 -0.000005 -1.000000
vn 0.000003 -0.000007 -1.000000
vn -0.000001 0.000002 -1.000000
vn -0.000007 0.000007 -1.000000
vn 0.000007 -0.000003 -1.000000
vn 0.000026 0.000033 -1.000000
vn 0.000001 0.000005 -1.000000
vn -0.000024 0.000118 -1.000000
vn 0.000009 -0.000000 -1.000000
vn -0.000005 0.000006 -1.000000
vn -0.000009 -0.000000 -1.000000
vn 0.000010 0.000014 -1.000000
vn 0.000003 -0.000001 -1.000000
vn 0.000000 0.000005 -1.000000
vn -0.000005 0.000002 -1.000000
vn 0.000000 0.000000 -1.000000
vn 0.000000 0.000000 -1.000000
vn -0.000002 0.000001 -1.000000
vn -0.000009 -0.000004 -1.000000
vn -0.000001 -0.000002 -1.000000
vn 0.000005 -0.000007 -1.000000
vn 0.000017 -0.000007 -1.000000
vn 0.000006 0.000002 -1.000000
vn 0.000000 0.000000 -1.000000
vn 0.000000 0.000000 -1.000000
vn 0.000000 0.000000 -1.000000
vn 0.000004 0.000001 -1.000000
vn 0.000000 0.000000 -1.000000
vn 0.000000 0.000000 -1.000000
vn -0.000001 -0.000001 -1.000000
vn -0.000002 -0.000002 -1.000000
vn 0.000000 0.000000 -1.000000
vn 0.000000 0.000000 -1.000000
vn 0.000000 0.000000 -1.000000
vn 0.000000 0.000000 -1.000000
vn 0.000000 0.000000 -1.000000
vn 0.000000 0.000000 -1.000000
vn 0.000000 0.000000 -1.000000
vn 0.000000 0.000000 -1.000000
vn 0.000000 0.000000 -1.000000
vn 0.000000 0.000000 -1.000000
vn -0.000000 -0.000003 -1.000000
vn 0.000006 -0.000001 -1.000000
vn 0.000004 0.000003 -1.000000
vn 0.000000 0.000000 -1.000000
vn 0.000000 0.000000 -1.000000
vn 0.000001 -0.000001 -1.000000
vn 0.000000 0.000000 -1.000000
vn 0.000000 0.000000 -1.000000
vn 0.000000 0.000000 -1.000000
vn 0.000000 0.000000 -1.000000
vn -0.000000 0.000000 -1.000000
vn -0.000000 0.000000 -1.000000
vn 0.000002 0.000027 -1.000000
vn -0.000011 -0.000023 -1.000000
vn -0.000031 0.000028 -1.000000
vn -0.000005 0.000011 -1.000000
vn -0.000006 0.000008 -1.000000
vn -0.000011 0.000003 -1.000000
vn 0.000001 0.000026 -1.000000
vn -0.000003 0.000004 -1.000000
vn 0.000003 -0.000000 -1.000000
vn 0.000003 0.000010 -1.000000
vn -0.000001 -0.000001 -1.000000
vn -0.000001 0.000000 -1.000000
vn -0.000004 -0.000005 -1.000000
vn 0.000002 -0.000004 -1.000000
vn -0.000000 0.000004 -1.000000
vn -0.000001 -0.000003 -1.000000
vn -0.000001 -0.000001 -1.000000
vn 0.000000 -0.000003 -1.000000
vn -0.000001 0.000000 -1.000000
vn -0.000000 -0.000000 -1.000000
f 2/1/2 4/2/4 3/3/3
f 1/4/1 2/1/2 3/3/3
f 16/5/16 10/6/10 9/7/9
f 7/8/7 5/9/5 14/10/14
f 15/11/15 12/12/12 8/13/8
f 14/10/14 15/11/15 8/13/8
f 13/14/13 14/15/14 11/16/11
f 14/10/14 8/13/8 11/17/11
f 16/18/16 9/19/9 12/20/12
f 18/21/18 19/22/19 9/19/9
f 19/22/19 17/23/17 12/20/12
f 19/22/19 12/20/12 9/19/9
f 15/24/15 16/18/16 12/20/12
f 5/25/5 7/26/7 6/27/6
f 13/28/13 7/8/7 14/10/14
f 27/29/27 26/30/26 25/31/25
f 28/32/28 21/33/21 27/29/27
f 20/34/20 21/35/21 24/36/24
f 28/32/28 24/37/24 21/33/21
f 26/30/26 23/38/23 22/39/22
f 25/31/25 26/30/26 22/39/22
f 25/31/25 28/32/28 27/29/27
f 38/40/38 39/41/39 40/42/40
f 34/43/34 37/44/37 38/40/38
f 29/45/29 31/46/31 32/47/32
f 40/48/40 39/49/39 41/50/41
f 42/51/42 36/52/36 44/53/44
f 37/44/37 39/41/39 38/40/38
f 35/54/35 33/55/33 34/43/34
f 34/43/34 38/40/38 35/54/35
f 32/56/32 34/57/34 33/58/33
f 33/55/33 29/45/29 32/47/32
f 41/59/41 42/51/42 43/60/43
f 43/61/43 42/62/42 44/63/44
f 29/64/29 30/65/30 31/66/31
f 39/41/39 42/51/42 41/59/41
f 51/67/51 61/68/61 56/69/56
f 48/70/48 51/67/51 56/69/56
f 49/71/49 55/72/55 50/73/50
f 49/71/49 58/74/58 55/72/55
f 55/72/55 59/75/59 54/76/54
f 60/77/60 61/68/61 51/67/51
f 56/78/56 57/79/57 48/80/48
f 57/79/57 47/81/47 48/80/48
f 52/82/52 60/77/60 51/67/51
f 58/74/58 59/75/59 55/72/55
f 59/75/59 60/83/60 53/84/53
f 53/84/53 60/83/60 52/85/52
f 49/71/49 50/73/50 45/86/45
f 50/73/50 46/87/46 45/86/45
f 54/76/54 59/75/59 53/84/53
f 63/88/63 65/89/65 64/90/64
f 62/91/62 63/88/63 64/90/64
f 68/92/68 69/93/69 67/94/67
f 66/95/66 68/92/68 67/94/67
f 84/96/84 82/97/82 86/98/86
f 84/99/84 70/100/70 85/101/85
f 82/102/82 80/103/80 87/104/87
f 82/97/82 87/105/87 86/98/86
f 76/106/76 78/107/78 77/108/77
f 70/100/70 71/109/71 85/101/85
f 78/107/78 79/110/79 77/108/77
f 82/102/82 83/111/83 81/112/81
f 80/103/80 82/102/82 81/112/81
f 80/113/80 88/114/88 87/105/87
f 78/107/78 76/106/76 89/115/89
f 84/96/84 86/98/86 93/116/93
f 70/100/70 84/99/84 93/117/93
f 74/118/74 72/119/72 91/120/91
f 74/121/74 91/122/91 90/123/90
f 72/124/72 70/125/70 92/126/92
f 70/125/70 93/116/93 92/126/92
f 76/127/76 90/123/90 89/128/89
f 74/118/74 75/129/75 73/130/73
f 80/113/80 78/131/78 88/114/88
f 78/131/78 89/128/89 88/114/88
f 72/119/72 74/118/74 73/130/73
f 72/124/72 92/126/92 91/122/91
f 76/127/76 74/121/74 90/123/90
f 96/132/96 97/133/97 95/134/95
f 94/135/94 96/132/96 95/134/95
f 100/136/100 101/137/101 99/138/99
f 98/139/98 100/136/100 99/138/99
f 104/140/104 105/141/105 103/142/103
f 102/143/102 104/140/104 103/142/103
f 106/144/106 108/145/108 107/146/107
f 108/145/108 109/147/109 107/146/107
f 118/148/118 116/149/116 129/150/129
f 118/148/118 119/151/119 117/152/117
f 116/153/116 114/154/114 130/155/130
f 114/154/114 131/156/131 130/155/130
f 116/149/116 118/148/118 117/152/117
f 124/157/124 110/158/110 125/159/125
f 120/160/120 122/161/122 121/162/121
f 110/158/110 111/163/111 125/159/125
f 122/161/122 123/164/123 121/162/121
f 116/153/116 130/155/130 129/165/129
f 124/166/124 122/167/122 126/168/126
f 122/167/122 127/169/127 126/168/126
f 122/161/122 120/160/120 127/170/127
f 120/171/120 128/172/128 127/169/127
f 120/171/120 118/173/118 128/172/128
f 118/173/118 129/165/129 128/172/128
f 112/174/112 132/175/132 131/156/131
f 110/176/110 133/177/133 132/175/132
f 112/174/112 110/176/110 132/175/132
f 110/158/110 124/157/124 133/178/133
f 124/166/124 126/168/126 133/177/133
f 112/179/112 114/180/114 113/181/113
f 114/180/114 115/182/115 113/181/113
f 114/180/114 112/179/112 131/183/131
f 134/184/134 136/185/136 135/186/135
f 136/185/136 137/187/137 135/186/135
f 140/188/140 141/189/141 139/190/139
f 138/191/138 140/188/140 139/190/139
f 144/192/144 145/193/145 143/194/143
f 142/195/142 144/192/144 143/194/143
f 148/196/148 149/197/149 147/198/147
f 146/199/146 148/196/148 147/198/147
f 152/200/152 150/201/150 171/202/171
f 156/203/156 158/204/158 157/205/157
f 158/206/158 168/207/168 167/208/167
f 156/209/156 169/210/169 168/207/168
f 160/211/160 158/206/158 167/208/167
f 156/209/156 154/212/154 169/210/169
f 158/204/158 156/203/156 168/213/168
f 152/200/152 171/202/171 170/214/170
f 158/204/158 159/215/159 157/205/157
f 162/216/162 166/217/166 165/218/165
f 162/219/162 160/220/160 166/221/166
f 160/211/160 167/208/167 166/217/166
f 154/222/154 152/223/152 170/224/170
f 150/225/150 164/226/164 172/227/172
f 150/201/150 172/228/172 171/202/171
f 164/229/164 165/218/165 172/228/172
f 164/229/164 162/216/162 165/218/165
f 154/212/154 170/214/170 169/210/169
f 154/222/154 155/230/155 153/231/153
f 152/223/152 154/222/154 153/231/153
f 150/225/150 151/232/151 173/233/173
f 160/220/160 162/219/162 161/234/161
f 162/219/162 163/235/163 161/234/161
f 164/226/164 150/225/150 173/233/173
f 176/236/176 177/237/177 175/238/175
f 174/239/174 176/236/176 175/238/175
f 180/240/180 181/241/181 179/242/179
f 178/243/178 180/240/180 179/242/179
f 184/244/184 185/245/185 183/246/183
f 182/247/182 184/244/184 183/246/183
f 186/248/186 188/249/188 187/250/187
f 188/249/188 189/251/189 187/250/187
f 192/252/192 194/253/194 193/254/193
f 200/255/200 201/256/201 205/257/205
f 201/256/201 202/258/202 205/257/205
f 194/253/194 195/259/195 193/254/193
f 192/260/192 190/261/190 212/262/212
f 190/261/190 213/263/213 212/262/212
f 190/264/190 203/265/203 213/266/213
f 203/267/203 206/268/206 213/263/213
f 203/267/203 201/269/201 206/268/206
f 198/270/198 199/271/199 197/272/197
f 196/273/196 198/270/198 197/272/197
f 203/265/203 190/264/190 204/274/204
f 190/264/190 191/275/191 204/274/204
f 200/276/200 198/277/198 208/278/208
f 201/269/201 207/279/207 206/268/206
f 200/276/200 208/278/208 207/279/207
f 201/256/201 200/255/200 207/280/207
f 194/281/194 211/282/211 210/283/210
f 192/260/192 212/262/212 211/282/211
f 194/253/194 192/252/192 211/284/211
f 198/277/198 209/285/209 208/278/208
f 196/286/196 194/281/194 210/283/210
f 196/286/196 210/283/210 209/285/209
f 198/270/198 196/273/196 209/287/209
f 214/288/214 216/289/216 215/290/215
f 216/289/216 217/291/217 215/290/215
f 220/292/220 221/293/221 219/294/219
f 218/295/218 220/292/220 219/294/219
f 224/296/224 225/297/225 223/298/223
f 222/299/222 224/296/224 223/298/223
f 228/300/228 229/301/229 226/302/226
f 229/301/229 227/303/227 226/302/226
f 232/304/232 231/305/231 233/306/233
f 231/305/231 230/307/230 233/306/233
f 234/308/234 235/309/235 236/310/236
f 235/309/235 237/311/237 236/310/236
f 280/312/280 259/313/259 282/314/282
f 280/315/280 282/316/282 281/317/281
f 277/318/277 280/315/280 281/317/281
f 270/319/270 269/320/269 271/321/271
f 266/322/266 269/323/269 268/324/268
f 267/325/267 266/322/266 268/324/268
f 247/326/247 253/327/253 285/328/285
f 268/324/268 269/323/269 270/329/270
f 271/321/271 272/330/272 273/331/273
f 269/323/269 272/332/272 271/333/271
f 297/334/297 286/335/286 288/336/288
f 297/334/297 288/336/288 289/337/289
f 295/338/295 297/334/297 289/337/289
f 295/339/295 289/340/289 291/341/291
f 295/339/295 291/341/291 292/342/292
f 294/343/294 295/339/295 292/342/292
f 251/344/251 294/343/294 292/342/292
f 265/345/265 266/322/266 267/325/267
f 263/346/263 266/322/266 265/345/265
f 264/347/264 263/348/263 265/349/265
f 290/350/290 250/351/250 251/352/251
f 290/350/290 251/352/251 292/353/292
f 290/354/290 292/342/292 291/341/291
f 287/355/287 290/350/290 291/356/291
f 284/357/284 288/358/288 286/359/286
f 287/355/287 291/356/291 289/360/289
f 287/361/287 289/337/289 288/336/288
f 284/357/284 287/355/287 288/358/288
f 283/362/283 284/357/284 285/363/285
f 284/364/284 286/335/286 285/328/285
f 283/365/283 285/328/285 253/327/253
f 261/366/261 283/365/283 253/327/253
f 249/367/249 248/368/248 240/369/240
f 261/370/261 253/371/253 239/372/239
f 238/373/238 261/370/261 239/372/239
f 280/315/280 260/374/260 259/375/259
f 248/368/248 249/367/249 251/376/251
f 241/377/241 249/378/249 240/379/240
f 250/380/250 248/368/248 251/376/251
f 296/381/296 247/326/247 285/328/285
f 296/381/296 285/328/285 286/335/286
f 297/334/297 296/381/296 286/335/286
f 242/382/242 258/383/258 262/384/262
f 260/374/260 261/370/261 238/373/238
f 262/385/262 263/346/263 264/386/264
f 258/387/258 263/346/263 262/385/262
f 259/313/259 260/388/260 245/389/245
f 260/374/260 238/373/238 245/390/245
f 257/391/257 275/392/275 274/393/274
f 257/391/257 274/393/274 244/394/244
f 293/395/293 276/396/276 275/397/275
f 257/398/257 293/395/293 275/397/275
f 256/399/256 255/400/255 273/331/273
f 272/332/272 256/401/256 273/402/273
f 293/403/293 278/404/278 276/405/276
f 293/395/293 277/318/277 278/406/278
f 277/318/277 279/407/279 278/406/278
f 277/318/277 281/317/281 279/407/279
f 242/408/242 262/385/262 254/409/254
f 244/394/244 274/393/274 246/410/246
f 255/411/255 256/401/256 243/412/243
f 256/401/256 244/413/244 243/412/243
f 256/401/256 257/398/257 244/413/244
f 252/414/252 258/383/258 242/382/242
f 298/415/298 299/416/299 301/417/301
f 299/416/299 300/418/300 301/417/301
f 303/419/303 302/420/302 305/421/305
f 303/419/303 305/421/305 304/422/304
f 306/423/306 307/424/307 309/425/309
f 307/424/307 308/426/308 309/425/309
f 310/427/310 311/428/311 313/429/313
f 312/430/312 310/427/310 313/429/313
f 350/431/350 349/432/349 377/433/377
f 376/434/376 350/431/350 377/433/377
f 401/435/401 351/436/351 350/431/350
f 401/435/401 350/431/350 376/434/376
f 351/436/351 315/437/315 350/431/350
f 351/436/351 401/435/401 352/438/352
f 349/432/349 348/439/348 378/440/378
f 349/432/349 378/440/378 377/433/377
f 321/441/321 322/442/322 383/443/383
f 370/444/370 317/445/317 318/446/318
f 371/447/371 370/444/370 318/446/318
f 371/447/371 318/446/318 319/448/319
f 347/449/347 371/447/371 319/448/319
f 347/449/347 319/448/319 398/450/398
f 379/451/379 347/449/347 398/450/398
f 348/439/348 314/452/314 346/453/346
f 379/451/379 348/439/348 346/453/346
f 379/451/379 346/453/346 347/449/347
f 401/435/401 376/434/376 382/454/382
f 379/451/379 401/435/401 382/454/382
f 379/451/379 382/454/382 381/455/381
f 379/451/379 381/455/381 380/456/380
f 359/457/359 352/438/352 325/458/325
f 329/459/329 372/460/372 328/461/328
f 357/462/357 373/463/373 389/464/389
f 384/465/384 357/462/357 389/464/389
f 368/466/368 385/467/385 388/468/388
f 383/443/383 368/466/368 388/468/388
f 386/469/386 383/443/383 388/468/388
f 386/469/386 387/470/387 373/463/373
f 386/469/386 373/463/373 383/443/383
f 385/467/385 368/466/368 358/471/358
f 384/465/384 385/467/385 358/471/358
f 384/465/384 358/471/358 357/462/357
f 368/466/368 322/442/322 323/472/323
f 369/473/369 368/466/368 323/472/323
f 369/473/369 323/472/323 316/474/316
f 370/444/370 369/473/369 316/474/316
f 370/444/370 316/474/316 317/445/317
f 322/442/322 368/466/368 383/443/383
f 374/475/374 375/476/375 394/477/394
f 374/475/374 394/477/394 393/478/393
f 407/479/407 374/475/374 393/478/393
f 391/480/391 407/479/407 393/478/393
f 395/481/395 392/482/392 355/483/355
f 366/484/366 413/485/413 390/486/390
f 366/484/366 390/486/390 344/487/344
f 366/484/366 344/487/344 345/488/345
f 367/489/367 366/484/366 345/488/345
f 339/490/339 367/489/367 345/488/345
f 357/462/357 367/489/367 339/490/339
f 357/462/357 339/490/339 340/491/340
f 341/492/341 342/493/342 373/463/373
f 341/492/341 373/463/373 357/462/357
f 348/439/348 379/451/379 380/456/380
f 348/439/348 380/456/380 378/440/378
f 333/494/333 334/495/334 404/496/404
f 356/497/356 334/495/334 335/498/335
f 337/499/337 363/500/363 336/501/336
f 337/499/337 338/502/338 363/500/363
f 338/502/338 364/503/364 363/500/363
f 373/463/373 397/504/397 383/443/383
f 373/463/373 342/493/342 397/504/397
f 342/493/342 343/505/343 397/504/397
f 334/495/334 356/497/356 404/496/404
f 356/497/356 414/506/414 404/496/404
f 356/497/356 417/507/417 414/506/414
f 415/508/415 404/496/404 416/509/416
f 404/496/404 414/506/414 416/509/416
f 356/497/356 418/510/418 417/507/417
f 356/497/356 372/460/372 418/510/418
f 338/502/338 407/479/407 364/503/364
f 374/475/374 407/479/407 409/511/409
f 407/479/407 410/512/410 409/511/409
f 408/513/408 411/514/411 374/475/374
f 411/514/411 412/515/412 374/475/374
f 412/515/412 397/504/397 343/505/343
f 412/515/412 411/514/411 397/504/397
f 413/485/413 355/483/355 374/475/374
f 355/483/355 375/476/375 374/475/374
f 355/483/355 392/482/392 375/476/375
f 321/441/321 383/443/383 320/516/320
f 383/443/383 398/450/398 320/516/320
f 398/450/398 319/448/319 320/516/320
f 331/517/331 415/508/415 330/518/330
f 415/508/415 372/460/372 330/518/330
f 372/460/372 329/459/329 330/518/330
f 406/519/406 333/494/333 404/496/404
f 327/520/327 361/521/361 360/522/360
f 399/523/399 379/451/379 398/450/398
f 379/451/379 402/524/402 401/435/401
f 379/451/379 399/523/399 402/524/402
f 352/438/352 401/435/401 325/458/325
f 401/435/401 324/525/324 325/458/325
f 401/435/401 400/526/400 324/525/324
f 400/526/400 403/527/403 324/525/324
f 324/525/324 403/527/403 331/517/331
f 403/527/403 405/528/405 331/517/331
f 405/528/405 415/508/415 331/517/331
f 405/528/405 404/496/404 415/508/415
f 333/494/333 406/519/406 332/529/332
f 406/519/406 410/512/410 332/529/332
f 410/512/410 407/479/407 332/529/332
f 408/513/408 374/475/374 409/511/409
f 355/483/355 354/530/354 395/481/395
f 354/530/354 365/531/365 395/481/395
f 365/531/365 396/532/396 395/481/395
f 364/503/364 407/479/407 365/531/365
f 407/479/407 396/532/396 365/531/365
f 407/479/407 391/480/391 396/532/396
f 363/500/363 362/533/362 336/501/336
f 362/533/362 335/498/335 336/501/336
f 362/533/362 356/497/356 335/498/335
f 353/534/353 372/460/372 356/497/356
f 353/534/353 361/521/361 372/460/372
f 361/521/361 328/461/328 372/460/372
f 361/521/361 327/520/327 328/461/328
f 325/458/325 326/535/326 359/457/359
f 326/535/326 360/522/360 359/457/359
f 326/535/326 327/520/327 360/522/360
f 373/463/373 387/470/387 389/464/389
f 340/491/340 341/492/341 357/462/357
f 412/515/412 343/505/343 390/486/390
f 374/475/374 412/515/412 413/485/413
f 412/515/412 390/486/390 413/485/413
f 422/536/422 420/537/420 419/538/419
f 421/539/421 422/536/422 419/538/419
f 426/540/426 423/541/423 424/542/424
f 425/543/425 426/540/426 424/542/424
f 430/544/430 428/545/428 427/546/427
f 429/547/429 430/544/430 427/546/427
f 434/548/434 432/549/432 431/550/431
f 433/551/433 434/548/434 431/550/431
f 438/552/438 435/553/435 436/554/436
f 437/555/437 438/552/438 436/554/436
f 441/556/441 440/557/440 439/558/439
f 442/559/442 441/556/441 439/558/439
f 450/560/450 451/561/451 447/562/447
f 451/563/451 443/564/443 444/565/444
f 451/561/451 444/566/444 447/562/447
f 448/567/448 449/568/449 446/569/446
f 449/570/449 445/571/445 446/572/446
f 448/573/448 446/574/446 443/564/443
f 451/561/451 448/567/448 443/575/443
f 454/576/454 455/577/455 453/578/453
f 455/577/455 452/579/452 453/578/453
f 459/580/459 457/581/457 456/582/456
f 458/583/458 459/580/459 456/582/456
f 463/584/463 460/585/460 461/586/461
f 462/587/462 463/584/463 461/586/461
f 466/588/466 467/589/467 465/590/465
f 467/589/467 464/591/464 465/590/465
f 470/592/470 471/593/471 468/594/468
f 471/593/471 469/595/469 468/594/468
f 475/596/475 472/597/472 473/598/473
f 474/599/474 475/596/475 473/598/473
f 479/600/479 476/601/476 477/602/477
f 478/603/478 479/600/479 477/602/477
f 483/604/483 481/605/481 480/606/480
f 482/607/482 483/604/483 480/606/480
f 487/608/487 486/609/486 485/610/485
f 486/609/486 484/611/484 485/610/485
f 498/612/498 492/613/492 493/614/493
f 495/615/495 489/616/489 490/617/490
f 498/618/498 499/619/499 492/620/492
f 499/621/499 491/622/491 492/623/492
f 494/624/494 490/617/490 491/625/491
f 499/619/499 494/626/494 491/627/491
f 494/626/494 495/628/495 490/629/490
f 495/628/495 496/630/496 489/631/489
f 496/632/496 488/633/488 489/634/489
f 497/635/497 493/614/493 488/636/488
f 497/637/497 498/618/498 493/638/493
f 496/630/496 497/637/497 488/639/488
f 516/640/516 513/641/513 508/642/508
f 502/643/502 503/644/503 505/645/505
f 504/646/504 515/647/515 511/648/511
f 510/649/510 516/650/516 509/651/509
f 511/648/511 515/647/515 510/649/510
f 515/647/515 516/650/516 510/649/510
f 500/652/500 512/653/512 504/646/504
f 512/653/512 515/647/515 504/646/504
f 509/654/509 516/640/516 508/642/508
f 513/641/513 514/655/514 506/656/506
f 501/657/501 500/652/500 504/646/504
f 507/658/507 513/641/513 506/656/506
f 514/655/514 502/643/502 505/645/505
f 514/655/514 505/645/505 506/656/506
f 508/642/508 513/641/513 507/658/507
f 518/659/518 517/660/517 522/661/522
f 519/662/519 522/661/522 521/663/521
f 519/662/519 518/659/518 522/661/522
f 517/660/517 520/664/520 522/661/522
f 523/665/523 525/666/525 524/667/524
f 525/666/525 526/668/526 524/667/524
f 542/669/542 541/670/541 530/671/530
f 535/672/535 543/673/543 534/674/534
f 531/675/531 542/669/542 530/671/530
f 540/676/540 542/669/542 531/675/531
f 532/677/532 540/676/540 531/675/531
f 539/678/539 543/673/543 535/672/535
f 536/679/536 539/678/539 535/672/535
f 528/680/528 539/678/539 536/679/536
f 538/681/538 539/678/539 528/680/528
f 529/682/529 541/670/541 537/683/537
f 534/674/534 543/673/543 533/684/533
f 543/673/543 540/685/540 533/684/533
f 533/686/533 540/676/540 532/677/532
f 527/687/527 529/682/529 537/683/537
f 529/682/529 530/671/530 541/670/541
f 549/688/549 547/689/547 546/690/546
f 545/691/545 547/689/547 548/692/548
f 549/688/549 546/690/546 544/693/544
f 547/689/547 545/691/545 546/690/546
f 556/694/556 550/695/550 551/696/551
f 554/697/554 552/698/552 553/699/553
f 554/697/554 555/700/555 552/698/552
f 555/700/555 551/701/551 552/698/552
f 555/700/555 556/702/556 551/701/551
f 559/703/559 560/704/560 557/705/557
f 559/703/559 557/705/557 558/706/558
f 565/707/565 561/708/561 562/709/562
f 565/707/565 566/710/566 561/708/561
f 564/711/564 565/707/565 562/709/562
f 564/711/564 562/709/562 563/712/563
f 570/713/570 568/714/568 569/715/569
f 568/714/568 570/713/570 571/716/571
f 572/717/572 569/715/569 567/718/567
f 572/717/572 570/713/570 569/715/569
f 577/719/577 578/720/578 573/721/573
f 576/722/576 577/719/577 574/723/574
f 577/719/577 573/721/573 574/723/574
f 576/722/576 574/723/574 575/724/575
f 583/725/583 584/726/584 579/727/579
f 582/728/582 580/729/580 581/730/581
f 583/725/583 579/727/579 580/729/580
f 582/728/582 583/725/583 580/729/580
f 588/731/588 586/732/586 587/733/587
f 588/731/588 589/734/589 586/732/586
f 589/734/589 590/735/590 585/736/585
f 589/734/589 585/736/585 586/732/586
f 597/737/597 594/738/594 591/739/591
f 597/737/597 595/740/595 594/738/594
f 595/740/595 593/741/593 594/738/594
f 596/742/596 592/743/592 593/744/593
f 595/740/595 596/745/596 593/741/593
f 600/746/600 601/747/601 598/748/598
f 600/746/600 598/748/598 599/749/599
f 606/750/606 607/751/607 602/752/602
f 605/753/605 606/750/606 603/754/603
f 605/753/605 603/754/603 604/755/604
f 606/750/606 602/752/602 603/754/603
f 612/756/612 613/757/613 608/758/608
f 611/759/611 609/760/609 610/761/610
f 611/759/611 612/756/612 609/760/609
f 612/756/612 608/758/608 609/760/609
f 641/762/641 626/763/626 627/764/627
f 629/765/629 614/766/614 615/767/615
f 629/765/629 630/768/630 614/766/614
f 630/768/630 616/769/616 614/766/614
f 630/768/630 631/770/631 616/769/616
f 631/770/631 617/771/617 616/769/616
f 631/772/631 632/773/632 617/774/617
f 632/773/632 620/775/620 617/774/617
f 629/765/629 615/767/615 628/776/628
f 632/773/632 633/777/633 619/778/619
f 633/777/633 634/779/634 619/778/619
f 634/779/634 618/780/618 619/778/619
f 632/773/632 619/778/619 620/775/620
f 642/781/642 643/782/643 625/783/625
f 641/762/641 642/781/642 626/763/626
f 642/781/642 625/783/625 626/763/626
f 635/784/635 636/785/636 623/786/623
f 635/784/635 623/786/623 621/787/621
f 634/788/634 635/784/635 621/787/621
f 634/779/634 621/789/621 618/780/618
f 636/785/636 637/790/637 623/786/623
f 639/791/639 627/764/627 624/792/624
f 639/791/639 640/793/640 627/764/627
f 640/793/640 641/762/641 627/764/627
f 638/794/638 639/795/639 622/796/622
f 637/790/637 638/794/638 622/796/622
f 637/790/637 622/796/622 623/786/623
f 639/795/639 624/797/624 622/796/622
f 643/798/643 644/799/644 628/776/628
f 644/799/644 629/765/629 628/776/628
f 643/798/643 628/776/628 625/800/625
f 651/801/651 645/802/645 650/803/650
f 655/804/655 649/805/649 648/806/648
f 655/804/655 656/807/656 649/805/649
f 656/808/656 650/803/650 649/809/649
f 656/808/656 651/801/651 650/803/650
f 654/810/654 655/811/655 648/812/648
f 654/810/654 648/812/648 647/813/647
f 653/814/653 654/810/654 647/813/647
f 653/814/653 647/813/647 646/815/646
f 652/816/652 653/817/653 646/818/646
f 652/816/652 646/818/646 645/819/645
f 651/801/651 652/820/652 645/802/645
f 667/821/667 668/822/668 661/823/661
f 667/821/667 661/823/661 660/824/660
f 666/825/666 667/826/667 660/827/660
f 666/825/666 660/827/660 659/828/659
f 665/829/665 666/825/666 659/828/659
f 665/829/665 659/828/659 658/830/658
f 664/831/664 658/832/658 657/833/657
f 664/831/664 665/834/665 658/832/658
f 668/835/668 662/836/662 661/837/661
f 668/835/668 663/838/663 662/836/662
f 663/838/663 664/839/664 657/840/657
f 663/838/663 657/840/657 662/836/662
f 675/841/675 669/842/669 674/843/674
f 675/841/675 676/844/676 669/842/669
f 676/845/676 670/846/670 669/847/669
f 676/845/676 677/848/677 670/846/670
f 678/849/678 679/850/679 672/851/672
f 678/849/678 672/851/672 671/852/671
f 680/853/680 674/843/674 673/854/673
f 680/853/680 675/841/675 674/843/674
f 679/855/679 673/856/673 672/857/672
f 679/855/679 680/858/680 673/856/673
f 677/859/677 678/849/678 671/852/671
f 677/859/677 671/852/671 670/860/670
f 687/861/687 683/862/683 682/863/682
f 686/864/686 687/865/687 682/866/682
f 687/861/687 684/867/684 683/862/683
f 684/867/684 685/868/685 683/862/683
f 685/868/685 681/869/681 683/862/683
f 690/870/690 691/871/691 688/872/688
f 691/871/691 689/873/689 688/872/688
f 694/874/694 695/875/695 692/876/692
f 695/877/695 693/878/693 692/879/692
f 698/880/698 699/881/699 696/882/696
f 699/881/699 697/883/697 696/882/696
f 702/884/702 703/885/703 700/886/700
f 703/885/703 701/887/701 700/886/700
f 708/888/708 709/889/709 706/890/706
f 709/891/709 705/892/705 706/893/706
f 710/894/710 707/895/707 704/896/704
f 708/888/708 706/890/706 707/895/707
f 710/894/710 708/888/708 707/895/707
f 713/897/713 714/898/714 711/899/711
f 713/897/713 711/899/711 712/900/712
f 718/901/718 719/902/719 716/903/716
f 718/901/718 716/903/716 717/904/717
f 719/902/719 720/905/720 715/906/715
f 719/902/719 715/906/715 716/903/716
f 725/907/725 721/908/721 722/909/722
f 724/910/724 725/907/725 722/909/722
f 724/910/724 722/909/722 723/911/723
f 725/907/725 726/912/726 721/908/721
f 835/913/835 836/914/836 843/915/843
f 835/913/835 843/915/843 783/916/783
f 745/917/745 829/918/829 798/919/798
f 745/917/745 798/919/798 844/920/844
f 837/921/837 830/922/830 829/918/829
f 837/921/837 829/918/829 745/917/745
f 831/923/831 830/922/830 837/921/837
f 834/924/834 831/923/831 837/921/837
f 832/925/832 827/926/827 826/927/826
f 744/928/744 832/925/832 826/927/826
f 836/914/836 745/917/745 844/920/844
f 836/914/836 844/920/844 843/915/843
f 798/919/798 827/926/827 832/925/832
f 825/929/825 744/928/744 826/927/826
f 746/930/746 836/914/836 732/931/732
f 734/932/734 746/930/746 732/931/732
f 731/933/731 810/934/810 809/935/809
f 835/913/835 731/933/731 809/935/809
f 732/931/732 811/936/811 810/934/810
f 731/933/731 732/931/732 810/934/810
f 835/913/835 808/937/808 807/938/807
f 808/937/808 835/913/835 809/935/809
f 836/914/836 835/913/835 807/938/807
f 806/939/806 836/914/836 807/938/807
f 732/931/732 836/914/836 811/936/811
f 836/914/836 806/939/806 811/936/811
f 731/933/731 835/913/835 743/940/743
f 835/913/835 759/941/759 743/940/743
f 819/942/819 818/943/818 729/944/729
f 752/945/752 729/944/729 738/946/738
f 840/947/840 818/943/818 824/948/824
f 841/949/841 822/950/822 821/951/821
f 747/952/747 750/953/750 840/947/840
f 747/952/747 840/947/840 765/954/765
f 748/955/748 747/952/747 765/954/765
f 748/955/748 765/954/765 764/956/764
f 751/957/751 750/953/750 736/958/736
f 750/953/750 751/957/751 840/947/840
f 727/959/727 800/960/800 805/961/805
f 744/928/744 727/959/727 805/961/805
f 744/928/744 733/962/733 727/959/727
f 838/963/838 728/964/728 735/965/735
f 749/966/749 838/963/838 735/965/735
f 746/930/746 745/917/745 836/914/836
f 756/967/756 755/968/755 774/969/774
f 756/967/756 772/970/772 757/971/757
f 740/972/740 754/973/754 752/945/752
f 740/972/740 752/945/752 739/974/739
f 841/949/841 754/973/754 753/975/753
f 758/976/758 841/949/841 753/975/753
f 841/949/841 821/951/821 752/945/752
f 754/973/754 841/949/841 752/945/752
f 752/945/752 821/951/821 820/977/820
f 729/944/729 752/945/752 820/977/820
f 729/944/729 820/977/820 819/942/819
f 840/947/840 824/948/824 823/978/823
f 822/950/822 840/947/840 823/978/823
f 840/947/840 751/957/751 737/979/737
f 818/943/818 840/947/840 737/979/737
f 818/943/818 737/979/737 729/944/729
f 841/949/841 758/976/758 770/980/770
f 769/981/769 841/949/841 770/980/770
f 838/963/838 768/982/768 767/983/767
f 766/984/766 838/963/838 767/983/767
f 748/955/748 764/956/764 763/985/763
f 839/986/839 748/955/748 763/985/763
f 762/987/762 839/986/839 763/985/763
f 762/987/762 768/982/768 838/963/838
f 839/986/839 762/987/762 838/963/838
f 839/986/839 838/963/838 749/966/749
f 835/913/835 842/988/842 759/941/759
f 842/988/842 833/989/833 760/990/760
f 815/991/815 741/992/741 730/993/730
f 761/994/761 815/991/815 730/993/730
f 842/988/842 835/913/835 783/916/783
f 782/995/782 842/988/842 783/916/783
f 755/968/755 741/992/741 774/969/774
f 761/994/761 730/993/730 742/996/742
f 792/997/792 761/994/761 778/998/778
f 777/999/777 792/997/792 778/998/778
f 781/1000/781 780/1001/780 833/989/833
f 781/1000/781 833/989/833 842/988/842
f 780/1001/780 779/1002/779 761/994/761
f 833/989/833 780/1001/780 761/994/761
f 777/999/777 783/916/783 794/1003/794
f 793/1004/793 777/999/777 794/1003/794
f 793/1004/793 792/997/792 777/999/777
f 756/967/756 774/969/774 773/1005/773
f 756/967/756 773/1005/773 772/970/772
f 757/971/757 772/970/772 771/1006/771
f 781/1000/781 842/988/842 782/995/782
f 783/916/783 843/915/843 794/1003/794
f 841/949/841 840/947/840 822/950/822
f 788/1007/788 787/1008/787 841/949/841
f 789/1009/789 788/1007/788 841/949/841
f 789/1009/789 841/949/841 769/981/769
f 789/1009/789 769/981/769 776/1010/776
f 790/1011/790 789/1009/789 776/1010/776
f 791/1012/791 790/1011/790 776/1010/776
f 791/1012/791 776/1010/776 775/1013/775
f 774/969/774 791/1012/791 775/1013/775
f 795/1014/795 794/1003/794 843/915/843
f 796/1015/796 795/1014/795 843/915/843
f 796/1015/796 843/915/843 844/920/844
f 832/925/832 766/984/766 784/1016/784
f 832/925/832 784/1016/784 799/1017/799
f 757/971/757 771/1006/771 770/980/770
f 758/976/758 757/971/757 770/980/770
f 832/925/832 803/1018/803 802/1019/802
f 766/984/766 832/925/832 802/1019/802
f 801/1020/801 766/984/766 802/1019/802
f 838/963/838 766/984/766 801/1020/801
f 744/928/744 805/961/805 804/1021/804
f 832/925/832 744/928/744 804/1021/804
f 800/960/800 727/959/727 728/964/728
f 800/960/800 728/964/728 838/963/838
f 801/1020/801 800/960/800 838/963/838
f 803/1018/803 832/925/832 804/1021/804
f 840/947/840 787/1008/787 786/1022/786
f 765/954/765 840/947/840 786/1022/786
f 765/954/765 786/1022/786 785/1023/785
f 766/984/766 765/954/765 785/1023/785
f 766/984/766 785/1023/785 784/1016/784
f 841/949/841 787/1008/787 840/947/840
f 844/920/844 798/919/798 797/1024/797
f 796/1015/796 844/920/844 797/1024/797
f 825/929/825 831/923/831 834/924/834
f 825/929/825 834/924/834 744/928/744
f 828/1025/828 827/926/827 798/919/798
f 828/1025/828 798/919/798 829/918/829
f 791/1012/791 813/1026/813 812/1027/812
f 792/997/792 791/1012/791 812/1027/812
f 792/997/792 812/1027/812 817/1028/817
f 816/1029/816 815/991/815 761/994/761
f 816/1029/816 761/994/761 792/997/792
f 817/1028/817 816/1029/816 792/997/792
f 774/969/774 813/1026/813 791/1012/791
f 741/992/741 815/991/815 814/1030/814
f 798/919/798 832/925/832 799/1017/799
f 761/994/761 779/1002/779 778/998/778
f 813/1026/813 774/969/774 814/1030/814
f 774/969/774 741/992/741 814/1030/814
